Pack,Product Name,Mother Pack,Lead Pack,Brand,CAT,BU,CS,Grw Wgt,Net Wgt,DM3,Product_Code
12594281,MUNCH Mango 18(42x14g) IN, MUNCH Mango 14g,12594281,IN C&C : Munch,CHOCOLATE,F&B,756.0,13.419,10.584,60.48,12594281
12335158,NESTLE a+ Grekyo MP Strw 8(4x100g) IN,A+ GK YGT STW 100G,12335158,IN FD : Yoghurt,DAIRY,F&B,8.0,4.0,3.2,17.02,12335158
12344492,ALFAMINO ACS001-1 6x400g IN,ALFAMINO ACS001-1 400g,12344492,IN HCN : Alfamino,HCN,HCN,6.0,3.2,2.4,9.372,12344492
12456288,ALFAMINO ACS001-1 6x400g N1 IN,ALFAMINO ACS001-1 400g,12344492,IN HCN : Alfamino,HCN,HCN,6.0,3.35,2.4,10.131,12456288
12317671,ALFARE DS089-2 6x400g N1 IN,ALFARE DS089-2 400g,12317671,IN HCN : Alfare,HCN,HCN,6.0,3.3,2.4,10.082,12317671
12318087,ALTHERA DS079-2 6x450g N1 IN,ALTHERA DS079-2 450g,12318087,IN HCN : Althera,HCN,HCN,6.0,3.6,2.7,10.082,12318087
12160689,BABY&ME Maternal NutritionSupl 24x400gIN,BABY & ME Maternal Nutrition Supl 400g,12238569,IN NSB : BABY & ME,INFANT NUTRITION,NN,24.0,12.3,9.6,36.023,12160689
12238569,BABY & ME Maternal Nutr Supl 24x400g IN,BABY & ME Maternal Nutrition Supl 400g,12238569,IN NSB : BABY & ME,INFANT NUTRITION,NN,24.0,11.9,9.6,45.349,12238569
12553321,CEREGROW Grain Slcn Ragi Sample 48x50gIN,CEREGROW Grain Slcn Ragi Sample 48x50gIN,12553321,IN NSB : CEREGROW,INFANT NUTRITION,NN,48.0,3.5,2.4,27.894,12553321
12406889,CEREGROW Orgnc MU Ragi 24+BIB 24x200g IN,CEREGROW Orgnc MU Ragi 24+ BIB 200g,12406889,IN NSB : Ceregrow Org Sel 2-5y,INFANT NUTRITION,NN,24.0,7.099,4.8,41.743,12406889
12429543,CEREGROW Orgnc MU Ragi24+BIB24x200g N1IN,CEREGROW Orgnc MU Ragi 24+ BIB 200g,12406889,IN NSB : Ceregrow Org Sel 2-5y,INFANT NUTRITION,NN,24.0,7.1,4.8,41.743,12429543
12406886,CERELAC Orgnc MixedFrt 12+BIB 24x200g IN,CERELAC Orgnc MixedFrt 12+ BIB 200g,12406886,IN NSB : Cerelac Org Sel 12-24m,INFANT NUTRITION,NN,24.0,7.099,4.8,41.743,12406886
12429539,CERELAC Orgnc Mxd Frt 12+ BIB 24x200g IN,CERELAC Orgnc MixedFrt 12+ BIB 200g,12406886,IN NSB : Cerelac Org Sel 12-24m,INFANT NUTRITION,NN,24.0,7.1,4.8,41.743,12429539
12406887,CERELAC Orgnc Wheat 6+ BIB 24x200g IN,CERELAC Orgnc Wheat 6+ BIB 200g,12406887,IN NSB : Cerelac Org Sel 6-12m,INFANT NUTRITION,NN,24.0,7.099,4.8,41.743,12406887
12429571,CERELAC Orgnc Wheat 6+ BIB 24x200g N1 IN,CERELAC Orgnc Wheat 6+ BIB 200g,12406887,IN NSB : Cerelac Org Sel 6-12m,INFANT NUTRITION,NN,24.0,7.1,4.8,41.743,12429571
12354179,CERELAC STAGE 1 App & Crt BIB 24x300g IN,CERELAC STAGE 1 Crt & App BIB 300g,12354179,IN NSB : Cerelac 1,INFANT NUTRITION,NN,24.0,9.8,7.2,62.62,12354179
12411720,CERELAC STA1 Whe App Carot 24x300g IN,CERELAC STAGE 1 Crt & App BIB 300g,12354179,IN NSB : Cerelac 1,INFANT NUTRITION,NN,24.0,9.7,7.2,41.743,12411720
12453027,CERELAC STA1 Whe App Carot 24x300g N1 IN,CERELAC STAGE 1 Crt & App BIB 300g,12354179,IN NSB : Cerelac 1,INFANT NUTRITION,NN,24.0,9.631,7.2,41.386,12453027
12497661,CERELAC STA1 WheAppCarot 24x300gN1 NV IN,CERELAC STAGE 1 Crt & App BIB 300g,12354179,IN NSB : Cerelac 1,INFANT NUTRITION,NN,24.0,9.6,7.2,41.386,12497661
12601931,CERELAC STG1 Whe Apple Crt ZS 24x300g IN,CERELAC STAGE 1 Crt & App BIB 300g - ZS,12601931,IN NSB : Cerelac 1,INFANT NUTRITION,NN,24.0,9.508,7.2,41.386,12601931
12601916,CERELAC STG1 Ragi Apple ZS 24x300g IN,CERELAC STAGE 1 Ragi App BIB 300g - ZS,12384917,IN NSB : Cerelac 1,INFANT NUTRITION,NN,24.0,9.719,7.2,43.329,12601916
12043312,CERELAC STAGE 1 Rice Bag In Box24x375gIN,CERELAC STAGE 1 Rice BIB 300g,12330589,IN NSB : Cerelac 1,INFANT NUTRITION,NN,24.0,11.1,9.0,35.962,12043312
12172928,CERELAC STAGE 1 Rice Bag In Box24x350gIN,CERELAC STAGE 1 Rice BIB 300g,12330589,IN NSB : Cerelac 1,INFANT NUTRITION,NN,24.0,11.1,8.4,36.909,12172928
12199184,CERELAC STAGE 1 Rice BIB 24x300g IN,CERELAC STAGE 1 Rice BIB 300g,12330589,IN NSB : Cerelac 1,INFANT NUTRITION,NN,24.0,9.93,7.2,45.158,12199184
12315170,CERELAC STAGE 1 Rice BIB 24x300g N1 IN,CERELAC STAGE 1 Rice BIB 300g,12330589,IN NSB : Cerelac 1,INFANT NUTRITION,NN,24.0,9.85,7.2,45.0,12315170
12330589,CERELAC STAGE 1 Rice BIB 24x300g N2 IN,CERELAC STAGE 1 Rice BIB 300g,12330589,IN NSB : Cerelac 1,INFANT NUTRITION,NN,24.0,9.8,7.2,62.62,12330589
12402536,CERELAC STAGE 1 Rice BIB 24x300g N3 IN,CERELAC STAGE 1 Rice BIB 300g,12330589,IN NSB : Cerelac 1,INFANT NUTRITION,NN,24.0,9.719,7.2,43.329,12402536
12497642,CERELAC STAGE 1 RiceBIB 24x300g N3 NV IN,CERELAC STAGE 1 Rice BIB 300g,12330589,IN NSB : Cerelac 1,INFANT NUTRITION,NN,24.0,9.625,7.2,43.329,12497642
12532842,CERELAC STAGE 1 RiceBIB 24x300g N4 NV IN,CERELAC STAGE 1 Rice BIB 300g,12330589,IN NSB : Cerelac 1,INFANT NUTRITION,NN,24.0,9.65,7.2,43.329,12532842
12601933,CERELAC STG1 Rice ZS 24x300g IN,CERELAC STAGE 1 Rice BIB 300g - ZS,12601933,IN NSB : Cerelac 1,INFANT NUTRITION,NN,24.0,9.719,7.2,43.329,12601933
11340075,CERELAC STAGE 1 Wheat Apple BIB24x400gIN,CERELAC STAGE 1 Whe Apple BIB 300g,12330602,IN NSB : Cerelac 1,INFANT NUTRITION,NN,,,,,11340075
12043321,CERELAC STAGE 1 Wheat Apple BIB24x375gIN,CERELAC STAGE 1 Whe Apple BIB 300g,12330602,IN NSB : Cerelac 1,INFANT NUTRITION,NN,24.0,10.9,9.0,38.01,12043321
12172956,CERELAC STAGE 1 Wheat Apple BIB24x350gIN,CERELAC STAGE 1 Whe Apple BIB 300g,12330602,IN NSB : Cerelac 1,INFANT NUTRITION,NN,24.0,10.6,8.4,36.909,12172956
12199183,CERELAC STAGE 1 Whe Apple BIB 24x300g IN,CERELAC STAGE 1 Whe Apple BIB 300g,12330602,IN NSB : Cerelac 1,INFANT NUTRITION,NN,24.0,9.78,7.2,43.142,12199183
12315166,CERELAC STAGE 1 Wheat Apple 24x300g IN,CERELAC STAGE 1 Whe Apple BIB 300g,12330602,IN NSB : Cerelac 1,INFANT NUTRITION,NN,24.0,9.85,7.2,43.0,12315166
12330602,CERELAC STA1 Whe Apple BIB 24x300g N2 IN,CERELAC STAGE 1 Whe Apple BIB 300g,12330602,IN NSB : Cerelac 1,INFANT NUTRITION,NN,24.0,9.8,7.2,63.71,12330602
12411699,CERELAC STA1 WheApp Poshan BIB24x300g IN,CERELAC STAGE 1 Whe Apple BIB 300g,12330602,IN NSB : Cerelac 1,INFANT NUTRITION,NN,24.0,9.7,7.2,41.743,12411699
12453029,CERL STA1 WheApp Poshan BIB24x300g N1 IN,CERELAC STAGE 1 Whe Apple BIB 300g,12330602,IN NSB : Cerelac 1,INFANT NUTRITION,NN,24.0,9.631,7.2,41.386,12453029
12497663,CERL STA1 WheAppPoshanBIB24x300gN1 NV IN,CERELAC STAGE 1 Whe Apple BIB 300g,12330602,IN NSB : Cerelac 1,INFANT NUTRITION,NN,24.0,9.631,7.2,41.386,12497663
12534940,CERL STA1 WheAppPoshanBIB24x300gN2 NV IN,CERELAC STAGE 1 Whe Apple BIB 300g,12330602,IN NSB : Cerelac 1,INFANT NUTRITION,NN,24.0,9.6,7.2,41.386,12534940
12591051,CERELAC STA1 Wheat Apple BIB 24x350g IN,CERELAC STAGE 1 Whe Apple BIB 300g,12330602,IN NSB : Cerelac 1,INFANT NUTRITION,NN,24.0,10.85,8.4,43.329,12591051
12608215,CERELAC STG1 Wheat Apple 24x350g WS IN,CERELAC STAGE 1 Whe Apple BIB 300g,12330602,IN NSB : Cerelac 1,INFANT NUTRITION,NN,24.0,10.85,8.4,65.673,12608215
12601932,CERELAC STG1 Wheat Apple ZS 24x350g IN,CERELAC STAGE 1 Whe Apple BIB 300g - ZS,12601932,IN NSB : Cerelac 1,INFANT NUTRITION,NN,24.0,10.85,8.4,41.386,12601932
12176366,CERL STA1 Whe Ri Khichdi BIB 24x300g IN,CERELAC STAGE 1 Whe Ri Khichdi BIB 300g,12327947,IN NSB : Cerelac 1,INFANT NUTRITION,NN,24.0,9.93,7.2,45.158,12176366
12327947,CERL STA1 Whe Ri Khichdi 24x300g N1 IN,CERELAC STAGE 1 Whe Ri Khichdi BIB 300g,12327947,IN NSB : Cerelac 1,INFANT NUTRITION,NN,24.0,9.8,7.2,45.0,12327947
12369468,CERELAC STA2 Whe App Chry 192x25g N1 IN,CERELAC STAGE 1 Wheat App Chry 25g,12369468,IN NSB : Cerelac 2,INFANT NUTRITION,NN,192.0,7.2,4.8,54.432,12369468
12369467,CERELAC STA1 Wheat App Pch 192x25g N1 IN,CERELAC STAGE 1 Wheat App Pch 25G,12369467,IN NSB : Cerelac 1,INFANT NUTRITION,NN,192.0,7.2,4.8,54.432,12369467
12043322,CERELAC STAGE 1 Wheat BIB 24x375g IN,CERELAC STAGE 1 Wheat BIB 300g,12330605,IN NSB : Cerelac 1,INFANT NUTRITION,NN,24.0,11.0,9.0,38.683,12043322
12052594,CERELAC STAGE 1 Wheat BIB 24x375g NP,CERELAC STAGE 1 Wheat BIB 300g,12330605,IN NSB : Cerelac 1,INFANT NUTRITION,NN,24.0,10.8,9.0,38.683,12052594
12172957,CERELAC STAGE 1 Wheat BIB 24x350g IN,CERELAC STAGE 1 Wheat BIB 300g,12330605,IN NSB : Cerelac 1,INFANT NUTRITION,NN,24.0,10.5,8.4,36.909,12172957
12199185,CERELAC STAGE 1 Wheat BIB 24x300g IN,CERELAC STAGE 1 Wheat BIB 300g,12330605,IN NSB : Cerelac 1,INFANT NUTRITION,NN,24.0,9.78,7.2,43.142,12199185
12315171,CERELAC STAGE 1 Wheat BIB 24x300g N1 IN,CERELAC STAGE 1 Wheat BIB 300g,12330605,IN NSB : Cerelac 1,INFANT NUTRITION,NN,24.0,9.85,7.2,43.0,12315171
12330605,CERELAC STAGE 1 Wheat BIB 24x300g N2 IN,CERELAC STAGE 1 Wheat BIB 300g,12330605,IN NSB : Cerelac 1,INFANT NUTRITION,NN,24.0,9.6,7.2,62.62,12330605
12411722,CERELAC STA1 Wheat Poshan BIB24x300g IN,CERELAC STAGE 1 Wheat BIB 300g,12330605,IN NSB : Cerelac 1,INFANT NUTRITION,NN,24.0,9.7,7.2,41.743,12411722
12453026,CERELAC STA1 Whe Poshan BIB 24x300gN1 IN,CERELAC STAGE 1 Wheat BIB 300g,12330605,IN NSB : Cerelac 1,INFANT NUTRITION,NN,24.0,9.64,7.2,41.743,12453026
12497660,CERELAC STA1 WhePoshanBIB24x300gN1 NV IN,CERELAC STAGE 1 Wheat BIB 300g,12330605,IN NSB : Cerelac 1,INFANT NUTRITION,NN,24.0,9.64,7.2,41.743,12497660
12534909,CERELAC STA1 WhePoshanBIB24x300gN2 NV IN,CERELAC STAGE 1 Wheat BIB 300g,12330605,IN NSB : Cerelac 1,INFANT NUTRITION,NN,24.0,9.6,7.2,41.743,12534909
12601907,CERELAC STG1 Wheat ZS 24x300g IN,CERELAC STAGE 1 Wheat BIB 300g -ZS,12601907,IN NSB : Cerelac 1,INFANT NUTRITION,NN,24.0,9.45,7.2,41.386,12601907
12384917,CERELAC STA2 Ragi App BIB 24x300g IN,CERELAC STAGE 2 Ragi App BIB 300g,12384917,IN NSB : Cerelac 2,INFANT NUTRITION,NN,24.0,9.8,7.2,62.62,12384917
12419440,CERELAC STA2 Ragi App BIB 24x300g N1 IN,CERELAC STAGE 2 Ragi App BIB 300g,12384917,IN NSB : Cerelac 2,INFANT NUTRITION,NN,24.0,9.719,7.2,43.329,12419440
12497650,CERELAC STA2 RagiAppBIB 24x300g N1 NV IN,CERELAC STAGE 2 Ragi App BIB 300g,12384917,IN NSB : Cerelac 2,INFANT NUTRITION,NN,24.0,9.625,7.2,43.329,12497650
12527678,CERELAC STA2 Ragi Apple BIB 24x300gN1 IN,CERELAC STAGE 2 Ragi App BIB 300g,12384917,IN NSB : Cerelac 2,INFANT NUTRITION,NN,24.0,9.719,7.2,43.329,12527678
12532825,CERELAC STA2 RagiAppBIB 24x300g N2 NV IN,CERELAC STAGE 2 Ragi App BIB 300g,12384917,IN NSB : Cerelac 2,INFANT NUTRITION,NN,24.0,9.65,7.2,43.329,12532825
12095094,CERELAC STAGE 2 Rice Veg BIB 24x375g IN,CERELAC STAGE 2 Rice Veg BIB 300g,12330340,IN NSB : Cerelac 2,INFANT NUTRITION,NN,24.0,11.0,9.0,35.962,12095094
12172958,CERELAC STAGE 2 Rice Veg BIB 24x350g IN,CERELAC STAGE 2 Rice Veg BIB 300g,12330340,IN NSB : Cerelac 2,INFANT NUTRITION,NN,24.0,11.0,8.4,36.909,12172958
12199204,CERELAC STAGE 2 Rice Veg BIB 24x300g IN,CERELAC STAGE 2 Rice Veg BIB 300g,12330340,IN NSB : Cerelac 2,INFANT NUTRITION,NN,24.0,9.93,7.2,45.158,12199204
12315167,CERELAC STAGE 2 Rice Veg BIB24x300g IN,CERELAC STAGE 2 Rice Veg BIB 300g,12330340,IN NSB : Cerelac 2,INFANT NUTRITION,NN,24.0,9.85,7.2,45.0,12315167
12330340,CERELAC STA2 Rice Veg BIB 24x300g N2 IN,CERELAC STAGE 2 Rice Veg BIB 300g,12330340,IN NSB : Cerelac 2,INFANT NUTRITION,NN,24.0,9.8,7.2,62.62,12330340
12402537,CERELAC STA2 Rice Veg BIB 24x300g N3 IN,CERELAC STAGE 2 Rice Veg BIB 300g,12330340,IN NSB : Cerelac 2,INFANT NUTRITION,NN,24.0,9.719,7.2,43.329,12402537
12497643,CERELAC STA2 Rice VegBIB 24x300gN3 NV IN,CERELAC STAGE 2 Rice Veg BIB 300g,12330340,IN NSB : Cerelac 2,INFANT NUTRITION,NN,24.0,9.625,7.2,43.329,12497643
12532852,CERELAC STA2 Rice VegBIB 24x300gN4 NV IN,CERELAC STAGE 2 Rice Veg BIB 300g,12330340,IN NSB : Cerelac 2,INFANT NUTRITION,NN,24.0,9.65,7.2,43.329,12532852
12607948,CERELAC STG2 Rice Veg 24x300g ZS IN,CERELAC STAGE 2 Rice Veg BIB 300g,12330340,IN NSB : Cerelac 2,INFANT NUTRITION,NN,24.0,9.238,7.2,41.386,12607948
12176363,CERL STA2 Veg Khichdi BIB 24x300g IN,CERELAC STAGE 2 Veg Khichdi BIB 300g,12362853,IN NSB : Cerelac 2,INFANT NUTRITION,NN,24.0,9.95,7.2,45.158,12176363
12330603,CERL STA2 Whe Ri Veg Khichdi24x300gN2 IN,CERELAC STAGE 2 Veg Khichdi BIB 300g,12362853,IN NSB : Cerelac 2,INFANT NUTRITION,NN,24.0,9.8,7.2,45.0,12330603
12362853,CERELAC Whe Ri Dal Veg STA2 24x300g IN,CERELAC STAGE 2 Veg Khichdi BIB 300g,12362853,IN NSB : Cerelac 2,INFANT NUTRITION,NN,24.0,9.8,7.2,62.62,12362853
12411712,CERELAC STA2 KhichdiVeg Poshan24x300g IN,CERELAC STAGE 2 Veg Khichdi BIB 300g,12362853,IN NSB : Cerelac 2,INFANT NUTRITION,NN,24.0,9.719,7.2,43.329,12411712
12497649,CERELAC STA2 KhichVegPoshan24x300g NV IN,CERELAC STAGE 2 Veg Khichdi BIB 300g,12362853,IN NSB : Cerelac 2,INFANT NUTRITION,NN,24.0,9.65,7.2,43.329,12497649
12607947,CERELAC STA2 Khichdi 24x300g ZS IN,CERELAC STAGE 2 Veg Khichdi BIB 300g -ZS,12362853,IN NSB : Cerelac 2,INFANT NUTRITION,NN,24.0,9.65,7.2,43.329,12607947
11340093,CERELAC STAGE 2 Whe App ChryBIB24x400gIN,CERELAC STAGE 2 Whe App Chry BIB 300g,12330253,IN NSB : Cerelac 2,INFANT NUTRITION,NN,,,,,11340093
12043320,CERELAC STAGE 2 Whe App ChryBIB24x375gIN,CERELAC STAGE 2 Whe App Chry BIB 300g,12330253,IN NSB : Cerelac 2,INFANT NUTRITION,NN,24.0,10.7,9.0,38.683,12043320
12172954,CERELAC STAGE 2 Whe App ChryBIB24x350gIN,CERELAC STAGE 2 Whe App Chry BIB 300g,12330253,IN NSB : Cerelac 2,INFANT NUTRITION,NN,24.0,10.7,8.4,36.909,12172954
12199189,CERELAC STA2 Whe App Chry BIB 24x300g IN,CERELAC STAGE 2 Whe App Chry BIB 300g,12330253,IN NSB : Cerelac 2,INFANT NUTRITION,NN,24.0,9.78,7.2,43.142,12199189
12315149,CERELAC STAGE 2 Whe App Chry 24x300g IN,CERELAC STAGE 2 Whe App Chry BIB 300g,12330253,IN NSB : Cerelac 2,INFANT NUTRITION,NN,24.0,9.85,7.2,43.0,12315149
12330253,CERELAC STA2 Whe App Chry 24x300g N2 IN,CERELAC STAGE 2 Whe App Chry BIB 300g,12330253,IN NSB : Cerelac 2,INFANT NUTRITION,NN,24.0,9.8,7.2,62.62,12330253
12411697,CERELAC STA2 WheAppChry Poshan24x300g IN,CERELAC STAGE 2 Whe App Chry BIB 300g,12330253,IN NSB : Cerelac 2,INFANT NUTRITION,NN,24.0,9.7,7.2,41.743,12411697
12453040,CERL STA2 WheAppChry Poshan24x300g N1 IN,CERELAC STAGE 2 Whe App Chry BIB 300g,12330253,IN NSB : Cerelac 2,INFANT NUTRITION,NN,24.0,9.631,7.2,41.386,12453040
12497665,CERL STA2 WheAppChryPoshan24x300gN1NV IN,CERELAC STAGE 2 Whe App Chry BIB 300g,12330253,IN NSB : Cerelac 2,INFANT NUTRITION,NN,24.0,9.631,7.2,41.386,12497665
12534888,CERL STA2 WheAppChryPoshan24x300gN2NV IN,CERELAC STAGE 2 Whe App Chry BIB 300g,12330253,IN NSB : Cerelac 2,INFANT NUTRITION,NN,24.0,9.6,7.2,41.386,12534888
12590916,CERELAC STA2 Wheat Apl Cherry 24x350g IN,CERELAC STAGE 2 Whe App Chry BIB 300g,12330253,IN NSB : Cerelac 2,INFANT NUTRITION,NN,24.0,10.85,8.4,43.329,12590916
12608321,CERELAC STG2 Whe App Chry 24x350g WS IN,CERELAC STAGE 2 Whe App Chry BIB 300g,12330253,IN NSB : Cerelac 2,INFANT NUTRITION,NN,24.0,10.85,8.4,46.243,12608321
12607972,CERELAC STG2 Whe App Chry ZS 24x350g IN,CERELAC STAGE 2 Whe App Chry BIB 300g - ZS,12607972,IN NSB : Cerelac 2,INFANT NUTRITION,NN,24.0,10.85,8.4,46.243,12607972
12043317,CERELAC STAGE 2 Wheat Honey BIB24x375gIN,CERELAC STAGE 2 Whe Honey BIB 300g,12315145,IN NSB : Cerelac 2,INFANT NUTRITION,NN,24.0,11.0,9.0,38.683,12043317
12172952,CERELAC STAGE 2 Wheat Honey BIB24x350gIN,CERELAC STAGE 2 Whe Honey BIB 300g,12315145,IN NSB : Cerelac 2,INFANT NUTRITION,NN,24.0,10.5,8.4,36.909,12172952
12199180,CERELAC STAGE 2 Whe Honey BIB 24x300g IN,CERELAC STAGE 2 Whe Honey BIB 300g,12315145,IN NSB : Cerelac 2,INFANT NUTRITION,NN,24.0,9.57,7.2,43.142,12199180
12315145,CERELAC STA 2 Whe Honey BIB 24x300g IN,CERELAC STAGE 2 Whe Honey BIB 300g,12315145,IN NSB : Cerelac 2,INFANT NUTRITION,NN,24.0,9.85,7.2,43.0,12315145
12043319,CERELAC STAGE 2 Whe Orange BIB24x375g IN,CERELAC STAGE 2 Whe Orange BIB 300g,12330257,IN NSB : Cerelac 2,INFANT NUTRITION,NN,24.0,11.0,9.0,38.683,12043319
12172953,CERELAC STAGE 2 Whe Orange BIB24x350g IN,CERELAC STAGE 2 Whe Orange BIB 300g,12330257,IN NSB : Cerelac 2,INFANT NUTRITION,NN,24.0,11.0,8.4,36.909,12172953
12199187,CERELAC STAGE 2 Whe Orange BIB24x300g IN,CERELAC STAGE 2 Whe Orange BIB 300g,12330257,IN NSB : Cerelac 2,INFANT NUTRITION,NN,24.0,9.78,7.2,43.142,12199187
12315161,CERELAC STA 2 Whe Orange BIB 24x300g IN,CERELAC STAGE 2 Whe Orange BIB 300g,12330257,IN NSB : Cerelac 2,INFANT NUTRITION,NN,24.0,9.85,7.2,43.0,12315161
12330257,CERELAC STA2 Wheat Orange 24x300g N2 IN,CERELAC STAGE 2 Whe Orange BIB 300g,12330257,IN NSB : Cerelac 2,INFANT NUTRITION,NN,24.0,9.8,7.2,62.62,12330257
12411710,CERELAC STA2 Whe Orange Poshan24x300g IN,CERELAC STAGE 2 Whe Orange BIB 300g,12330257,IN NSB : Cerelac 2,INFANT NUTRITION,NN,24.0,9.7,7.2,41.743,12411710
12453028,CERELAC STA2 Whe Orng Poshan24x300gN1 IN,CERELAC STAGE 2 Whe Orange BIB 300g,12330257,IN NSB : Cerelac 2,INFANT NUTRITION,NN,24.0,9.631,7.2,41.386,12453028
12497887,CERELAC STA2 Whe Orng Poshan24x300gN2 IN,CERELAC STAGE 2 Whe Orange BIB 300g,12330257,IN NSB : Cerelac 2,INFANT NUTRITION,NN,24.0,9.64,7.2,41.743,12497887
12497662,CERL STA2 WheOrngPoshan 24x300g N1 NV IN,CERELAC STAGE 2 Whe Orange BIB 300g,12330257,IN NSB : Cerelac 2,INFANT NUTRITION,NN,24.0,9.6,7.2,41.743,12497662
12607949,CERELAC STG2 Wheat Orange 24x300g WS IN,CERELAC STAGE 2 Whe Orange BIB 300g,12330257,IN NSB : Cerelac 2,INFANT NUTRITION,NN,24.0,9.51,7.2,41.386,12607949
12330607,CERELAC STA2 Whe Honey BIB 24x300g N2 IN,CERELAC STAGE 3 Whe Hny Dates 300g,12375615,IN NSB : Cerelac 2,INFANT NUTRITION,NN,24.0,9.6,7.2,43.0,12330607
12375615,CERELAC STA3 Whe Hny Dates BIB24x300g IN,CERELAC STAGE 3 Whe Hny Dates 300g,12375615,IN NSB : Cerelac 3,INFANT NUTRITION,NN,24.0,9.7,7.2,62.62,12375615
12411707,CERELAC STA3 WheHnyDates Poshan24x300gIN,CERELAC STAGE 3 Whe Hny Dates 300g,12375615,IN NSB : Cerelac 3,INFANT NUTRITION,NN,24.0,9.7,7.2,41.743,12411707
12453031,CERL STA3 WheHnyDates Poshan24x300g N1IN,CERELAC STAGE 3 Whe Hny Dates 300g,12375615,IN NSB : Cerelac 3,INFANT NUTRITION,NN,24.0,9.7,7.2,41.743,12453031
12470243,CERL STA3 Whe Hny Dates BIB24x300g N1 IN,CERELAC STAGE 3 Whe Hny Dates 300g,12375615,IN NSB : Cerelac 3,INFANT NUTRITION,NN,24.0,9.7,7.2,41.743,12470243
12497886,CERL STA3 Whe Hny Dates BIB24x300g N2 IN,CERELAC STAGE 3 Whe Hny Dates 300g,12375615,IN NSB : Cerelac 3,INFANT NUTRITION,NN,24.0,9.56,7.2,41.743,12497886
12497670,CERL STA3 WheHnyDatesBIB24x300g N1 NV IN,CERELAC STAGE 3 Whe Hny Dates 300g,12375615,IN NSB : Cerelac 3,INFANT NUTRITION,NN,24.0,9.6,7.2,41.743,12497670
12043313,CERELAC STAGE 3 Mixed Fruit BIB24x375gIN,CERELAC STAGE 3 Whe Ri Mxd Fruit 300g,12330132,IN NSB : Cerelac 3,INFANT NUTRITION,NN,24.0,11.0,9.0,38.683,12043313
12180973,CERELAC STA3 Whe Ri Mxd Fruit 24x350gIN,CERELAC STAGE 3 Whe Ri Mxd Fruit 300g,12330132,IN NSB : Cerelac 3,INFANT NUTRITION,NN,24.0,11.0,8.4,36.909,12180973
12199326,CERELAC STA3 Whe Ri Mxd Fruit 24x300g IN,CERELAC STAGE 3 Whe Ri Mxd Fruit 300g,12330132,IN NSB : Cerelac 3,INFANT NUTRITION,NN,24.0,9.78,7.2,43.142,12199326
12315146,CERELAC STA3 Whe Ri Mxd Frt 24x300g IN,CERELAC STAGE 3 Whe Ri Mxd Fruit 300g,12330132,IN NSB : Cerelac 3,INFANT NUTRITION,NN,24.0,9.8,7.2,43.0,12315146
12319285,CERELAC STA3 Whe Ri Mxd Frt24x300g N1 IN,CERELAC STAGE 3 Whe Ri Mxd Fruit 300g,12330132,IN NSB : Cerelac 3,INFANT NUTRITION,NN,24.0,9.85,7.2,43.0,12319285
12330132,CERELAC STA3 Whe Ri Mxd Frt24x300g N2 IN,CERELAC STAGE 3 Whe Ri Mxd Fruit 300g,12330132,IN NSB : Cerelac 3,INFANT NUTRITION,NN,24.0,9.8,7.2,62.62,12330132
12411695,CERELAC STA3 Whe Ri MxdF Poshan24x300gIN,CERELAC STAGE 3 Whe Ri Mxd Fruit 300g,12330132,IN NSB : Cerelac 3,INFANT NUTRITION,NN,24.0,9.7,7.2,41.743,12411695
12453050,CERL STA3 Whe Ri MxdF Poshan24x300gN1 IN,CERELAC STAGE 3 Whe Ri Mxd Fruit 300g,12330132,IN NSB : Cerelac 3,INFANT NUTRITION,NN,24.0,9.76,7.2,41.386,12453050
12470244,CERELAC STA3 Whe Ri Mxd Frt24x300g N3 IN,CERELAC STAGE 3 Whe Ri Mxd Fruit 300g,12330132,IN NSB : Cerelac 3,INFANT NUTRITION,NN,24.0,9.7,7.2,41.743,12470244
12497885,CERELAC STA3 Whe Ri Mxd Frt24x300g N4 IN,CERELAC STAGE 3 Whe Ri Mxd Fruit 300g,12330132,IN NSB : Cerelac 3,INFANT NUTRITION,NN,24.0,9.7,7.2,41.743,12497885
12497671,CERL STA3 Whe Ri MxdFrt 24x300g N3 NV IN,CERELAC STAGE 3 Whe Ri Mxd Fruit 300g,12330132,IN NSB : Cerelac 3,INFANT NUTRITION,NN,24.0,9.48,7.2,41.743,12497671
12576447,CERL STA3 Whe Ri MxdFrt 24x300g N3 RA IN,CERELAC STAGE 3 Whe Ri Mxd Fruit 300g,12330132,IN NSB : Cerelac 3,INFANT NUTRITION,NN,24.0,9.54,7.2,41.386,12576447
12610048,CERL STG3 Whe Rice Mix Frt 24x300g WS IN,CERELAC STAGE 3 Whe Ri Mxd Fruit 300g,12330132,IN NSB : Cerelac 3,INFANT NUTRITION,NN,24.0,9.53,7.2,41.386,12610048
12609874,CERELAC STG3 WheRi Mix Frt 24x300g ZS IN,CERELAC STAGE 3 Whe Ri Mxd Fruit 300g -ZS,12330132,IN NSB : Cerelac 3,INFANT NUTRITION,NN,24.0,9.49,7.2,41.386,12609874
12180971,CERELAC STA3 Whe Ri Mxd Veg 24x350g IN,CERELAC STAGE 3 Whe Ri Mxd Veg 300g,12330134,IN NSB : Cerelac 3,INFANT NUTRITION,NN,24.0,11.0,8.4,36.909,12180971
12199177,CERELAC STA3 Whe Ri Mxd Veg 24x300g IN,CERELAC STAGE 3 Whe Ri Mxd Veg 300g,12330134,IN NSB : Cerelac 3,INFANT NUTRITION,NN,24.0,9.788,7.2,43.142,12199177
12315144,CERELAC STAGE 3 Whe Ri Mxd Veg24x300g IN,CERELAC STAGE 3 Whe Ri Mxd Veg 300g,12330134,IN NSB : Cerelac 3,INFANT NUTRITION,NN,24.0,9.85,7.2,43.0,12315144
12330134,CERELAC STA3 Whe Ri Mxd Veg24x300g N2 IN,CERELAC STAGE 3 Whe Ri Mxd Veg 300g,12330134,IN NSB : Cerelac 3,INFANT NUTRITION,NN,24.0,9.8,7.2,62.62,12330134
12411566,CERELAC STA3 WheRi MxdVg Poshan24x300gIN,CERELAC STAGE 3 Whe Ri Mxd Veg 300g,12330134,IN NSB : Cerelac 3,INFANT NUTRITION,NN,24.0,9.7,7.2,41.743,12411566
12453033,CERL STA3 WheRi MxdVg Poshan24x300gN1 IN,CERELAC STAGE 3 Whe Ri Mxd Veg 300g,12330134,IN NSB : Cerelac 3,INFANT NUTRITION,NN,24.0,9.7,7.2,41.743,12453033
12470138,CERELAC STA3 Whe Ri Mxd Veg24x300g N3 IN,CERELAC STAGE 3 Whe Ri Mxd Veg 300g,12330134,IN NSB : Cerelac 3,INFANT NUTRITION,NN,24.0,9.7,7.2,41.743,12470138
12497668,CERELAC STA3 Whe Ri Mxd Veg24x300g N4 IN,CERELAC STAGE 3 Whe Ri Mxd Veg 300g,12330134,IN NSB : Cerelac 3,INFANT NUTRITION,NN,24.0,9.46,7.2,41.743,12497668
12609873,CERELAC STA3 Whe Ri MixVeg 24x300g ZS IN,CERELAC STAGE 3 Whe Ri Mxd Veg 300g,12330134,IN NSB : Cerelac 3,INFANT NUTRITION,NN,24.0,9.56,7.2,41.386,12609873
12040677,CERELAC STAGE4 MU 5 Fruit BIB 24x375g IN,CERELAC STAGE 4 MU & Fruit BIB 300g,12330255,IN NSB : Cerelac 4,INFANT NUTRITION,NN,24.0,11.1,9.0,37.67,12040677
12172926,CERELAC STAGE4 MU 5 Fruit BIB 24x350g IN,CERELAC STAGE 4 MU & Fruit BIB 300g,12330255,IN NSB : Cerelac 4,INFANT NUTRITION,NN,24.0,10.5,8.4,36.909,12172926
12199176,CERELAC STAGE4 MU 5 Fruit BIB 24x300g IN,CERELAC STAGE 4 MU & Fruit BIB 300g,12330255,IN NSB : Cerelac 4,INFANT NUTRITION,NN,24.0,9.788,7.2,43.142,12199176
12310799,CERELAC STAGE 4 MU& Fruits BIB24x300g IN,CERELAC STAGE 4 MU & Fruit BIB 300g,12330255,IN NSB : Cerelac 4,INFANT NUTRITION,NN,24.0,9.788,7.2,43.142,12310799
12314901,CERELAC STAGE 4 MU & Frt BIB24x300g IN,CERELAC STAGE 4 MU & Fruit BIB 300g,12330255,IN NSB : Cerelac 4,INFANT NUTRITION,NN,24.0,9.85,7.2,43.0,12314901
12330255,CERELAC STG4 MU & Fruit BIB24x300g N2 IN,CERELAC STAGE 4 MU & Fruit BIB 300g,12330255,IN NSB : Cerelac 4,INFANT NUTRITION,NN,24.0,9.6,7.2,62.62,12330255
12411573,CERELAC STA4 MU & Frt Poshan 24x300g IN,CERELAC STAGE 4 MU & Fruit BIB 300g,12330255,IN NSB : Cerelac 4,INFANT NUTRITION,NN,24.0,9.7,7.2,41.743,12411573
12442027,CERELAC STA4 MU&Frt Poshan 24x300g N1 IN,CERELAC STAGE 4 MU & Fruit BIB 300g,12330255,IN NSB : Cerelac 4,INFANT NUTRITION,NN,24.0,9.7,7.2,41.743,12442027
12453022,CERELAC STA4 MU&Frt Poshan 24x300g N2 IN,CERELAC STAGE 4 MU & Fruit BIB 300g,12330255,IN NSB : Cerelac 4,INFANT NUTRITION,NN,24.0,9.75,7.2,41.743,12453022
12497894,CERELAC STA4 MU&Frt Poshan 24x300g N3 IN,CERELAC STAGE 4 MU & Fruit BIB 300g,12330255,IN NSB : Cerelac 4,INFANT NUTRITION,NN,24.0,9.6,7.2,41.743,12497894
12497657,CERELAC STA4 MU&FrtPoshan24x300gN2 NV IN,CERELAC STAGE 4 MU & Fruit BIB 300g,12330255,IN NSB : Cerelac 4,INFANT NUTRITION,NN,24.0,9.64,7.2,41.743,12497657
12534930,CERELAC STA4 MU&FrtPoshan24x300gN3 NV IN,CERELAC STAGE 4 MU & Fruit BIB 300g,12330255,IN NSB : Cerelac 4,INFANT NUTRITION,NN,24.0,9.6,7.2,41.743,12534930
12609878,CERELAC STG 4 MU Fruit 24x300g WS IN,CERELAC STAGE 4 MU & Fruit BIB 300g,12330255,IN NSB : Cerelac 4,INFANT NUTRITION,NN,24.0,9.55,7.2,41.386,12609878
12609881,CERELAC STG 4 MU Fruit 24x300g ZS IN,CERELAC STAGE 4 MU & Fruit BIB 300g -ZS,12330255,IN NSB : Cerelac 4,INFANT NUTRITION,NN,24.0,9.49,7.2,41.743,12609881
12040678,CERELAC STAGE4 MU Dal Veg BIB 24x375g IN,CERELAC STAGE 4 MU Dal Veg BIB 300g,12330261,IN NSB : Cerelac 4,INFANT NUTRITION,NN,24.0,11.1,9.0,37.67,12040678
12172927,CERELAC STAGE4 MU Dal Veg BIB 24x350g IN,CERELAC STAGE 4 MU Dal Veg BIB 300g,12330261,IN NSB : Cerelac 4,INFANT NUTRITION,NN,24.0,10.5,8.4,36.909,12172927
12199174,CERELAC STAGE4 MU Dal Veg BIB 24x300g IN,CERELAC STAGE 4 MU Dal Veg BIB 300g,12330261,IN NSB : Cerelac 4,INFANT NUTRITION,NN,24.0,9.78,7.2,43.142,12199174
12314889,CERELAC STG 4 MU Dal Veg BIB 24x300g IN,CERELAC STAGE 4 MU Dal Veg BIB 300g,12330261,IN NSB : Cerelac 4,INFANT NUTRITION,NN,24.0,9.85,7.2,43.0,12314889
12330261,CERELAC STG4 MU Dal Veg BIB24x300g N2 IN,CERELAC STAGE 4 MU Dal Veg BIB 300g,12330261,IN NSB : Cerelac 4,INFANT NUTRITION,NN,24.0,9.6,7.2,62.62,12330261
12411574,CERELAC STG4 MU Dal Veg Poshan24x300g IN,CERELAC STAGE 4 MU Dal Veg BIB 300g,12330261,IN NSB : Cerelac 4,INFANT NUTRITION,NN,24.0,9.7,7.2,41.743,12411574
12442217,CERL STG4 MU Dal Veg Poshan24x300g N1 IN,CERELAC STAGE 4 MU Dal Veg BIB 300g,12330261,IN NSB : Cerelac 4,INFANT NUTRITION,NN,24.0,9.7,7.2,41.743,12442217
12453041,CERL STG4 MU Dal Veg Poshan24x300g N2 IN,CERELAC STAGE 4 MU Dal Veg BIB 300g,12330261,IN NSB : Cerelac 4,INFANT NUTRITION,NN,24.0,9.56,7.2,41.743,12453041
12497666,CERL STG4 MU DalVegPoshan24x300gN2 NV IN,CERELAC STAGE 4 MU Dal Veg BIB 300g,12330261,IN NSB : Cerelac 4,INFANT NUTRITION,NN,24.0,9.6,7.2,41.743,12497666
12609877,CERELAC STG 4 MU Dal Veg 24x300g ZS IN,CERELAC STAGE 4 MU Dal Veg BIB 300g-ZS,12609877,IN NSB : Cerelac 4,INFANT NUTRITION,NN,24.0,9.47,7.2,41.386,12609877
12610047,CERELAC STG 4 Wheat Honey 24x300g WS IN,CERELAC STAGE 4 Whe Honey BIB 300g,12610047,IN NSB : Cerelac 4,INFANT NUTRITION,NN,24.0,9.34,7.2,41.386,12610047
12280951,CERELAC ST 5 5Grain5Fruits BIB24x300g IN,CERELAC STAGE 5 Grains & Fruits BIB 300g,12330341,IN NSB : Cerelac 5,INFANT NUTRITION,NN,24.0,9.788,7.2,43.142,12280951
12310831,CERELAC STG5 5Grains&FruitsBIB24x300g IN,CERELAC STAGE 5 Grains & Fruits BIB 300g,12330341,IN NSB : Cerelac 5,INFANT NUTRITION,NN,24.0,9.788,7.2,43.142,12310831
12314902,CERELAC STG5 5Grains & Frt BIB24x300g IN,CERELAC STAGE 5 Grains & Fruits BIB 300g,12330341,IN NSB : Cerelac 5,INFANT NUTRITION,NN,24.0,9.85,7.2,43.0,12314902
12330341,CERELAC STG5 5Grains & Frt 24x300g N2 IN,CERELAC STAGE 5 Grains & Fruits BIB 300g,12330341,IN NSB : Cerelac 5,INFANT NUTRITION,NN,24.0,9.8,7.2,62.62,12330341
12411784,CERELAC STA5 5Gra & Frt Poshan24x300g IN,CERELAC STAGE 5 Grains & Fruits BIB 300g,12330341,IN NSB : Cerelac 5,INFANT NUTRITION,NN,24.0,9.7,7.2,41.743,12411784
12453023,CERL STA5 5Gra & Frt Poshan24x300g N1 IN,CERELAC STAGE 5 Grains & Fruits BIB 300g,12330341,IN NSB : Cerelac 5,INFANT NUTRITION,NN,24.0,9.631,7.2,41.386,12453023
12497658,CERL STA5 5Gra&Frt Poshan24x300gN1 NV IN,CERELAC STAGE 5 Grains & Fruits BIB 300g,12330341,IN NSB : Cerelac 5,INFANT NUTRITION,NN,24.0,9.631,7.2,41.386,12497658
12534919,CERL STA5 5Gra&Frt Poshan24x300gN2 NV IN,CERELAC STAGE 5 Grains & Fruits BIB 300g,12330341,IN NSB : Cerelac 5,INFANT NUTRITION,NN,24.0,9.6,7.2,41.386,12534919
12576463,CERL STA5 5Gra&Frt Poshan24x300gN1 RA IN,CERELAC STAGE 5 Grains & Fruits BIB 300g,12330341,IN NSB : Cerelac 5,INFANT NUTRITION,NN,24.0,9.508,7.2,41.386,12576463
12609885,CERELAC STG5 5 Grain Fruit 24x300g WS IN,CERELAC STAGE 5 Grains & Fruits BIB 300g,12330341,IN NSB : Cerelac 5,INFANT NUTRITION,NN,24.0,9.486,7.2,41.386,12609885
12609883,CERELAC STG5 5 Grain Fruit 24x300g ZS IN,CERELAC STAGE 5 Grains & Fruits BIB 300g -ZS,12330341,IN NSB : Cerelac 5,INFANT NUTRITION,NN,24.0,9.508,7.2,41.386,12609883
12406888,CERELAC STG5 5Grains & Veg 24x300g IN,CERELAC STG5 5Grains & Veg 300g,12406888,IN NSB : Cerelac 5,INFANT NUTRITION,NN,24.0,9.8,7.2,41.743,12406888
12452595,CERELAC STG5 5Grains & Veg 24x300g N1 IN,CERELAC STG5 5Grains & Veg 300g,12406888,IN NSB : Cerelac 5,INFANT NUTRITION,NN,24.0,9.631,7.2,41.386,12452595
12497653,CERELAC STG5 5Grains&Veg24x300g N1 NV IN,CERELAC STG5 5Grains & Veg 300g,12406888,IN NSB : Cerelac 5,INFANT NUTRITION,NN,24.0,9.6,7.2,41.386,12497653
12609884,CERELAC STG5 5 Grain Veg 24x300g ZS IN,CERELAC STG5 5Grains & Veg 300g -ZS,12406888,IN NSB : Cerelac 5,INFANT NUTRITION,NN,24.0,9.6,7.2,41.386,12609884
12470858,COFFEE MATE Coffee Creamer 2 15x400g IN,COFFEE MATE Coffee Creamer2 400g,12470858,IN SSD : Coffee Creamer IMP,SI,SI,15.0,7.4,6.0,22.929,12470858
12496964,COFFEE MATE Coffee Creamer 2 15x400gN1IN,COFFEE MATE Coffee Creamer2 400g,12470858,IN SSD : Coffee Creamer IMP,SI,SI,15.0,7.2,6.0,22.929,12496964
11340010,EVERYDAY Dairy Creamer Bag 24(120x3g) IN,EVERYDAY Dairy Creamer 450g FS,12243551,IN SSD : EveryDay DW - FS,NP,NP,2880.0,11.2,8.64,71.356,11340010
12148609,EVERYDAY Dairy Creamer 24(120x3g)N1 IN,EVERYDAY Dairy Creamer 450g FS,12243551,IN SSD : EveryDay DW - FS,NP,NP,24.0,11.2,8.64,71.356,12148609
12243551,EVERYDAY Dairy Creamer 24x360g IN,EVERYDAY Dairy Creamer 450g FS,12243551,IN SSD : EveryDay DW - FS,NP,NP,24.0,11.1,8.64,49.11,12243551
12378382,EVERYDAY Dairy Creamer 24x360g N1 IN,EVERYDAY Dairy Creamer 450g FS,12426635,IN SSD : EveryDay DW - FS,NP,NP,24.0,10.2,8.64,49.11,12378382
12426635,EVERYDAY Dairy Creamer 24x450g IN,EVERYDAY Dairy Creamer 450g FS,12426635,IN SSD : EveryDay DW - FS,NP,NP,24.0,14.06,10.8,58.733,12426635
11340040,EVERYDAY Dairy Whitener Polybag 12x1kgIN,EVERYDAY Dairy Whitener 1Kg,12199037,IN SSD : EveryDay DW,DAIRY,F&B,12.0,13.24,12.0,37.855,11340040
12009854,EVERYDAY DW Pbg 12x1 kg PR Free 2x50g IN,EVERYDAY Dairy Whitener 1Kg,12199037,IN SSD : EveryDay DW,DAIRY,F&B,,,,,12009854
12046131,EVERYDAY DW Pbg16x950g PR SpPr Rs8Off IN,EVERYDAY Dairy Whitener 1Kg,12199037,IN SSD : EveryDay DW,DAIRY,F&B,16.0,16.4,15.2,38.627,12046131
12046205,EVERYDAY Dairy Whitener Pbg 16x950g IN,EVERYDAY Dairy Whitener 1Kg,12199037,IN SSD : EveryDay DW,DAIRY,F&B,16.0,16.48,15.2,38.627,12046205
12046206,NESTLE EVERYDAY DW Inst Pbg 16x950g IN,EVERYDAY Dairy Whitener 1Kg,12199037,IN SSD : EveryDay DW,DAIRY,F&B,16.0,16.6,15.2,50.886,12046206
12062305,EVERYDAY DW Pbg 16x950g PR Rs12/- off IN,EVERYDAY Dairy Whitener 1Kg,12199037,IN SSD : EveryDay DW,DAIRY,F&B,16.0,16.48,15.2,38.627,12062305
12062306,ZZNESTLE EVERYDAY 16x950g PR NC15 off NP,EVERYDAY Dairy Whitener 1Kg,12199037,IN SSD : EveryDay DW,DAIRY,F&B,16.0,16.6,15.2,38.627,12062306
12068160,EVERYDAY Dairy Whitener Pbg 16x900g NP,EVERYDAY Dairy Whitener 1Kg,12199037,IN SSD : EveryDay DW,DAIRY,F&B,16.0,15.6,14.4,44.352,12068160
12079456,NESTLE EVERYDAY 16x900g PR NC15 off NP,EVERYDAY Dairy Whitener 1Kg,12199037,IN SSD : EveryDay DW,DAIRY,F&B,16.0,15.6,14.4,44.352,12079456
12079584,NESTLE EVERYDAY 16x950g PR Two 42g IN,EVERYDAY Dairy Whitener 1Kg,12199037,IN SSD : EveryDay DW,DAIRY,F&B,16.0,16.5,15.2,38.627,12079584
12098806,NESTLE EVERYDAY 16x950g PR 2Maggi Fre IN,EVERYDAY Dairy Whitener 1Kg,12199037,IN SSD : EveryDay DW,DAIRY,F&B,16.0,16.5,15.2,38.627,12098806
12121445,EVERYDAY DW Pbg 16x950g PR Rs15/- off IN,EVERYDAY Dairy Whitener 1Kg,12199037,IN SSD : EveryDay DW,DAIRY,F&B,16.0,16.5,15.2,38.627,12121445
12125793,NESTLE EVERYDAY 16x950g PR 10% Extra IN,EVERYDAY Dairy Whitener 1Kg,12199037,IN SSD : EveryDay DW,DAIRY,F&B,16.0,18.1,16.72,47.297,12125793
12151084,EVERYDAY DW 16x950g PR Rs 20 off IN,EVERYDAY Dairy Whitener 1Kg,12199037,IN SSD : EveryDay DW,DAIRY,F&B,16.0,16.5,15.2,38.627,12151084
12199037,EVERYDAY DW 12x1 Kg IN,EVERYDAY Dairy Whitener 1Kg,12199037,IN SSD : EveryDay DW,DAIRY,F&B,12.0,13.1,12.0,32.828,12199037
12199205,EVERYDAY DW 16x950g PR Rs 45 off IN,EVERYDAY Dairy Whitener 1Kg,12199037,IN SSD : EveryDay DW,DAIRY,F&B,16.0,16.5,15.2,38.627,12199205
12199305,EVERYDAY DW 12x1 Kg PR Rs 45 off IN,EVERYDAY Dairy Whitener 1Kg,12199037,IN SSD : EveryDay DW,DAIRY,F&B,12.0,13.5,12.0,38.627,12199305
12219355,EVERYDAY DW 12x1 Kg PR Rs 55 Off IN,EVERYDAY Dairy Whitener 1Kg,12199037,IN SSD : EveryDay DW,DAIRY,F&B,12.0,13.1,12.0,38.627,12219355
12219356,EVERYDAY DW 12x1 Kg PR Rs 65 Off IN,EVERYDAY Dairy Whitener 1Kg,12199037,IN SSD : EveryDay DW,DAIRY,F&B,12.0,13.1,12.0,32.468,12219356
12232752,EVERYDAY DW 12x1 Kg PR Rs 50 TT IN,EVERYDAY Dairy Whitener 1Kg,12199037,IN SSD : EveryDay DW,DAIRY,F&B,12.0,13.1,12.0,38.627,12232752
12291362,EVERYDAY DW 12x1 Kg PR Fr DW 100g IN,EVERYDAY Dairy Whitener 1Kg,12199037,IN SSD : EveryDay DW,DAIRY,F&B,12.0,13.1,12.0,33.264,12291362
12295345,EVERYDAY DW 12x1 Kg PR Cup IN,EVERYDAY Dairy Whitener 1Kg,12199037,IN SSD : EveryDay DW,DAIRY,F&B,12.0,13.0,12.0,32.468,12295345
12304555,EVERYDAY DW 12x1kg N1 IN,EVERYDAY Dairy Whitener 1Kg,12199037,IN SSD : EveryDay DW,DAIRY,F&B,12.0,13.0,12.0,33.264,12304555
12311093,EVERYDAY DW 12x1 Kg Cntnr PR IN,EVERYDAY Dairy Whitener 1Kg,12199037,IN SSD : EveryDay DW,DAIRY,F&B,12.0,13.02,12.0,32.468,12311093
12311094,EVERYDAY DW 12x1 Kg Cntnr N1 IN,EVERYDAY Dairy Whitener 1Kg,12199037,IN SSD : EveryDay DW,DAIRY,F&B,12.0,13.1,12.0,32.828,12311094
12334903,EVERYDAY DW 12x1 Kg PR Rs65Off IN,EVERYDAY Dairy Whitener 1Kg,12199037,IN SSD : EveryDay DW,DAIRY,F&B,12.0,13.1,12.0,32.468,12334903
12370417,EVERYDAY DW 12x1 Kg PR Rs.55 Off IN,EVERYDAY Dairy Whitener 1Kg,12199037,IN SSD : EveryDay DW,DAIRY,F&B,12.0,13.1,12.0,32.468,12370417
12378415,EVERYDAY DW 12x1Kg NR IN,EVERYDAY Dairy Whitener 1Kg,12199037,IN SSD : EveryDay DW,DAIRY,F&B,12.0,13.0,12.0,31.61,12378415
12379951,EVERYDAY DW 12x1kg PR Rs.55 Off NR IN,EVERYDAY Dairy Whitener 1Kg,12199037,IN SSD : EveryDay DW,DAIRY,F&B,12.0,13.1,12.0,31.61,12379951
12425805,EVERYDAY DW 12x1kg N2 IN,EVERYDAY Dairy Whitener 1Kg,12199037,IN SSD : EveryDay DW,DAIRY,F&B,12.0,13.02,12.0,32.468,12425805
12425878,EVERYDAY DW 12x1kg N1 PR Rs.55 Off IN,EVERYDAY Dairy Whitener 1Kg,12199037,IN SSD : EveryDay DW,DAIRY,F&B,12.0,13.02,12.0,32.468,12425878
12475632,EVERYDAY DW 12x1kg Rs 41 Off IN,EVERYDAY Dairy Whitener 1Kg,12199037,IN SSD : EveryDay DW,DAIRY,F&B,12.0,13.02,12.0,32.468,12475632
12046531,ZZNESTLE EVERYDAY DW Pbg 16x950g NP,EVERYDAY Dairy Whitener 1Kg,12199037,IN SSD : EveryDay DW,DAIRY,F&B,16.0,16.6,15.2,38.627,12046531
12378414,EVERYDAY DW 12x1Kg NR N1 IN,EVERYDAY Dairy Whitener 1Kg,12199037,IN SSD : EveryDay DW,DAIRY,F&B,12.0,13.0,12.0,31.61,12378414
12425792,EVERYDAY DW Sprice 12x1kg NR IN,EVERYDAY Dairy Whitener 1Kg,12199037,IN SSD : EveryDay DW,DAIRY,F&B,12.0,13.01,12.0,32.468,12425792
12461695,EVERYDAY DW Sprice 12x1kg PR Rs40 Off IN,EVERYDAY Dairy Whitener 1Kg,12199037,IN SSD : EveryDay DW,DAIRY,F&B,12.0,13.02,12.0,32.468,12461695
12480329,EVERYDAY DW 12x1kg N3 IN,EVERYDAY Dairy Whitener 1Kg,12199037,IN SSD : EveryDay DW,DAIRY,F&B,12.0,13.11,12.0,34.271,12480329
12494638,EVERYDAY DW 12x1kg N4 IN,EVERYDAY Dairy Whitener 1Kg,12199037,IN SSD : EveryDay DW,DAIRY,F&B,12.0,13.09,12.0,32.468,12494638
12499355,EVERYDAY DW 12x1kg PR Rs 41Off IN,EVERYDAY Dairy Whitener 1Kg,12199037,IN SSD : EveryDay DW,DAIRY,F&B,12.0,13.02,12.0,32.468,12499355
12506141,EVERYDAY DW 12x1kg Rs 30 OFF IN,EVERYDAY Dairy Whitener 1Kg,12199037,IN SSD : EveryDay DW,DAIRY,F&B,12.0,13.02,12.0,32.468,12506141
12506132,EVERYDAY DW 12x1kg Rs50 OFF RONE IN,EVERYDAY Dairy Whitener 1Kg,12199037,IN SSD : EveryDay DW,DAIRY,F&B,12.0,13.02,12.0,32.468,12506132
12506027,EVERYDAY DW 12x1kg PR Rs 30 Off KL IN,EVERYDAY Dairy Whitener 1Kg,12199037,IN SSD : EveryDay DW,DAIRY,F&B,12.0,13.02,12.0,32.468,12506027
12532622,NESTLE EVERYDAY DW 12x1kg IN,EVERYDAY Dairy Whitener 1Kg,12199037,IN SSD : EveryDay DW,DAIRY,F&B,12.0,13.14,12.0,32.468,12532622
12535471,EVERYDAY DW 12x950g NR N2 IN,EVERYDAY Dairy Whitener 1Kg,12199037,IN SSD : EveryDay DW,DAIRY,F&B,12.0,13.67,11.4,32.468,12535471
12535446,EVERYDAY DW 12x950g NR KL IN,EVERYDAY Dairy Whitener 1Kg,12199037,IN SSD : EveryDay DW,DAIRY,F&B,12.0,13.67,11.4,32.468,12535446
12539822,EVERYDAY DW 12x1kg NR N1 IN,EVERYDAY Dairy Whitener 1Kg,12199037,IN SSD : EveryDay DW,DAIRY,F&B,12.0,13.16,12.0,32.468,12539822
12604157,EVERYDAY DW 12x1kg Rs 30 OFF PB IN,EVERYDAY Dairy Whitener 1Kg,12199037,IN SSD : EveryDay DW,DAIRY,F&B,12.0,13.02,12.0,32.468,12604157
12603355,EVERYDAY DW 12x1kg+100g Extra Fr IN,EVERYDAY Dairy Whitener 1Kg,12199037,IN SSD : EveryDay DW,DAIRY,F&B,12.0,14.44,13.2,35.514,12603355
12611471,EVERYDAY DW 12x1kg+100g Extra Fr PB IN,EVERYDAY Dairy Whitener 1Kg,12199037,IN SSD : EveryDay DW,DAIRY,F&B,12.0,14.2,13.2,35.514,12611471
12610509,EVERYDAY DW 12x1kg NR KL IN,EVERYDAY Dairy Whitener 1Kg,12199037,IN SSD : EveryDay DW,DAIRY,F&B,12.0,13.04,12.0,32.468,12610509
12610520,EVERYDAY DW 12x1kg NR IN,EVERYDAY Dairy Whitener 1Kg,12199037,IN SSD : EveryDay DW,DAIRY,F&B,12.0,13.12,12.0,32.468,12610520
12610533,EVERYDAY DW 12x1kg+100g Extra Fr NR IN,EVERYDAY Dairy Whitener 1Kg,12199037,IN SSD : EveryDay DW,DAIRY,F&B,12.0,14.2,13.2,35.514,12610533
12615883,EVERYDAY DW 12x1kg+100g ExtraFr PB N1 IN,EVERYDAY Dairy Whitener 1Kg,12199037,IN SSD : EveryDay DW,DAIRY,F&B,12.0,14.2,13.2,35.514,12615883
12380606,EVERYDAY Dairy Whitener Lfat 12x1kg IN,EVERYDAY Dairy Whitener Lfat 1kg FS,12380606,IN SSD : Everyday Low Sugar - FS,NP,NP,12.0,13.1,12.0,31.61,12380606
12393640,EVERYDAY Dairy Whitener Lfat 16x1kg IN,EVERYDAY Dairy Whitener Lfat 1kg FS,12380606,IN SSD : Everyday Low Sugar - FS,NP,NP,16.0,17.22,16.0,50.808,12393640
12526714,EVERYDAY Zero Added Sugar 72x175g IN,EVERYDAY Dairy Whitener NS 175g IN,12526714,IN SSD : EveryDay DW,DAIRY,F&B,72.0,14.11,12.6,54.282,12526714
12526715,EVERYDAY Zero Added Sugar 96x45g IN,EVERYDAY Dairy Whitener NS 45g IN,12526715,IN SSD : EveryDay DW,DAIRY,F&B,96.0,5.64,4.32,39.927,12526715
11340035,EVERYDAY Dairy Whitener Pbg 24x500g IN,EVERYDAY Dairy Whitener Polybag 400g,12310536,IN SSD : EveryDay DW,DAIRY,F&B,24.0,13.1,12.0,36.616,11340035
11340037,EVERYDAY DW Pbg 24x475g PR Rs6 Off IN,EVERYDAY Dairy Whitener Polybag 400g,12310536,IN SSD : EveryDay DW,DAIRY,F&B,24.0,13.1,11.4,42.208,11340037
12015719,EVERYDAY DW Pbg 24x500g PR Rs 5 Off IN,EVERYDAY Dairy Whitener Polybag 400g,12310536,IN SSD : EveryDay DW,DAIRY,F&B,,,,,12015719
12036359,EVERYDAY DW Pbg24x500g PR SpPr Rs5Off IN,EVERYDAY Dairy Whitener Polybag 400g,12310536,IN SSD : EveryDay DW,DAIRY,F&B,24.0,13.32,12.0,36.616,12036359
12045978,NESTLE EVERYDAY Instant Pbg 24x475g IN,EVERYDAY Dairy Whitener Polybag 400g,12310536,IN SSD : EveryDay DW,DAIRY,F&B,,,,,12045978
12046130,ZZEVERYDAY DW Pbg24x475g PR SpPr Rs5Off,EVERYDAY Dairy Whitener Polybag 400g,12310536,IN SSD : EveryDay DW,DAIRY,F&B,24.0,12.55,11.4,42.208,12046130
12046527,ZZEVERYDAY Dairy Whitener Pbg 24x475g NP,EVERYDAY Dairy Whitener Polybag 400g,12310536,IN SSD : EveryDay DW,DAIRY,F&B,24.0,12.56,11.4,42.208,12046527
12068087,EVERYDAY Dairy Whitener 24x450g NP,EVERYDAY Dairy Whitener Polybag 400g,12310536,IN SSD : EveryDay DW,DAIRY,F&B,24.0,11.9,10.8,60.078,12068087
12068088,EVERYDAY DW 24x475g PR NC 8 off NP,EVERYDAY Dairy Whitener Polybag 400g,12310536,IN SSD : EveryDay DW,DAIRY,F&B,,,,,12068088
12083211,NESTLE EVERYDAY 32x475g IN,EVERYDAY Dairy Whitener Polybag 400g,12310536,IN SSD : EveryDay DW,DAIRY,F&B,32.0,16.4,15.2,47.068,12083211
12084903,EVERYDAY 32x475g PR spPr Rs5 off IN,EVERYDAY Dairy Whitener Polybag 400g,12310536,IN SSD : EveryDay DW,DAIRY,F&B,32.0,16.4,15.2,47.068,12084903
12091758,NESTLE EVERYDAY 32x475g PR MagNdl Fre IN,EVERYDAY Dairy Whitener Polybag 400g,12310536,IN SSD : EveryDay DW,DAIRY,F&B,32.0,16.4,15.2,47.068,12091758
12091834,EVERYDAY 24x450g NC 8 Off NP,EVERYDAY Dairy Whitener Polybag 400g,12310536,IN SSD : EveryDay DW,DAIRY,F&B,24.0,11.9,10.8,60.078,12091834
12099579,NESTLE EVERYDAY 32x475g PR TTG Free IN,EVERYDAY Dairy Whitener Polybag 400g,12310536,IN SSD : EveryDay DW,DAIRY,F&B,32.0,16.4,15.2,47.068,12099579
12099738,NESTLE EVERYDAY 32x475g PR KD Free IN,EVERYDAY Dairy Whitener Polybag 400g,12310536,IN SSD : EveryDay DW,DAIRY,F&B,32.0,16.4,15.2,47.068,12099738
12099751,NESTLE EVERYDAY 32x475g PR EDW 42g FreIN,EVERYDAY Dairy Whitener Polybag 400g,12310536,IN SSD : EveryDay DW,DAIRY,F&B,32.0,16.4,15.2,47.068,12099751
12109779,NESTLE EVERYDAY 32x475g PR Rs 6 off IN,EVERYDAY Dairy Whitener Polybag 400g,12310536,IN SSD : EveryDay DW,DAIRY,F&B,32.0,16.4,15.2,47.068,12109779
12113770,NESTLE EVERYDAY 32x475g PR Rs 9 off IN,EVERYDAY Dairy Whitener Polybag 400g,12310536,IN SSD : EveryDay DW,DAIRY,F&B,32.0,16.4,15.2,47.068,12113770
12121988,EVERYDAY DW 24x450g PR NC 10 Off NP,EVERYDAY Dairy Whitener Polybag 400g,12310536,IN SSD : EveryDay DW,DAIRY,F&B,24.0,11.9,10.8,60.078,12121988
12122577,NESTLE EVERYDAY 32x475g PR 10% Extra IN,EVERYDAY Dairy Whitener Polybag 400g,12310536,IN SSD : EveryDay DW,DAIRY,F&B,32.0,18.1,16.736,51.17,12122577
12151087,EVERYDAY DW 32x475g PR Rs 10 off IN,EVERYDAY Dairy Whitener Polybag 400g,12310536,IN SSD : EveryDay DW,DAIRY,F&B,32.0,16.4,15.2,47.068,12151087
12188546,NESTLE EVERYDAY DW 32x400g IN,EVERYDAY Dairy Whitener Polybag 400g,12310536,IN SSD : EveryDay DW,DAIRY,F&B,32.0,14.3,12.8,43.845,12188546
12199036,EVERYDAY DW 32x500g PR 100g EXTRA IN,EVERYDAY Dairy Whitener Polybag 400g,12310536,IN SSD : EveryDay DW,DAIRY,F&B,32.0,17.365,16.0,47.068,12199036
12199206,EVERYDAY DW 32x400g PR Rs 20 off IN,EVERYDAY Dairy Whitener Polybag 400g,12310536,IN SSD : EveryDay DW,DAIRY,F&B,32.0,13.8,12.8,47.068,12199206
12199207,EVERYDAY DW 32x475g PR Rs 25 off IN,EVERYDAY Dairy Whitener Polybag 400g,12310536,IN SSD : EveryDay DW,DAIRY,F&B,32.0,16.4,15.2,47.068,12199207
12232751,EVERYDAY DW 32x400g PR Rs 20 TT IN,EVERYDAY Dairy Whitener Polybag 400g,12310536,IN SSD : EveryDay DW,DAIRY,F&B,32.0,14.3,12.8,47.068,12232751
12283802,EVERYDAY DW 32x400g PR 180ml a+ IN,EVERYDAY Dairy Whitener Polybag 400g,12310536,IN SSD : EveryDay DW,DAIRY,F&B,32.0,14.3,12.8,48.216,12283802
12287460,NESTLE EVERYDAY DW 12x400g PR jar IN,EVERYDAY Dairy Whitener Polybag 400g,12310536,IN SSD : EveryDay DW,DAIRY,F&B,12.0,7.91,4.8,40.809,12287460
12287461,NESTLE EVERYDAY DW 16x400g Cup IN,EVERYDAY Dairy Whitener Polybag 400g,12310536,IN SSD : EveryDay DW,DAIRY,F&B,16.0,14.3,6.4,55.133,12287461
12304558,EVERYDAY DW 32 x 400g N1 IN,EVERYDAY Dairy Whitener Polybag 400g,12310536,IN SSD : EveryDay DW,DAIRY,F&B,32.0,14.3,12.8,48.216,12304558
12310535,NESTLE EVERYDAY DW 32x400g PR Sp IN,EVERYDAY Dairy Whitener Polybag 400g,12310536,IN SSD : EveryDay DW,DAIRY,F&B,32.0,14.3,12.8,43.845,12310535
12310536,NESTLE EVERYDAY DW 32x400g N2 IN,EVERYDAY Dairy Whitener Polybag 400g,12310536,IN SSD : EveryDay DW,DAIRY,F&B,32.0,14.1,12.8,43.845,12310536
12311005,NESTLE EVERYDAY DW 32x(400+100g) PR IN,EVERYDAY Dairy Whitener Polybag 400g,12310536,IN SSD : EveryDay DW,DAIRY,F&B,32.0,17.51,16.0,43.831,12311005
12334902,EVERYDAY DW 32X400g PR Rs24Off IN,EVERYDAY Dairy Whitener Polybag 400g,12310536,IN SSD : EveryDay DW,DAIRY,F&B,32.0,14.3,12.8,48.216,12334902
12370429,EVERYDAY DW 32X400g PR Rs.20 Off IN,EVERYDAY Dairy Whitener Polybag 400g,12310536,IN SSD : EveryDay DW,DAIRY,F&B,32.0,14.2,12.8,42.749,12370429
12378411,NESTLE EVERYDAY DW 32x400g NR IN,EVERYDAY Dairy Whitener Polybag 400g,12310536,IN SSD : EveryDay DW,DAIRY,F&B,32.0,14.1,12.8,41.43,12378411
12379953,EVERYDAY DW 32x400g PR Rs.20 Off NR IN,EVERYDAY Dairy Whitener Polybag 400g,12310536,IN SSD : EveryDay DW,DAIRY,F&B,32.0,14.1,12.8,45.356,12379953
12425784,NESTLE EVERYDAY DW 32x400g N1 IN,EVERYDAY Dairy Whitener Polybag 400g,12310536,IN SSD : EveryDay DW,DAIRY,F&B,32.0,14.12,12.8,45.356,12425784
12425879,EVERYDAY DW32x400g N1 PR Rs.20 Off IN,EVERYDAY Dairy Whitener Polybag 400g,12310536,IN SSD : EveryDay DW,DAIRY,F&B,32.0,14.06,12.8,45.356,12425879
12475633,EVERYDAY DW 32x400g Rs 15 Off IN,EVERYDAY Dairy Whitener Polybag 400g,12310536,IN SSD : EveryDay DW,DAIRY,F&B,32.0,13.8,12.8,45.356,12475633
12438377,NESTLE EVERYDAY DW 32x400g PR Mugs IN,EVERYDAY Dairy Whitener Polybag 400g,12310536,IN SSD : EveryDay DW,DAIRY,F&B,32.0,13.8,12.8,45.356,12438377
12480327,EVERYDAY DW 32x400g N2 IN,EVERYDAY Dairy Whitener Polybag 400g,12310536,IN SSD : EveryDay DW,DAIRY,F&B,32.0,14.27,12.8,45.356,12480327
12494908,EVERYDAY DW 32x400g N3 IN,EVERYDAY Dairy Whitener Polybag 400g,12310536,IN SSD : EveryDay DW,DAIRY,F&B,32.0,14.07,12.8,45.356,12494908
12499361,EVERYDAY DW 32x400g PR Rs 15 Off IN,EVERYDAY Dairy Whitener Polybag 400g,12310536,IN SSD : EveryDay DW,DAIRY,F&B,32.0,13.8,12.8,45.356,12499361
12506136,EVERYDAY DW 32x400g Rs 12 OFF IN,EVERYDAY Dairy Whitener Polybag 400g,12310536,IN SSD : EveryDay DW,DAIRY,F&B,32.0,14.08,12.8,45.356,12506136
12506025,EVERYDAY DW 32x400g PR Rs12 Off KL IN,EVERYDAY Dairy Whitener Polybag 400g,12310536,IN SSD : EveryDay DW,DAIRY,F&B,32.0,14.12,12.8,45.356,12506025
12506061,EVERYDAY DW 32x400g PR Classic KD Tea IN,EVERYDAY Dairy Whitener Polybag 400g,12310536,IN SSD : EveryDay DW,DAIRY,F&B,32.0,14.04,12.8,45.356,12506061
12506147,EVERYDAY DW 32x400g PR Strong KD Tea IN,EVERYDAY Dairy Whitener Polybag 400g,12310536,IN SSD : EveryDay DW,DAIRY,F&B,32.0,14.08,12.8,45.356,12506147
12532614,NESTLE EVERYDAY DW 32x400g N3 IN,EVERYDAY Dairy Whitener Polybag 400g,12310536,IN SSD : EveryDay DW,DAIRY,F&B,32.0,14.06,12.8,45.356,12532614
12539832,NESTLE EVERYDAY DW 32x400g N4 IN,EVERYDAY Dairy Whitener Polybag 400g,12310536,IN SSD : EveryDay DW,DAIRY,F&B,32.0,14.11,12.8,45.356,12539832
12597519,EVERYDAY DW 32x400g Onam IN,EVERYDAY Dairy Whitener Polybag 400g,12310536,IN SSD : EveryDay DW,DAIRY,F&B,32.0,14.12,12.8,45.356,12597519
12603340,EVERYDAY DW 32x400g+40g Extra Fr IN,EVERYDAY Dairy Whitener Polybag 400g,12310536,IN SSD : EveryDay DW,DAIRY,F&B,32.0,15.6,14.08,48.866,12603340
12604168,EVERYDAY DW 32x400g Rs20 OFF PB IN,EVERYDAY Dairy Whitener Polybag 400g,12310536,IN SSD : EveryDay DW,DAIRY,F&B,32.0,14.01,12.8,45.356,12604168
12611468,EVERYDAY DW 32x400g+40g Extra Fr PB IN,EVERYDAY Dairy Whitener Polybag 400g,12310536,IN SSD : EveryDay DW,DAIRY,F&B,32.0,15.6,14.08,48.866,12611468
12610469,EVERYDAY DW 32x400g+40g Extra Fr NR IN,EVERYDAY Dairy Whitener Polybag 400g,12310536,IN SSD : EveryDay DW,DAIRY,F&B,32.0,15.65,14.08,48.866,12610469
12610479,NESTLE EVERYDAY DW 32x400g NR N1 IN,EVERYDAY Dairy Whitener Polybag 400g,12310536,IN SSD : EveryDay DW,DAIRY,F&B,32.0,14.13,12.8,45.356,12610479
12610617,EVERYDAY DW 32x400g NR KL IN,EVERYDAY Dairy Whitener Polybag 400g,12310536,IN SSD : EveryDay DW,DAIRY,F&B,32.0,14.16,12.8,45.356,12610617
12281181,EVERYDAY DW 108x100g IN,EVERYDAY Dairy Whitener Sachet 100g,12281181,IN SSD : EveryDay DW,DAIRY,F&B,108.0,12.3,10.8,40.95,12281181
12378388,NESTLE EVERYDAY DW 108x100g NR IN,EVERYDAY Dairy Whitener Sachet 100g,12281181,IN SSD : EveryDay DW,DAIRY,F&B,108.0,12.2,10.8,38.88,12378388
12425793,EVERYDAY DW 108x100g N2 IN,EVERYDAY Dairy Whitener Sachet 100g,12281181,IN SSD : EveryDay DW,DAIRY,F&B,108.0,12.09,10.8,38.88,12425793
12471275,EVERYDAY DW 108x100g Rs 7 Off IN,EVERYDAY Dairy Whitener Sachet 100g,12281181,IN SSD : EveryDay DW,DAIRY,F&B,108.0,11.9,10.8,38.88,12471275
12610503,EVERYDAY DW 108x100g NR IN,EVERYDAY Dairy Whitener Sachet 100g,12281181,IN SSD : EveryDay DW,DAIRY,F&B,108.0,12.15,10.8,38.88,12610503
12091831,EVERYDAY Dairy Whitener Sachet 72x190gIN,EVERYDAY Dairy Whitener Sachet 200g,12199039,IN SSD : EveryDay DW,DAIRY,F&B,72.0,15.3,13.68,51.622,12091831
12105065,NESTLE EVERYDAY 72x190g PR Rs 5 off IN,EVERYDAY Dairy Whitener Sachet 200g,12199039,IN SSD : EveryDay DW,DAIRY,F&B,72.0,15.3,13.68,51.622,12105065
12199039,EVERYDAY DW 72x200g IN,EVERYDAY Dairy Whitener Sachet 200g,12199039,IN SSD : EveryDay DW,DAIRY,F&B,72.0,15.8,14.4,49.896,12199039
12262819,NESTLE EVERYDAY DW Ntnl 48x200g IN,EVERYDAY Dairy Whitener Sachet 200g,12199039,IN SSD : EveryDay DW,DAIRY,F&B,48.0,10.84,9.6,50.864,12262819
12275418,NESTLE EVERYDAY DW 48x200g IN,EVERYDAY Dairy Whitener Sachet 200g,12199039,IN SSD : EveryDay DW,DAIRY,F&B,48.0,11.0,9.6,50.864,12275418
12376551,EVERYDAY DW 72x200g PR Rs.7 Off IN,EVERYDAY Dairy Whitener Sachet 200g,12199039,IN SSD : EveryDay DW,DAIRY,F&B,72.0,16.3,14.4,49.896,12376551
12378418,NESTLE EVERYDAY DW 72x200g NR IN,EVERYDAY Dairy Whitener Sachet 200g,12199039,IN SSD : EveryDay DW,DAIRY,F&B,72.0,15.8,14.4,42.76,12378418
12422295,EVERYDAY DW 72x200g N1 PR Rs.7 Off IN,EVERYDAY Dairy Whitener Sachet 200g,12199039,IN SSD : EveryDay DW,DAIRY,F&B,72.0,16.0,14.4,51.612,12422295
12425812,EVERYDAY DW 72x200g N2 IN,EVERYDAY Dairy Whitener Sachet 200g,12199039,IN SSD : EveryDay DW,DAIRY,F&B,72.0,15.72,14.4,46.94,12425812
12475634,EVERYDAY DW 72x200g Rs 9 Off IN,EVERYDAY Dairy Whitener Sachet 200g,12199039,IN SSD : EveryDay DW,DAIRY,F&B,72.0,15.68,14.4,46.94,12475634
12480339,EVERYDAY DW 72x200g N3 IN,EVERYDAY Dairy Whitener Sachet 200g,12199039,IN SSD : EveryDay DW,DAIRY,F&B,72.0,15.72,14.4,46.94,12480339
12494639,EVERYDAY DW 72x200g N4 IN,EVERYDAY Dairy Whitener Sachet 200g,12199039,IN SSD : EveryDay DW,DAIRY,F&B,72.0,15.7,14.4,46.94,12494639
12506145,EVERYDAY DW 72x200g Rs 7 OFF IN,EVERYDAY Dairy Whitener Sachet 200g,12199039,IN SSD : EveryDay DW,DAIRY,F&B,72.0,15.68,14.4,46.94,12506145
12610495,EVERYDAY DW 72x200g NR IN,EVERYDAY Dairy Whitener Sachet 200g,12199039,IN SSD : EveryDay DW,DAIRY,F&B,72.0,15.62,14.4,46.94,12610495
12610593,EVERYDAY DW 72x200g NR KL,EVERYDAY Dairy Whitener Sachet 200g,12199039,IN SSD : EveryDay DW,DAIRY,F&B,72.0,15.72,14.4,46.94,12610593
12313412,EVERYDAY DW 48(200+50)g PR IN,EVERYDAY Dairy Whitener Sachet 200g NTNL,12313412,IN SSD : EveryDay DW,DAIRY,F&B,48.0,13.0,12.0,38.528,12313412
12379875,NESTLE EVERYDAY DW 48x200g NR IN,EVERYDAY Dairy Whitener Sachet 200g NTNL,12313412,IN SSD : EveryDay DW,DAIRY,F&B,48.0,10.6,9.6,46.23,12379875
12425803,EVERYDAY DW 48x200g N2 IN,EVERYDAY Dairy Whitener Sachet 200g NTNL,12313412,IN SSD : EveryDay DW,DAIRY,F&B,48.0,10.6,9.6,51.612,12425803
12175318,EVERYDAY DW Sachet 216x24g IN,EVERYDAY Dairy Whitener Sachet 20g,12199146,IN SSD : EveryDay DW,DAIRY,F&B,216.0,6.68,5.184,45.9,12175318
12181331,NESTLE EVERYDAY DW 288x24g IN,EVERYDAY Dairy Whitener Sachet 20g,12199146,IN SSD : EveryDay DW,DAIRY,F&B,288.0,8.93,6.912,45.838,12181331
12199034,EVERYDAY DW 288x20g IN,EVERYDAY Dairy Whitener Sachet 20g,12199146,IN SSD : EveryDay DW,DAIRY,F&B,288.0,7.5,5.76,45.838,12199034
12199146,EVERYDAY Dairy Whitening Pwdr 288x20g IN,EVERYDAY Dairy Whitener Sachet 20g,12199146,IN SSD : EveryDay DW,DAIRY,F&B,288.0,7.2,5.76,45.838,12199146
12332453,NESTLE EVERYDAY DW 288x24g N1 IN,EVERYDAY Dairy Whitener Sachet 20g,12199146,IN SSD : EveryDay DW,DAIRY,F&B,288.0,8.93,6.912,55.352,12332453
12356589,EVD Dairy Whitening Pwdr 288x21.5g IN,EVERYDAY Dairy Whitener Sachet 20g,12199146,IN SSD : EveryDay DW,DAIRY,F&B,288.0,7.556,6.192,67.2,12356589
12379952,EVERYDAY DW Powder 288x20g NR IN,EVERYDAY Dairy Whitener Sachet 20g,12199146,IN SSD : EveryDay DW,DAIRY,F&B,288.0,7.2,5.76,42.87,12379952
12422352,NESTLE EVERYDAY DW 384x20g IN,EVERYDAY Dairy Whitener Sachet 20g,12199146,IN SSD : EveryDay DW,DAIRY,F&B,384.0,8.4,7.68,57.334,12422352
12425816,NESTLE EVERYDAY DW 384x20g N2 IN,EVERYDAY Dairy Whitener Sachet 20g,12199146,IN SSD : EveryDay DW,DAIRY,F&B,384.0,9.24,7.68,57.692,12425816
12431512,EVERYDAY Dairy Whitener Pwdr 288x20g IN,EVERYDAY Dairy Whitener Sachet 20g,12199146,IN SSD : EveryDay DW,DAIRY,F&B,288.0,7.28,5.76,57.888,12431512
12474550,EVERYDAY DW Powder Unipack 384x20g IN,EVERYDAY Dairy Whitener Sachet 20g,12199146,IN SSD : EveryDay DW,DAIRY,F&B,384.0,9.28,7.68,39.803,12474550
12479618,EVERYDAY DW Powder 384x24g IN,EVERYDAY Dairy Whitener Sachet 20g,12199146,IN SSD : EveryDay DW,DAIRY,F&B,384.0,11.36,9.216,68.445,12479618
12498817,EVERYDAY DW Powder Unipack 384x20g N1 IN,EVERYDAY Dairy Whitener Sachet 20g,12199146,IN SSD : EveryDay DW,DAIRY,F&B,384.0,9.28,7.68,39.803,12498817
12501107,EVERYDAY DW 240x20g IN,EVERYDAY Dairy Whitener Sachet 20g,12199146,IN SSD : EveryDay DW,DAIRY,F&B,240.0,5.92,4.8,37.825,12501107
12513895,EVERYDAY DW 384x22g IN,EVERYDAY Dairy Whitener Sachet 20g,12199146,IN SSD : EveryDay DW,DAIRY,F&B,384.0,10.6,8.448,71.4,12513895
12506032,EVERYDAY DW 240x19g IN,EVERYDAY Dairy Whitener Sachet 20g,12199146,IN SSD : EveryDay DW,DAIRY,F&B,240.0,5.54,4.56,37.825,12506032
12506140,EVERYDAY DW 384x19g IN,EVERYDAY Dairy Whitener Sachet 20g,12199146,IN SSD : EveryDay DW,DAIRY,F&B,384.0,8.812,7.296,57.692,12506140
12506057,EVERYDAY DW 384x18g IN,EVERYDAY Dairy Whitener Sachet 20g,12199146,IN SSD : EveryDay DW,DAIRY,F&B,384.0,8.46,6.912,37.825,12506057
12562707,EVERYDAY DW 384x15g IN,EVERYDAY Dairy Whitener Sachet 20g,12199146,IN SSD : EveryDay DW,DAIRY,F&B,384.0,7.24,5.76,53.955,12562707
12562717,EVERYDAY DW 240x15g IN,EVERYDAY Dairy Whitener Sachet 20g,12199146,IN SSD : EveryDay DW,DAIRY,F&B,240.0,4.53,3.6,34.673,12562717
12614824,EVERYDAY DW 384x15g NR IN,EVERYDAY Dairy Whitener Sachet 20g,12199146,IN SSD : EveryDay DW,DAIRY,F&B,384.0,7.06,5.76,53.955,12614824
12614862,EVERYDAY DW 384x18g NR IN,EVERYDAY Dairy Whitener Sachet 20g,12199146,IN SSD : EveryDay DW,DAIRY,F&B,384.0,8.49,6.912,60.652,12614862
12608081,EVERYDAY DW 240x32g IN,EVERYDAY Dairy Whitener Sachet 32g,12608448,IN SSD : EveryDay DW,DAIRY,F&B,240.0,8.81,7.68,50.636,12608081
12608448,EVERYDAY DW 240x32g B4G1 IN,EVERYDAY Dairy Whitener Sachet 32g,12608448,IN SSD : EveryDay DW,DAIRY,F&B,240.0,8.81,7.68,49.273,12608448
12610542,EVERYDAY DW 240x32g NR IN,EVERYDAY Dairy Whitener Sachet 32g,12608448,IN SSD : EveryDay DW,DAIRY,F&B,240.0,8.81,7.68,50.636,12610542
12583632,EVERYDAY DW 240x15g FrW CMP IN,EVERYDAY DW 240x15g FrW CMP IN,12583632,IN SSD : EveryDay DW,DAIRY,F&B,240.0,4.68,3.6,34.673,12583632
12609595,EVERYDAY DW 240x32g FrW EvD B4G1 IN,EVERYDAY DW 240x32g FrW EvD B4G1 IN,12609595,IN SSD : EveryDay DW,DAIRY,F&B,240.0,8.81,7.68,49.273,12609595
12549575,EVERYDAY DW 384x18g FrW Chkn 284g IN,EVERYDAY DW 384x18g FrW Chkn 284g IN,12549575,IN SSD : EveryDay DW,DAIRY,F&B,384.0,8.48,6.912,37.825,12549575
12501473,EVERYDAY DW 480x9g IN,EVERYDAY DW 9g,12501473,IN SSD : EveryDay DW,DAIRY,F&B,480.0,6.0,4.32,36.164,12501473
12504010,EVERYDAY DW Single Serve 48x75g IN,EVERYDAY DW Single Serve 48x75g IN,12504010,IN SSD : EveryDay DW,DAIRY,F&B,48.0,6.0,3.6,27.38,12504010
12023155,NESTLE EVERYDAY Ghee CEKA 16 x 1L IN,EVERYDAY Ghee CEKA 1L,12023155,IN SSD : Ghee,DAIRY,F&B,16.0,15.9,14.384,38.88,12023155
12105752,NESTLE EVD GheeCeka Wtht Agmark 16x1L IN,EVERYDAY Ghee CEKA 1L,12023155,IN SSD : Ghee,DAIRY,F&B,16.0,15.9,14.384,22.25,12105752
12622649,NESTLE EVERYDAY Ghee CEKA 16x1L N1 IN,EVERYDAY Ghee CEKA 1L,12023155,IN SSD : Ghee,DAIRY,F&B,16.0,15.87,14.384,23.978,12622649
12393012,EVERYDAY Instant Tea Cardamom 60x16g IN,EVERYDAY Instant Tea Cardamon Cup 16g,12393012,IN SSD : Everyday Chai Life,DAIRY,F&B,60.0,1960.0,960.0,34.875,12393012
12406519,EVERYDAY Inst Tea Cardamom 60x16g N1 IN,EVERYDAY Instant Tea Cardamon Cup 16g,12393012,IN SSD : Everyday Chai Life,DAIRY,F&B,60.0,2.48,0.96,33.93,12406519
12393011,EVERYDAY Instant Tea Cardamom 288x16g IN,EVERYDAY Instant Tea Cardamon Sachet 16g,12393011,IN SSD : Everyday Chai Life,DAIRY,F&B,288.0,5.6,4.608,40.838,12393011
12406550,EVERYDAY Inst Tea Cardamom 288x16g N1 IN,EVERYDAY Instant Tea Cardamon Sachet 16g,12393011,IN SSD : Everyday Chai Life,DAIRY,F&B,288.0,6.16,4.608,39.364,12406550
12411225,EVD Chai Life Gngr Lmn Grs 24(10x16g) IN,EVERYDAY Instant Tea Gngr Lmngrss 10X16g,12411225,IN SSD : Everyday Chai Life,DAIRY,F&B,24.0,5.88,3.84,38.213,12411225
12392775,EVERYDAY Inst Tea Gngr Lmngrss 60x16g IN,EVERYDAY Instant Tea Gngr Lmngrss Cup 16g,12392775,IN SSD : Everyday Chai Life,DAIRY,F&B,60.0,1960.0,960.0,34.875,12392775
12406551,EVERYDAY InstTeaGngr Lmngrss 60x16gN1 IN,EVERYDAY Instant Tea Gngr Lmngrss Cup 16g,12392775,IN SSD : Everyday Chai Life,DAIRY,F&B,60.0,2.44,0.96,33.93,12406551
12392774,EVERYDAY Inst Tea Gngr Lmngrss288x16g IN,EVERYDAY Instant Tea Gngr Lmngrss Sachet 16g,12392774,IN SSD : Everyday Chai Life,DAIRY,F&B,288.0,5.6,4.608,40.838,12392774
12406552,EVERYDAY InstTeaGngr Lmngrss288x16gN1 IN,EVERYDAY Instant Tea Gngr Lmngrss Sachet 16g,12392774,IN SSD : Everyday Chai Life,DAIRY,F&B,288.0,5.6,4.608,40.43,12406552
12411283,EVD Chai Life Desi Masala 24(10x16g) IN,EVERYDAY Instant Tea Masala 10X16g,12411283,IN SSD : Everyday Chai Life,DAIRY,F&B,24.0,5.92,3.84,38.213,12411283
12393014,EVERYDAY Instant Tea Masala 60x16g IN,EVERYDAY Instant Tea Masala Cup 16g,12393014,IN SSD : Everyday Chai Life,DAIRY,F&B,60.0,1960.0,960.0,34.875,12393014
12406521,EVERYDAY Instant Tea Masala 60x16g N1 IN,EVERYDAY Instant Tea Masala Cup 16g,12393014,IN SSD : Everyday Chai Life,DAIRY,F&B,60.0,2.48,0.96,33.93,12406521
12393015,EVERYDAY Instant Tea Masala 288x16g IN,EVERYDAY Instant Tea Masala Sachet 16g,12393015,IN SSD : Everyday Chai Life,DAIRY,F&B,288.0,5.6,4.608,40.838,12393015
12406522,EVERYDAY Inst Tea Masala 288x16g N1 IN,EVERYDAY Instant Tea Masala Sachet 16g,12393015,IN SSD : Everyday Chai Life,DAIRY,F&B,288.0,6.24,4.608,41.16,12406522
12315491,EVERYDAY Masala Fusion 48x100g IN,EVERYDAY Masala Fusion 100g,12315491,IN SSD : EVD Slim Tea Whitener,DAIRY,F&B,48.0,5.8,4.8,50.731,12315491
11340025,EVERYDAY Vend Mix Low Sugar Pbg 12x1kgIN,EVERYDAY Premix Low Sugar Polybag 1kg FS,11340025,IN SSD : Everyday Low Sugar - FS,NP,NP,12.0,13.1,12.0,33.369,11340025
11340024,EVERYDAY Vend Mix Polybag 16x1kg IN,EVERYDAY Premix Polybag 1kg FS,11340024,IN SSD : Everyday Vending Premix - FS,NP,NP,16.0,17.2,16.0,45.76,11340024
12380085,EVERYDAY Vending Premix 16x1kg N1 IN,EVERYDAY Premix Polybag 1kg FS,11340024,IN SSD : Everyday Vending Premix - FS,NP,NP,16.0,17.39,16.0,45.76,12380085
12518431,FANCY FEAST TUNA CHUNK 4(6X85G)B20 G4 IN,FANCY FEAST TUNA CHUNK 85G,12518444,IN PP: FANCY FEAST,PETCARE,PETCARE,1.0,2.49,2.04,4.785,12518431
12518444,FANCY FEAST TUNA CHUNK 4(6X85G)B5 G1 IN,FANCY FEAST TUNA CHUNK 85G,12518444,IN PP: FANCY FEAST,PETCARE,PETCARE,4.0,2.49,2.04,4.878,12518444
12518442,FANCY FST TUNA SHRIMP 4(6X85G)B20 G4 IN,FANCY FEAST TUNA SHRIMP MDY 85G,12518422,IN PP: FANCY FEAST,PETCARE,PETCARE,1.0,2.49,2.04,4.785,12518442
12518422,FANCY FST TUNA SHRIMP 4(6X85G)B5 G1 IN,FANCY FEAST TUNA SHRIMP MDY 85G,12518422,IN PP: FANCY FEAST,PETCARE,PETCARE,4.0,2.49,2.04,4.923,12518422
12500190,FELIXADL Salmon GiJ2(12x85g) XI,FELIXADL Salmon GiJ2(12x85g) XI,12500190,IN PP: Felix Adult,PETCARE,PETCARE,24.0,2.358,2.04,6.109,12500190
12551187,FELIXADL Salmon GiJ 2(12x85g) B10G2 IN,FELIXADL Salmon GiJ2(12x85g) XI,12500190,IN PP: Felix Adult,PETCARE,PETCARE,2.0,2.358,2.04,6.109,12551187
12574681,FELIXADL Salmon GiJ 2(12x85g) Po12 IN,FELIXADL Salmon GiJ2(12x85g) XI,12500190,IN PP: Felix Adult,PETCARE,PETCARE,2.0,2.358,2.04,6.109,12574681
12617051,FELIXADL Salmon 2(12x85g)PR Rs 60 Off IN,FELIXADL Salmon GiJ2(12x85g) XI,12500190,IN PP: Felix Adult,PETCARE,PETCARE,2.0,2.358,2.04,6.109,12617051
12620681,FELIXADL Salmon GiJ 2(12x85g) Smpl IN,FELIXADL Salmon GiJ2(12x85g) XI,12500190,IN PP: Felix Adult,PETCARE,PETCARE,24.0,2.358,2.04,6.109,12620681
12500193,FELIXADLChickenGiJ2(12x85g) XI,FELIXADLChickenGiJ2(12x85g) XI,12500193,IN PP: Felix Adult,PETCARE,PETCARE,24.0,2.358,2.04,6.109,12500193
12551167,FELIXADLChickenGiJ 2(12x85g) B10G2 IN,FELIXADLChickenGiJ2(12x85g) XI,12500193,IN PP: Felix Adult,PETCARE,PETCARE,2.0,2.358,2.04,6.109,12551167
12574700,FELIXADLChickenGiJ 2(12x85g) Po12 IN,FELIXADLChickenGiJ2(12x85g) XI,12500193,IN PP: Felix Adult,PETCARE,PETCARE,2.0,2.358,2.04,6.109,12574700
12617042,FELIX ADL Chkn 2(12x85g)PR Rs60 Off IN,FELIXADLChickenGiJ2(12x85g) XI,12500193,IN PP: Felix Adult,PETCARE,PETCARE,2.0,2.358,2.04,6.109,12617042
12559156,FELIXADLChickenGiJ2(12x85g) Smpl IN,FELIXADLChickenGiJ2(12x85g) XI Sample,12559156,IN PP: Felix Adult,PETCARE,PETCARE,24.0,2.358,2.04,6.109,12559156
12500196,FELIXADLSardineGiJ2(12x85g) XI,FELIXADLSardineGiJ2(12x85g) XI,12500196,IN PP: Felix Adult,PETCARE,PETCARE,24.0,2.358,2.04,6.109,12500196
12551177,FELIXADLSardineGiJ 2(12x85g) B10G2 IN,FELIXADLSardineGiJ2(12x85g) XI,12500196,IN PP: Felix Adult,PETCARE,PETCARE,2.0,2.358,2.04,6.109,12551177
12574679,FELIXADLSardineGiJ 2(12x85g) Po12 IN,FELIXADLSardineGiJ2(12x85g) XI,12500196,IN PP: Felix Adult,PETCARE,PETCARE,2.0,2.358,2.04,6.109,12574679
12617052,FELIX ADL Sardine 2(12x85g)PR Rs60Off IN,FELIXADLSardineGiJ2(12x85g) XI,12500196,IN PP: Felix Adult,PETCARE,PETCARE,2.0,2.358,2.04,6.109,12617052
12500199,FELIXADULTMackGiJ2(12x85g) XI,FELIXADULTMackGiJ2(12x85g) XI,12500199,IN PP: Felix Adult,PETCARE,PETCARE,24.0,2.358,2.04,6.109,12500199
12551005,FELIXADULTMackGiJ 2(12x85g)B10G2 IN,FELIXADULTMackGiJ2(12x85g) XI,12500199,IN PP: Felix Adult,PETCARE,PETCARE,2.0,2.358,2.04,6.109,12551005
12574676,FELIXADULTMackGiJ 2(12x85g) Po12 IN,FELIXADULTMackGiJ2(12x85g) XI,12500199,IN PP: Felix Adult,PETCARE,PETCARE,2.0,2.358,2.04,6.109,12574676
12617045,FELIX ADL Mack 2(12x85g)PR Rs 60 Off IN,FELIXADULTMackGiJ2(12x85g) XI,12500199,IN PP: Felix Adult,PETCARE,PETCARE,2.0,2.358,2.04,6.109,12617045
12500202,FELIXADULTTunaGiJ2(12x85g) XI,FELIXADULTTunaGiJ2(12x85g) XI,12500202,IN PP: Felix Adult,PETCARE,PETCARE,24.0,2.358,2.04,6.109,12500202
12551178,FELIXADULTTunaGiJ 2(12x85g) B10G2 IN,FELIXADULTTunaGiJ2(12x85g) XI,12500202,IN PP: Felix Adult,PETCARE,PETCARE,2.0,2.358,2.04,6.109,12551178
12574682,FELIXADULTTunaGiJ 2(12x85g) Po12 IN,FELIXADULTTunaGiJ2(12x85g) XI,12500202,IN PP: Felix Adult,PETCARE,PETCARE,2.0,2.358,2.04,6.109,12574682
12617008,FELIX ADL Tuna 2(12x85g)PR Rs 60 Off IN,FELIXADULTTunaGiJ2(12x85g) XI,12500202,IN PP: Felix Adult,PETCARE,PETCARE,2.0,2.358,2.04,6.109,12617008
12559247,FELIXADULTTunaGiJ2(12x85g) Smpl IN,FELIXADULTTunaGiJ2(12x85g) XI Sample,12559247,IN PP: Felix Adult,PETCARE,PETCARE,24.0,2.358,2.04,6.109,12559247
12500205,FELIXAGAILKtnChknGiJ2(12x85g) XI,FELIXAGAILKtnChknGiJ2(12x85g) XI,12500205,IN PP: Felix Kitten,PETCARE,PETCARE,24.0,2.358,2.04,6.109,12500205
12551176,FELIXAGAILKtnChknGiJ 2(12x85g) B10G2 IN,FELIXAGAILKtnChknGiJ2(12x85g) XI,12500205,IN PP: Felix Kitten,PETCARE,PETCARE,2.0,2.358,2.04,6.109,12551176
12574684,FELIXAGAILKtnChknGiJ 2(12x85g) Po12 IN,FELIXAGAILKtnChknGiJ2(12x85g) XI,12500205,IN PP: Felix Kitten,PETCARE,PETCARE,2.0,2.358,2.04,6.109,12574684
12617061,FELIX KTN Chkn 2(12x85g)PR Rs 60 Off IN,FELIXAGAILKtnChknGiJ2(12x85g) XI,12500205,IN PP: Felix Kitten,PETCARE,PETCARE,2.0,2.358,2.04,6.109,12617061
12559270,FELIXAGAILKtnChknGiJ2(12x85g) Smpl IN,FELIXAGAILKtnChknGiJ2(12x85g) XI Sample,12559270,IN PP: Felix Kitten,PETCARE,PETCARE,24.0,2.358,2.04,6.109,12559270
12579900,FELIXAGAILKtnTunaGiJ 2(12x85g) Smpl IN,FELIXAGAILKtnTunaGiJ 2(12x85g) Smpl IN,12579900,IN PP: Felix Adult,PETCARE,PETCARE,24.0,2.358,2.04,6.109,12579900
12500208,FELIXKITTENTunaGiJ2(12x85g) XI,FELIXKITTENTunaGiJ2(12x85g) XI,12500208,IN PP: Felix Kitten,PETCARE,PETCARE,24.0,2.358,2.04,6.109,12500208
12551186,FELIXKITTENTunaGiJ 2(12x85g) B10G2 IN,FELIXKITTENTunaGiJ2(12x85g) XI,12500208,IN PP: Felix Kitten,PETCARE,PETCARE,2.0,2.358,2.04,6.109,12551186
12574683,FELIXKITTENTunaGiJ 2(12x85g) Po12 IN,FELIXKITTENTunaGiJ2(12x85g) XI,12500208,IN PP: Felix Kitten,PETCARE,PETCARE,2.0,2.358,2.04,6.109,12574683
12617054,FELIX KTN Tuna 2(12x85g)PR Rs 60 Off IN,FELIXKITTENTunaGiJ2(12x85g) XI,12500208,IN PP: Felix Kitten,PETCARE,PETCARE,2.0,2.358,2.04,6.109,12617054
12518429,FNCY FST Seaf Chkn Fst 4(6X85G)B20 G4 IN,FNCY FST Seaf Chkn Fst 85G,12518433,IN PP: FANCY FEAST,PETCARE,PETCARE,1.0,2.49,2.04,4.878,12518429
12518433,FNCY FST Seaf Chkn Fst 4(6X85G)B5 G1 IN,FNCY FST Seaf Chkn Fst 85G,12518433,IN PP: FANCY FEAST,PETCARE,PETCARE,4.0,2.49,2.04,4.878,12518433
12518440,FNCY FST TNDR Chkn Fst 4(6X85G)B20 G4 IN,FNCY FST TNDR Chkn Fst 85G,12518443,IN PP: FANCY FEAST,PETCARE,PETCARE,1.0,2.49,2.04,4.785,12518440
12518443,FNCY FST TNDR Chkn Fst 4(6X85G)B5 G1 IN,FNCY FST TNDR Chkn Fst 85G,12518443,IN PP: FANCY FEAST,PETCARE,PETCARE,4.0,2.49,2.04,4.923,12518443
12518432,FNCY FST TUNA Flk Grv 4(6X85G)B20 G4 IN,FNCY FST TUNA Flk Grv 85G,12518445,IN PP: FANCY FEAST,PETCARE,PETCARE,1.0,2.49,2.04,4.785,12518432
12518445,FNCY FST TUNA Flk Grv 4(6X85G) B5 G1 IN,FNCY FST TUNA Flk Grv 85G,12518445,IN PP: FANCY FEAST,PETCARE,PETCARE,4.0,2.49,2.04,4.923,12518445
12518441,FNCY FST TUNA Seaf MDY 4(6X85G)B20 G4 IN,FNCY FST TUNA Seaf MDY 85G,12518414,IN PP: FANCY FEAST,PETCARE,PETCARE,1.0,2.49,2.04,4.785,12518441
12518414,FNCY FST TUNA Seaf MDY 4(6X85G)B5 G1 IN,FNCY FST TUNA Seaf MDY 85G,12518414,IN PP: FANCY FEAST,PETCARE,PETCARE,4.0,2.49,2.04,4.923,12518414
12036610,NESTLE Fresh'n'Nat Slim Dahi 24x200g IN,Fresh n Nat Slim Dahi 200g,12036610,IN FD : Value Added Dahi,DAIRY,F&B,24.0,5.0,4.8,14.025,12036610
12385498,FRISKIES Kitten 6X1.1kg. IN,FRISKIES Kitten 1kg,12497246,IN PP: Friskies Kitten,PETCARE,PETCARE,6.0,7.38,6.6,29.678,12385498
12497246,FRISKIES Kitten 6X1.1kg. IN,FRISKIES Kitten 1kg,12497246,IN PP: Friskies Kitten,PETCARE,PETCARE,6.0,7.38,6.6,29.678,12497246
12604693,FRISKIES Ktn Discovery6x1kg Rs105 Off IN,FRISKIES Kitten 1kg,12497246,IN PP: Friskies Kitten,PETCARE,PETCARE,6.0,6.78,6.0,29.678,12604693
12619009,FRISKIES Kitten 6x1kg PR Bowl Free IN,FRISKIES Kitten 1kg,12497246,IN PP: Friskies Kitten,PETCARE,PETCARE,6.0,6.78,6.0,29.678,12619009
12385499,FRISKIES Kitten 12X400g IN,FRISKIES Kitten 400g,12497255,IN PP: Friskies Kitten,PETCARE,PETCARE,12.0,5.56,4.8,26.558,12385499
12497255,FRISKIES KITTEN Discoveries 12X400G IN,FRISKIES Kitten 400g,12497255,IN PP: Friskies Kitten,PETCARE,PETCARE,12.0,5.49,4.8,24.504,12497255
12604692,FRISKIES Kitten 12x400g PR Rs 40 Off IN,FRISKIES Kitten 400g,12497255,IN PP: Friskies Kitten,PETCARE,PETCARE,12.0,5.49,4.8,24.504,12604692
12510896,FRISKIES KITTEN Discovery SMPL 40X50G IN,FRISKIES Kitten 50g,12510896,IN PP: Friskies Kitten,PETCARE,PETCARE,40.0,2.33,2.0,17.359,12510896
12564786,FRISKIES Kitten Discovery 6x1kg IN,FRISKIES Kitten 1kg,12497246,IN PP: Friskies Kitten,PETCARE,PETCARE,6.0,6.78,6.0,29.678,12564786
12385316,FRISKIES Seafood 6X1.2kg. IN,FRISKIES Seafood Sensations 1kg,12385316,IN PP: Friskies Adult,PETCARE,PETCARE,6.0,7.98,7.2,29.678,12385316
12497249,FRISKIES Seafood 6X1.1kg. IN,FRISKIES Seafood Sensations 1kg,12385316,IN PP: Friskies Adult,PETCARE,PETCARE,6.0,7.38,6.6,29.678,12497249
12604700,FRISKIES Seafood Snst 6x1kg Rs 95 Off IN,FRISKIES Seafood Sensations 1kg,12385316,IN PP: Friskies Adult,PETCARE,PETCARE,6.0,6.78,6.0,29.678,12604700
12619037,FRISKIES Seafood 6x1kg PR Bowl Free IN,FRISKIES Seafood Sensations 1kg,12385316,IN PP: Friskies Adult,PETCARE,PETCARE,6.0,6.78,6.0,29.678,12619037
12367677,FRISKIES Seafood 4X3kg IN,FRISKIES Seafood Sensations 2.5kg,12497253,IN PP: Friskies Adult,PETCARE,PETCARE,4.0,12.92,12.0,37.347,12367677
12497253,FRISKIES Seafood 4X2.8kg IN,FRISKIES Seafood Sensations 2.5kg,12497253,IN PP: Friskies Adult,PETCARE,PETCARE,4.0,12.16,11.2,42.9,12497253
12604701,FRISKIES Seafood Snst4x2.5kg Rs235Off IN,FRISKIES Seafood Sensations 2.5kg,12497253,IN PP: Friskies Adult,PETCARE,PETCARE,4.0,10.96,10.0,42.9,12604701
12367678,FRISKIES Seafood 12X450g IN,FRISKIES Seafood 400g,12497243,IN PP: Friskies Adult,PETCARE,PETCARE,12.0,6.16,5.4,26.558,12367678
12497243,FRISKIES SEAFOOD SENSATIONS 12X400G IN,FRISKIES Seafood 400g,12497243,IN PP: Friskies Adult,PETCARE,PETCARE,12.0,5.49,4.8,24.504,12497243
12442614,Friskies Seafood Senstns Smpl 40x50g IN,FRISKIES Seafood 50g,12507859,IN PP: Friskies Adult,PETCARE,PETCARE,40.0,2.7,2.0,17.359,12442614
12507859,Friskies Seafood Senstns Smpl 40x50g N1,FRISKIES Seafood 50g,12507859,IN PP: Friskies Adult,PETCARE,PETCARE,40.0,2.33,2.0,17.359,12507859
12497248,FRISKIES Seafood 6.5kg. IN,FRISKIES Seafood Sensations 6kg,12385495,IN PP: Friskies Adult,PETCARE,PETCARE,1.0,6.6,6.5,20.6,12497248
12385495,FRISKIES Seafood 7kg. IN,FRISKIES Seafood Sensations 6kg,12385495,IN PP: Friskies Adult,PETCARE,PETCARE,1.0,7.128,7.0,15.36,12385495
12604703,FRISKIES Seafood Snst 6kg Rs 599 Off IN,FRISKIES Seafood Sensations 6kg,12385495,IN PP: Friskies Adult,PETCARE,PETCARE,1.0,6.1,6.0,18.556,12604703
12564737,FRISKIES Seafood Sensations 6x1kg IN,FRISKIES Seafood Sensations 1kg,12564737,IN PP: Friskies Adult,PETCARE,PETCARE,6.0,6.78,6.0,29.678,12564737
12564790,FRISKIES Seafood Sensations 4x2.5kg IN,FRISKIES Seafood Sensations 2.5kg,12564790,IN PP: Friskies Adult,PETCARE,PETCARE,4.0,10.96,10.0,42.9,12564790
12564739,FRISKIES Seafood Sensations 6kg IN,FRISKIES Seafood Sensations 6kg,12564739,IN PP: Friskies Adult,PETCARE,PETCARE,1.0,6.1,6.0,18.556,12564739
12497254,FRISKIES Surfin 6X1.1kg IN,FRISKIES Surfin Favourites 2.5kg,12497254,IN PP: Friskies Adult,PETCARE,PETCARE,6.0,7.38,6.6,29.678,12497254
12604676,FRISKIES Surfin Fvrts 6x1kg Rs 95 Off IN,FRISKIES Surfin Favourites 2.5kg,12497254,IN PP: Friskies Adult,PETCARE,PETCARE,6.0,6.78,6.0,29.678,12604676
12619063,FRISKIES Surfin 6x1kg PR Bowl Free IN,FRISKIES Surfin Favourites 2.5kg,12497254,IN PP: Friskies Adult,PETCARE,PETCARE,6.0,6.78,6.0,29.678,12619063
12385494,FRISKIES Surfin 4X3kg. IN,FRISKIES Surfin Favourites 2.5kg,12497244,IN PP: Friskies Adult,PETCARE,PETCARE,4.0,12.92,12.0,42.9,12385494
12497244,FRISKIES Surfin 4X2.8kg. IN,FRISKIES Surfin Favourites 2.5kg,12497244,IN PP: Friskies Adult,PETCARE,PETCARE,4.0,12.16,11.2,42.9,12497244
12604702,FRISKIES Surfin Fvrts4x2.5kg Rs235Off IN,FRISKIES Surfin Favourites 2.5kg,12497244,IN PP: Friskies Adult,PETCARE,PETCARE,4.0,10.96,10.0,42.9,12604702
12385497,FRISKIES Surfin 12X450g. IN,FRISKIES Surfin 400g,12497260,IN PP: Friskies Adult,PETCARE,PETCARE,12.0,6.16,5.4,26.558,12385497
12497260,FRISKIES SURFIN FAVOURITES 12X400G. IN,FRISKIES Surfin 400g,12497260,IN PP: Friskies Adult,PETCARE,PETCARE,12.0,5.49,4.8,24.504,12497260
12444611,Friskies Surfin Turfin Smpl 40x50g IN,FRISKIES Surfin 50g,12507858,IN PP: Friskies Adult,PETCARE,PETCARE,40.0,2.7,2.0,17.359,12444611
12507858,FRISKIES SURFIN FAV SMPL 40X50G N1 IN,FRISKIES Surfin 50g,12507858,IN PP: Friskies Adult,PETCARE,PETCARE,40.0,2.33,2.0,17.359,12507858
12497245,FRISKIES Surfin 6.5kg. IN,FRISKIES Surfin Favourites 6kg,12497245,IN PP: Friskies Adult,PETCARE,PETCARE,1.0,6.6,6.5,20.6,12497245
12604696,FRISKIES Surfin Fvrts 6kg Rs 599 Off IN,FRISKIES Surfin Favourites 6kg,12497245,IN PP: Friskies Adult,PETCARE,PETCARE,1.0,6.1,6.0,18.556,12604696
12564787,FRISKIES Surfin Favourites 4x2.5kg IN,FRISKIES Surfin Favourites 2.5kg,12564787,IN PP: Friskies Adult,PETCARE,PETCARE,4.0,10.96,10.0,42.9,12564787
12564738,FRISKIES Surfin Favourites 6x1kg IN,FRISKIES Surfin Favourites 2.5kg,12564787,IN PP: Friskies Adult,PETCARE,PETCARE,6.0,6.78,6.0,29.678,12564738
12564788,FRISKIES Surfin Favourites 6kg IN,FRISKIES Surfin Favourites 6kg,12564788,IN PP: Friskies Adult,PETCARE,PETCARE,1.0,6.1,6.0,18.556,12564788
12574288,GERBER GrainPlus MngPuf 12(6x25g) IN,GERBER GrainPlus MngPuf 12(6x25g) IN,12574288,IN NSB : GERBER Snacks,INFANT NUTRITION,NN,12.0,3.4,1.8,63.0,12574288
12585630,GERBER GrainPlus MngPuf Sachet 72x25g IN,GERBER GrainPlus MngPuf 12(6x25g) IN,12574288,IN NSB : GERBER Snacks,INFANT NUTRITION,NN,72.0,3.4,1.8,63.0,12585630
12571214,GERBER GrainPlus MngPuf Sachet 50x25g IN,GERBER GrainPlus MngPuf Sachet 50x25g IN,12571214,IN NSB : GERBER Snacks,INFANT NUTRITION,NN,50.0,2.4,1.25,37.2,12571214
12573552,GERBER GrainPlus PchPuf 12x(6x25g) IN,GERBER GrainPlus PchPuf 12x(6x25g) IN,12573552,IN NSB : GERBER Snacks,INFANT NUTRITION,NN,12.0,3.4,1.8,63.0,12573552
12585614,GERBER GrainPlus PchPuf Sachet 72x25g IN,GERBER GrainPlus PchPuf 12x(6x25g) IN,12573552,IN NSB : GERBER Snacks,INFANT NUTRITION,NN,72.0,3.4,1.8,63.0,12585614
12571194,GERBER GrainPlus PchPuf Sachet 50x25g IN,GERBER GrainPlus PchPuf Sachet 50x25g IN,12571194,IN NSB : GERBER Snacks,INFANT NUTRITION,NN,50.0,2.4,1.25,37.2,12571194
12572965,GERBER GrainPlus StrPuf 12(6x25g) IN,GERBER GrainPlus StrPuf 12(6x25g) IN,12572965,IN NSB : GERBER Snacks,INFANT NUTRITION,NN,12.0,3.4,1.8,61.2,12572965
12585599,GERBER GrainPlus StrPuf Sachet 72x25g IN,GERBER GrainPlus StrPuf 12(6x25g) IN,12572965,IN NSB : GERBER Snacks,INFANT NUTRITION,NN,72.0,3.4,1.8,63.0,12585599
12571183,GERBER GrainPlus StrPuf Sachet 50x25g IN,GERBER GrainPlus StrPuf Sachet 50x25g IN,12571183,IN NSB : GERBER Snacks,INFANT NUTRITION,NN,50.0,2.4,1.25,37.2,12571183
12529183,GERBER Power blend Mngo Berry 24x300g IN,GERBER Power blend Mngo Berry 24x300g IN,12529183,IN NSB : GERBER Cereal,INFANT NUTRITION,NN,24.0,8.92,7.2,43.329,12529183
12529131,GERBER Power blend Mngo&Bry Sac 48x50gIN,GERBER Power blend Mngo Berry 50g,12529131,IN NSB : GERBER Cereal,INFANT NUTRITION,NN,48.0,3.5,2.4,43.329,12529131
12530098,GERBER Power blend Spin & Crt 24x300g IN,GERBER Power blend Spin & Crt 24x300g IN,12530098,IN NSB : GERBER Cereal,INFANT NUTRITION,NN,24.0,8.92,7.2,43.329,12530098
12529176,GERBER Power blend Spin&Crt Sac 48x50gIN,GERBER Power blend Spin & Crt 50g,12529176,IN NSB : GERBER Cereal,INFANT NUTRITION,NN,48.0,3.5,2.4,43.329,12529176
12586792,GERBER Powerblend Combo Pack 24(2x50g)IN,GERBER Powerblend Combo Pack 24(2x50g)IN,12586792,IN NSB : GERBER Cereal,INFANT NUTRITION,NN,24.0,3.6,2.4,27.894,12586792
12571213,GERBER Sample GrainPlus MngPuf 50x25g IN,GERBER Sample GrainPlus MngPuf 50x25g IN,12571213,IN NSB : GERBER Snacks,INFANT NUTRITION,NN,50.0,2.4,1.25,37.2,12571213
12164269,KIT KAT 1Finger 24(48 x13g) PR IPL IN,KIT KAT 1F 8.6g,12174231,IN C&C : Kitkat,CHOCOLATE,F&B,1152.0,18.5,14.976,51.005,12164269
12174231,KIT KAT 1Finger 24(48x8.6g) N1 IN,KIT KAT 1F 8.6g,12174231,IN C&C : Kitkat,CHOCOLATE,F&B,1152.0,12.47,9.907,43.81,12174231
12190241,KIT KAT 1Finger 40(24x8.6g) N1 IN,KIT KAT 1F 8.6g,12174231,IN C&C : Kitkat,CHOCOLATE,F&B,960.0,11.3,8.256,38.811,12190241
12211834,KIT KAT 1F 40(24x8.6g) PR 1Unit Free IN,KIT KAT 1F 8.6g,12174231,IN C&C : Kitkat,CHOCOLATE,F&B,960.0,10.3,8.256,38.811,12211834
12271147,KIT KAT 1F MINI 24(48x7g) IN,KIT KAT 1F 8.6g,12174231,IN C&C : Kitkat,CHOCOLATE,F&B,1152.0,10.0,8.064,36.284,12271147
12304130,KIT KAT 1F MINI 24(48x7g) PR 45+3 IN,KIT KAT 1F 8.6g,12174231,IN C&C : Kitkat,CHOCOLATE,F&B,1152.0,9.36,8.064,36.284,12304130
12318719,KIT KAT 1F 24(48x7g) PR Scratch Card IN,KIT KAT 1F 8.6g,12174231,IN C&C : Kitkat,CHOCOLATE,F&B,1152.0,10.53,8.064,36.284,12318719
12329728,KIT KAT 1F Mini 24(46+2)x7g) PR 2U Fr IN,KIT KAT 1F 8.6g,12174231,IN C&C : Kitkat,CHOCOLATE,F&B,1152.0,9.3,8.064,36.284,12329728
12335852,KITKAT 1F 16(70x7g) Pr Contr IN,KIT KAT 1F 8.6g,12174231,IN C&C : Kitkat,CHOCOLATE,F&B,1120.0,13.125,7.84,56.24,12335852
12354639,KIT KAT 1 Finger 24(48x7g) N1 IN,KIT KAT 1F 8.6g,12174231,IN C&C : Kitkat,CHOCOLATE,F&B,1152.0,10.0,8.064,40.687,12354639
12371664,KIT KAT 1 Finger 20(48x8.6g) IN,KIT KAT 1F 8.6g,12174231,IN C&C : Kitkat,CHOCOLATE,F&B,960.0,10.3,8.256,37.8,12371664
12384958,KIT KAT 1F Crash Lock 24(48x8.6g) N2 IN,KIT KAT 1F 8.6g,12174231,IN C&C : Kitkat,CHOCOLATE,F&B,1152.0,11.9,9.907,43.811,12384958
12444035,KIT KAT 1F 24(48x7g) IN,KIT KAT 1F 8.6g,12174231,IN C&C : Kitkat,CHOCOLATE,F&B,1152.0,11.9,8.064,40.053,12444035
12464864,KIT KAT 1F MINI 16(60x7g) IN,KIT KAT 1F 8.6g,12174231,IN C&C : Kitkat,CHOCOLATE,F&B,960.0,8.39,6.72,37.647,12464864
12587375,KIT KAT 1F MINI 16((58+2)x7.4g)Fr IN,KIT KAT 1F 8.6g,12174231,IN C&C : Kitkat,CHOCOLATE,F&B,960.0,12.118,7.104,37.647,12587375
12370805,KIT KAT 1F Container 16(70x8.6g) IN,KIT KAT 1F Container 8.6g,12370805,IN C&C : Kitkat,CHOCOLATE,F&B,1120.0,12.3,9.632,56.1,12370805
12377169,KIT KAT 1F Super ShareBag 16(30x7g) IN,KIT KAT 1F Super ShareBag 7g,12377169,IN C&C : Kitkat,CHOCOLATE,F&B,16.0,5.4,3.36,38.955,12377169
12377058,KIT KAT 1 Finger Tin Pack 24(35x7g) IN,KIT KAT 1F Tin Pack 7g,12377058,IN C&C : Kitkat,CHOCOLATE,F&B,24.0,12.3,5.88,52.763,12377058
12021470,KIT KAT 2 Finger 24(48x16.5g) IN,KIT KAT 2F 18.5g,12190242,IN C&C : Kitkat,CHOCOLATE,F&B,1152.0,24.0,19.008,48.728,12021470
12088928,KIT KAT 2 Finger  24(40x16.5g) IN,KIT KAT 2F 18.5g,12190242,IN C&C : Kitkat,CHOCOLATE,F&B,960.0,20.7,15.84,41.693,12088928
12149752,KIT KAT 2 Finger 24(40x17.4g) IN,KIT KAT 2F 18.5g,12190242,IN C&C : Kitkat,CHOCOLATE,F&B,960.0,20.1,16.704,38.012,12149752
12164263,KIT KAT 2 Finger 24(40x17.4g) PR IPL IN,KIT KAT 2F 18.5g,12190242,IN C&C : Kitkat,CHOCOLATE,F&B,960.0,20.1,16.704,38.012,12164263
12174230,KIT KAT 2 Finger 16(35x18g) N1 IN,KIT KAT 2F 18.5g,12190242,IN C&C : Kitkat,CHOCOLATE,F&B,560.0,11.7,10.137,32.009,12174230
12190242,KIT KAT 2 Finger 18(40x18g) N1 IN,KIT KAT 2F 18.5g,12190242,IN C&C : Kitkat,CHOCOLATE,F&B,720.0,15.9,12.96,51.902,12190242
12211833,KIT KAT 2F 18(40x18g) PR 2Unit Free IN,KIT KAT 2F 18.5g,12190242,IN C&C : Kitkat,CHOCOLATE,F&B,720.0,16.35,12.96,51.902,12211833
12233445,KIT KAT 2 Finger 18(40x18g) N1 PR IN,KIT KAT 2F 18.5g,12190242,IN C&C : Kitkat,CHOCOLATE,F&B,720.0,16.4,12.96,51.902,12233445
12366610,KIT KAT 2F 18(40X18.5g) 3% Extra IN,KIT KAT 2F 18.5g,12190242,IN C&C : Kitkat,CHOCOLATE,F&B,720.0,17.2,13.32,44.922,12366610
12415719,KIT KAT 2 Finger 18(40x18g) N3 IN,KIT KAT 2F 18.5g,12190242,IN C&C : Kitkat,CHOCOLATE,F&B,720.0,17.2,12.96,44.922,12415719
12531640,KIT KAT 2F 24(30x18.5g) IN,KIT KAT 2F 18.5g,12190242,IN C&C : Kitkat,CHOCOLATE,F&B,720.0,16.81,13.32,51.902,12531640
12534684,KIT KAT 2F 24((29+1)x18.5g) Fr IN,KIT KAT 2F 18.5g,12190242,IN C&C : Kitkat,CHOCOLATE,F&B,720.0,16.81,13.32,51.902,12534684
12520619,KIT KAT 2 Finger 24(42x15.4g) IN,KIT KAT 2F 18.5g,12190242,IN C&C : Kitkat,CHOCOLATE,F&B,1008.0,19.04,15.523,63.617,12520619
12535526,KIT KAT 2F 16((38+2)x18.5g) Fr IN,KIT KAT 2F 18.5g,12190242,IN C&C : Kitkat,CHOCOLATE,F&B,640.0,14.79,11.84,48.157,12535526
12553655,KIT KAT 2F 24(30x18.5g)N1 IN,KIT KAT 2F 18.5g,12190242,IN C&C : Kitkat,CHOCOLATE,F&B,720.0,16.81,13.32,51.106,12553655
12555467,KIT KAT 2F 24(30x18.5g)BIKE IN,KIT KAT 2F 18.5g,12190242,IN C&C : Kitkat,CHOCOLATE,F&B,720.0,16.81,13.32,51.106,12555467
12551946,KIT KAT 2F Tower 24(30x18.5g)BIKE IN,KIT KAT 2F 18.5g,12190242,IN C&C : Kitkat,CHOCOLATE,F&B,720.0,16.47,13.32,55.598,12551946
12561959,KIT KAT 2F 24(30x18.5g)WORLD CUP IN,KIT KAT 2F 18.5g,12190242,IN C&C : Kitkat,CHOCOLATE,F&B,720.0,16.81,13.32,51.106,12561959
12584158,KIT KAT 2F APPLE 24(30x18.5g)PR IN,KIT KAT 2F 18.5g,12190242,IN C&C : Kitkat,CHOCOLATE,F&B,720.0,16.81,13.32,51.106,12584158
12589510,KK 2F Tower Apple 10((38+2)x18.5g))PR IN,KIT KAT 2F 18.5g,12190242,IN C&C : Kitkat,CHOCOLATE,F&B,400.0,8.957,7.4,31.067,12589510
12594138,KIT KAT 2F 24(30x18.5g)PR CASHBACK IN,KIT KAT 2F 18.5g,12190242,IN C&C : Kitkat,CHOCOLATE,F&B,720.0,16.81,13.32,51.106,12594138
12594144,KIT KAT 2F 24(30x18.5g)PR CASHBACK N1 IN,KIT KAT 2F 18.5g,12190242,IN C&C : Kitkat,CHOCOLATE,F&B,720.0,16.81,13.32,51.106,12594144
12600210,KIT KAT 2F 24(30x22.6g)PR 20% X IN,KIT KAT 2F 18.5g,12190242,IN C&C : Kitkat,CHOCOLATE,F&B,720.0,20.383,16.272,58.664,12600210
12601504,KIT KAT 2F 24(30x19g) IN,KIT KAT 2F 18.5g,12190242,IN C&C : Kitkat,CHOCOLATE,F&B,720.0,16.81,13.68,51.106,12601504
12612284,KIT KAT 2F 24(30x22.1g)PR 15% X IN,KIT KAT 2F 18.5g,12190242,IN C&C : Kitkat,CHOCOLATE,F&B,720.0,20.383,15.912,58.664,12612284
12021438,KIT KAT 2 Finger 128x99g IN,KIT KAT 2F Family Pack 74g,12366586,IN C&C : Kitkat,CHOCOLATE,F&B,128.0,17.0,12.672,58.523,12021438
12149756,KIT KAT 2 Finger 128x104.4g IN,KIT KAT 2F Family Pack 74g,12366586,IN C&C : Kitkat,CHOCOLATE,F&B,128.0,17.0,13.363,58.523,12149756
12177371,KIT KAT Family Pack 6x2F (128x108g) IN,KIT KAT 2F Family Pack 74g,12366586,IN C&C : Kitkat,CHOCOLATE,F&B,128.0,17.0,13.824,58.523,12177371
12190218,KIT KAT Fmly PAck 6X2F (128x108g) N1 IN,KIT KAT 2F Family Pack 74g,12366586,IN C&C : Kitkat,CHOCOLATE,F&B,128.0,18.0,13.824,71.123,12190218
12256218,KIT KAT Fmly Pk 5X2F (128x90g) N1 IN,KIT KAT 2F Family Pack 74g,12366586,IN C&C : Kitkat,CHOCOLATE,F&B,128.0,14.9,11.52,69.593,12256218
12262013,KIT KAT Fmly Pk 6X2F (120x76.8g) N1 IN,KIT KAT 2F Family Pack 74g,12366586,IN C&C : Kitkat,CHOCOLATE,F&B,120.0,12.48,9.216,59.4,12262013
12262370,KIT KAT Fmly Pk 5X2F (128x90g) N1 PR IN,KIT KAT 2F Family Pack 74g,12366586,IN C&C : Kitkat,CHOCOLATE,F&B,128.0,14.8,11.52,69.593,12262370
12281527,KIT KAT 6X2F(120x76.8g) PR MB26g Fr IN,KIT KAT 2F Family Pack 74g,12366586,IN C&C : Kitkat,CHOCOLATE,F&B,120.0,11.77,9.216,59.4,12281527
12287774,KIT KAT FP 2F 120(6x12.8g) PR 1Unt Fr IN,KIT KAT 2F Family Pack 74g,12366586,IN C&C : Kitkat,CHOCOLATE,F&B,120.0,12.54,9.216,59.4,12287774
12311905,KIT KAT FP 6X2F (120X76.8g) PR Rs5off IN,KIT KAT 2F Family Pack 74g,12366586,IN C&C : Kitkat,CHOCOLATE,F&B,120.0,10.9,9.216,59.4,12311905
12318788,KIT KAT FmlyPk 6x2F(120x76.8g)PR Fest IN,KIT KAT 2F Family Pack 74g,12366586,IN C&C : Kitkat,CHOCOLATE,F&B,120.0,14.5,9.216,59.4,12318788
12366586,KIT KAT Family Pack 6x2F (120x79.2g) IN,KIT KAT 2F Family Pack 74g,12366586,IN C&C : Kitkat,CHOCOLATE,F&B,120.0,12.3,9.504,60.39,12366586
12366612,KIT KAT FP 6X2F (120x79.2g) Festive IN,KIT KAT 2F Family Pack 74g,12366586,IN C&C : Kitkat,CHOCOLATE,F&B,120.0,11.7,9.504,59.4,12366612
12371615,KIT KAT Family Pack 4x2F (120x74g) IN,KIT KAT 2F Family Pack 74g,12366586,IN C&C : Kitkat,CHOCOLATE,F&B,120.0,12.06,8.88,72.9,12371615
12373450,KIT KAT Fmly Pk 4x2F (120x74g)PR TRVL IN,KIT KAT 2F Family Pack 74g,12366586,IN C&C : Kitkat,CHOCOLATE,F&B,120.0,12.0,8.88,76.313,12373450
12375329,KIT KAT Fml Pk 5x2F (120x92.5g) PR 1U IN,KIT KAT 2F Family Pack 74g,12366586,IN C&C : Kitkat,CHOCOLATE,F&B,120.0,15.1,11.1,82.35,12375329
12415805,KIT KAT Family Pack 4x2F (120x72g) IN,KIT KAT 2F Family Pack 74g,12366586,IN C&C : Kitkat,CHOCOLATE,F&B,120.0,12.01,8.64,72.9,12415805
12519106,KIT KAT 4x2F Family Pack 120x72g IN,KIT KAT 2F Family Pack 74g,12366586,IN C&C : Kitkat,CHOCOLATE,F&B,120.0,12.01,8.64,72.9,12519106
12531650,KIT KAT 4x2F Family Pack 120x61.6g IN,KIT KAT 2F Family Pack 74g,12366586,IN C&C : Kitkat,CHOCOLATE,F&B,120.0,10.36,7.392,67.635,12531650
12590691,KIT KAT 8x1F Family Pack 120x56g IN,KIT KAT 2F Family Pack 74g,12366586,IN C&C : Kitkat,CHOCOLATE,F&B,120.0,7.27,6.72,74.849,12590691
12605821,KIT KAT 8x1F Family Pack 120x59.2g IN,KIT KAT 2F Family Pack 74g,12366586,IN C&C : Kitkat,CHOCOLATE,F&B,120.0,9.056,7.104,74.849,12605821
12104245,KIT KAT Quantum 1Finger 24(48 x13g) IN,KIT KAT 2F Mini 13.2g,12366588,IN C&C : Kitkat,CHOCOLATE,F&B,1152.0,18.5,14.976,51.005,12104245
12186574,KIT KAT Quantum 1F 24(48 x13g) EXT PR IN,KIT KAT 2F Mini 13.2g,12366588,IN C&C : Kitkat,CHOCOLATE,F&B,1152.0,18.0,14.976,51.005,12186574
12264369,KIT KAT 2 F MINI 32(36x12.8g) N1 IN,KIT KAT 2F Mini 13.2g,12366588,IN C&C : Kitkat,CHOCOLATE,F&B,1152.0,18.7,14.746,64.584,12264369
12293742,KIT KAT 2F mini32(36x12.8g)Pr Rechrg10IN,KIT KAT 2F Mini 13.2g,12366588,IN C&C : Kitkat,CHOCOLATE,F&B,1152.0,18.036,14.746,64.584,12293742
12312411,KIT KAT 2F Mini 32(36X12.8g) PR 35+1 IN,KIT KAT 2F Mini 13.2g,12366588,IN C&C : Kitkat,CHOCOLATE,F&B,1152.0,18.0,14.746,64.584,12312411
12320447,KIT KAT 2F Mini 16(40x12.8g) Pr Contr IN,KIT KAT 2F Mini 13.2g,12366588,IN C&C : Kitkat,CHOCOLATE,F&B,640.0,11.95,8.192,56.24,12320447
12347667,KIT KAT 2F Mini 32(36x12.8g) PR Fest IN,KIT KAT 2F Mini 13.2g,12366588,IN C&C : Kitkat,CHOCOLATE,F&B,1152.0,18.7,14.746,64.935,12347667
12351740,KIT KAT 2F Mini 32(36x12.8g) PR Amzn IN,KIT KAT 2F Mini 13.2g,12366588,IN C&C : Kitkat,CHOCOLATE,F&B,1152.0,18.7,14.746,64.935,12351740
12362857,KIT KAT 2F Mini 32(36X13.2g) PR Kash IN,KIT KAT 2F Mini 13.2g,12366588,IN C&C : Kitkat,CHOCOLATE,F&B,1152.0,17.5,15.206,64.935,12362857
12366588,KIT KAT 2F Mini 32(36x13.2g) 3% Extra IN,KIT KAT 2F Mini 13.2g,12366588,IN C&C : Kitkat,CHOCOLATE,F&B,1152.0,18.07,15.206,62.534,12366588
12370807,KIT KAT 2F Mini 32((35+1)x13.2g)PR 1U IN,KIT KAT 2F Mini 13.2g,12366588,IN C&C : Kitkat,CHOCOLATE,F&B,1152.0,17.5,15.206,64.935,12370807
12371681,KIT KAT 2F Mini Trvl Brk 32(36x13.2g) IN,KIT KAT 2F Mini 13.2g,12366588,IN C&C : Kitkat,CHOCOLATE,F&B,1152.0,17.5,15.206,62.534,12371681
12384372,KIT KAT 2F Mini 18(40x18.5g)PR 40%Ext IN,KIT KAT 2F Mini 13.2g,12366588,IN C&C : Kitkat,CHOCOLATE,F&B,720.0,16.37,13.32,44.922,12384372
12386729,KIT KAT 2F Mini Celebreak 32(36x13.2g)IN,KIT KAT 2F Mini 13.2g,12366588,IN C&C : Kitkat,CHOCOLATE,F&B,1152.0,17.5,15.206,64.935,12386729
12398652,KIT KAT 2F Mini32(36x13.2g) PR Movie IN,KIT KAT 2F Mini 13.2g,12366588,IN C&C : Kitkat,CHOCOLATE,F&B,1152.0,17.6,15.206,62.534,12398652
12424514,KK 2F MiniCelebreak32(36x13.2g)PR AMZ IN,KIT KAT 2F Mini 13.2g,12366588,IN C&C : Kitkat,CHOCOLATE,F&B,1152.0,17.5,15.206,64.935,12424514
12437097,KIT KAT 2F Mini32(36x13.2g)PR Movie N1IN,KIT KAT 2F Mini 13.2g,12366588,IN C&C : Kitkat,CHOCOLATE,F&B,1152.0,18.5,15.206,62.534,12437097
12444024,KIT KAT 2 F MINI 32(36x12.8g) IN,KIT KAT 2F Mini 13.2g,12366588,IN C&C : Kitkat,CHOCOLATE,F&B,1152.0,18.5,14.746,63.617,12444024
12445981,KIT KAT 2F Mini 32(36x12.8g) PR Music IN,KIT KAT 2F Mini 13.2g,12366588,IN C&C : Kitkat,CHOCOLATE,F&B,1152.0,18.5,14.746,62.534,12445981
12453946,KIT KAT 2F Mini 18(40x18g)PR 40%Extra IN,KIT KAT 2F Mini 13.2g,12366588,IN C&C : Kitkat,CHOCOLATE,F&B,720.0,15.7,12.96,44.922,12453946
12468754,KIT KAT 2F MINI 32(36x12.8g) PR Grand IN,KIT KAT 2F Mini 13.2g,12366588,IN C&C : Kitkat,CHOCOLATE,F&B,1152.0,18.52,14.746,62.534,12468754
12447439,KIT KAT 2F Mini 16(50x12.8g)Container IN,KIT KAT 2F Mini 13.2g,12366588,IN C&C : Kitkat,CHOCOLATE,F&B,800.0,13.61,10.24,56.1,12447439
12514692,KIT KAT 2 F Mini 24(42x12.8g) IN,KIT KAT 2F Mini 13.2g,12366588,IN C&C : Kitkat,CHOCOLATE,F&B,1008.0,15.69,12.902,53.852,12514692
12534702,KIT KAT 2F Mini 24(42x15.4g)PR 20% X IN,KIT KAT 2F Mini 13.2g,12366588,IN C&C : Kitkat,CHOCOLATE,F&B,1008.0,19.04,15.523,63.617,12534702
12568111,KIT KAT 2F MINI 24(42x11.9g) IN,KIT KAT 2F Mini 13.2g,12366588,IN C&C : Kitkat,CHOCOLATE,F&B,1008.0,14.569,11.995,56.579,12568111
12584228,KIT KAT 2F MINI 24(42x11.9g) GPay IN,KIT KAT 2F Mini 13.2g,12366588,IN C&C : Kitkat,CHOCOLATE,F&B,1008.0,14.846,11.995,56.579,12584228
12585339,KIT KAT 2F MINI 24(42x11.9g) GPay N1 IN,KIT KAT 2F Mini 13.2g,12366588,IN C&C : Kitkat,CHOCOLATE,F&B,1008.0,14.846,11.995,56.579,12585339
12593928,KIT KAT 2F Mini 24(42x15.5g)PR 30% X IN,KIT KAT 2F Mini 13.2g,12366588,IN C&C : Kitkat,CHOCOLATE,F&B,1008.0,19.152,15.624,58.796,12593928
12598805,KIT KAT 2F MINI Cntnr6((82+3)x11.9g)FrIN,KIT KAT 2F Mini 13.2g,12366588,IN C&C : Kitkat,CHOCOLATE,F&B,510.0,8.176,6.069,46.523,12598805
12609317,KIT KAT 2F MINI Strw 24(42x11.9g) IN,KIT KAT 2F Mini 13.2g,12366588,IN C&C : Kitkat,CHOCOLATE,F&B,1008.0,14.165,11.995,53.852,12609317
12370808,KIT KAT 2F Mini Container16(50x13.2g) IN,KIT KAT 2F Mini Container 13.2g,12370808,IN C&C : Kitkat,CHOCOLATE,F&B,800.0,13.6,10.56,56.1,12370808
12439189,KIT KAT 2F Mini 16(60x13.2g)Container IN,KIT KAT 2F Mini Container 13.2g,12370808,IN C&C : Kitkat,CHOCOLATE,F&B,960.0,16.68,12.672,78.975,12439189
12447451,KIT KAT 2F Mini 16x768g Tub Pack IN,KIT KAT 2F Mini Container 13.2g,12370808,IN C&C : Kitkat,CHOCOLATE,F&B,16.0,16.68,12.288,78.975,12447451
12309245,KIT KAT 2F Mini duo 32(36x12.8g)IN,KIT KAT 2F Mini Duo 12.8g,12309245,IN C&C : Kitkat,CHOCOLATE,F&B,1152.0,18.0,14.746,64.584,12309245
12359423,KIT KAT 2F Mini Duo 32(36x12.8g) N1 IN,KIT KAT 2F Mini Duo 12.8g,12309245,IN C&C : Kitkat,CHOCOLATE,F&B,1152.0,18.0,14.746,64.584,12359423
12363531,KIT KAT 2F Mini Duo Strw 32(36x12.8g) IN,KIT KAT 2F Mini Duo 12.8g,12309245,IN C&C : Kitkat,CHOCOLATE,F&B,1152.0,18.0,14.746,64.584,12363531
12398838,KIT KAT 2F MiniDuo Cookie 32(36x13.2g)IN,KIT KAT 2F Mini Duo 12.8g,12309245,IN C&C : Kitkat,CHOCOLATE,F&B,1152.0,19.54,15.206,62.534,12398838
12329727,KITKAT 2F Mini Duo Coffee 32(36x12.8g)IN,KIT KAT 2F Mini Duo Coffee 12.8g,12329727,IN C&C : Kitkat,CHOCOLATE,F&B,1152.0,18.0,14.746,64.584,12329727
12321448,KIT KAT 2F Mini Gift Pack (42X230.4g)IN,KIT KAT 2F Mini Gift Pack 23.4g,12321448,IN C&C : Kitkat,CHOCOLATE,F&B,42.0,18.5,9.677,128.247,12321448
12284403,KIT KAT 2F Mini JAR16(50x12.8g) PR1Un IN,KIT KAT 2F Mini Jar 13.2g,12284403,IN C&C : Kitkat,CHOCOLATE,F&B,800.0,12.9,10.24,75.411,12284403
12349716,KIT KAT 2F Mini 16(50x12.8g) Pr Contr IN,KIT KAT 2F Mini Jar 13.2g,12284403,IN C&C : Kitkat,CHOCOLATE,F&B,800.0,11.95,10.24,57.868,12349716
12364130,KITKAT 2F Mini JAR 16(50x13.2g) PR1Un IN,KIT KAT 2F Mini Jar 13.2g,12284403,IN C&C : Kitkat,CHOCOLATE,F&B,800.0,13.2,10.56,75.411,12364130
12366613,KIT KAT 2F Mini JAR 16(50x13.2g)PR 1U IN,KIT KAT 2F Mini Jar 13.2g,12284403,IN C&C : Kitkat,CHOCOLATE,F&B,800.0,13.3,10.56,75.411,12366613
12396018,KIT KAT 2FMini Jar6(60x18.5g) PR40%Ex IN,KIT KAT 2F Mini Jar 13.2g,12284403,IN C&C : Kitkat,CHOCOLATE,F&B,360.0,9.05,6.66,52.273,12396018
12607846,KIT KAT 2F MINI Jar 6((58+2)x11.9g)Fr IN,KIT KAT 2F Mini Jar 13.2g,12284403,IN C&C : Kitkat,CHOCOLATE,F&B,360.0,5.882,4.284,29.881,12607846
12209476,KIT KAT 1F Pouch Pk 64x129g IN,KIT KAT 2F Mini Sharebag 12.8g,12349792,IN C&C : Kitkat,CHOCOLATE,F&B,64.0,10.37,8.256,41.468,12209476
12262014,KIT KAT Pch 10X2F Mini (64x128g) N1 IN,KIT KAT 2F Mini Sharebag 12.8g,12349792,IN C&C : Kitkat,CHOCOLATE,F&B,64.0,10.3,8.192,63.24,12262014
12287773,KIT KAT Pouch2FMini64(10x12.8g)PR9+1 IN,KIT KAT 2F Mini Sharebag 12.8g,12349792,IN C&C : Kitkat,CHOCOLATE,F&B,64.0,10.3,8.192,63.24,12287773
12349792,KIT KAT Pch 10X2F Mini (72x128g) IN,KIT KAT 2F Mini Sharebag 12.8g,12349792,IN C&C : Kitkat,CHOCOLATE,F&B,72.0,10.4,9.216,58.247,12349792
12366585,KIT KAT Pouch 10x2F(72x132g) IN,KIT KAT 2F Mini Sharebag 12.8g,12349792,IN C&C : Kitkat,CHOCOLATE,F&B,72.0,11.3,9.504,58.247,12366585
12371683,KIT KAT 10X2F Mini(72x132g) PR Travel IN,KIT KAT 2F Mini Sharebag 12.8g,12349792,IN C&C : Kitkat,CHOCOLATE,F&B,72.0,10.8,9.504,58.247,12371683
12392062,KIT KAT 10x2F Mini Celebreak (72x132g)IN,KIT KAT 2F Mini Sharebag 12.8g,12349792,IN C&C : Kitkat,CHOCOLATE,F&B,72.0,10.4,9.504,58.247,12392062
12414505,KIT KAT 7x2F Sharebag (72x126g) IN,KIT KAT 2F Mini Sharebag 12.8g,12349792,IN C&C : Kitkat,CHOCOLATE,F&B,72.0,10.94,9.072,56.31,12414505
12478027,KIT KAT 7x2F Sharebag 64x119g IN,KIT KAT 2F Mini Sharebag 12.8g,12349792,IN C&C : Kitkat,CHOCOLATE,F&B,64.0,10.03,7.616,75.52,12478027
12521425,KIT KAT 7x2F Sharebag 72x126g N1 IN,KIT KAT 2F Mini Sharebag 12.8g,12349792,IN C&C : Kitkat,CHOCOLATE,F&B,72.0,10.94,9.072,56.31,12521425
12531626,KIT KAT 8x2F Sharebag 72x123.2g IN,KIT KAT 2F Mini Sharebag 12.8g,12349792,IN C&C : Kitkat,CHOCOLATE,F&B,72.0,10.79,8.87,59.168,12531626
12572618,KIT KAT 9x2F Sbg 64x138.6g PR 1U Fr IN,KIT KAT 2F Mini Sharebag 12.8g,12349792,IN C&C : Kitkat,CHOCOLATE,F&B,64.0,10.904,8.87,75.52,12572618
12576659,KIT KAT 8x2F Sharebag 64x123.2g IN,KIT KAT 2F Mini Sharebag 12.8g,12349792,IN C&C : Kitkat,CHOCOLATE,F&B,64.0,9.415,7.885,75.52,12576659
12581836,KIT KAT 18x1F Sharebag 64x126g IN,KIT KAT 2F Mini Sharebag 12.8g,12349792,IN C&C : Kitkat,CHOCOLATE,F&B,64.0,12.112,8.064,75.52,12581836
12608316,KIT KAT 17x1F Sharebag 64x125.8g IN,KIT KAT 2F Mini Sharebag 12.8g,12349792,IN C&C : Kitkat,CHOCOLATE,F&B,64.0,12.112,8.051,75.52,12608316
12618994,KIT KAT 16x1F Sharebag 64x118.4g IN,KIT KAT 2F Mini Sharebag 12.8g,12349792,IN C&C : Kitkat,CHOCOLATE,F&B,64.0,11.078,7.578,75.52,12618994
12581837,KIT KAT 2F STRAWBERRY 24(30x18.5g) IN,KIT KAT 2F Straw 18.5g,12581837,IN C&C : Kitkat,CHOCOLATE,F&B,720.0,16.477,13.32,52.295,12581837
12403530,KIT KAT 2x3F 18(12x(2x28.3g)) IN,KIT KAT 2X3F 28.3g,12403530,IN C&C : Kitkat,CHOCOLATE,F&B,216.0,15.3,12.226,41.847,12403530
12414486,KIT KAT 2X3F 18(12x(2x27.5g)) IN,KIT KAT 2X3F 28.3g,12403530,IN C&C : Kitkat,CHOCOLATE,F&B,216.0,15.0,11.88,41.847,12414486
12431043,KIT KAT 2x3F 18(12x(2x27.5g)) Love IN,KIT KAT 2X3F 28.3g,12403530,IN C&C : Kitkat,CHOCOLATE,F&B,216.0,15.0,11.88,46.291,12431043
12437275,KIT KAT 2x3F 18(12x(2x27.5g)) Trvl IN,KIT KAT 2X3F 28.3g,12403530,IN C&C : Kitkat,CHOCOLATE,F&B,216.0,14.8,11.88,41.847,12437275
12501294,KIT KAT 2x3F 18(12x(2x27.5g)) N1 IN,KIT KAT 2X3F 28.3g,12403530,IN C&C : Kitkat,CHOCOLATE,F&B,216.0,14.73,11.88,41.847,12501294
12501472,KIT KAT 2x3F 18(12x(2x27.5g))PS5 PromoIN,KIT KAT 2X3F 28.3g,12403530,IN C&C : Kitkat,CHOCOLATE,F&B,216.0,14.73,11.88,41.847,12501472
12532962,KIT KAT 2x3F 18(14x(2x28.5g)) IN,KIT KAT 2X3F 28.3g,12403530,IN C&C : Kitkat,CHOCOLATE,F&B,252.0,17.557,14.364,41.847,12532962
12537707,KIT KAT 2x3F 18(14x(2x28.5g)) NETFLIX IN,KIT KAT 2X3F 28.3g,12403530,IN C&C : Kitkat,CHOCOLATE,F&B,252.0,17.55,14.364,41.847,12537707
12550608,KIT KAT 2x3F 18(14x(2x28.5g)) Love IN,KIT KAT 2X3F 28.3g,12403530,IN C&C : Kitkat,CHOCOLATE,F&B,252.0,17.55,14.364,54.234,12550608
12558483,KIT KAT 2x3F 18(14x(2x28.5g)) APPLE IN,KIT KAT 2X3F 28.3g,12403530,IN C&C : Kitkat,CHOCOLATE,F&B,252.0,17.55,14.364,54.234,12558483
12572936,KIT KAT 2x3F 18(14x(2x28.5g))WorldCup IN,KIT KAT 2X3F 28.3g,12403530,IN C&C : Kitkat,CHOCOLATE,F&B,252.0,17.55,14.364,54.234,12572936
12584116,KIT KAT 2x3F 18(14x(2x28.5g))PR IN,KIT KAT 2X3F 28.3g,12403530,IN C&C : Kitkat,CHOCOLATE,F&B,252.0,17.55,14.364,54.234,12584116
12594108,KIT KAT 2x3F 18(14x(2x28.5g))PR Rs5OffIN,KIT KAT 2X3F 28.3g,12403530,IN C&C : Kitkat,CHOCOLATE,F&B,252.0,17.55,14.364,54.234,12594108
12612446,KIT KAT 2x3F 18(14x(2x28.5g))N1 IN,KIT KAT 2X3F 28.3g,12403530,IN C&C : Kitkat,CHOCOLATE,F&B,252.0,17.557,14.364,54.234,12612446
12612453,KK 2x3F 18(14x(2x28.5g))PR Rs5Off N1 IN,KIT KAT 2X3F 28.3g,12403530,IN C&C : Kitkat,CHOCOLATE,F&B,252.0,17.55,14.364,54.234,12612453
12132285,KIT KAT 3 Finger 20(30x26.5g) IN,KIT KAT 3F 28.3g,12177285,IN C&C : Kitkat,CHOCOLATE,F&B,600.0,19.2,15.9,36.343,12132285
12149753,KIT KAT 3 Finger 20(30x26.3g) IN,KIT KAT 3F 28.3g,12177285,IN C&C : Kitkat,CHOCOLATE,F&B,600.0,20.0,15.78,36.343,12149753
12164264,KIT KAT 3 Finger 20(30x26.3g) PR IPL IN,KIT KAT 3F 28.3g,12177285,IN C&C : Kitkat,CHOCOLATE,F&B,600.0,20.0,15.78,36.343,12164264
12177285,KIT KAT 3 Finger 18(24x27.5g) IN,KIT KAT 3F 28.3g,12177285,IN C&C : Kitkat,CHOCOLATE,F&B,432.0,14.7,11.88,47.184,12177285
12190240,KIT KAT 3F 120(3x27.5g) PR IN,KIT KAT 3F 28.3g,12177285,IN C&C : Kitkat,CHOCOLATE,F&B,120.0,12.683,9.9,25.16,12190240
12211829,KIT KAT 3F 18(24x27.5g) PR 1Unit Free IN,KIT KAT 3F 28.3g,12177285,IN C&C : Kitkat,CHOCOLATE,F&B,432.0,14.7,11.88,48.692,12211829
12314101,KIT KAT 3F 18(24x27.5g) PR Amazon20 IN,KIT KAT 3F 28.3g,12177285,IN C&C : Kitkat,CHOCOLATE,F&B,432.0,14.6,11.88,47.184,12314101
12318740,KIT KAT 3F 18(24x27.5g)PR ScratchCard IN,KIT KAT 3F 28.3g,12177285,IN C&C : Kitkat,CHOCOLATE,F&B,432.0,14.7,11.88,39.361,12318740
12332490,KITKAT 3F 18(24x27.5g) PR Talktime IN,KIT KAT 3F 28.3g,12177285,IN C&C : Kitkat,CHOCOLATE,F&B,432.0,13.83,11.88,43.736,12332490
12347666,KIT KAT 3 Finger 18(24x27.5g) PR Fest IN,KIT KAT 3F 28.3g,12177285,IN C&C : Kitkat,CHOCOLATE,F&B,432.0,14.7,11.88,46.291,12347666
12366587,KIT KAT 3F 18(24X28.3g) 3% Extra IN,KIT KAT 3F 28.3g,12177285,IN C&C : Kitkat,CHOCOLATE,F&B,432.0,14.6,12.226,41.888,12366587
12386760,KIT KAT 3F Celebreak 18(24x28.3g) IN,KIT KAT 3F 28.3g,12177285,IN C&C : Kitkat,CHOCOLATE,F&B,432.0,14.6,12.226,46.291,12386760
12401901,KIT KAT 3F 18(24x28.3g) PR MovieBreak IN,KIT KAT 3F 28.3g,12177285,IN C&C : Kitkat,CHOCOLATE,F&B,432.0,14.6,12.226,41.888,12401901
12414532,KIT KAT 3 Finger 18(24x27.5g) N3 IN,KIT KAT 3F 28.3g,12177285,IN C&C : Kitkat,CHOCOLATE,F&B,432.0,14.2,11.88,41.888,12414532
12437098,KIT KAT 3F 18(24x27.5g) PR Movie IN,KIT KAT 3F 28.3g,12177285,IN C&C : Kitkat,CHOCOLATE,F&B,432.0,14.8,11.88,41.888,12437098
12441624,KIT KAT 3F 18((27+1)x27.5g) 1U Free IN,KIT KAT 3F 28.3g,12177285,IN C&C : Kitkat,CHOCOLATE,F&B,504.0,16.0,13.86,48.62,12441624
12452026,KIT KAT 3F 18(28x27.5g) IN,KIT KAT 3F 28.3g,12177285,IN C&C : Kitkat,CHOCOLATE,F&B,504.0,16.76,13.86,48.62,12452026
12468748,KIT KAT 3F 18(28x27.5g) PR Grand IN,KIT KAT 3F 28.3g,12177285,IN C&C : Kitkat,CHOCOLATE,F&B,504.0,16.76,13.86,48.62,12468748
12531641,KIT KAT 3F 18(28x28.5g) IN,KIT KAT 3F 28.3g,12177285,IN C&C : Kitkat,CHOCOLATE,F&B,504.0,17.26,14.364,48.62,12531641
12534286,KIT KAT 3F 18((27+1)x28.5g)Fr IN,KIT KAT 3F 28.3g,12177285,IN C&C : Kitkat,CHOCOLATE,F&B,504.0,17.26,14.364,48.62,12534286
12601076,KIT KAT 3F Candy Crsh 18(28x28.5g) IN,KIT KAT 3F 28.3g,12177285,IN C&C : Kitkat,CHOCOLATE,F&B,504.0,17.26,14.364,48.62,12601076
12616861,KIT KAT 3F Duo 18(28x28.5g) IN,KIT KAT 3F Duo 28.5g,12616861,IN C&C : Kitkat,CHOCOLATE,F&B,504.0,17.267,14.364,48.62,12616861
12620418,KIT KAT 3F Lemon n Lime 18(28x28.5g) IN,KIT KAT 3F 28.3g,12177285,IN C&C : Kitkat,CHOCOLATE,F&B,504.0,17.267,14.364,48.62,12620418
12560272,KIT KAT 3F Butterscotch 18(24x27.5g) IN,KIT KAT 3F BS 28.3g,12560272,IN C&C : Kitkat,CHOCOLATE,F&B,432.0,16.0,11.88,48.62,12560272
12448461,KIT KAT 3F Mango Mood 18(24x27.5g) IN,KIT KAT 3F Mango Mood 27.5g,12448461,IN C&C : Kitkat,CHOCOLATE,F&B,432.0,14.3,11.88,41.888,12448461
12452397,KIT KAT 3F Mixed Frt Mood 18(24x27.5g)IN,KIT KAT 3F Mixed Frt Mood 27.5g,12452397,IN C&C : Kitkat,CHOCOLATE,F&B,432.0,16.0,11.88,48.62,12452397
12594475,KIT KAT 3F SALTED CARAMEL 18(28x28.5g)IN,KIT KAT 3F SALTED CARAMEL 28.5g,12594475,IN C&C : Kitkat,CHOCOLATE,F&B,504.0,17.267,14.364,48.62,12594475
12021437,KIT KAT 4 Finger 24(24x34g) IN,KIT KAT 4F 38.3g,12177284,IN C&C : Kitkat,CHOCOLATE,F&B,576.0,24.0,19.584,48.728,12021437
12088966,KIT KAT 4 Finger 24(20x34g) IN,KIT KAT 4F 38.3g,12177284,IN C&C : Kitkat,CHOCOLATE,F&B,480.0,20.1,16.32,41.693,12088966
12149754,KIT KAT 4 Finger 24(20x34.5g) IN,KIT KAT 4F 38.3g,12177284,IN C&C : Kitkat,CHOCOLATE,F&B,480.0,20.3,16.56,41.693,12149754
12164265,KIT KAT 4 Finger 24(20x34.5g) PR IPL IN,KIT KAT 4F 38.3g,12177284,IN C&C : Kitkat,CHOCOLATE,F&B,480.0,20.3,16.56,41.693,12164265
12177284,KIT KAT 4 Finger 18(18x37.3g) IN,KIT KAT 4F 38.3g,12177284,IN C&C : Kitkat,CHOCOLATE,F&B,324.0,14.9,12.085,47.184,12177284
12211828,KIT KAT 4F 18(18x37.3g) PR 1Unit Free IN,KIT KAT 4F 38.3g,12177284,IN C&C : Kitkat,CHOCOLATE,F&B,324.0,14.9,12.085,40.734,12211828
12233446,KIT KAT 4 Finger 18(18x37.3g) PR IN,KIT KAT 4F 38.3g,12177284,IN C&C : Kitkat,CHOCOLATE,F&B,324.0,13.9,12.085,47.184,12233446
12284404,KIT KAT 4F 18(18x37.3g) PR Recharge20 IN,KIT KAT 4F 38.3g,12177284,IN C&C : Kitkat,CHOCOLATE,F&B,324.0,14.672,12.085,47.184,12284404
12314447,KIT KAT 4F 18(18x37.3g) PR Amazon25 IN,KIT KAT 4F 38.3g,12177284,IN C&C : Kitkat,CHOCOLATE,F&B,324.0,15.2,12.085,47.184,12314447
12333062,KIT KAT 4F 18(18x37.3g)PR Tlktime IN,KIT KAT 4F 38.3g,12177284,IN C&C : Kitkat,CHOCOLATE,F&B,324.0,14.6,12.085,47.184,12333062
12349717,KIT KAT 4 Finger 18(18x37.3g) PR Fest IN,KIT KAT 4F 38.3g,12177284,IN C&C : Kitkat,CHOCOLATE,F&B,324.0,14.9,12.085,45.657,12349717
12349864,KIT KAT 4 Finger 18(18x37.3g) PR Amaz IN,KIT KAT 4F 38.3g,12177284,IN C&C : Kitkat,CHOCOLATE,F&B,324.0,14.9,12.085,45.657,12349864
12362856,KIT KAT 4F 18(18X38.3g) PR Kash IN,KIT KAT 4F 38.3g,12177284,IN C&C : Kitkat,CHOCOLATE,F&B,324.0,14.9,12.409,47.184,12362856
12366589,KIT KAT 4F 18(18X38.3g) 3% Extra IN,KIT KAT 4F 38.3g,12177284,IN C&C : Kitkat,CHOCOLATE,F&B,324.0,14.9,12.409,41.888,12366589
12371682,KIT KAT 4F Trvl Brk 18(18x38.3g) IN,KIT KAT 4F 38.3g,12177284,IN C&C : Kitkat,CHOCOLATE,F&B,324.0,14.9,12.409,41.888,12371682
12384371,KIT KAT 4F 18(21x38.3g) PR 1U Free IN,KIT KAT 4F 38.3g,12177284,IN C&C : Kitkat,CHOCOLATE,F&B,378.0,16.6,14.477,50.069,12384371
12386761,KIT KAT 4F Celebreak 18(18x38.3g) IN,KIT KAT 4F 38.3g,12177284,IN C&C : Kitkat,CHOCOLATE,F&B,324.0,15.0,12.409,47.184,12386761
12398120,KIT KAT 4F 18(18x38.3g) Love break IN,KIT KAT 4F 38.3g,12177284,IN C&C : Kitkat,CHOCOLATE,F&B,324.0,15.06,12.409,41.888,12398120
12414488,KIT KAT 4 Finger 18(18x37.3g) N3 IN,KIT KAT 4F 38.3g,12177284,IN C&C : Kitkat,CHOCOLATE,F&B,324.0,14.67,12.085,41.888,12414488
12422279,KIT KAT 4F Celebreak 18(18x37.3g) IN,KIT KAT 4F 38.3g,12177284,IN C&C : Kitkat,CHOCOLATE,F&B,324.0,14.5,12.085,41.888,12422279
12435074,KIT KAT 4F 18(18x37.3g) Love IN,KIT KAT 4F 38.3g,12177284,IN C&C : Kitkat,CHOCOLATE,F&B,324.0,14.2,12.085,41.888,12435074
12444043,KIT KAT 4F 18(18x37.3g) Trvl IN,KIT KAT 4F 38.3g,12177284,IN C&C : Kitkat,CHOCOLATE,F&B,324.0,14.99,12.085,41.888,12444043
12459401,KIT KAT 4F 18((17+1)x37.3g) PR Amazon IN,KIT KAT 4F 38.3g,12177284,IN C&C : Kitkat,CHOCOLATE,F&B,324.0,14.99,12.085,45.864,12459401
12371684,KIT KAT 4x4 4Finger 20(4x38.3g) IN,KIT KAT 4F 38.3g,12177284,IN C&C : Kitkat,CHOCOLATE,F&B,20.0,4.1,3.064,14.78,12371684
12399452,KIT KAT 4x4 4Finger 20(4x38.3g) N1 IN,KIT KAT 4F 38.3g,12177284,IN C&C : Kitkat,CHOCOLATE,F&B,20.0,3.94,3.064,14.78,12399452
12414479,KIT KAT 4x4 4Finger 20(4x37.3g) N1 IN,KIT KAT 4F 38.3g,12177284,IN C&C : Kitkat,CHOCOLATE,F&B,20.0,4.1,2.984,14.21,12414479
12452040,KIT KAT 4F 18(21x37.3g) IN,KIT KAT 4F 38.3g,12177284,IN C&C : Kitkat,CHOCOLATE,F&B,378.0,16.95,14.099,48.62,12452040
12455813,KIT KAT 4F Trvl Break 18(21x37.3g) IN,KIT KAT 4F 38.3g,12177284,IN C&C : Kitkat,CHOCOLATE,F&B,378.0,16.95,14.099,48.62,12455813
12489772,KIT KAT 4 Finger 18(21x36.5g) IN,KIT KAT 4F 38.3g,12177284,IN C&C : Kitkat,CHOCOLATE,F&B,378.0,16.65,13.797,48.62,12489772
12493192,KIT KAT 4F 18(21x36.5g) PR Grand IN,KIT KAT 4F 38.3g,12177284,IN C&C : Kitkat,CHOCOLATE,F&B,378.0,16.65,13.797,48.62,12493192
12508021,KIT KAT 4 Finger 18(21x36.5g) Love IN,KIT KAT 4F 38.3g,12177284,IN C&C : Kitkat,CHOCOLATE,F&B,378.0,16.65,13.797,48.62,12508021
12509938,KIT KAT 4F Tower 15((24+1)x36.5g)Love IN,KIT KAT 4F 38.3g,12177284,IN C&C : Kitkat,CHOCOLATE,F&B,375.0,16.96,13.688,52.36,12509938
12523556,KIT KAT 4 Finger 18(21x38.5g) IN,KIT KAT 4F 38.3g,12177284,IN C&C : Kitkat,CHOCOLATE,F&B,378.0,17.42,14.553,48.62,12523556
12523557,KIT KAT 4F Green Brk 18(21x38.5g) IN,KIT KAT 4F 38.3g,12177284,IN C&C : Kitkat,CHOCOLATE,F&B,378.0,17.42,14.553,48.62,12523557
12527957,KIT KAT 4 Finger Grand 18(21x38.5g) IN,KIT KAT 4F 38.3g,12177284,IN C&C : Kitkat,CHOCOLATE,F&B,378.0,17.42,14.553,48.62,12527957
12525297,KIT KAT 4F Brk Tower 15(25x38.5g) IN,KIT KAT 4F 38.3g,12177284,IN C&C : Kitkat,CHOCOLATE,F&B,375.0,17.71,14.438,52.36,12525297
12553729,KIT KAT 4F Tower Love 15(25x38.5g) IN,KIT KAT 4F 38.3g,12177284,IN C&C : Kitkat,CHOCOLATE,F&B,375.0,17.71,14.438,52.36,12553729
12528215,KIT KAT 4 Finger 18(21x38.5g)Love IN,KIT KAT 4F 38.3g,12177284,IN C&C : Kitkat,CHOCOLATE,F&B,378.0,17.42,14.553,48.62,12528215
12558459,KIT KAT 4 Finger 18(21x38.5g) APPLE IN,KIT KAT 4F 38.3g,12177284,IN C&C : Kitkat,CHOCOLATE,F&B,378.0,17.42,14.553,48.62,12558459
12572908,KITKAT 4F 18((20+1)x38.5g)WorldCup1UF IN,KIT KAT 4F 38.3g,12177284,IN C&C : Kitkat,CHOCOLATE,F&B,378.0,17.42,14.553,48.62,12572908
12589420,KIT KAT 4F CRISPY 18(21x38.5g) IN,KIT KAT 4F 38.3g,12177284,IN C&C : Kitkat,CHOCOLATE,F&B,378.0,17.42,14.553,48.62,12589420
12590926,KIT KAT 4F CandyCrsh18((21x38.5g) IN,KIT KAT 4F 38.3g,12177284,IN C&C : Kitkat,CHOCOLATE,F&B,378.0,17.42,14.553,48.62,12590926
12598208,KIT KAT 4F 18((21x38.5g) NETFLIX IN,KIT KAT 4F 38.3g,12177284,IN C&C : Kitkat,CHOCOLATE,F&B,378.0,17.42,14.553,48.62,12598208
12603996,KIT KAT 4F Goldenbreak 18((21x38.5g) IN,KIT KAT 4F 38.3g,12177284,IN C&C : Kitkat,CHOCOLATE,F&B,378.0,17.42,14.553,48.62,12603996
12607966,KIT KAT 4F Goldenbreak18((21x38.5g)N1 IN,KIT KAT 4F 38.3g,12177284,IN C&C : Kitkat,CHOCOLATE,F&B,378.0,17.42,14.553,48.62,12607966
12593952,KIT KAT 4F 18(21x38.5g)PR Rs3 Off IN,KIT KAT 4F 38.3g,12177284,IN C&C : Kitkat,CHOCOLATE,F&B,378.0,17.42,14.553,48.62,12593952
12612451,KIT KAT 4 Finger 18(21x38.5g)N1 IN,KIT KAT 4F 38.3g,12177284,IN C&C : Kitkat,CHOCOLATE,F&B,378.0,17.42,14.553,48.62,12612451
12616727,KIT KAT 4 Finger SPOTIFY 18(21x38.5g) IN,KIT KAT 4F 38.3g,12177284,IN C&C : Kitkat,CHOCOLATE,F&B,378.0,17.42,14.553,48.62,12616727
12612042,KIT KAT 4F PO3 126(3x38.5g) IN,KIT KAT 4F 38.3g,12177284,IN C&C : Kitkat,CHOCOLATE,F&B,126.0,15.082,14.553,47.374,12612042
12620170,KIT KAT 4 Finger Grand 18(21x38.5g)N1 IN,KIT KAT 4F 38.3g,12177284,IN C&C : Kitkat,CHOCOLATE,F&B,378.0,17.42,14.553,48.62,12620170
12439191,KIT KAT 4F Brk Tower 15((20+1)x37.3g) IN,KIT KAT 4F Brk Tower 37.3g,12439191,IN C&C : Kitkat,CHOCOLATE,F&B,315.0,15.5,11.749,47.6,12439191
12486058,KIT KAT 4F Brk Tower 15((24+1)x37.3g) IN,KIT KAT 4F Brk Tower 37.3g,12439191,IN C&C : Kitkat,CHOCOLATE,F&B,375.0,17.25,13.987,52.36,12486058
12498645,KIT KAT 4F Brk Tower 15((24+1)x36.5g) IN,KIT KAT 4F Brk Tower 37.3g,12439191,IN C&C : Kitkat,CHOCOLATE,F&B,375.0,16.96,13.688,52.36,12498645
12603984,KIT KAT 4FTowerGoldenbreak15(25x38.5g)IN,KIT KAT 4F Brk Tower 37.3g,12439191,IN C&C : Kitkat,CHOCOLATE,F&B,375.0,17.71,14.438,52.36,12603984
12535900,KIT KAT CHUNKY 8(24x40g) IN,KIT KAT CHUNKY 40g,12535900,IN C&C : Kitkat-IMP,SI,SI,192.0,8.88,7.68,19.455,12535900
12601906,KIT KAT CHUNKY 8(24x40g)PR ₹10 OFF IN,KIT KAT CHUNKY 40g,12535900,IN C&C : Kitkat-IMP,SI,SI,192.0,8.8,7.68,10.049,12601906
12604743,KIT KAT CHUNKY 8(24x40g) N2 IN,KIT KAT CHUNKY 40g,12535900,IN C&C : Kitkat-IMP,SI,SI,192.0,8.88,7.68,19.152,12604743
12571075,KIT KAT CHUNKY Caramel 8(24x42g) IN,KIT KAT CHUNKY Caramel 42g,12571075,IN C&C : Kitkat-IMP,SI,SI,192.0,9.12,8.064,19.391,12571075
12604751,KIT KAT CHUNKY Caramel 8(24x42g) N2 IN,KIT KAT CHUNKY Caramel 42g,12571075,IN C&C : Kitkat-IMP,SI,SI,192.0,9.12,8.064,19.152,12604751
12579201,KIT KAT CHUNKY Gift Pack 48(4x40g) IN,KIT KAT CHUNKY Gift Pack 40g,12579201,IN C&C : Kitkat-IMP,SI,SI,48.0,9.468,7.68,26.611,12579201
12058988,KIT KAT Chunky Hazelnut 24(20x37g),KIT KAT CHUNKY Hazelnut 37g,12058988,IN C&C : Kitkat-IMP,SI,SI,480.0,23.0,17.76,55.646,12058988
12613705,KITKAT CHUNKY WHITE 8(24x40g)N1 IN,KIT KAT CHUNKY White 40g,12613705,IN C&C : Kitkat-IMP,SI,SI,192.0,9.144,7.68,23.676,12613705
12377528,KIT KAT DsrtDlgt BrownieKube20(12x50g)IN,KIT KAT DsrtDlgt BrownieKube 50g,12377528,IN C&C : Kitkat Tablets,CHOCOLATE,F&B,240.0,15.01,12.0,30.963,12377528
12435339,KK Dsrt Brn Kubes 20(12x50g) Love IN,KIT KAT DsrtDlgt BrownieKube 50g,12377528,IN C&C : Kitkat Tablets,CHOCOLATE,F&B,240.0,14.8,12.0,30.515,12435339
12446285,KIT KAT Dsrt Brn Kube 16(12x50g) IN,KIT KAT DsrtDlgt BrownieKube 50g,12377528,IN C&C : Kitkat Tablets,CHOCOLATE,F&B,192.0,11.98,9.6,26.013,12446285
12462826,KIT KAT Dsrt Brn Kube16(12x50g)PR AMZ IN,KIT KAT DsrtDlgt BrownieKube 50g,12377528,IN C&C : Kitkat Tablets,CHOCOLATE,F&B,192.0,11.98,9.6,26.013,12462826
12472819,KIT KAT Dsrt Brn Kube16(12x50g) Love IN,KIT KAT DsrtDlgt BrownieKube 50g,12377528,IN C&C : Kitkat Tablets,CHOCOLATE,F&B,192.0,11.98,9.6,26.013,12472819
12516314,KIT KAT Dsrt Brn Kube 16(12x50g) N1 IN,KIT KAT DsrtDlgt BrownieKube 50g,12377528,IN C&C : Kitkat Tablets,CHOCOLATE,F&B,192.0,11.98,9.6,26.013,12516314
12344285,KITKAT Dsrt Dlgt Chocopdg 20(12X50g) IN,KIT KAT DsrtDlgt Chocopdg 50g,12364408,IN C&C : Kitkat Tablets,CHOCOLATE,F&B,240.0,14.896,12.0,28.7,12344285
12364408,KIT KAT DsrtDlgt Chocopdg20(12X50g)N1 IN,KIT KAT DsrtDlgt Chocopdg 50g,12364408,IN C&C : Kitkat Tablets,CHOCOLATE,F&B,240.0,14.8,12.0,30.752,12364408
12435362,Kit Kat Dsrt Choco Pdg 20(12x50g)Love IN,KIT KAT DsrtDlgt Chocopdg 50g,12364408,IN C&C : Kitkat Tablets,CHOCOLATE,F&B,240.0,14.8,12.0,30.515,12435362
12446279,KIT KAT Dsrt Choc Pdg 20(12x50g) N2 IN,KIT KAT DsrtDlgt Chocopdg 50g,12364408,IN C&C : Kitkat Tablets,CHOCOLATE,F&B,240.0,14.81,12.0,37.794,12446279
12462825,KIT KAT Dsrt Choc Pdg20(12x50g)PR AMZ IN,KIT KAT DsrtDlgt Chocopdg 50g,12364408,IN C&C : Kitkat Tablets,CHOCOLATE,F&B,240.0,14.81,12.0,28.7,12462825
12501299,KIT KAT Dsrt Choc Pdg 20(12x50g) IN,KIT KAT DsrtDlgt Chocopdg 50g,12364408,IN C&C : Kitkat Tablets,CHOCOLATE,F&B,240.0,14.81,12.0,28.7,12501299
12472818,KIT KAT Dsrt Choc Pdg20(12x50g) Love IN,KIT KAT DsrtDlgt Chocopdg 50g,12364408,IN C&C : Kitkat Tablets,CHOCOLATE,F&B,240.0,14.87,12.0,30.515,12472818
12516316,KIT KAT Dsrt Choc Pdg 20(12x50g) N1 IN,KIT KAT DsrtDlgt Chocopdg 50g,12364408,IN C&C : Kitkat Tablets,CHOCOLATE,F&B,240.0,14.81,12.0,30.752,12516316
12396312,KIT KAT Dsrt Dlgt MP 6(6x(3x50g)) IN,KIT KAT DsrtDlgt MP 50g,12396312,IN C&C : Kitkat Tablets,CHOCOLATE,F&B,36.0,7.85,5.4,17.79,12396312
12436553,KIT KAT Dsrt Multipack 6(6x(3x50g))N1 IN,KIT KAT DsrtDlgt MP 50g,12396312,IN C&C : Kitkat Tablets,CHOCOLATE,F&B,36.0,7.85,5.4,17.221,12436553
12475763,KIT KAT Dsrt Multipack 6(6x(3x50g))N2 IN,KIT KAT DsrtDlgt MP 50g,12396312,IN C&C : Kitkat Tablets,CHOCOLATE,F&B,36.0,7.49,5.4,18.3,12475763
12506384,KIT KAT Dsrt Dlgt MP 6(6x(3x50g)) N1 IN,KIT KAT DsrtDlgt MP 50g,12396312,IN C&C : Kitkat Tablets,CHOCOLATE,F&B,36.0,7.49,5.4,17.79,12506384
12510943,KIT KAT Dsrt MP 14x(850+50)g PR IN,KIT KAT DsrtDlgt MP 50g,12396312,IN C&C : Kitkat Tablets,CHOCOLATE,F&B,14.0,15.57,12.6,30.515,12510943
12520040,KIT KAT Dsrt Dlgt MP 6(6x(3x50g)) N2 IN,KIT KAT DsrtDlgt MP 50g,12396312,IN C&C : Kitkat Tablets,CHOCOLATE,F&B,36.0,7.49,5.4,17.79,12520040
12520041,KIT KAT Dsrt MP 14(850+50)g IN,KIT KAT DsrtDlgt MP 50g,12396312,IN C&C : Kitkat Tablets,CHOCOLATE,F&B,14.0,15.57,12.6,30.515,12520041
12554303,KIT KAT Dsrt Strawberry 20(12x50g) IN,KIT KAT DsrtDlgt Straw 50g,12554303,IN C&C : Kitkat Tablets,CHOCOLATE,F&B,240.0,14.81,12.0,28.7,12554303
12333067,KITKAT Dsrt Dlgt Truffle 20(12X50g) IN,KIT KAT DsrtDlgt Truffle 50g,12333067,IN C&C : Kitkat Tablets,CHOCOLATE,F&B,240.0,14.08,12.0,29.84,12333067
12435361,KIT KAT Dsrt Trf 20(12x50g) Love IN,KIT KAT DsrtDlgt Truffle 50g,12333067,IN C&C : Kitkat Tablets,CHOCOLATE,F&B,240.0,14.8,12.0,30.515,12435361
12446237,KIT KAT Dsrt Truffle 20(12x50g) N1 IN,KIT KAT DsrtDlgt Truffle 50g,12333067,IN C&C : Kitkat Tablets,CHOCOLATE,F&B,240.0,14.81,12.0,30.515,12446237
12462818,KIT KAT Dsrt Truffle 20(12x50g)PR AMZ IN,KIT KAT DsrtDlgt Truffle 50g,12333067,IN C&C : Kitkat Tablets,CHOCOLATE,F&B,240.0,14.81,12.0,28.7,12462818
12501301,KIT KAT Dsrt Truffle 20(12x50g) N2 IN,KIT KAT DsrtDlgt Truffle 50g,12333067,IN C&C : Kitkat Tablets,CHOCOLATE,F&B,240.0,14.81,12.0,28.7,12501301
12472809,KIT KAT Dsrt Trf 20(12x50g)N1 Love IN,KIT KAT DsrtDlgt Truffle 50g,12333067,IN C&C : Kitkat Tablets,CHOCOLATE,F&B,240.0,14.87,12.0,30.515,12472809
12516326,KIT KAT Dsrt Truffle 20(12x50g) N3 IN,KIT KAT DsrtDlgt Truffle 50g,12333067,IN C&C : Kitkat Tablets,CHOCOLATE,F&B,240.0,14.81,12.0,29.84,12516326
12351927,KIT KAT Giftpack (60x109.8g) IN,KIT KAT Gift Pack 109.8g,12351927,IN C&C : Kitkat,CHOCOLATE,F&B,60.0,18.5,6.588,70.738,12351927
12404043,KIT KAT Kookie n Crm Fmly120(6x13.2g) IN,KIT KAT Kookie n Crm Family 13.2g,12404043,IN C&C : Kitkat,CHOCOLATE,F&B,120.0,11.7,9.504,65.72,12404043
12376624,KIT KAT Mix-In 28x250g IN,KIT KAT Mix-In 250g FS,12376624,IN C&C : Kit Kat - FS,NP,NP,28.0,8.6,7.0,51.084,12376624
12412935,KIT KAT Mix-In 28x250g N1 IN,KIT KAT Mix-In 250g FS,12376624,IN C&C : Kit Kat - FS,NP,NP,28.0,8.6,7.0,51.084,12412935
12346824,KITKAT Pouch DUO 64(10x12.8g) IN,KIT KAT Pouch Duo 12.8g,12362652,IN C&C : Kitkat,CHOCOLATE,F&B,64.0,10.3,8.192,57.257,12346824
12362652,KIT KAT Pouch DUO 72(10x12.8g) N1 IN,KIT KAT Pouch Duo 12.8g,12362652,IN C&C : Kitkat,CHOCOLATE,F&B,72.0,10.4,9.216,58.247,12362652
12427396,KIT KAT Premium Gift Pack 14(20x7g) IN,KIT KAT Premium Gift Pack 20X7g,12427396,IN C&C : Kitkat Tablets,CHOCOLATE,F&B,14.0,4.9,1.96,44.055,12427396
12569777,KIT KAT Tablet Dark 10(6x150g) IN,KIT KAT Tablet Dark 10(6x150g) IN,12569777,IN C&C : Kitkat Tablets,CHOCOLATE,F&B,60.0,11.413,9.0,24.188,12569777
12608512,KIT KAT Tablet Dark 10(6x150g)N1 IN,KIT KAT Tablet Dark 10(6x150g) IN,12569777,IN C&C : Kitkat Tablets,CHOCOLATE,F&B,60.0,11.413,9.0,24.188,12608512
12614453,KITKAT Tablet Dark 10(6x150g)N3 IN,KIT KAT Tablet Dark 10(6x150g) IN,12569777,IN C&C : Kitkat Tablets,CHOCOLATE,F&B,60.0,11.413,9.0,24.188,12614453
12599119,KIT KAT Tablet Dark 12(12x50g) IN,KIT KAT Tablet Dark 12(12x50g) IN,12599119,IN C&C : Kitkat Tablets,CHOCOLATE,F&B,144.0,10.52,7.2,19.176,12599119
12609892,KIT KAT Tablet Dark 12(12x50g)N1 IN,KIT KAT Tablet Dark 12(12x50g) IN,12599119,IN C&C : Kitkat Tablets,CHOCOLATE,F&B,144.0,10.52,7.2,19.176,12609892
12614433,KIT KAT Tablet Dark 12(12x50g)N3 IN,KIT KAT Tablet Dark 12(12x50g) IN,12599119,IN C&C : Kitkat Tablets,CHOCOLATE,F&B,144.0,10.52,7.2,19.176,12614433
12596718,KITKAT Tablet Double Choc 10(10x63.6g)IN,KIT KAT Tablet Marbling 63.6g,12596718,IN C&C : Kitkat Tablets,CHOCOLATE,F&B,100.0,8.336,6.36,17.391,12596718
12614480,KIT KAT Tablet DblChoc 10(10x63g)N3 IN,KIT KAT Tablet Marbling 63.6g,12596718,IN C&C : Kitkat Tablets,CHOCOLATE,F&B,100.0,8.336,6.3,17.391,12614480
12605721,KIT KAT Tablet RASPBERRY 10(10x63g) IN,KIT KAT Tablet RASPBERRY 10(10x63 g) IN,12605721,IN C&C : Kitkat Tablets,CHOCOLATE,F&B,100.0,8.336,6.3,17.391,12605721
12571648,KIT KAT Tablet Rich Choc 10(6x150g) IN,KIT KAT Tablet Rich Choc 10(6x150g) IN,12571648,IN C&C : Kitkat Tablets,CHOCOLATE,F&B,60.0,11.1,9.0,24.188,12571648
12582054,KIT KAT Rich Choc 10(6x150g)Love Card IN,KIT KAT Tablet Rich Choc 10(6x150g) IN,12571648,IN C&C : Kitkat Tablets,CHOCOLATE,F&B,60.0,11.1,9.0,24.188,12582054
12596895,KIT KAT Tablet Rich Rakhi 10(6x150g) IN,KIT KAT Tablet Rich Choc 10(6x150g) IN,12571648,IN C&C : Kitkat Tablets,CHOCOLATE,F&B,60.0,11.1,9.0,24.188,12596895
12608493,KIT KAT Tablet Rich Choc 10(6x150g)N1 IN,KIT KAT Tablet Rich Choc 10(6x150g) IN,12571648,IN C&C : Kitkat Tablets,CHOCOLATE,F&B,60.0,11.1,9.0,24.188,12608493
12614444,KITKAT Tablet Rich Choc 10(6x150g)N3 IN,KIT KAT Tablet Rich Choc 10(6x150g) IN,12571648,IN C&C : Kitkat Tablets,CHOCOLATE,F&B,60.0,11.1,9.0,24.188,12614444
12435075,KITKAT 3F Love Strw 18(24x27.5g) IN,KITKAT 3F 27.5g Cntr,12435075,IN C&C : Kitkat,CHOCOLATE,F&B,432.0,14.3,11.88,41.888,12435075
12437730,KIT KAT 3F 16(28x27.5g) Container IN,KITKAT 3F Love Strw 27.5g Cntr,12437730,IN C&C : Kitkat,CHOCOLATE,F&B,448.0,16.5,12.32,54.896,12437730
12601408,KITKAT CHUNKY Miniatures 24(14x10.5g) IN,KITKAT Chunky Miniatures 10.5g,12601408,IN C&C : Kitkat-IMP,SI,SI,336.0,4.5,3.528,29.619,12601408
12609432,KITKAT CHUNKY Miniatures 24x147g N1 IN,KITKAT Chunky Miniatures 10.5g,12601408,IN C&C : Kitkat-IMP,SI,SI,24.0,4.75,3.528,29.619,12609432
12608475,KITKAT CHUNKY Miniatures 24x147g IN,KITKAT Chunky Miniatures 10.5g,12601408,IN C&C : Kitkat-IMP,SI,SI,24.0,4.5,3.528,29.619,12608475
12427351,KITKAT Dsrt Rich Choc Fudge(10(6x150g)IN,KITKAT Dsrt Choc Fudge 150g,12427351,IN C&C : Kitkat Tablets,CHOCOLATE,F&B,60.0,11.1,9.0,23.57,12427351
12436552,KK Dsrt Rich Choc Fudge10(6x150g)Love IN,KITKAT Dsrt Choc Fudge 150g,12427351,IN C&C : Kitkat Tablets,CHOCOLATE,F&B,60.0,13.68,9.0,38.88,12436552
12459235,KIT KAT Dsrt Rich Choc Fdg10(6x150g)N1IN,KITKAT Dsrt Choc Fudge 150g,12427351,IN C&C : Kitkat Tablets,CHOCOLATE,F&B,60.0,11.1,9.0,24.188,12459235
12488607,KK Dsrt RichChocoFdg CardPk 10(6x150g)IN,KITKAT Dsrt Choc Fudge 150g,12427351,IN C&C : Kitkat Tablets,CHOCOLATE,F&B,60.0,13.68,9.0,38.88,12488607
12472817,KK Dsrt Rich Choc Fdg 10(6x150g) Love IN,KITKAT Dsrt Choc Fudge 150g,12427351,IN C&C : Kitkat Tablets,CHOCOLATE,F&B,60.0,11.1,9.0,24.188,12472817
12524125,KIT KAT Dsrt RCF Card Pk 10(6x150g)N1 IN,KITKAT Dsrt Choc Fudge 150g,12427351,IN C&C : Kitkat Tablets,CHOCOLATE,F&B,60.0,13.68,9.0,24.188,12524125
12510116,KIT KAT Dsrt Celebrk Mould 10(6x162g) IN,KITKAT Dsrt Choc Fudge 150g,12427351,IN C&C : Kitkat Tablets,CHOCOLATE,F&B,60.0,11.81,9.72,38.88,12510116
12571589,KITKAT Tablet Caramel 12(12x50g) IN,KITKAT Tablet Caramel 12(12x50g) IN,12571589,IN C&C : Kitkat Tablets,CHOCOLATE,F&B,144.0,10.52,7.2,19.176,12571589
12587345,KK Tablet Caramel 12(12x50g)PR10 Off IN,KITKAT Tablet Caramel 12(12x50g) IN,12571589,IN C&C : Kitkat Tablets,CHOCOLATE,F&B,144.0,10.52,7.2,19.176,12587345
12608487,KITKAT Tablet Caramel 12(12x50g)N1 IN,KITKAT Tablet Caramel 12(12x50g) IN,12571589,IN C&C : Kitkat Tablets,CHOCOLATE,F&B,144.0,10.52,7.2,19.176,12608487
12614421,KITKAT Tablet Caramel 12(12x50g)N3 IN,KITKAT Tablet Caramel 12(12x50g) IN,12571589,IN C&C : Kitkat Tablets,CHOCOLATE,F&B,144.0,10.52,7.2,19.176,12614421
12580609,KIT KAT Tablet Cookie Crb 12(12x50g) IN,KITKAT Tablet Cookie 1.8kg,12580609,IN C&C : Kitkat Tablets,CHOCOLATE,F&B,144.0,10.52,7.2,19.176,12580609
12571620,KITKAT Tablet Rich Choc 12(12x50g) IN,KITKAT Tablet Rich Choc 12(12x50g) IN,12571620,IN C&C : Kitkat Tablets,CHOCOLATE,F&B,144.0,10.52,7.2,19.176,12571620
12587247,KK Tablet Rich Choc 12(12x50g)PR10Off IN,KITKAT Tablet Rich Choc 12(12x50g) IN,12571620,IN C&C : Kitkat Tablets,CHOCOLATE,F&B,144.0,10.52,7.2,19.176,12587247
12608492,KITKAT Tablet Rich Choc 12(12x50g)N1 IN,KITKAT Tablet Rich Choc 12(12x50g) IN,12571620,IN C&C : Kitkat Tablets,CHOCOLATE,F&B,144.0,10.52,7.2,19.176,12608492
12614432,KITKAT Tablet Rich Choc 12(12x50g)N3 IN,KITKAT Tablet Rich Choc 12(12x50g) IN,12571620,IN C&C : Kitkat Tablets,CHOCOLATE,F&B,144.0,10.52,7.2,19.176,12614432
12487819,KKR Choco+Straw 28x(2x20+2x15+2x15)g IN,KKR Choco Straw 15g,12487819,IN CPW : Kokos,BREAKFAST CEREAL,NBC,28.0,5.14,2.8,63.84,12487819
12528998,KOKO KRUNCH 10x1kg IN,KOKO KRUNCH 10x1kg IN,12528998,IN CPW : Kokos,BREAKFAST CEREAL,NBC,10.0,11.5,10.0,44.688,12528998
12565873,KOKO KRUNCH 192x18g FrW MAGGI IN,KOKO KRUNCH 192x18g FrW MAGGI IN,12565873,IN CPW : Kokos,BREAKFAST CEREAL,NBC,192.0,5.39,3.456,82.485,12565873
12472857,KOKO KRUNCH Choco Burst 192x15g IN,KOKO KRUNCH Choco Burst 15g,12472857,IN CPW : Fillows,BREAKFAST CEREAL,NBC,192.0,4.5,2.88,67.2,12472857
12504634,KOKO KRUNCH Maxx Choc 192x15g N1 IN,KOKO KRUNCH Choco Burst 15g,12472857,IN CPW : Fillows,BREAKFAST CEREAL,NBC,192.0,4.5,2.88,67.2,12504634
12569598,KOKO KRUNCH Millet 192x25gPR 40%Extra IN,KOKO KRUNCH Millet 25g,12569598,IN CPW : Kokos,BREAKFAST CEREAL,NBC,192.0,6.73,4.8,82.485,12569598
12564794,KOKO KRUNCH Millet 192x18g IN,KOKO KRUNCH Millet 25g,12569598,IN CPW : Kokos,BREAKFAST CEREAL,NBC,192.0,5.39,3.456,82.485,12564794
12578472,KOKO KRUNCH Millet Hanger 192x18g IN,KOKO KRUNCH Millet 25g,12569598,IN CPW : Kokos,BREAKFAST CEREAL,NBC,192.0,5.39,3.456,82.485,12578472
12583277,KOKO KRUNCH Millet GD 216x18g B5G1 IN,KOKO KRUNCH Millet 25g,12569598,IN CPW : Kokos,BREAKFAST CEREAL,NBC,216.0,5.9,3.888,82.485,12583277
12564810,KOKO KRUNCH Millet 18x350g IN,KOKO KRUNCH Millet 350g IN,12564810,IN CPW : Kokos,BREAKFAST CEREAL,NBC,18.0,7.61,6.3,63.27,12564810
12472597,KOKO KRUNCH Strawberry Burst 192x15g IN,KOKO KRUNCH Strawberry Burst 15g,12472597,IN CPW : Fillows,BREAKFAST CEREAL,NBC,192.0,4.5,2.88,67.2,12472597
12508362,L'Atelier Gift Box Large 14(3x170g) IN,L Atelier Gift Box Large 170g,12508362,IN C&C : Lâ€™Atelier IMP,CHOCOLATE,F&B,14.0,11.19,7.14,75.52,12508362
12508326,L'Atelier Gift Box Small 28(3x100g) IN,L Atelier Gift Box Small 100g,12508326,IN C&C : Lâ€™Atelier IMP,CHOCOLATE,F&B,28.0,14.09,8.4,75.52,12508326
12364916,LACTOGEN 1 Infant Formula BIB 24X200g IN,LACTOGEN 1 Infant Formula BIB 200g,12364916,IN NSB : Lactogen 1,INFANT NUTRITION,NN,24.0,7.1,4.8,48.531,12364916
12397898,LACTOGEN 1 IF BIB 24x200g NWB0142 IN,LACTOGEN 1 Infant Formula BIB 200g,12364916,IN NSB : Lactogen 1,INFANT NUTRITION,NN,24.0,6.91,4.8,36.528,12397898
12525491,LACTOGEN 1 IF TIN 30x200g NWB0142 IN,LACTOGEN 1 Infant Formula BIB 200g,12364916,IN NSB : Lactogen 1,INFANT NUTRITION,NN,30.0,10.18,6.0,35.721,12525491
12532747,LACTOGEN 1 IF TIN 30x200g NWB0142-1 IN,LACTOGEN 1 Infant Formula BIB 200g,12364916,IN NSB : Lactogen 1,INFANT NUTRITION,NN,30.0,9.961,6.0,44.398,12532747
12579461,LACTOGEN PRO1 TIN 30x200g INNWPB176 IN,LACTOGEN 1 Infant Formula BIB 200g,12364916,IN NSB : Lactogen 1,INFANT NUTRITION,NN,30.0,9.961,6.0,44.398,12579461
12043228,LACTOGEN 1 Infant Formula BIB 24x475g IN,LACTOGEN 1 Infant Formula BIB 400g,12315298,IN NSB : Lactogen 1,INFANT NUTRITION,NN,24.0,13.5,11.4,44.402,12043228
12051336,LACTOGEN 1 Infant Formula BIB 24x475g NP,LACTOGEN 1 Infant Formula BIB 400g,12315298,IN NSB : Lactogen 1,INFANT NUTRITION,NN,24.0,14.2,11.4,44.402,12051336
12172593,LACTOGEN 1 Infant Formula BIB 24x450g IN,LACTOGEN 1 Infant Formula BIB 400g,12315298,IN NSB : Lactogen 1,INFANT NUTRITION,NN,24.0,12.7,10.8,39.558,12172593
12199491,LACTOGEN 1 Infant Formula BIB 24x400g IN,LACTOGEN 1 Infant Formula BIB 400g,12315298,IN NSB : Lactogen 1,INFANT NUTRITION,NN,24.0,12.29,9.6,45.158,12199491
12315298,LACTOGEN 1 Infant Formula BIB24x400g IN,LACTOGEN 1 Infant Formula BIB 400g,12315298,IN NSB : Lactogen 1,INFANT NUTRITION,NN,24.0,12.3,9.6,45.349,12315298
12397906,LACTOGEN 1 IF BIB 24x400g NWB0142 IN,LACTOGEN 1 Infant Formula BIB 400g,12315298,IN NSB : Lactogen 1,INFANT NUTRITION,NN,24.0,11.921,9.6,43.329,12397906
12516438,LACTOGEN 1 IF BIB 24x400g NWB0142-1 IN,LACTOGEN 1 Infant Formula BIB 400g,12315298,IN NSB : Lactogen 1,INFANT NUTRITION,NN,24.0,11.921,9.6,43.329,12516438
12579448,LACTOGEN PRO1 BIB 24x400g INNWPB176 IN,LACTOGEN 1 Infant Formula BIB 400g,12315298,IN NSB : Lactogen 1,INFANT NUTRITION,NN,24.0,11.921,9.6,43.329,12579448
12608303,LACTOGEN PRO1 BIB 8(3x400g)INNWPB176 IN,LACTOGEN 1 Infant Formula BIB 1.2Kg,12608303,IN NSB : Lactogen 1,INFANT NUTRITION,NN,8.0,11.82,9.6,43.329,12608303
12043227,LACTOGEN 1 Infant Formula Tin 24x475g IN,LACTOGEN 1 Infant Formula Tin 400g,12579460,IN NSB : Lactogen 1,INFANT NUTRITION,NN,24.0,14.6,11.4,39.93,12043227
12181691,LACTOGEN 1 Infant Formula Tin 24x450g IN,LACTOGEN 1 Infant Formula Tin 400g,12579460,IN NSB : Lactogen 1,INFANT NUTRITION,NN,24.0,14.6,10.8,39.93,12181691
12200011,LACTOGEN 1 Inf Formula Tin 24x400g IN,LACTOGEN 1 Infant Formula Tin 400g,12579460,IN NSB : Lactogen 1,INFANT NUTRITION,NN,24.0,12.68,9.6,31.263,12200011
12315169,LACTOGEN 1 Infant Formula Tin 24x400g IN,LACTOGEN 1 Infant Formula Tin 400g,12579460,IN NSB : Lactogen 1,INFANT NUTRITION,NN,24.0,12.6,9.6,58.174,12315169
12397905,LACTOGEN 1 IF Tin 24x400g NWB0142 IN,LACTOGEN 1 Infant Formula Tin 400g,12579460,IN NSB : Lactogen 1,INFANT NUTRITION,NN,24.0,12.6,9.6,35.721,12397905
12499155,NESTLE LACTOGEN 1 TIN 15x400g NWB0142 IN,LACTOGEN 1 Infant Formula Tin 400g,12579460,IN NSB : Lactogen 1,INFANT NUTRITION,NN,15.0,8.68,6.0,35.205,12499155
12519777,LACTOGEN 1 IF TIN 15x400g NWB0142-1 IN,LACTOGEN 1 Infant Formula Tin 400g,12579460,IN NSB : Lactogen 1,INFANT NUTRITION,NN,15.0,8.68,6.0,43.329,12519777
12579460,LACTOGEN PRO1 TIN 15x400g INNWPB176 IN,LACTOGEN 1 Infant Formula Tin 400g,12579460,IN NSB : Lactogen 1,INFANT NUTRITION,NN,15.0,8.68,6.0,31.595,12579460
12043318,LACTOGEN 2 FU Infant FormulaBIB24x475gIN,LACTOGEN 2 FU Infant Formula BIB 400g,12364914,IN NSB : Lactogen 2,INFANT NUTRITION,NN,24.0,13.5,11.4,44.402,12043318
12051339,LACTOGEN 2 FU Infant FormulaBIB24x475gNP,LACTOGEN 2 FU Infant Formula BIB 400g,12364914,IN NSB : Lactogen 2,INFANT NUTRITION,NN,24.0,14.2,11.4,44.402,12051339
12172595,LACTOGEN 2 FU Infant FormulaBIB24x450gIN,LACTOGEN 2 FU Infant Formula BIB 400g,12364914,IN NSB : Lactogen 2,INFANT NUTRITION,NN,24.0,13.5,10.8,39.558,12172595
12199549,LACTOGEN 2 FU Infant Form BIB 24x400g IN,LACTOGEN 2 FU Infant Formula BIB 400g,12364914,IN NSB : Lactogen 2,INFANT NUTRITION,NN,24.0,12.1,9.6,45.158,12199549
12362599,LACTOGEN 2 FU InfFormulaBIB 24x400gN1 IN,LACTOGEN 2 FU Infant Formula BIB 400g,12364914,IN NSB : Lactogen 2,INFANT NUTRITION,NN,24.0,12.17,9.6,43.329,12362599
12479598,NESTLE LACTOGEN 2 BIB 24x400g LE116-5 IN,LACTOGEN 2 FU Infant Formula BIB 400g,12364914,IN NSB : Lactogen 2,INFANT NUTRITION,NN,24.0,11.921,9.6,43.329,12479598
12043310,LACTOGEN 2 FU Infant FormulaTin24x475gIN,LACTOGEN 2 FU Infant Formula BIB 400g,12364914,IN NSB : Lactogen 2,INFANT NUTRITION,NN,24.0,14.6,11.4,39.93,12043310
12181692,LACTOGEN 2 FU Infant FormulaTin24x450gIN,LACTOGEN 2 FU Infant Formula BIB 400g,12364914,IN NSB : Lactogen 2,INFANT NUTRITION,NN,24.0,14.6,10.8,39.93,12181692
12200085,LACTOGEN 2 FU Inf FormulaTin 24x400g IN,LACTOGEN 2 FU Infant Formula BIB 400g,12364914,IN NSB : Lactogen 2,INFANT NUTRITION,NN,24.0,12.6,9.6,49.728,12200085
12364914,LACTOGEN 2 FU InfFormula TIN24X400gN1 IN,LACTOGEN 2 FU Infant Formula BIB 400g,12364914,IN NSB : Lactogen 2,INFANT NUTRITION,NN,24.0,12.6,9.6,35.721,12364914
12043316,LACTOGEN 2 FU Infant FormulaBIB12x950gIN,LACTOGEN 2 FU Infant Formula BIB 400g,12364914,IN NSB : Lactogen 2,INFANT NUTRITION,NN,12.0,13.4,11.4,40.81,12043316
12043311,LACTOGEN 2 FU Infant FormulaTin12x950gIN,LACTOGEN 2 FU Infant Formula BIB 400g,12364914,IN NSB : Lactogen 2,INFANT NUTRITION,NN,12.0,15.0,11.4,40.306,12043311
12516442,LACTOGEN 2 BIB 24x400g INLE059 N1 IN,LACTOGEN 2 FU Infant Formula BIB 400g,12364914,IN NSB : Lactogen 2,INFANT NUTRITION,NN,24.0,11.921,9.6,43.329,12516442
12571026,LACTOGEN 2 FUF BIB 24x400g INLE059-1 IN,LACTOGEN 2 FU Infant Formula BIB 400g,12364914,IN NSB : Lactogen 2,INFANT NUTRITION,NN,24.0,11.921,9.6,43.329,12571026
12581601,LACTOGEN PRO 2 BIB 24x400g INLEB086 IN,LACTOGEN 2 FU Infant Formula BIB 400g,12364914,IN NSB : Lactogen 2,INFANT NUTRITION,NN,24.0,11.921,9.6,43.329,12581601
12616966,LACTOGEN PRO2 BIB 8(3x400g) INLEB086 IN,LACTOGEN 2 FU Infant Formula BIB 1.2Kg,12616966,IN NSB : Lactogen 2,INFANT NUTRITION,NN,8.0,11.9,9.6,43.329,12616966
12616022,LACTOGEN PRO 2 BIB 24x200g INLEB086 IN,LACTOGEN 2 Infant Formula BIB 200g,12616022,IN NSB : Lactogen 2,INFANT NUTRITION,NN,24.0,6.91,4.8,36.528,12616022
12043331,LACTOGEN 3 FU InfantFormula BIB24x475gIN,LACTOGEN 3 FU Infant Formula BIB 400g,12344434,IN NSB : Lactogen 3,INFANT NUTRITION,NN,24.0,13.6,11.4,44.402,12043331
12172659,LACTOGEN 3 FU InfantFormula BIB24x450gIN,LACTOGEN 3 FU Infant Formula BIB 400g,12344434,IN NSB : Lactogen 3,INFANT NUTRITION,NN,24.0,13.0,10.8,39.558,12172659
12199546,LACTOGEN 3 FU Inf Formula BIB 24x400g IN,LACTOGEN 3 FU Infant Formula BIB 400g,12344434,IN NSB : Lactogen 3,INFANT NUTRITION,NN,24.0,12.29,9.6,45.158,12199546
12326103,LACTOGEN 3 FU Inf Form BIB 24x400g N1 IN,LACTOGEN 3 FU Infant Formula BIB 400g,12344434,IN NSB : Lactogen 3,INFANT NUTRITION,NN,24.0,12.1,9.6,45.0,12326103
12344434,LACTOGEN 3 FU Inf Form BIB 24x400g N2 IN,LACTOGEN 3 FU Infant Formula BIB 400g,12344434,IN NSB : Lactogen 3,INFANT NUTRITION,NN,24.0,12.3,9.6,44.682,12344434
12373846,LACTOGEN 3 FU Inf Form BIB 24X400g N3 IN,LACTOGEN 3 FU Infant Formula BIB 400g,12344434,IN NSB : Lactogen 3,INFANT NUTRITION,NN,24.0,12.3,9.6,45.349,12373846
12402539,LACTOGEN 3 FU IF BIB 24x400g LN020-10 IN,LACTOGEN 3 FU Infant Formula BIB 400g,12344434,IN NSB : Lactogen 3,INFANT NUTRITION,NN,24.0,12.17,9.6,43.329,12402539
12439625,LACTOGEN 3 FU BIB 24x400g JN0066-2 IN,LACTOGEN 3 FU Infant Formula BIB 400g,12344434,IN NSB : Lactogen 3,INFANT NUTRITION,NN,24.0,12.2,9.6,43.702,12439625
12497645,LACTOGEN 3 FU IF BIB 24x400g LN020-11 IN,LACTOGEN 3 FU Infant Formula BIB 400g,12344434,IN NSB : Lactogen 3,INFANT NUTRITION,NN,24.0,11.921,9.6,43.329,12497645
12516434,LACTOGEN 3 FU IF BIB 24x400g INJE087 IN,LACTOGEN 3 FU Infant Formula BIB 400g,12344434,IN NSB : Lactogen 3,INFANT NUTRITION,NN,24.0,11.921,9.6,43.329,12516434
12585176,LACTOGEN PRO 3 BIB 24x400g INJE087 IN,LACTOGEN 3 FU Infant Formula BIB 400g,12344434,IN NSB : Lactogen 3,INFANT NUTRITION,NN,24.0,11.921,9.6,43.329,12585176
12163543,LACTOGEN 4 FU Infant FormulaBIB24x450g,LACTOGEN 4 FU Infant Formula BIB 400g,12344432,IN NSB : Lactogen 4,INFANT NUTRITION,NN,24.0,13.6,10.8,44.402,12163543
12199547,LACTOGEN 4 FU Infant Form BIB 24x400g IN,LACTOGEN 4 FU Infant Formula BIB 400g,12344432,IN NSB : Lactogen 4,INFANT NUTRITION,NN,24.0,12.29,9.6,45.158,12199547
12326105,LACTOGEN 4 FU Inf Form BIB 24x400g N1 IN,LACTOGEN 4 FU Infant Formula BIB 400g,12344432,IN NSB : Lactogen 4,INFANT NUTRITION,NN,24.0,12.1,9.6,45.0,12326105
12344432,LACTOGEN 4 FU Inf Form BIB 24x400g N2 IN,LACTOGEN 4 FU Infant Formula BIB 400g,12344432,IN NSB : Lactogen 4,INFANT NUTRITION,NN,24.0,12.3,9.6,45.349,12344432
12373845,LACTOGEN 4 FU Inf Form BIB 24X400g N3 IN,LACTOGEN 4 FU Infant Formula BIB 400g,12344432,IN NSB : Lactogen 4,INFANT NUTRITION,NN,24.0,12.3,9.6,41.366,12373845
12402538,LACTOGEN 4 FU IF BIB 24x400g LN025-5 IN,LACTOGEN 4 FU Infant Formula BIB 400g,12344432,IN NSB : Lactogen 4,INFANT NUTRITION,NN,24.0,12.17,9.6,43.329,12402538
12506389,LACTOGEN 4FU IF BIB24x400g LN025-6 N1 IN,LACTOGEN 4 FU Infant Formula BIB 400g,12344432,IN NSB : Lactogen 4,INFANT NUTRITION,NN,24.0,11.921,9.6,43.329,12506389
12516445,LACTOGEN 4FU IF BIB 24x400g INJE091 IN,LACTOGEN 4 FU Infant Formula BIB 400g,12344432,IN NSB : Lactogen 4,INFANT NUTRITION,NN,24.0,11.921,9.6,43.329,12516445
12585137,LACTOGEN PRO 4 BIB 24x400g INJE091 IN,LACTOGEN 4 FU Infant Formula BIB 400g,12344432,IN NSB : Lactogen 4,INFANT NUTRITION,NN,24.0,11.921,9.6,43.329,12585137
12588025,MAG 2-MIN Cpta Mas168x40gFrW Cpta Mas IN,MAG 2-MIN Cpta Mas168x40gFrW Cpta Mas IN,12588025,IN CUL : Noodles,CULINARY,F&B,168.0,8.34,6.72,46.398,12588025
12591776,MAG 2-MIN Manchurian 96x61g FrW Ndls IN,MAG 2-MIN Manchurian 96x61g FrW Ndls IN,12591776,IN CUL : MAGGI NDLS - FLAVOURS,CULINARY,F&B,96.0,6.76,5.856,36.679,12591776
12516487,MAG 2-MIN Spec Mas 96x70g FrW PR Spec IN,MAG 2-MIN Spec Mas 96x70g FrW PR Spec IN,12516487,IN CUL : MAGGI NDLS-SpecialMasala,CULINARY,F&B,96.0,7.5,6.72,33.995,12516487
12594473,MAG 2-MIN Superr Mas168x40g FrW SuperrIN,MAG 2-MIN Superr Mas168x40g FrW SuperrIN,12594473,IN CUL : Noodles,CULINARY,F&B,168.0,8.34,6.72,46.398,12594473
12594480,MAGGI 2-MIN Superr Mas 168x40g PR 5+1 IN,MAG 2-MIN Superr Masala 40g ,12594480,IN CUL : Noodles,CULINARY,F&B,168.0,8.34,6.72,46.398,12594480
12592415,MAGGI 2-MIN Superr Masala 168x40g IN,MAG 2-MIN Superr Masala 40g ,12594480,IN CUL : Noodles,CULINARY,F&B,168.0,8.34,6.72,46.398,12592415
12576905,MAG 2-MIN Tikha Mas 168x40g FrW Tikha IN,MAG 2-MIN Tikha Mas 168x40g FrW Tikha IN,12576905,IN CUL : MAGGI NDLS - FLAVOURS,CULINARY,F&B,168.0,8.34,6.72,46.398,12576905
12559371,MAG 2-MIN Veg Mas 96x62g FrW Mag Ndls IN,MAG 2-MIN Veg Mas 96x62g FrW Mag Ndls IN,12559371,IN CUL : Maggi Noodles â€“ Veg Masala,CULINARY,F&B,96.0,6.8,5.952,35.616,12559371
12493236,MAG 2-MINN Chkn 65 96x71FrW Chkn 284g IN,MAG 2-MINN Chkn 65 96x71FrW Chkn 284g IN,12493236,IN CUL : Noodles Chicken,CULINARY,F&B,96.0,7.51,6.816,34.684,12493236
12560942,MAG 2-MINN Chkn 96x71g FrW Chkn 284g IN,MAG 2-MINN Chkn 96x71g FrW Chkn 284g IN,12560942,IN CUL : Noodles Chicken,CULINARY,F&B,96.0,7.51,6.816,34.684,12560942
12494062,MAG 2-MINN Desi Chsy 96x60.5gFrW 280g IN,MAG 2-MINN Desi Chsy 96x60.5gFrW 280g IN,12494062,IN CUL : MAGGI NDLS - FLAVOURS,CULINARY,F&B,96.0,6.4,5.808,33.153,12494062
12526736,MAG 2-MINN Herby Chsy96x63.5g FrW MAG IN,MAG 2-MINN Herby Chsy96x63.5g FrW MAG IN,12526736,IN CUL : MAGGI NDLS - FLAVOURS,CULINARY,F&B,96.0,6.76,6.096,36.936,12526736
12587995,MAG 2-MINN Manchurian 96x61g FrW Mag IN,MAG 2-MINN Manchurian 96x61g FrW Mag IN,12587995,IN CUL : MAGGI NDLS - FLAVOURS,CULINARY,F&B,96.0,6.76,5.856,36.679,12587995
12573010,MAG 2-MINN Mas 96x70g FrW Mag Ndls N1 IN,MAG 2-MINN Mas 96x70g FrW Mag Ndls N1 IN,12573010,IN CUL : Noodles,CULINARY,F&B,96.0,7.42,6.72,36.192,12573010
12555478,MAG 2-MINN Masala 96x70g FrW Mag Ndls IN,MAG 2-MINN Masala 96x70g FrW Mag Ndls IN,12555478,IN CUL : Noodles,CULINARY,F&B,96.0,7.42,6.72,38.974,12555478
12516485,MAG 2-MINN Spec Chkn65 96x71g FrW 65 IN,MAG 2-MINN Spec Chkn65 96x71g FrW 65 IN,12516485,IN CUL : Noodles Chicken,CULINARY,F&B,96.0,7.51,6.816,34.684,12516485
12505380,MAG 2-MINN Spec Mas 96x70g FrW420gMas IN,MAG 2-MINN Spec Mas 96x70g FrW420gMas IN,12505380,IN CUL : MAGGI NDLS-SpecialMasala,CULINARY,F&B,96.0,7.5,6.72,33.995,12505380
12591631,MAG 2-MINN Spicy Gar 96x62g FrW Spicy IN,MAG 2-MINN Spicy Gar 96x62g FrW Spicy IN,12591631,IN CUL : MAGGI NDLS - FLAVOURS,CULINARY,F&B,96.0,6.76,5.952,36.679,12591631
12454289,MAG Fried Rice Chilli Gar Sbg40(5x15g)IN,MAG Fried Rice Chilli Gar Sbg 15g,12454289,IN CUL : Masala-ae-Magic,CULINARY,F&B,40.0,4.18,3.0,33.024,12454289
12451379,MAG Fried Rice Chilli Garlic12(24x15g)IN,MAG Fried Rice Chilli Garlic15g,12451379,IN CUL : Masala-ae-Magic,CULINARY,F&B,288.0,5.2,4.32,18.45,12451379
12451395,MAG Fried Rice Classic Veg 12(24x15g) IN,MAG Fried Rice Classic Veg 15g,12451395,IN CUL : Masala-ae-Magic,CULINARY,F&B,288.0,5.2,4.32,18.45,12451395
12454259,MAG Fried Rice ClassicVeg Sbg40(5x15g)IN,MAG Fried Rice ClassicVeg Sbg 15g,12454259,IN CUL : Masala-ae-Magic,CULINARY,F&B,40.0,4.18,3.0,33.024,12454259
12502580,MAG H&S Bottle 24x200g FrW MAG Sauces IN,MAG H&S Bottle 24x200g FrW MAG Sauces IN,12502580,IN CUL : Sauces,CULINARY,F&B,24.0,9.12,4.8,11.933,12502580
12501480,MAG H&S Doy 6(12x90g) FrW Atta & Oats IN,MAG H&S Doy 6(12x90g) FrW Atta & Oats IN,12501480,IN CUL : Sauces,CULINARY,F&B,72.0,7.75,6.48,22.032,12501480
12502581,MAG H&S Doy 6(12x90g) FrW MAG Sauces IN,MAG H&S Doy 6(12x90g) FrW MAG Sauces IN,12502581,IN CUL : MAGGI Pichkoo,CULINARY,F&B,72.0,7.88,6.48,22.68,12502581
12482717,MAG H&S Doy 6(12x90g) FrW MAGGI Sauce IN,MAG H&S Doy 6(12x90g) FrW MAGGI Sauce IN,12482717,IN CUL : Sauces,CULINARY,F&B,72.0,7.75,6.48,22.032,12482717
12443585,MAG H&S TCS Bottle 24x200g FrW TK 1kg IN,MAG H&S TCS Bottle 24x200g FrW TK 1kg IN,12443585,IN CUL : Sauces,CULINARY,F&B,24.0,9.0,4.8,12.342,12443585
12515083,MAG Masala-Vin-Magic 16(48x6g)FrW MvM IN,MAG Masala-Vin-Magic 16(48x6g)FrW MvM IN,12515083,IN CUL : Masala-ae-Magic,CULINARY,F&B,768.0,6.1,4.608,19.27,12515083
12529197,MAG Masala-Vin-Magic 360x6g FrW NESC IN,MAG Masala-Vin-Magic 360x6g FrW NESC IN,12529197,IN CUL : Masala-ae-Magic,CULINARY,F&B,360.0,2.96,2.16,19.27,12529197
12550009,MAG Ntr-lcs Atta 96x72.5g FrW MAG420g IN,MAG Ntr-lcs Atta 96x72.5g FrW MAG420g IN,12550009,IN CUL : Noodles Value Added,CULINARY,F&B,96.0,8.0,6.96,39.864,12550009
12516492,MAG Ntr-lcs Atta 96x72.5g FrW PR Atta IN,MAG Ntr-lcs Atta 96x72.5g FrW PR Atta IN,12516492,IN CUL : Noodles Value Added,CULINARY,F&B,96.0,8.0,6.96,39.864,12516492
12513744,MAG Ntr-lcs Atta Mas 96x72.5g FrW290g IN,MAG Ntr-lcs Atta Mas 96x72.5g FrW290g IN,12513744,IN CUL : Noodles Value Added,CULINARY,F&B,96.0,8.0,6.96,39.864,12513744
12549557,MAG Ntr-lcs Atta96x72.5g FrW Atta290g IN,MAG Ntr-lcs Atta96x72.5g FrW Atta290g IN,12549557,IN CUL : Noodles Value Added,CULINARY,F&B,96.0,8.0,6.96,41.664,12549557
12513949,MAG Ntr-lcs Oats Mas 96x72.5g FrW290g IN,MAG Ntr-lcs Oats Mas 96x72.5g FrW290g IN,12513949,IN CUL : Noodles Oats,CULINARY,F&B,96.0,8.0,6.96,41.664,12513949
12532066,MAG Ntr-lcs Oats Mas 96x73.5g FrW294g IN,MAG Ntr-lcs Oats Mas 96x73.5g FrW294g IN,12532066,IN CUL : Noodles Oats,CULINARY,F&B,96.0,8.0,7.056,41.664,12532066
12499488,MAG PAZZTA Combipack8(70x4+65x2+64x2)gIN,MAG PAZZTA Combipack 538g,12499488,IN CUL : Pazzta,CULINARY,F&B,8.0,6.5,4.304,62.744,12499488
12453186,MAG Rice & Ndl Mix Chilli Gar 60x200g IN,MAG Rice & Ndl Mix Chilli Gar 200g FS,12453186,IN CUL : Rice & Noodle Seasoning - FS,NP,NP,60.0,13.48,12.0,38.743,12453186
12444603,MAG Tom Ket Bottle 24x200g FrW TK 1kg IN,MAG Tom Ket Bottle 24x200g FrW TK 1kg IN,12444603,IN CUL : Sauces,CULINARY,F&B,24.0,9.0,4.8,12.342,12444603
12600709,MAG Tom Ket Pichkoo 6(16x75g)FrW Ndls IN,MAG Tom Ket Pichkoo 6(16x75g)FrW Ndls IN,12600709,IN CUL : MAGGI Pichkoo,CULINARY,F&B,96.0,8.68,7.2,22.134,12600709
12569619,MAG Tom Ket Pichkoo 6(16x80g)FrW Ndls IN,MAG Tom Ket Pichkoo 6(16x80g)FrW Ndls IN,12569619,IN CUL : MAGGI Pichkoo,CULINARY,F&B,96.0,8.7,7.68,22.68,12569619
12576903,MAGGI 2-MIN Cpta Mas 168x40g FrW Cpta IN,MAGGI 2-MIN Cpta Mas 168x40g FrW Cpta IN,12576903,IN CUL : MAGGI NDLS - FLAVOURS,CULINARY,F&B,168.0,8.34,6.72,46.398,12576903
12577114,MAGGI 2-MIN Cpta Masala 168x40g N2 IN,MAGGI 2-MIN Cpta Masala 40g,12577114,IN CUL : Noodles,CULINARY,F&B,168.0,8.34,6.72,46.398,12577114
12571437,MAGGI 2-MIN Cpta Mas 168x40g PR 5+1Fr IN,MAGGI 2-MIN Cpta Masala 40g,12577114,IN CUL : Noodles,CULINARY,F&B,168.0,8.34,6.72,46.398,12571437
12589874,MAGGI 2-MIN Cpta Mas 168x40g PR5+1 N1 IN,MAGGI 2-MIN Cpta Masala 40g,12577114,IN CUL : Noodles,CULINARY,F&B,168.0,8.34,6.72,46.398,12589874
12583046,MAGGI 2-MIN Cpta Masala 168x40g N3 IN,MAGGI 2-MIN Cpta Masala 40g,12577114,IN CUL : Noodles,CULINARY,F&B,168.0,8.34,6.72,46.398,12583046
12555172,MAGGI 2-MIN Mas 24x280g FrW MAGGI Sce IN,MAGGI 2-MIN Mas 24x280g FrW MAGGI Sce IN,12555172,IN CUL : Noodles,CULINARY,F&B,24.0,7.4,6.72,37.7,12555172
12577854,MAGGI 2-MIN Mas 24x280g FrW Nescafe IN,MAGGI 2-MIN Mas 24x280g FrW Nescafe IN,12577854,IN CUL : Noodles,CULINARY,F&B,24.0,7.4,6.72,35.496,12577854
12575102,MAGGI 2-MIN Mas 24x280g FrW Tom Ket IN,MAGGI 2-MIN Mas 24x280g FrW Tom Ket IN,12575102,IN CUL : Noodles,CULINARY,F&B,24.0,7.42,6.72,36.192,12575102
12555497,MAGGI 2-MIN Mas 48x140g FrW LemonTea IN,MAGGI 2-MIN Mas 48x140g FrW LemonTea IN,12555497,IN CUL : Noodles,CULINARY,F&B,48.0,7.3,6.72,40.719,12555497
12555450,MAGGI 2-MIN Mas 48x140g FrW MAGGI Sce IN,MAGGI 2-MIN Mas 48x140g FrW MAGGI Sce IN,12555450,IN CUL : Noodles,CULINARY,F&B,48.0,7.4,6.72,40.95,12555450
12434123,MAGGI 2-MINN Masala Maha Pack 84x90g IN,MAGGI 2-MIN NDLS Mas Maha 90g,12434123,IN CUL : Noodles,CULINARY,F&B,84.0,8.8,7.56,39.971,12434123
12462956,MAGGI 2-MINN Mas Maha Pack 84x90g IN,MAGGI 2-MIN NDLS Mas Maha 90g,12434123,IN CUL : Noodles,CULINARY,F&B,84.0,8.92,7.56,39.971,12462956
12591248,MAGGI 2-MINN Mas Maha Pack 84x90g N2 IN,MAGGI 2-MIN NDLS Mas Maha 90g,12434123,IN CUL : Noodles,CULINARY,F&B,84.0,8.3,7.56,35.955,12591248
12539842,MAGGI 2-MINN Mas Maha Pack 84x90g N3 IN,MAGGI 2-MIN NDLS Mas Maha 90g,12434123,IN CUL : Noodles,CULINARY,F&B,84.0,8.84,7.56,39.971,12539842
12499678,MAGGI 2-MIN Ndls Spec Chkn65 10x852g IN,MAGGI 2-MIN Ndls Spec Chkn 852g,12499678,IN CUL : MAGGI NDLS-SpecialMasala,CULINARY,F&B,10.0,9.4,8.52,47.377,12499678
12499375,MAGGI 2-MIN Ndls Veg Masala 24x248g IN,MAGGI 2-MIN Ndls Veg Masala 248g,12499375,IN CUL : Maggi Noodles â€“ Veg Masala,CULINARY,F&B,24.0,6.8,5.952,35.616,12499375
12520024,MAG 2-MINN Veg Mas 24x248g PR ColorFr IN,MAGGI 2-MIN Ndls Veg Masala 248g,12499375,IN CUL : Maggi Noodles â€“ Veg Masala,CULINARY,F&B,24.0,6.8,5.952,35.616,12520024
12530095,MAG 2-MINN Veg Mas24x248g PR Pencil FrIN,MAGGI 2-MIN Ndls Veg Masala 248g,12499375,IN CUL : Maggi Noodles â€“ Veg Masala,CULINARY,F&B,24.0,6.8,5.952,35.616,12530095
12549585,MAGGI 2-MINN Veg Masala 24x248g N1 IN,MAGGI 2-MIN Ndls Veg Masala 248g,12499375,IN CUL : Maggi Noodles â€“ Veg Masala,CULINARY,F&B,24.0,6.8,5.952,35.616,12549585
12549586,MAG 2-MINN Veg Mas24x248gPRClr Pencil IN,MAGGI 2-MIN Ndls Veg Masala 248g,12499375,IN CUL : Maggi Noodles â€“ Veg Masala,CULINARY,F&B,24.0,6.8,5.952,35.616,12549586
12565423,MAG 2-MIN Veg Mas 24x248g PR Rs8 Off IN,MAGGI 2-MIN Ndls Veg Masala 248g,12499375,IN CUL : Maggi Noodles â€“ Veg Masala,CULINARY,F&B,24.0,6.8,5.952,35.616,12565423
12567461,MAGGI 2-MINN Veg Masala 24x248g N2 IN,MAGGI 2-MIN Ndls Veg Masala 248g,12499375,IN CUL : Maggi Noodles â€“ Veg Masala,CULINARY,F&B,24.0,6.8,5.952,35.616,12567461
12499385,MAGGI 2-MIN Ndls Veg Masala 96x62g IN,MAGGI 2-MIN Ndls Veg Masala 62g,12499385,IN CUL : Maggi Noodles â€“ Veg Masala,CULINARY,F&B,96.0,6.8,5.952,35.616,12499385
12521561,MAG 2-MINN Veg Mas 96x62gPR Eraser Fr IN,MAGGI 2-MIN Ndls Veg Masala 62g,12499385,IN CUL : Maggi Noodles â€“ Veg Masala,CULINARY,F&B,96.0,6.8,5.952,35.616,12521561
12549567,MAGGI 2-MINN Veg Masala 96x62g N1 IN,MAGGI 2-MIN Ndls Veg Masala 62g,12499385,IN CUL : Maggi Noodles â€“ Veg Masala,CULINARY,F&B,96.0,6.8,5.952,35.616,12549567
12558381,MAG 2-MIN Ndls Veg Mas 96x62g PR B2G1 IN,MAGGI 2-MIN Ndls Veg Masala 62g,12499385,IN CUL : Maggi Noodles â€“ Veg Masala,CULINARY,F&B,96.0,6.8,5.952,35.616,12558381
12567904,MAGG 2-MIN Ndls Veg Mas 96x62g N1 IN,MAGGI 2-MIN Ndls Veg Masala 62g,12499385,IN CUL : Maggi Noodles â€“ Veg Masala,CULINARY,F&B,96.0,6.8,5.952,35.616,12567904
12438161,MAGGI 2-MIN NOODLES 96x70g FrW 420g IN,MAGGI 2-MIN NOODLES 96x70g FrW 420g IN,12438161,IN CUL : Noodles,CULINARY,F&B,96.0,7.5,6.72,38.974,12438161
12570690,MAGGI 2-MIN Ndls Masala 96x52g N2 IN,MAGGI 2-MIN Noodles Masala 52g Deca,12575073,IN CUL : Noodles,CULINARY,F&B,96.0,5.88,4.992,33.398,12570690
12575073,MAGGI 2-MIN Noodles Masala 96x52g N3 IN,MAGGI 2-MIN Noodles Masala 52g Deca,12575073,IN CUL : Noodles,CULINARY,F&B,96.0,5.76,4.992,31.104,12575073
12606378,MAGGI 2-MIN Noodles Masala 108x52g IN,MAGGI 2-MIN Noodles Masala 52g Deca,12575073,IN CUL : Noodles,CULINARY,F&B,108.0,6.69,5.616,33.696,12606378
12608515,MAGGI 2-MIN Noodles Masala 108x48g N4 IN,MAGGI 2-MIN Noodles Masala 52g Deca,12575073,IN CUL : Noodles,CULINARY,F&B,108.0,6.12,5.184,29.9,12608515
12589863,MAGGI 2-MIN Spicy BBQ 24x248g IN,MAGGI 2-MIN Spicy BBQ 248g,12589863,IN CUL : MAGGI NDLS - FLAVOURS,CULINARY,F&B,24.0,6.76,5.952,36.679,12589863
12589852,MAGGI 2-MIN Spicy BBQ 96x62g IN,MAGGI 2-MIN Spicy BBQ 62g,12589852,IN CUL : MAGGI NDLS - FLAVOURS,CULINARY,F&B,96.0,6.76,5.952,36.679,12589852
12559238,MAGGI 2-MIN Spicy Garlic 24x248g IN,MAGGI 2-MIN Spicy Garlic 24x248g IN,12559238,IN CUL : MAGGI NDLS - FLAVOURS,CULINARY,F&B,24.0,6.76,5.952,36.679,12559238
12559252,MAGGI 2-MIN Spicy Manchurian 24x244g IN,MAGGI 2-MIN Spicy Manchurian 24x244g IN,12559252,IN CUL : MAGGI NDLS - FLAVOURS,CULINARY,F&B,24.0,6.62,5.856,36.679,12559252
12577202,MAGGI 2-MIN Tikha Masala 168x40g N2 IN,MAGGI 2-MIN Tikha Masala 40g,12577202,IN CUL : Noodles,CULINARY,F&B,168.0,8.34,6.72,46.398,12577202
12571545,MAGGI 2-MIN Tikha Mas 168x40g PR5+1Fr IN,MAGGI 2-MIN Tikha Masala 40g,12577202,IN CUL : Noodles,CULINARY,F&B,168.0,8.34,6.72,46.398,12571545
12559352,MAGGI 2-MIN Veg Mas 96x62g FrW Veg IN,MAGGI 2-MIN Veg Mas 96x62g FrW Veg IN,12559352,IN CUL : Maggi Noodles â€“ Veg Masala,CULINARY,F&B,96.0,6.8,5.952,35.616,12559352
12579515,MAGGI 2-MINN Chkn 48x142g FrW Chkn284gIN,MAGGI 2-MINN Chkn 48x142g FrW Chkn284gIN,12579515,IN CUL : Noodles Chicken,CULINARY,F&B,48.0,7.36,6.816,40.719,12579515
12494909,MAGGI 2-MINN Chkn 95x71g PR Buy 4+G1 IN,MAGGI 2-MINN Chkn 71g,12494909,IN CUL : Noodles Chicken,CULINARY,F&B,95.0,7.5,6.745,36.192,12494909
12579667,MAGGI 2-MINN Chkn 96x71g FrW B2G1 IN,MAGGI 2-MINN Chkn 96x71g FrW B2G1 IN,12579667,IN CUL : Noodles Chicken,CULINARY,F&B,96.0,7.51,6.816,36.192,12579667
12494117,MAGGI 2-MINN Cpta Tom96x60.5gFrW 280g IN,MAGGI 2-MINN Cpta Tom96x60.5gFrW 280g IN,12494117,IN CUL : MAGGI NDLS - FLAVOURS,CULINARY,F&B,96.0,6.4,5.808,33.153,12494117
12420238,MAGGI 2-MINN Desi Cheesy 96x60.5g IN,MAGGI 2-MINN Desi Cheesy 60.5g,12420238,IN CUL : MAGGI NDLS - FLAVOURS,CULINARY,F&B,96.0,6.4,5.808,33.153,12420238
12446865,MAGGI 2-MINN Desi Cheesy 96x60.5g N2 IN,MAGGI 2-MINN Desi Cheesy 60.5g,12420238,IN CUL : MAGGI NDLS - FLAVOURS,CULINARY,F&B,96.0,6.4,5.808,33.153,12446865
12522079,MAGGI 2-MINN Herby Cheesy 96x63.5g IN,MAGGI 2-MINN Herby Cheesy 96x63.5g IN,12522079,IN CUL : Noodles Value Added,CULINARY,F&B,96.0,6.76,6.096,36.936,12522079
12538723,MAGGI 2-MINN Mas 48x140g FrW Chkn284g IN,MAGGI 2-MINN Mas 48x140g FrW Chkn284g IN,12538723,IN CUL : Noodles,CULINARY,F&B,48.0,7.3,6.72,40.95,12538723
12537997,MAGGI 2-MINN Mas 48x140g FrW LemonTea IN,MAGGI 2-MINN Mas 48x140g FrW LemonTea IN,12537997,IN CUL : Noodles,CULINARY,F&B,48.0,7.3,6.72,40.95,12537997
12505375,MAGGI 2-MINN Mas 96x70g FrW 420g Mas IN,MAGGI 2-MINN Mas 96x70g FrW 420g Mas IN,12505375,IN CUL : Noodles,CULINARY,F&B,96.0,7.5,6.72,36.192,12505375
12510856,MAGGI 2-MINN Mas24x280g FrW MAG SceN1 IN,MAGGI 2-MINN Mas24x280g FrW MAG SceN1 IN,12510856,IN CUL : Noodles,CULINARY,F&B,24.0,7.4,6.72,36.192,12510856
12510855,MAGGI 2-MINN Mas48x140g FrW MAGGI Sce IN,MAGGI 2-MINN Mas48x140g FrW MAGGI Sce IN,12510855,IN CUL : Noodles,CULINARY,F&B,48.0,7.3,6.72,40.95,12510855
12511671,MAGGI 2-MINN Mas96x70g FrW 420gMas N1 IN,MAGGI 2-MINN Mas96x70g FrW 420gMas N1 IN,12511671,IN CUL : Noodles,CULINARY,F&B,96.0,7.5,6.72,36.192,12511671
12520630,MAGGI 2-MINN Masala 96x70g FrW Maggi IN,MAGGI 2-MINN Masala 96x70g FrW Maggi IN,12520630,IN CUL : Noodles,CULINARY,F&B,96.0,7.5,6.72,36.192,12520630
12420241,MAGGI 2-MINN Masala Curry 96x60.5g IN,MAGGI 2-MINN Masala Curry 60.5g,12420241,IN CUL : MAGGI NDLS - FLAVOURS,CULINARY,F&B,96.0,6.4,5.808,33.153,12420241
12520029,MAGGI 2-MINN Spec Mas 96x70g FrW Mas IN,MAGGI 2-MINN Spec Mas 96x70g FrW Mas IN,12520029,IN CUL : MAGGI NDLS-SpecialMasala,CULINARY,F&B,96.0,7.5,6.72,33.995,12520029
12481442,MAGGI 2-MINN Spicy Chicken 96x71g IN,MAGGI 2-MINN Special Chicken65 71g,12481442,IN CUL : Noodles Chicken,CULINARY,F&B,96.0,7.51,6.816,34.684,12481442
12503097,MAG 2-MINN Spec Chkn65 96x71g PR B3G1 IN,MAGGI 2-MINN Special Chicken65 71g,12481442,IN CUL : Noodles Chicken,CULINARY,F&B,96.0,7.51,6.816,36.192,12503097
12487448,MAGGI 2-MINN Special Chkn65 24x284g IN,MAGGI 2-MINN Special Chkn65 284g,12487448,IN CUL : Noodles Chicken,CULINARY,F&B,24.0,7.51,6.816,36.192,12487448
12403678,MAGGI 2-MINN Special Masala 24x280g IN,MAGGI 2-MINN Special Masala 280g,12403678,IN CUL : MAGGI NDLS-SpecialMasala,CULINARY,F&B,24.0,7.4,6.72,36.192,12403678
12502629,MAGGI 2-MINN Special Mas 24x280g N1 IN,MAGGI 2-MINN Special Masala 280g,12403678,IN CUL : MAGGI NDLS-SpecialMasala,CULINARY,F&B,24.0,7.5,6.72,36.192,12502629
12517438,MAG 2-MINN Special Mas 24x280g PR RTD IN,MAGGI 2-MINN Special Masala 280g,12403678,IN CUL : MAGGI NDLS-SpecialMasala,CULINARY,F&B,24.0,7.4,6.72,36.192,12517438
12530927,MAG 2-MINN Spec Mas 24x280g PR70g Fr IN,MAGGI 2-MINN Special Masala 280g,12403678,IN CUL : MAGGI NDLS-SpecialMasala,CULINARY,F&B,24.0,7.5,6.72,36.192,12530927
12571223,MAGGI 2-MIN Spec Mas 24x280g N1 IN,MAGGI 2-MINN Special Masala 280g,12403678,IN CUL : MAGGI NDLS-SpecialMasala,CULINARY,F&B,24.0,7.42,6.72,36.192,12571223
12589871,MAGGI 2-MINN Spicy Cheesy 24x304g IN,MAGGI 2-MINN Spicy Cheesy 304g,12589871,IN CUL : MAGGI NDLS - FLAVOURS,CULINARY,F&B,24.0,8.57,7.296,41.664,12589871
12570266,MAGGI 2-MINN Spicy Cheesy 96x76g IN,MAGGI 2-MINN Spicy Cheesy 76g,12570266,IN CUL : MAGGI NDLS - FLAVOURS,CULINARY,F&B,96.0,8.47,7.296,41.664,12570266
12559338,MAGGI 2-MINN Spicy Garlic 96x62g N1 IN,MAGGI 2-MINN Spicy Garlic 96x62g N1 IN,12559338,IN CUL : MAGGI NDLS - FLAVOURS,CULINARY,F&B,96.0,6.76,5.952,36.679,12559338
12587377,MAG 2-MINN Spicy Garlic96x62g PR B2G1 IN,MAGGI 2-MINN Spicy Garlic 96x62g N1 IN,12559338,IN CUL : MAGGI NDLS - FLAVOURS,CULINARY,F&B,96.0,6.76,5.952,36.679,12587377
12559339,MAGGI 2-MINN Spicy Manchurian 96x61g IN,MAGGI 2-MINN Spicy Manchurian 96x61g IN,12559339,IN CUL : MAGGI NDLS - FLAVOURS,CULINARY,F&B,96.0,6.76,5.856,36.679,12559339
12591046,MAG 2-MIN SpyManchurian 96x61gPR B2G1 IN,MAGGI 2-MINN Spicy Manchurian 96x61g IN,12559339,IN CUL : MAGGI NDLS - FLAVOURS,CULINARY,F&B,96.0,6.76,5.856,36.679,12591046
12420237,MAGGI 2-MINN Tomato Masala 96x60.5g IN,MAGGI 2-MINN Tomato Masala 60.5g,12420237,IN CUL : MAGGI NDLS - FLAVOURS,CULINARY,F&B,96.0,6.4,5.808,33.153,12420237
12537987,MAGGI 2-MINN Veg Mas 96x62g FrW MAGGI IN,MAGGI 2-MINN Veg Mas 96x62g FrW MAGGI IN,12537987,IN CUL : Maggi Noodles â€“ Veg Masala,CULINARY,F&B,96.0,6.8,5.952,35.616,12537987
12516312,MAGGI 2-MINN Veg Mas24x248gFrW Sauces IN,MAGGI 2-MINN Veg Mas24x248gFrW Sauces IN,12516312,IN CUL : Maggi Noodles â€“ Veg Masala,CULINARY,F&B,24.0,6.8,5.952,35.616,12516312
12420239,MAGGI 2-MINN Yummy Capsica 96x60.5g IN,MAGGI 2-MINN Yummy Capsica 60.5g,12420239,IN CUL : MAGGI NDLS - FLAVOURS,CULINARY,F&B,96.0,6.4,5.808,33.153,12420239
12338103,MAGGI Amritsari Ach Mas Ndl (48x73g) IN,MAGGI 2-MINUTE NOODLES Amritsari Ach Mas 73g,12338103,IN CUL : MAGGI NDLS-MasalasOfIndia,CULINARY,F&B,48.0,4.11,3.504,21.313,12338103
12350527,MAGGI Atta Ndls Mexicana 96x75g IN,MAGGI 2-MINUTE NOODLES Atta Mexicana 75g,12350527,IN CUL : Noodles Value Added,CULINARY,F&B,96.0,8.2,7.2,38.355,12350527
12373452,MAG Nutri-licious Atta Mexicana96x75g IN,MAGGI 2-MINUTE NOODLES Atta Mexicana 75g,12350527,IN CUL : Noodles Value Added,CULINARY,F&B,96.0,8.2,7.2,38.355,12373452
12338101,MAGGI Bengali Jhaal Mas Ndl 48x73g IN,MAGGI 2-MINUTE NOODLES Bengali Jhaal Mas 73g,12338101,IN CUL : MAGGI NDLS-MasalasOfIndia,CULINARY,F&B,48.0,4.11,3.504,21.313,12338101
12371510,MAGGI 2-MIN NDLS Chicken 48x142g N2 IN,MAGGI 2-MINUTE NOODLES Chicken 142g,12378316,IN CUL : Noodles Chicken,CULINARY,F&B,48.0,7.464,6.816,40.163,12371510
12378316,MAGGI 2-MIN NDLS Chicken 48x142g N3 IN,MAGGI 2-MINUTE NOODLES Chicken 142g,12378316,IN CUL : Noodles Chicken,CULINARY,F&B,48.0,7.5,6.816,40.163,12378316
12406518,MAGGI 2-MINN Chicken 48x142g PR Spork IN,MAGGI 2-MINUTE NOODLES Chicken 142g,12378316,IN CUL : Noodles Chicken,CULINARY,F&B,48.0,7.4,6.816,40.163,12406518
12446235,MAGGI 2-MINN Chicken 48x142g PR Paytm IN,MAGGI 2-MINUTE NOODLES Chicken 142g,12378316,IN CUL : Noodles Chicken,CULINARY,F&B,48.0,7.36,6.816,40.163,12446235
12460555,MAGGI 2-MINN Chicken 48x142g N1 IN,MAGGI 2-MINUTE NOODLES Chicken 142g,12378316,IN CUL : Noodles Chicken,CULINARY,F&B,48.0,7.36,6.816,40.163,12460555
12571586,MAGGI 2-MINN Chkn 48x142g RC IN,MAGGI 2-MINUTE NOODLES Chicken 142g,12378316,IN CUL : Noodles Chicken,CULINARY,F&B,48.0,7.36,6.816,40.163,12571586
12089000,MAGGI 2-MINUTE NOODLES Chicken 24x360gIN,MAGGI 2-MINUTE NOODLES Chicken 284g,12303548,IN CUL : Noodles Chicken,CULINARY,F&B,24.0,9.62,8.64,45.59,12089000
12138919,MAGGI 2-MINUTE NOODLES Chicken 24x340gIN,MAGGI 2-MINUTE NOODLES Chicken 284g,12303548,IN CUL : Noodles Chicken,CULINARY,F&B,24.0,9.62,8.16,45.59,12138919
12160486,MAGGI 2-MINUTE NOODLES Chkn 24x320g IN,MAGGI 2-MINUTE NOODLES Chicken 284g,12303548,IN CUL : Noodles Chicken,CULINARY,F&B,24.0,8.47,7.68,45.59,12160486
12194691,MAGGI 2-MINUTE NOODLES Chkn 24x304g IN,MAGGI 2-MINUTE NOODLES Chicken 284g,12303548,IN CUL : Noodles Chicken,CULINARY,F&B,24.0,8.47,7.296,45.59,12194691
12218213,MAGGI 2-MIN NDLS Chkn 24x304g Fr KK2F IN,MAGGI 2-MINUTE NOODLES Chicken 284g,12303548,IN CUL : Noodles Chicken,CULINARY,F&B,24.0,8.47,7.296,45.59,12218213
12239720,MAGGI 2-MINN Chicken 24x304g PR GIFTS IN,MAGGI 2-MINUTE NOODLES Chicken 284g,12303548,IN CUL : Noodles Chicken,CULINARY,F&B,24.0,8.47,7.296,45.59,12239720
12251440,MAGGI 2-MINN Chkn 24*304g PR Fr Mas10 IN,MAGGI 2-MINUTE NOODLES Chicken 284g,12303548,IN CUL : Noodles Chicken,CULINARY,F&B,24.0,8.47,7.296,40.32,12251440
12258604,MAGGI 2-MINN Chicken 24x284g IN,MAGGI 2-MINUTE NOODLES Chicken 284g,12303548,IN CUL : Noodles Chicken,CULINARY,F&B,24.0,7.51,6.816,39.245,12258604
12269142,MAGGI 2-MINN Chkn 24*284g PR Fr VATTA IN,MAGGI 2-MINUTE NOODLES Chicken 284g,12303548,IN CUL : Noodles Chicken,CULINARY,F&B,24.0,7.51,6.816,39.245,12269142
12303548,MAGGI 2-MINN Chicken 24x284g N1 IN,MAGGI 2-MINUTE NOODLES Chicken 284g,12303548,IN CUL : Noodles Chicken,CULINARY,F&B,24.0,7.51,6.816,39.245,12303548
12337103,MAG 2-MINN Chkn24x284gPR HHChkn Chli IN,MAGGI 2-MINUTE NOODLES Chicken 284g,12303548,IN CUL : Noodles Chicken,CULINARY,F&B,24.0,7.5,6.816,40.92,12337103
12368076,MAGGI 2-MINN Chkn 24x284g N1 PR Bowl IN,MAGGI 2-MINUTE NOODLES Chicken 284g,12303548,IN CUL : Noodles Chicken,CULINARY,F&B,24.0,7.5,6.816,40.92,12368076
12372679,MAGGI 2-MIN NDLS Chicken 24x284g N2 IN,MAGGI 2-MINUTE NOODLES Chicken 284g,12303548,IN CUL : Noodles Chicken,CULINARY,F&B,24.0,7.5,6.816,39.245,12372679
12378318,MAGGI 2-MIN NDLS Chicken 24x284g N3 IN,MAGGI 2-MINUTE NOODLES Chicken 284g,12303548,IN CUL : Noodles Chicken,CULINARY,F&B,24.0,7.5,6.816,39.245,12378318
12384959,MAGGI 2-MINN Chkn 24x284g N2 PR Bowl IN,MAGGI 2-MINUTE NOODLES Chicken 284g,12303548,IN CUL : Noodles Chicken,CULINARY,F&B,24.0,7.5,6.816,40.92,12384959
12392134,MAGGI 2-MINN Chicken 24x284g PR Spork IN,MAGGI 2-MINUTE NOODLES Chicken 284g,12303548,IN CUL : Noodles Chicken,CULINARY,F&B,24.0,7.51,6.816,40.92,12392134
12414500,MAGGI 2-MINN Chicken 24x284g PR CMP IN,MAGGI 2-MINUTE NOODLES Chicken 284g,12303548,IN CUL : Noodles Chicken,CULINARY,F&B,24.0,7.51,6.816,40.92,12414500
12427605,MAGGI Chicken Noodles 24x284g PR Gold IN,MAGGI 2-MINUTE NOODLES Chicken 284g,12303548,IN CUL : Noodles Chicken,CULINARY,F&B,24.0,7.51,6.816,40.92,12427605
12438237,MAGGI Chkn Ndls 24x284g PR Sprice IN,MAGGI 2-MINUTE NOODLES Chicken 284g,12303548,IN CUL : Noodles Chicken,CULINARY,F&B,24.0,7.51,6.816,36.192,12438237
12460557,MAGGI 2-MINN Chicken 24x284g N2 IN,MAGGI 2-MINUTE NOODLES Chicken 284g,12303548,IN CUL : Noodles Chicken,CULINARY,F&B,24.0,7.51,6.816,36.192,12460557
12487447,MAGGI 2-MINN Chkn 24x284g PR SpecChkn IN,MAGGI 2-MINUTE NOODLES Chicken 284g,12303548,IN CUL : Noodles Chicken,CULINARY,F&B,24.0,7.51,6.816,36.192,12487447
12519865,MAGGI 2-MINN Chkn 24x284g PR Everyday IN,MAGGI 2-MINUTE NOODLES Chicken 284g,12303548,IN CUL : Noodles Chicken,CULINARY,F&B,24.0,7.51,6.816,36.192,12519865
12527705,MAGGI 2-MINN Chkn 24x284g PR CMP Fr IN,MAGGI 2-MINUTE NOODLES Chicken 284g,12303548,IN CUL : Noodles Chicken,CULINARY,F&B,24.0,7.51,6.816,36.192,12527705
12538402,MAGGI 2-MINN Chkn 24x284g PR Ndl 140g IN,MAGGI 2-MINUTE NOODLES Chicken 284g,12303548,IN CUL : Noodles Chicken,CULINARY,F&B,24.0,7.51,6.816,36.192,12538402
12549535,MAGGI Chicken 24x284g PR Eday Fr IN,MAGGI 2-MINUTE NOODLES Chicken 284g,12303548,IN CUL : Noodles Chicken,CULINARY,F&B,24.0,7.51,6.816,36.192,12549535
12556899,MAG 2-MINN Chkn 24x284g PR71g Chkn Fr IN,MAGGI 2-MINUTE NOODLES Chicken 284g,12303548,IN CUL : Noodles Chicken,CULINARY,F&B,24.0,7.51,6.816,36.192,12556899
12567793,MAG 2-MINN Chkn 24x284g PR TK Pichkoo IN,MAGGI 2-MINUTE NOODLES Chicken 284g,12303548,IN CUL : Noodles Chicken,CULINARY,F&B,24.0,7.51,6.816,36.192,12567793
12571612,MAGGI Chkn 24x284g PR Cubes Fr IN,MAGGI 2-MINUTE NOODLES Chicken 284g,12303548,IN CUL : Noodles Chicken,CULINARY,F&B,24.0,7.51,6.816,36.192,12571612
12579628,MAGGI Chkn 24x284g PR Chkn Dbls Fr IN,MAGGI 2-MINUTE NOODLES Chicken 284g,12303548,IN CUL : Noodles Chicken,CULINARY,F&B,24.0,7.51,6.816,36.192,12579628
12571560,MAGGI 2-MINN Chkn 24x284g RC IN,MAGGI 2-MINUTE NOODLES Chicken 284g,12303548,IN CUL : Noodles Chicken,CULINARY,F&B,24.0,7.51,6.816,36.192,12571560
12592627,MAG 2-MINN Chkn 24x284gPR TK PichkooFrIN,MAGGI 2-MINUTE NOODLES Chicken 284g,12303548,IN CUL : Noodles Chicken,CULINARY,F&B,24.0,7.51,6.816,36.192,12592627
12089001,MAGGI 2-MINUTE NOODLES Chicken 96x90gIN,MAGGI 2-MINUTE NOODLES Chicken 71g,12303547,IN CUL : Noodles Chicken,CULINARY,F&B,96.0,9.62,8.64,43.68,12089001
12138917,MAGGI 2-MINUTE NOODLES Chicken 96x85gIN,MAGGI 2-MINUTE NOODLES Chicken 71g,12303547,IN CUL : Noodles Chicken,CULINARY,F&B,96.0,9.62,8.16,43.68,12138917
12160488,MAGGI 2-MINUTE NOODLES Chicken 96x80gIN,MAGGI 2-MINUTE NOODLES Chicken 71g,12303547,IN CUL : Noodles Chicken,CULINARY,F&B,96.0,8.52,7.68,43.68,12160488
12194338,MAGGI 2-MINUTE NOODLES Chicken 96x76gIN,MAGGI 2-MINUTE NOODLES Chicken 71g,12303547,IN CUL : Noodles Chicken,CULINARY,F&B,96.0,8.52,7.296,43.68,12194338
12231054,MAGGI 2-MINUTE NDLS Chicken 108x76g IN,MAGGI 2-MINUTE NOODLES Chicken 71g,12303547,IN CUL : Noodles Chicken,CULINARY,F&B,108.0,9.12,8.208,43.68,12231054
12239659,MAGGI 2-MINN Chicken 108x76g PR GIFTS IN,MAGGI 2-MINUTE NOODLES Chicken 71g,12303547,IN CUL : Noodles Chicken,CULINARY,F&B,108.0,9.12,8.208,43.68,12239659
12239926,MAGGI 2-MINN Chicken 96x76g PR GIFTS IN,MAGGI 2-MINUTE NOODLES Chicken 71g,12303547,IN CUL : Noodles Chicken,CULINARY,F&B,96.0,8.52,7.296,43.68,12239926
12250790,MAGGI 2-MINN Chicken 108x76gPR B2GRs5 IN,MAGGI 2-MINUTE NOODLES Chicken 71g,12303547,IN CUL : Noodles Chicken,CULINARY,F&B,108.0,9.12,8.208,43.68,12250790
12259573,MAGGI 2-MINN Chicken 96*71g IN,MAGGI 2-MINUTE NOODLES Chicken 71g,12303547,IN CUL : Noodles Chicken,CULINARY,F&B,96.0,8.36,6.816,39.245,12259573
12263193,MAGGI 2-MINN Chicken 108*71g IN,MAGGI 2-MINUTE NOODLES Chicken 71g,12303547,IN CUL : Noodles Chicken,CULINARY,F&B,108.0,8.52,7.668,41.31,12263193
12269828,MAGGI 2-MINN Chicken108x71g PR B3GRs5 IN,MAGGI 2-MINUTE NOODLES Chicken 71g,12303547,IN CUL : Noodles Chicken,CULINARY,F&B,108.0,8.52,7.668,41.31,12269828
12303547,MAGGI 2-MINN Chicken 96*71g N1 IN,MAGGI 2-MINUTE NOODLES Chicken 71g,12303547,IN CUL : Noodles Chicken,CULINARY,F&B,96.0,8.36,6.816,36.89,12303547
12372678,MAGGI 2-MIN NDLS Chicken 96x71g N2 IN,MAGGI 2-MINUTE NOODLES Chicken 71g,12303547,IN CUL : Noodles Chicken,CULINARY,F&B,96.0,8.3,6.816,39.245,12372678
12378317,MAGGI 2-MIN NDLS Chicken 96x71g N3 IN,MAGGI 2-MINUTE NOODLES Chicken 71g,12303547,IN CUL : Noodles Chicken,CULINARY,F&B,96.0,8.3,6.816,33.38,12378317
12406520,MAGGI 2-MINN Chicken 96x71g PR Spork IN,MAGGI 2-MINUTE NOODLES Chicken 71g,12303547,IN CUL : Noodles Chicken,CULINARY,F&B,96.0,7.5,6.816,36.89,12406520
12417879,MAGGI Chkn Ndls 96x71g PR MeMChkn Msl IN,MAGGI 2-MINUTE NOODLES Chicken 71g,12303547,IN CUL : Noodles Chicken,CULINARY,F&B,96.0,7.5,6.816,39.162,12417879
12427774,MAGGI Chicken Noodles 96x71g PR Paytm IN,MAGGI 2-MINUTE NOODLES Chicken 71g,12303547,IN CUL : Noodles Chicken,CULINARY,F&B,96.0,7.5,6.816,39.162,12427774
12460548,MAGGI 2-MINN Chicken 96x71g N4 IN,MAGGI 2-MINUTE NOODLES Chicken 71g,12303547,IN CUL : Noodles Chicken,CULINARY,F&B,96.0,7.51,6.816,34.684,12460548
12505396,MAGGI 2-MINN Chkn 95x71g PR B4G1 Spec IN,MAGGI 2-MINUTE NOODLES Chicken 71g,12303547,IN CUL : Noodles Chicken,CULINARY,F&B,95.0,7.5,6.745,36.192,12505396
12572968,MAGGI 2-MINN Chkn 96x71g RC IN,MAGGI 2-MINUTE NOODLES Chicken 71g,12303547,IN CUL : Noodles Chicken,CULINARY,F&B,96.0,7.51,6.816,36.192,12572968
12579657,MAGGI 2-MINN Chkn 96x71g PR B2G1 Fr IN,MAGGI 2-MINUTE NOODLES Chicken 71g,12303547,IN CUL : Noodles Chicken,CULINARY,F&B,96.0,7.51,6.816,36.192,12579657
12392620,MAGGI 2-MINN Festive Cooking 12x376g IN,MAGGI 2-MINUTE NOODLES Festive Cooking 376g,12392620,IN CUL : MAGGI Assortment Packs - GP,CULINARY,F&B,12.0,7.4,4.512,50.493,12392620
12427453,MAGGI Festive Favourites 12x365.5g IN,MAGGI 2-MINUTE NOODLES Festive Cooking 376g,12392620,IN CUL : MAGGI Assortment Packs - GP,CULINARY,F&B,12.0,7.3,4.386,50.493,12427453
12356008,MAGGI Festive Flavours Gpk 12x438g IN,MAGGI 2-MINUTE NOODLES Festive Cooking 438g,12356008,IN CUL : MAGGI Assortment Packs - GP,CULINARY,F&B,12.0,8.64,5.256,68.567,12356008
12381462,MAGGI 2-MINN Festive Cooking 12x490g IN,MAGGI 2-MINUTE NOODLES Festive Cooking 490g,12381462,IN CUL : MAGGI Assortment Packs - GP,CULINARY,F&B,12.0,8.8,5.88,64.393,12381462
12392549,MAGGI 2-MINN Festive Cooking 8x809g IN,MAGGI 2-MINUTE NOODLES Festive Cooking 809g,12392549,IN CUL : MAGGI Assortment Packs - GP,CULINARY,F&B,8.0,9.5,6.472,69.184,12392549
12427480,MAGGI Festive Favourites 8x786.5g IN,MAGGI 2-MINUTE NOODLES Festive Cooking 809g,12392549,IN CUL : MAGGI Assortment Packs - GP,CULINARY,F&B,8.0,9.5,6.292,69.184,12427480
12356009,MAGGI Festive Flavours GPk 8x857g IN,MAGGI 2-MINUTE NOODLES Festive Cooking 857g,12356009,IN CUL : MAGGI Assortment Packs - GP,CULINARY,F&B,8.0,10.5,6.856,68.637,12356009
12089046,MAGGI 2-MINUTE NOODLES Masala 3x2.16kgIN,MAGGI 2-MINUTE NOODLES Masala 1.68kg,12342079,IN CUL : Noodles - FS,NP,NP,3.0,7.4,6.48,33.894,12089046
12101023,MAGGI 2-MINUTE NOODLES Masala 4x2.16kgIN,MAGGI 2-MINUTE NOODLES Masala 1.68kg,12342079,IN CUL : Noodles - FS,NP,NP,4.0,9.6,8.64,35.72,12101023
12137542,MAGGI 2-MINUTE NOODLES Masala 4x2.04kgIN,MAGGI 2-MINUTE NOODLES Masala 1.68kg,12342079,IN CUL : Noodles - FS,NP,NP,4.0,9.6,8.16,35.72,12137542
12161728,MAGGI 2-MINUTE NOODLES Masala 4x1.92kgIN,MAGGI 2-MINUTE NOODLES Masala 1.68kg,12342079,IN CUL : Noodles - FS,NP,NP,4.0,9.1,7.68,35.72,12161728
12205239,MAGGI 2-MINUTE NOODLES Masala 4x1.8kg IN,MAGGI 2-MINUTE NOODLES Masala 1.68kg,12342079,IN CUL : Noodles - FS,NP,NP,4.0,8.1,7.2,36.613,12205239
12241240,MAGGI 2-MINUTE NOODLES Mas 4x1.68Kg IN,MAGGI 2-MINUTE NOODLES Masala 1.68kg,12342079,IN CUL : Noodles - FS,NP,NP,4.0,7.69,6.72,38.376,12241240
12256369,MAGGI 2-MINUTE NOODLES Mas 5x1.68Kg IN,MAGGI 2-MINUTE NOODLES Masala 1.68kg,12342079,IN CUL : Noodles - FS,NP,NP,5.0,9.37,8.4,43.625,12256369
12303318,MAGGI 2MINUTE NOODLES Mas 5x1.68Kg N1 IN,MAGGI 2-MINUTE NOODLES Masala 1.68kg,12342079,IN CUL : Noodles - FS,NP,NP,5.0,9.564,8.4,27.199,12303318
12319703,MAGGI 2MINUTE NOODLES Mas 5x1.68Kg N2 IN,MAGGI 2-MINUTE NOODLES Masala 1.68kg,12342079,IN CUL : Noodles - FS,NP,NP,5.0,9.4,8.4,45.643,12319703
12342079,MAGGI 2-MIN NOODLES Mas 5x1.68Kg N3 IN,MAGGI 2-MINUTE NOODLES Masala 1.68kg,12342079,IN CUL : Noodles - FS,NP,NP,5.0,9.4,8.4,45.643,12342079
12372774,MAGGI 2-MIN NOODLES Masala5x1.68Kg N4 IN,MAGGI 2-MINUTE NOODLES Masala 1.68kg,12342079,IN CUL : Noodles - FS,NP,NP,5.0,9.4,8.4,45.643,12372774
12378381,MAGGI 2-MIN NOODLES Masala5x1.68Kg N5 IN,MAGGI 2-MINUTE NOODLES Masala 1.68kg,12342079,IN CUL : Noodles - FS,NP,NP,5.0,9.4,8.4,43.71,12378381
12501101,MAGGI 2-MIN Ndls Masala 5x1.68Kg N1 IN,MAGGI 2-MINUTE NOODLES Masala 1.68kg,12342079,IN CUL : Noodles - FS,NP,NP,5.0,9.4,8.4,44.074,12501101
12522899,MAGGI 2-MIN Ndls Masala 5x1.68Kg N2 IN,MAGGI 2-MINUTE NOODLES Masala 1.68kg,12342079,IN CUL : Noodles - FS,NP,NP,5.0,9.4,8.4,44.074,12522899
12574779,MAGGI 2-MIN Ndls Masala 5x1.68Kg N3 IN,MAGGI 2-MINUTE NOODLES Masala 1.68kg,12342079,IN CUL : Noodles - FS,NP,NP,5.0,9.89,8.4,44.074,12574779
11340294,MAGGI 2-MINUTE NOODLES Masala 48x200g IN,MAGGI 2-MINUTE NOODLES Masala 140g,12339347,IN CUL : Noodles,CULINARY,F&B,48.0,10.62,9.6,45.59,11340294
12089002,MAGGI 2-MINUTE NOODLES Masala 48x180g IN,MAGGI 2-MINUTE NOODLES Masala 140g,12339347,IN CUL : Noodles,CULINARY,F&B,48.0,9.62,8.64,45.59,12089002
12138913,MAGGI 2-MINUTE NOODLES Masala 48x170g IN,MAGGI 2-MINUTE NOODLES Masala 140g,12339347,IN CUL : Noodles,CULINARY,F&B,48.0,9.62,8.16,45.59,12138913
12160512,MAGGI 2-MINUTE NOODLES Masala 48x160g IN,MAGGI 2-MINUTE NOODLES Masala 140g,12339347,IN CUL : Noodles,CULINARY,F&B,48.0,8.48,7.68,45.59,12160512
12194837,MAGGI 2-MINUTE NOODLES Masala 48x150g IN,MAGGI 2-MINUTE NOODLES Masala 140g,12339347,IN CUL : Noodles,CULINARY,F&B,48.0,8.17,7.2,45.59,12194837
12213255,MAGGI 2-MINUTE NOODLES Masala 48x140g IN,MAGGI 2-MINUTE NOODLES Masala 140g,12339347,IN CUL : Noodles,CULINARY,F&B,48.0,7.5,6.72,38.974,12213255
12239105,MAGGI 2-MINN Mas 48x140g PR GIFTS IN,MAGGI 2-MINUTE NOODLES Masala 140g,12339347,IN CUL : Noodles,CULINARY,F&B,48.0,8.17,6.72,45.59,12239105
12275507,MAGGI 2-MINN NDLS Masala 48x140g N2 IN,MAGGI 2-MINUTE NOODLES Masala 140g,12339347,IN CUL : Noodles,CULINARY,F&B,48.0,7.5,6.72,38.68,12275507
12304734,MAGGI 2-MINN NDLS Masala 48x140g IN,MAGGI 2-MINUTE NOODLES Masala 140g,12339347,IN CUL : Noodles,CULINARY,F&B,48.0,7.364,6.72,40.163,12304734
12339347,MAGGI 2-MIN Mas Ndls Fe Fort 48x140g IN,MAGGI 2-MINUTE NOODLES Masala 140g,12339347,IN CUL : Noodles,CULINARY,F&B,48.0,7.364,6.72,40.163,12339347
12342173,MAGGI 2-MIN Mas Ndls 48x140g PR Srs3 IN,MAGGI 2-MINUTE NOODLES Masala 140g,12339347,IN CUL : Noodles,CULINARY,F&B,48.0,7.364,6.72,40.163,12342173
12342789,MAGGI 2-MIN Mas Ndls 48x140gPR SPrice IN,MAGGI 2-MINUTE NOODLES Masala 140g,12339347,IN CUL : Noodles,CULINARY,F&B,48.0,7.364,6.72,40.163,12342789
12372059,MAGGI 2-MINN Masala Fe Fort48x140g N1 IN,MAGGI 2-MINUTE NOODLES Masala 140g,12339347,IN CUL : Noodles,CULINARY,F&B,48.0,7.3,6.72,40.163,12372059
12377891,MAGGI 2-MINN Masala Fe Fort48x140g N2 IN,MAGGI 2-MINUTE NOODLES Masala 140g,12339347,IN CUL : Noodles,CULINARY,F&B,48.0,7.3,6.72,37.68,12377891
12471455,MAGGI 2-MINN Masala 48x140g N3 IN,MAGGI 2-MINUTE NOODLES Masala 140g,12339347,IN CUL : Noodles,CULINARY,F&B,48.0,7.3,6.72,40.95,12471455
12518418,MAGGI 2-MINN Masala 48x140g N1 IN,MAGGI 2-MINUTE NOODLES Masala 140g,12339347,IN CUL : Noodles,CULINARY,F&B,48.0,7.3,6.72,41.16,12518418
12560729,MAGGI 2-MIN Mas 48x140g PR Paytm IN,MAGGI 2-MINUTE NOODLES Masala 140g,12339347,IN CUL : Noodles,CULINARY,F&B,48.0,7.4,6.72,40.163,12560729
12539444,MAGGI 2-MINN Masala 48x140g N4 IN,MAGGI 2-MINUTE NOODLES Masala 140g,12339347,IN CUL : Noodles,CULINARY,F&B,48.0,7.62,6.72,40.719,12539444
12623517,MAGGI 2-MINN Masala 48x140g N6 IN,MAGGI 2-MINUTE NOODLES Masala 140g,12339347,IN CUL : Noodles,CULINARY,F&B,48.0,7.68,6.72,40.719,12623517
12061296,MAGGI 2-MINUTE NOODLES Masala 24x380g IN,MAGGI 2-MINUTE NOODLES Masala 280g,12339349,IN CUL : Noodles,CULINARY,F&B,24.0,10.1,9.12,45.59,12061296
12089011,MAGGI 2-MINUTE NOODLES Masala 24x360g IN,MAGGI 2-MINUTE NOODLES Masala 280g,12339349,IN CUL : Noodles,CULINARY,F&B,24.0,9.62,8.64,45.59,12089011
12138914,MAGGI 2-MINUTE NOODLES Masala 24x340g IN,MAGGI 2-MINUTE NOODLES Masala 280g,12339349,IN CUL : Noodles,CULINARY,F&B,24.0,9.62,8.16,45.59,12138914
12160511,MAGGI 2-MINUTE NOODLES Masala 24x320g IN,MAGGI 2-MINUTE NOODLES Masala 280g,12339349,IN CUL : Noodles,CULINARY,F&B,24.0,8.47,7.68,45.59,12160511
12194836,MAGGI 2-MINUTE NOODLES Masala 24x300g IN,MAGGI 2-MINUTE NOODLES Masala 280g,12339349,IN CUL : Noodles,CULINARY,F&B,24.0,8.16,7.2,45.59,12194836
12213256,MAGGI 2-MINUTE NOODLES Masala 24x280g IN,MAGGI 2-MINUTE NOODLES Masala 280g,12339349,IN CUL : Noodles,CULINARY,F&B,24.0,7.49,6.72,38.974,12213256
12221247,MAGGI 2-MIN NDLS Mas 24x300g PR Mgc72 IN,MAGGI 2-MINUTE NOODLES Masala 280g,12339349,IN CUL : Noodles,CULINARY,F&B,24.0,8.16,7.2,45.59,12221247
12239104,MAGGI 2-MINN Mas 24x280g PR GIFTS IN,MAGGI 2-MINUTE NOODLES Masala 280g,12339349,IN CUL : Noodles,CULINARY,F&B,24.0,7.46,6.72,45.59,12239104
12243550,MAGGI 2MINN Mas 24x300g PR GIFTS IN,MAGGI 2-MINUTE NOODLES Masala 280g,12339349,IN CUL : Noodles,CULINARY,F&B,24.0,8.16,7.2,45.59,12243550
12275508,MAGGI 2-MINN NDLS Masala 24x280g N2 IN,MAGGI 2-MINUTE NOODLES Masala 280g,12339349,IN CUL : Noodles,CULINARY,F&B,24.0,7.49,6.72,38.68,12275508
12301230,MAGGI 2-MINN NDLS Mas 24x280g IN,MAGGI 2-MINUTE NOODLES Masala 280g,12339349,IN CUL : Noodles,CULINARY,F&B,24.0,7.42,6.72,41.31,12301230
12326897,MAGGI 2-MIN NDLS Mas24x280gPR Sunrise IN,MAGGI 2-MINUTE NOODLES Masala 280g,12339349,IN CUL : Noodles,CULINARY,F&B,24.0,7.42,6.72,41.31,12326897
12334619,MAGGI 2-MIN NDLS Mas 24x280g PR MSau IN,MAGGI 2-MINUTE NOODLES Masala 280g,12339349,IN CUL : Noodles,CULINARY,F&B,24.0,7.42,6.72,41.31,12334619
12339087,MAGGI 2-MIN NDLS Mas 24x280g PR M70g IN,MAGGI 2-MINUTE NOODLES Masala 280g,12339349,IN CUL : Noodles,CULINARY,F&B,24.0,7.42,6.72,41.31,12339087
12339089,MAGGI 2-MIN NDLS Mas 24x280g PR H&S D IN,MAGGI 2-MINUTE NOODLES Masala 280g,12339349,IN CUL : Noodles,CULINARY,F&B,24.0,7.42,6.72,35.357,12339089
12339349,MAGGI 2-MIN Mas Ndls Fe Fort 24x280g IN,MAGGI 2-MINUTE NOODLES Masala 280g,12339349,IN CUL : Noodles,CULINARY,F&B,24.0,7.49,6.72,41.31,12339349
12347476,MAGGI 2-MIN Mas Ndls 24x280g PRMas50g IN,MAGGI 2-MINUTE NOODLES Masala 280g,12339349,IN CUL : Noodles,CULINARY,F&B,24.0,7.49,6.72,41.31,12347476
12361931,MAGGI 2-MINN Ndls 24x280g PR MOI IN,MAGGI 2-MINUTE NOODLES Masala 280g,12339349,IN CUL : Noodles,CULINARY,F&B,24.0,7.49,6.72,41.31,12361931
12372058,MAGGI 2-MINN Masala Fe Fort24x280g N1 IN,MAGGI 2-MINUTE NOODLES Masala 280g,12339349,IN CUL : Noodles,CULINARY,F&B,24.0,7.4,6.72,41.31,12372058
12375017,MAGGI 2-MINN Masala 24x280g PR Spork IN,MAGGI 2-MINUTE NOODLES Masala 280g,12339349,IN CUL : Noodles,CULINARY,F&B,24.0,7.4,6.72,36.192,12375017
12375018,MAGGI 2-MINN Mas24x280g PR Spec Price IN,MAGGI 2-MINUTE NOODLES Masala 280g,12339349,IN CUL : Noodles,CULINARY,F&B,24.0,7.4,6.72,36.192,12375018
12375146,MAGGI 2-MINN Mas 24x280g PR Biscuit IN,MAGGI 2-MINUTE NOODLES Masala 280g,12339349,IN CUL : Noodles,CULINARY,F&B,24.0,7.4,6.72,36.192,12375146
12378029,MAGGI 2-MINN Masala Fe Fort24x280g N2 IN,MAGGI 2-MINUTE NOODLES Masala 280g,12339349,IN CUL : Noodles,CULINARY,F&B,24.0,7.4,6.72,33.99,12378029
12378030,MAGGI 2-MINN Mas 24x280g PR Spork N1 IN,MAGGI 2-MINUTE NOODLES Masala 280g,12339349,IN CUL : Noodles,CULINARY,F&B,24.0,7.4,6.72,36.192,12378030
12378038,MAGGI 2-MINN Mas24x280g PR Biscuit N1 IN,MAGGI 2-MINUTE NOODLES Masala 280g,12339349,IN CUL : Noodles,CULINARY,F&B,24.0,7.4,6.72,36.192,12378038
12382093,MAGGI 2-MINN Mas 24x280g PR Spork N2 IN,MAGGI 2-MINUTE NOODLES Masala 280g,12339349,IN CUL : Noodles,CULINARY,F&B,24.0,7.4,6.72,36.192,12382093
12391613,MAGGI 2-MINN Masala24x280g PR Sunrise IN,MAGGI 2-MINUTE NOODLES Masala 280g,12339349,IN CUL : Noodles,CULINARY,F&B,24.0,7.4,6.72,36.192,12391613
12401248,MAGGI 2-MINN Mas 24x280g Spl Mas Band IN,MAGGI 2-MINUTE NOODLES Masala 280g,12339349,IN CUL : Noodles,CULINARY,F&B,24.0,7.5,6.72,33.18,12401248
12402866,MAGGI 2-MINN Mas24x280g PR Biscuit N2 IN,MAGGI 2-MINUTE NOODLES Masala 280g,12339349,IN CUL : Noodles,CULINARY,F&B,24.0,7.4,6.72,36.192,12402866
12404376,MAGGI 2-MINN Mas 24x280g PR Nescafe IN,MAGGI 2-MINUTE NOODLES Masala 280g,12339349,IN CUL : Noodles,CULINARY,F&B,24.0,7.4,6.72,36.192,12404376
12420395,MAGGI 2-MINN Mas 24x280g Recipes IN,MAGGI 2-MINUTE NOODLES Masala 280g,12339349,IN CUL : Noodles,CULINARY,F&B,24.0,7.4,6.72,34.023,12420395
12422274,MAGGI 2-MINN Masala 24x280g PR SPrice IN,MAGGI 2-MINUTE NOODLES Masala 280g,12339349,IN CUL : Noodles,CULINARY,F&B,24.0,7.42,6.72,34.827,12422274
12437913,MAGGI 2-MINN Mas24x280g Special Price IN,MAGGI 2-MINUTE NOODLES Masala 280g,12339349,IN CUL : Noodles,CULINARY,F&B,24.0,7.42,6.72,36.192,12437913
12475693,MAGGI 2-MINN Mas 24x280g PR Save 5 Rs IN,MAGGI 2-MINUTE NOODLES Masala 280g,12339349,IN CUL : Noodles,CULINARY,F&B,24.0,7.42,6.72,35.496,12475693
12481441,MAG 2-MINN Mas24x280g PR SchoolAmazon IN,MAGGI 2-MINUTE NOODLES Masala 280g,12339349,IN CUL : Noodles,CULINARY,F&B,24.0,7.42,6.72,36.192,12481441
12503087,MAGGI 2-MINN 24x280g PR Chatpata Fr IN,MAGGI 2-MINUTE NOODLES Masala 280g,12339349,IN CUL : Noodles,CULINARY,F&B,24.0,7.49,6.72,36.192,12503087
12503088,MAGGI 2-MINN 24x280g PR Desi Fr IN,MAGGI 2-MINUTE NOODLES Masala 280g,12339349,IN CUL : Noodles,CULINARY,F&B,24.0,7.42,6.72,36.192,12503088
12503473,MAGGI 2-MINN Mas 24x280g PR Diwali IN,MAGGI 2-MINUTE NOODLES Masala 280g,12339349,IN CUL : Noodles,CULINARY,F&B,24.0,7.42,6.72,36.192,12503473
12462908,MAGGI 2-MINN Mas 24x280g Recipes N1 IN,MAGGI 2-MINUTE NOODLES Masala 280g,12339349,IN CUL : Noodles,CULINARY,F&B,24.0,7.4,6.72,36.192,12462908
12508372,MAGGI 2-MINN Mas 24x280g PR New Spec IN,MAGGI 2-MINUTE NOODLES Masala 280g,12339349,IN CUL : Noodles,CULINARY,F&B,24.0,7.42,6.72,36.192,12508372
12520633,MAG 2-MINN Mas 24x280g PR New Spec N2 IN,MAGGI 2-MINUTE NOODLES Masala 280g,12339349,IN CUL : Noodles,CULINARY,F&B,24.0,7.42,6.72,36.192,12520633
12516479,MAGGI 2-MINN Mas 24x280g PR Veggie Fr IN,MAGGI 2-MINUTE NOODLES Masala 280g,12339349,IN CUL : Noodles,CULINARY,F&B,24.0,7.4,6.72,34.827,12516479
12518419,MAGGI 2-MINN Mas 24x280g Recipes N2 IN,MAGGI 2-MINUTE NOODLES Masala 280g,12339349,IN CUL : Noodles,CULINARY,F&B,24.0,7.4,6.72,37.7,12518419
12549618,MAGGI 2-MINN Mas 24x280g PR Special IN,MAGGI 2-MINUTE NOODLES Masala 280g,12339349,IN CUL : Noodles,CULINARY,F&B,24.0,7.42,6.72,37.7,12549618
12538709,MAGGI 2-MINN Mas 24x280g PR Rang N1 IN,MAGGI 2-MINUTE NOODLES Masala 280g,12339349,IN CUL : Noodles,CULINARY,F&B,24.0,7.42,6.72,36.192,12538709
12556451,MAGGI 2-MINN Mas 24x280g PR Nestea IN,MAGGI 2-MINUTE NOODLES Masala 280g,12339349,IN CUL : Noodles,CULINARY,F&B,24.0,7.42,6.72,36.192,12556451
12559325,MAGGI 2-MINN Mas 24x280g PR KOKO IN,MAGGI 2-MINUTE NOODLES Masala 280g,12339349,IN CUL : Noodles,CULINARY,F&B,24.0,7.42,6.72,36.192,12559325
12539467,MAGGI 2-MINN Mas 24x280g N2 IN,MAGGI 2-MINUTE NOODLES Masala 280g,12339349,IN CUL : Noodles,CULINARY,F&B,24.0,7.52,6.72,36.192,12539467
12567881,MAGGI 2-MIN Mas 24x280g PR SpecP IN,MAGGI 2-MINUTE NOODLES Masala 280g,12339349,IN CUL : Noodles,CULINARY,F&B,24.0,7.4,6.72,35.496,12567881
12584168,MAG 2-MIN Mas 24x280g PR MUNCH Cereal IN,MAGGI 2-MINUTE NOODLES Masala 280g,12339349,IN CUL : Noodles,CULINARY,F&B,24.0,7.43,6.72,36.192,12584168
12579330,MAGGI 2-MIN Mas 24x280g PR SpecP N3 IN,MAGGI 2-MINUTE NOODLES Masala 280g,12339349,IN CUL : Noodles,CULINARY,F&B,24.0,7.4,6.72,35.496,12579330
12584193,MAGGI 2-MIN Mas 24x280g PR Ndls IN,MAGGI 2-MINUTE NOODLES Masala 280g,12339349,IN CUL : Noodles,CULINARY,F&B,24.0,7.43,6.72,36.192,12584193
12589853,MAGGI 2-MIN Mas 24x280g PR Rs3 Off NR IN,MAGGI 2-MINUTE NOODLES Masala 280g,12339349,IN CUL : Noodles,CULINARY,F&B,24.0,7.43,6.72,36.192,12589853
12608506,MAGGI 2-MINN Masala 24x280g NR IN,MAGGI 2-MINUTE NOODLES Masala 280g,12339349,IN CUL : Noodles,CULINARY,F&B,24.0,7.43,6.72,36.192,12608506
12612215,MAGGI 2-MIN Mas 24x280g PR Rs3 Off N1 IN,MAGGI 2-MINUTE NOODLES Masala 280g,12339349,IN CUL : Noodles,CULINARY,F&B,24.0,7.43,6.72,36.192,12612215
12303021,MAGGI 2-MIN Mas Non-Flow 192x35g IN,MAGGI 2-MINUTE NOODLES Masala 32g,12459072,IN CUL : Noodles,CULINARY,F&B,192.0,7.65,6.72,47.275,12303021
12304148,MAGGI 2-MINN Masala Sachet 252x35g N3 IN,MAGGI 2-MINUTE NOODLES Masala 32g,12459072,IN CUL : Noodles,CULINARY,F&B,252.0,10.1,8.82,53.998,12304148
12341665,MAGGI 2-MIN Mas Ndls Fe Fort 252x35g IN,MAGGI 2-MINUTE NOODLES Masala 32g,12459072,IN CUL : Noodles,CULINARY,F&B,252.0,10.1,8.82,52.309,12341665
12371514,MAGGI 2-MINN Masala Sachet 252x35g N4 IN,MAGGI 2-MINUTE NOODLES Masala 32g,12459072,IN CUL : Noodles,CULINARY,F&B,252.0,10.1,8.82,52.309,12371514
12372053,MAGGI 2-MINN Masala Fe Fort192x35g N1 IN,MAGGI 2-MINUTE NOODLES Masala 32g,12459072,IN CUL : Noodles,CULINARY,F&B,192.0,7.6,6.72,42.315,12372053
12378020,MAGGI 2-MINN Masala Sachet 252x35g N5 IN,MAGGI 2-MINUTE NOODLES Masala 32g,12459072,IN CUL : Noodles,CULINARY,F&B,252.0,10.1,8.82,52.309,12378020
12378039,MAGGI 2-MINN Masala Fe Fort192x35g N2 IN,MAGGI 2-MINUTE NOODLES Masala 32g,12459072,IN CUL : Noodles,CULINARY,F&B,192.0,7.6,6.72,42.315,12378039
12379570,MAGGI 2-MIN NDLS Masala Sachet256x35g IN,MAGGI 2-MINUTE NOODLES Masala 32g,12459072,IN CUL : Noodles,CULINARY,F&B,256.0,10.1,8.96,56.42,12379570
12382976,MAGGI 2-MINN Masala Sachet 252x35g N6 IN,MAGGI 2-MINUTE NOODLES Masala 32g,12459072,IN CUL : Noodles,CULINARY,F&B,252.0,10.1,8.82,52.309,12382976
12428837,MAGGI 2-MINUTE Noodles Masala 256x32g IN,MAGGI 2-MINUTE NOODLES Masala 32g,12459072,IN CUL : Noodles,CULINARY,F&B,256.0,9.3,8.192,53.4,12428837
12429845,MAGGI 2-MIN Mas Noodles 252x32g IN,MAGGI 2-MINUTE NOODLES Masala 32g,12459072,IN CUL : Noodles,CULINARY,F&B,252.0,9.1,8.064,47.977,12429845
12438754,MAGGI 2-MIN Mas Noodles 252x32g N1 IN,MAGGI 2-MINUTE NOODLES Masala 32g,12459072,IN CUL : Noodles,CULINARY,F&B,252.0,9.1,8.064,47.977,12438754
12449929,MAGGI 2-MINN Masala 320x32g IN,MAGGI 2-MINUTE NOODLES Masala 32g,12459072,IN CUL : Noodles,CULINARY,F&B,320.0,12.66,10.24,66.0,12449929
12459072,MAGGI 2-MINN Masala 320x32g N1 IN,MAGGI 2-MINUTE NOODLES Masala 32g,12459072,IN CUL : Noodles,CULINARY,F&B,320.0,12.66,10.24,65.835,12459072
12463632,MAGGI 2-MINN Masala 320x32g N2 IN,MAGGI 2-MINUTE NOODLES Masala 32g,12459072,IN CUL : Noodles,CULINARY,F&B,320.0,12.66,10.24,66.0,12463632
12466670,MAGGI 2-MINN Masala 320x32g N3 IN,MAGGI 2-MINUTE NOODLES Masala 32g,12459072,IN CUL : Noodles,CULINARY,F&B,320.0,12.66,10.24,64.089,12466670
12471454,MAGGI 2-MINN Masala 320x32g N4 IN,MAGGI 2-MINUTE NOODLES Masala 32g,12459072,IN CUL : Noodles,CULINARY,F&B,320.0,12.38,10.24,64.089,12471454
12475441,MAGGI 2-MINN Masala 320x32g N5 IN,MAGGI 2-MINUTE NOODLES Masala 32g,12459072,IN CUL : Noodles,CULINARY,F&B,320.0,12.66,10.24,64.089,12475441
12534083,MAGGI 2-MIN NOODLES 320x40g N1 IN,MAGGI 2-MINUTE NOODLES Masala 32g,12459072,IN CUL : Noodles,CULINARY,F&B,320.0,15.36,12.8,66.495,12534083
12533679,MAGGI 2-MIN NOODLES 320x40g IN,MAGGI 2-MINUTE NOODLES Masala 32g,12459072,IN CUL : Noodles,CULINARY,F&B,320.0,15.36,12.8,69.788,12533679
12570684,MAGGI 2-MINN Masala 320x32g N6 IN,MAGGI 2-MINUTE NOODLES Masala 32g,12459072,IN CUL : Noodles,CULINARY,F&B,320.0,12.68,10.24,64.089,12570684
12570936,MAGGI 2-MINN Masala 320x32g N9 IN,MAGGI 2-MINUTE NOODLES Masala 32g,12459072,IN CUL : Noodles,CULINARY,F&B,320.0,12.95,10.24,64.089,12570936
12608594,MAGGI 2-MINN Masala 320x32g PR 4+1 IN,MAGGI 2-MINUTE NOODLES Masala 32g,12459072,IN CUL : Noodles,CULINARY,F&B,320.0,12.657,10.24,64.089,12608594
12608635,MAGGI 2-MINN Masala Chain 320x32g N11 IN,MAGGI 2-MINUTE NOODLES Masala 32g,12459072,IN CUL : Noodles,CULINARY,F&B,320.0,12.67,10.24,68.434,12608635
12608640,MAGGI 2-MINN Mas Single 320x32g N12 IN,MAGGI 2-MINUTE NOODLES Masala 32g,12459072,IN CUL : Noodles,CULINARY,F&B,320.0,12.23,10.24,68.434,12608640
12620172,MAGGI 2-MINN Mas 320x32g PR Rs2Off N1 IN,MAGGI 2-MINUTE NOODLES Masala 32g,12459072,IN CUL : Noodles,CULINARY,F&B,320.0,12.62,10.24,64.089,12620172
11340288,MAGGI 2-MINN Masala Sachet 144x50g IN,MAGGI 2-MINUTE NOODLES Masala 35g Flow,12138912,IN CUL : Noodles,CULINARY,F&B,,,,,11340288
12138912,MAGGI 2-MINN Masala Sachet 144x40g IN,MAGGI 2-MINUTE NOODLES Masala 35g Flow,12138912,IN CUL : Noodles,CULINARY,F&B,144.0,6.54,5.76,31.598,12138912
12212475,MAGGI 2-MINN Masala Sachet 252x40g IN,MAGGI 2-MINUTE NOODLES Masala 35g Flow,12138912,IN CUL : Noodles,CULINARY,F&B,252.0,11.6,10.08,55.147,12212475
12213280,MAGGI 2-MINN Masala Sachet 252x35g IN,MAGGI 2-MINUTE NOODLES Masala 35g Flow,12138912,IN CUL : Noodles,CULINARY,F&B,252.0,10.1,8.82,53.998,12213280
12238969,MAGGI 2-MINN Mas 252x35g PR GIFTS IN,MAGGI 2-MINUTE NOODLES Masala 35g Flow,12138912,IN CUL : Noodles,CULINARY,F&B,252.0,9.75,8.82,53.998,12238969
12344352,MAGGI 2-MIN Mas Ndls Fe Fort 192x35g IN,MAGGI 2-MINUTE NOODLES Masala 35g Flow,12138912,IN CUL : Noodles,CULINARY,F&B,192.0,7.65,6.72,42.315,12344352
12382975,MAGGI 2-MINN Masala Sachet 256x35g N1 IN,MAGGI 2-MINUTE NOODLES Masala 35g Non Flow,12382975,IN CUL : Noodles,CULINARY,F&B,256.0,10.1,8.96,56.42,12382975
12383930,MAGGI 2-MINN Masala Sachet 256x35g N3 IN,MAGGI 2-MINUTE NOODLES Masala 35g Non Flow,12382975,IN CUL : Noodles,CULINARY,F&B,256.0,10.1,8.96,56.42,12383930
12061304,MAGGI 2-MINUTE NOODLES FmlyPack16x570gIN,MAGGI 2-MINUTE NOODLES Masala 420g,12339390,IN CUL : Noodles,CULINARY,F&B,16.0,10.1,9.12,45.59,12061304
12088983,MAGGI 2-MINUTE NOODLES FmlyPack16x540gIN,MAGGI 2-MINUTE NOODLES Masala 420g,12339390,IN CUL : Noodles,CULINARY,F&B,16.0,9.62,8.64,45.59,12088983
12138915,MAGGI 2-MINUTE NOODLES FmlyPack16x510gIN,MAGGI 2-MINUTE NOODLES Masala 420g,12339390,IN CUL : Noodles,CULINARY,F&B,16.0,9.4,8.16,45.59,12138915
12160510,MAGGI 2-MINUTE NOODLES Masala 16x480gIN,MAGGI 2-MINUTE NOODLES Masala 420g,12339390,IN CUL : Noodles,CULINARY,F&B,16.0,8.48,7.68,45.59,12160510
12194835,MAGGI 2-MINUTE NOODLES Masala 16x450g IN,MAGGI 2-MINUTE NOODLES Masala 420g,12339390,IN CUL : Noodles,CULINARY,F&B,16.0,8.16,7.2,45.59,12194835
12213258,MAGGI 2-MINUTE NOODLES Masala 16x420g IN,MAGGI 2-MINUTE NOODLES Masala 420g,12339390,IN CUL : Noodles,CULINARY,F&B,16.0,7.43,6.72,38.974,12213258
12239103,MAGGI 2-MINN Mas 16x420g PR GIFTS IN,MAGGI 2-MINUTE NOODLES Masala 420g,12339390,IN CUL : Noodles,CULINARY,F&B,16.0,8.16,6.72,45.59,12239103
12275528,MAGGI 2-MINN NDLS Masala 16x420g N2 IN,MAGGI 2-MINUTE NOODLES Masala 420g,12339390,IN CUL : Noodles,CULINARY,F&B,16.0,7.43,6.72,38.68,12275528
12301218,MAGGI 2-MINN NDLS Masala 16x420g IN,MAGGI 2-MINUTE NOODLES Masala 420g,12339390,IN CUL : Noodles,CULINARY,F&B,16.0,7.43,6.72,41.31,12301218
12303801,MAGGI 2-MINN Mas 16x420gPR Tom Pazzta IN,MAGGI 2-MINUTE NOODLES Masala 420g,12339390,IN CUL : Noodles,CULINARY,F&B,16.0,7.43,6.72,41.31,12303801
12315435,MAGGI 2-MINN Mas 16x420gPR Mas Pazzta IN,MAGGI 2-MINUTE NOODLES Masala 420g,12339390,IN CUL : Noodles,CULINARY,F&B,16.0,7.43,6.72,41.31,12315435
12326898,MAGGI 2-MIN NDLS Mas 16x420g PR Nesc IN,MAGGI 2-MINUTE NOODLES Masala 420g,12339390,IN CUL : Noodles,CULINARY,F&B,16.0,7.43,6.72,41.31,12326898
12333312,MAGGI 2-MIN NDLS Mas 16x420g PR HH BQ IN,MAGGI 2-MINUTE NOODLES Masala 420g,12339390,IN CUL : Noodles,CULINARY,F&B,16.0,7.43,6.72,41.31,12333312
12339390,MAGGI 2-MIN Mas Ndls Fe Fort 16x420g IN,MAGGI 2-MINUTE NOODLES Masala 420g,12339390,IN CUL : Noodles,CULINARY,F&B,16.0,7.43,6.72,35.357,12339390
12348080,MAGGI 2-MIN Mas Ndls16x420g PR Bowl IN,MAGGI 2-MINUTE NOODLES Masala 420g,12339390,IN CUL : Noodles,CULINARY,F&B,16.0,7.43,6.72,35.357,12348080
12362474,MAGGI 2-MINN Ndls 16x420g PR MOI IN,MAGGI 2-MINUTE NOODLES Masala 420g,12339390,IN CUL : Noodles,CULINARY,F&B,16.0,7.43,6.72,35.357,12362474
12372057,MAGGI 2-MINN Masala Fe Fort16x420g N1 IN,MAGGI 2-MINUTE NOODLES Masala 420g,12339390,IN CUL : Noodles,CULINARY,F&B,16.0,7.4,6.72,35.357,12372057
12378028,MAGGI 2-MINN Masala Fe Fort16x420g N2 IN,MAGGI 2-MINUTE NOODLES Masala 420g,12339390,IN CUL : Noodles,CULINARY,F&B,16.0,7.4,6.72,36.033,12378028
12380854,MAGGI 2-MIN NDLS Mas 16x420g PR Milo IN,MAGGI 2-MINUTE NOODLES Masala 420g,12339390,IN CUL : Noodles,CULINARY,F&B,16.0,7.4,6.72,35.357,12380854
12391073,MAGGI 2-MINN Masala16x420g PR Bowl N1 IN,MAGGI 2-MINUTE NOODLES Masala 420g,12339390,IN CUL : Noodles,CULINARY,F&B,16.0,7.4,6.72,36.34,12391073
12396667,MAGGI 2-MINN Mas 16x420g PR NesCF30g IN,MAGGI 2-MINUTE NOODLES Masala 420g,12339390,IN CUL : Noodles,CULINARY,F&B,16.0,7.4,6.72,36.936,12396667
12399049,MAGGI 2-MINN Mas16x420g PR Spl MsNdl IN,MAGGI 2-MINUTE NOODLES Masala 420g,12339390,IN CUL : Noodles,CULINARY,F&B,16.0,7.4,6.72,35.13,12399049
12415709,MAGGI 2-MINN Mas 16x420g PR SPrice IN,MAGGI 2-MINUTE NOODLES Masala 420g,12339390,IN CUL : Noodles,CULINARY,F&B,16.0,7.4,6.72,36.936,12415709
12421632,MAGGI 2-MINN Mas 16x420g Recipes IN,MAGGI 2-MINUTE NOODLES Masala 420g,12339390,IN CUL : Noodles,CULINARY,F&B,16.0,7.43,6.72,34.023,12421632
12422899,MAGGI 2-MINN Masala 16x420g PR Fork IN,MAGGI 2-MINUTE NOODLES Masala 420g,12339390,IN CUL : Noodles,CULINARY,F&B,16.0,7.43,6.72,36.192,12422899
12428062,MAGGI 2-MINN 16x420g PR Mas 70g IN ,MAGGI 2-MINUTE NOODLES Masala 420g,12339390,IN CUL : Noodles,CULINARY,F&B,16.0,7.43,6.72,36.936,12428062
12437266,MAGGI 2-MINN 16x420g PR Masala70gFree IN,MAGGI 2-MINUTE NOODLES Masala 420g,12339390,IN CUL : Noodles,CULINARY,F&B,16.0,7.43,6.72,36.936,12437266
12438741,MAGGI 2-MINN 16x420g PR Steel Bowl Fr IN,MAGGI 2-MINUTE NOODLES Masala 420g,12339390,IN CUL : Noodles,CULINARY,F&B,16.0,7.43,6.72,36.936,12438741
12453325,MAGGI 2-MINN 16x420g PR Save 7 Rs IN,MAGGI 2-MINUTE NOODLES Masala 420g,12339390,IN CUL : Noodles,CULINARY,F&B,16.0,7.4,6.72,35.357,12453325
12475440,MAGGI 2-MIN Mas Ndls16x420g PR SPrice IN,MAGGI 2-MINUTE NOODLES Masala 420g,12339390,IN CUL : Noodles,CULINARY,F&B,16.0,7.43,6.72,36.936,12475440
12475062,MAG 2-MIN Mas Ndls 16x420g PR Sprice2 IN,MAGGI 2-MINUTE NOODLES Masala 420g,12339390,IN CUL : Noodles,CULINARY,F&B,16.0,7.4,6.72,35.357,12475062
12475695,MAG 2-MIN Mas Ndls 16x420g PR Milo Fr IN,MAGGI 2-MINUTE NOODLES Masala 420g,12339390,IN CUL : Noodles,CULINARY,F&B,16.0,7.4,6.72,36.936,12475695
12475676,MAG 2-MIN Mas Ndls 16x420g PR NESC Fr IN,MAGGI 2-MINUTE NOODLES Masala 420g,12339390,IN CUL : Noodles,CULINARY,F&B,16.0,7.4,6.72,36.936,12475676
12475436,MAG 2-MIN Mas Ndls16x420g PR Spork Fr IN,MAGGI 2-MINUTE NOODLES Masala 420g,12339390,IN CUL : Noodles,CULINARY,F&B,16.0,7.4,6.72,36.936,12475436
12471803,MAGGI 2-MINN Mas 16x420g PR Amazon IN,MAGGI 2-MINUTE NOODLES Masala 420g,12339390,IN CUL : Noodles,CULINARY,F&B,16.0,7.4,6.72,36.936,12471803
12503319,MAGGI 2-MINN 16x420g PR Diwali IN,MAGGI 2-MINUTE NOODLES Masala 420g,12339390,IN CUL : Noodles,CULINARY,F&B,16.0,7.43,6.72,36.192,12503319
12503098,MAGGI 2-MINN 16x420g PR Special Fr IN,MAGGI 2-MINUTE NOODLES Masala 420g,12339390,IN CUL : Noodles,CULINARY,F&B,16.0,7.43,6.72,36.192,12503098
12502171,MAGGI 2-MIN Mas Ndls 16x420g Recipe 2 IN,MAGGI 2-MINUTE NOODLES Masala 420g,12339390,IN CUL : Noodles,CULINARY,F&B,16.0,7.43,6.72,36.192,12502171
12503099,MAGGI 2-MINN 16x420g PR Maggi 70g Fr IN,MAGGI 2-MINUTE NOODLES Masala 420g,12339390,IN CUL : Noodles,CULINARY,F&B,16.0,7.43,6.72,36.192,12503099
12507885,MAGGI 2-MINN 16x420g PR New Spec Fr IN,MAGGI 2-MINUTE NOODLES Masala 420g,12339390,IN CUL : Noodles,CULINARY,F&B,16.0,7.43,6.72,36.192,12507885
12508373,MAGGI 2-MINN Mas 16x420g PR Bonanza IN,MAGGI 2-MINUTE NOODLES Masala 420g,12339390,IN CUL : Noodles,CULINARY,F&B,16.0,7.43,6.72,36.192,12508373
12516465,MAG 2-MIN Mas Ndls16x420gPR NescafeFr IN,MAGGI 2-MINUTE NOODLES Masala 420g,12339390,IN CUL : Noodles,CULINARY,F&B,16.0,7.5,6.72,35.357,12516465
12516466,MAG 2-MIN Mas Ndls 16x420g PR Milo IN,MAGGI 2-MINUTE NOODLES Masala 420g,12339390,IN CUL : Noodles,CULINARY,F&B,16.0,7.5,6.72,35.357,12516466
12520628,MAG 2MINMasNdls16x420gPR 70g Mas Fr N1IN,MAGGI 2-MINUTE NOODLES Masala 420g,12339390,IN CUL : Noodles,CULINARY,F&B,16.0,7.5,6.72,35.357,12520628
12520629,MAG 2MINMasNdls16x420gPR70g Spec Fr N1IN,MAGGI 2-MINUTE NOODLES Masala 420g,12339390,IN CUL : Noodles,CULINARY,F&B,16.0,7.5,6.72,35.357,12520629
12516473,MAG 2-MIN Mas Ndls16x420g PR CheesyFr IN,MAGGI 2-MINUTE NOODLES Masala 420g,12339390,IN CUL : Noodles,CULINARY,F&B,16.0,7.5,6.72,35.357,12516473
12516477,MAGGI 2-MINN Mas 16x420g PR Diwali IN,MAGGI 2-MINUTE NOODLES Masala 420g,12339390,IN CUL : Noodles,CULINARY,F&B,16.0,7.5,6.72,35.357,12516477
12549584,MAGGI-2-MIN Mas Ndls 16x420g PR BNZ IN,MAGGI 2-MINUTE NOODLES Masala 420g,12339390,IN CUL : Noodles,CULINARY,F&B,16.0,7.43,6.72,36.72,12549584
12518428,MAGGI 2-MIN Mas Ndls 16x420g N2 IN,MAGGI 2-MINUTE NOODLES Masala 420g,12339390,IN CUL : Noodles,CULINARY,F&B,16.0,7.43,6.72,36.72,12518428
12549587,MAGGI 2-MIN Mas Ndls 16x420g PR 70g IN,MAGGI 2-MINUTE NOODLES Masala 420g,12339390,IN CUL : Noodles,CULINARY,F&B,16.0,7.43,6.72,36.72,12549587
12558391,MAGGI 2-MIN Mas Ndls 16x420g PR Veg IN,MAGGI 2-MINUTE NOODLES Masala 420g,12339390,IN CUL : Noodles,CULINARY,F&B,16.0,7.43,6.72,36.192,12558391
12560360,MAGGI 2-MIN Mas 16x420g PR Ndls IN,MAGGI 2-MINUTE NOODLES Masala 420g,12339390,IN CUL : Noodles,CULINARY,F&B,16.0,7.43,6.72,36.192,12560360
12567896,MAGGI 2-MIN Mas 16x420g PR 70g Mas IN,MAGGI 2-MINUTE NOODLES Masala 420g,12339390,IN CUL : Noodles,CULINARY,F&B,16.0,7.4,6.72,35.496,12567896
12539447,MAGGI 2-MINN Masala 16x420g N2 IN,MAGGI 2-MINUTE NOODLES Masala 420g,12339390,IN CUL : Noodles,CULINARY,F&B,16.0,7.43,6.72,36.192,12539447
12558850,MAGGI 2-MINN Mas 16x420g Recipes N1 IN,MAGGI 2-MINUTE NOODLES Masala 420g,12339390,IN CUL : Noodles,CULINARY,F&B,16.0,7.43,6.72,34.023,12558850
12569577,MAGGI 2-MINN Mas 16x420g PR SpecPrice IN,MAGGI 2-MINUTE NOODLES Masala 420g,12339390,IN CUL : Noodles,CULINARY,F&B,16.0,7.6,6.72,36.192,12569577
12571961,MAG 2-MIN Mas16x420g PR SpecP Bonanza IN,MAGGI 2-MINUTE NOODLES Masala 420g,12339390,IN CUL : Noodles,CULINARY,F&B,16.0,7.5,6.72,36.192,12571961
12582762,MAGGI 2-MIN Mas 16x420g PR Ndls N1 IN,MAGGI 2-MINUTE NOODLES Masala 420g,12339390,IN CUL : Noodles,CULINARY,F&B,16.0,7.43,6.72,36.192,12582762
12584192,MAGGI 2-MIN Mas 16x420g PR Atta Ndls IN,MAGGI 2-MINUTE NOODLES Masala 420g,12339390,IN CUL : Noodles,CULINARY,F&B,16.0,7.43,6.72,36.192,12584192
12586087,MAGGI 2-MIN Mas Ndls 16x420g PR 70gN1 IN,MAGGI 2-MINUTE NOODLES Masala 420g,12339390,IN CUL : Noodles,CULINARY,F&B,16.0,7.43,6.72,36.192,12586087
12587383,MAGGI 2-MIN Mas 16x420g PR BBQ Ndls IN,MAGGI 2-MINUTE NOODLES Masala 420g,12339390,IN CUL : Noodles,CULINARY,F&B,16.0,7.43,6.72,36.192,12587383
12587977,MAGGI 2-MIN Mas 16x420g PR SpecP N1 IN,MAGGI 2-MINUTE NOODLES Masala 420g,12339390,IN CUL : Noodles,CULINARY,F&B,16.0,7.43,6.72,36.192,12587977
12600965,MAGGI 2-MIN Mas 16x420g PR Blossom IN,MAGGI 2-MINUTE NOODLES Masala 420g,12339390,IN CUL : Noodles,CULINARY,F&B,16.0,7.43,6.72,36.192,12600965
12611437,MAGGI 2-MINN Masala 16x420g PR Sprice IN,MAGGI 2-MINUTE NOODLES Masala 420g,12339390,IN CUL : Noodles,CULINARY,F&B,16.0,7.43,6.72,36.192,12611437
12586188,MAGGI 2-MIN Mas 16x420g PR Rs6 Off NR IN,MAGGI 2-MINUTE NOODLES Masala 420g,12339390,IN CUL : Noodles,CULINARY,F&B,16.0,7.43,6.72,36.192,12586188
12329797,MAGGI 2-MIN Noodles Masala 80x50g IN,MAGGI 2-MINUTE NOODLES Masala 50g,12329797,IN CUL : Noodles,CULINARY,F&B,80.0,4.68,4.0,19.8,12329797
12350466,MAGGI 2-MIN Noodles Masala 72x50g IN,MAGGI 2-MINUTE NOODLES Masala 50g,12329797,IN CUL : Noodles,CULINARY,F&B,72.0,4.68,3.6,19.662,12350466
12365907,MAGGI 2-MIN Noodles Masala 96x50g IN,MAGGI 2-MINUTE NOODLES Masala 50g,12329797,IN CUL : Noodles,CULINARY,F&B,96.0,5.42,4.8,19.8,12365907
12089010,MAGGI 2-MINUTE NOODLES MasSac 12x720g IN,MAGGI 2-MINUTE NOODLES Masala 560g,12339416,IN CUL : Noodles,CULINARY,F&B,12.0,9.82,8.64,45.59,12089010
12138910,MAGGI 2-MINUTE NOODLES Mas Sac12x680g IN,MAGGI 2-MINUTE NOODLES Masala 560g,12339416,IN CUL : Noodles,CULINARY,F&B,12.0,9.82,8.16,45.59,12138910
12160489,MAGGI 2-MINUTE NOODLES Mas Sac12x640g IN,MAGGI 2-MINUTE NOODLES Masala 560g,12339416,IN CUL : Noodles,CULINARY,F&B,12.0,9.34,7.68,45.59,12160489
12194833,MAGGI 2-MINUTE NOODLES Masala 12x600g IN,MAGGI 2-MINUTE NOODLES Masala 560g,12339416,IN CUL : Noodles,CULINARY,F&B,12.0,8.18,7.2,45.59,12194833
12213259,MAGGI 2-MINUTE NOODLES Masala 12x560g IN,MAGGI 2-MINUTE NOODLES Masala 560g,12339416,IN CUL : Noodles,CULINARY,F&B,12.0,7.86,6.72,38.974,12213259
12219537,MAGGI NDLS Masala 12x600g PR IceTe100 IN,MAGGI 2-MINUTE NOODLES Masala 560g,12339416,IN CUL : Noodles,CULINARY,F&B,12.0,8.18,7.2,45.59,12219537
12239102,MAGGI 2-MINN Mas 12x560g PR GIFTS IN,MAGGI 2-MINUTE NOODLES Masala 560g,12339416,IN CUL : Noodles,CULINARY,F&B,12.0,8.18,6.72,39.6,12239102
12246470,MAGGI 2-MINN Mas 12x560g IN,MAGGI 2-MINUTE NOODLES Masala 560g,12339416,IN CUL : Noodles,CULINARY,F&B,12.0,7.51,6.72,45.59,12246470
12275529,MAGGI 2-MINN NDLS Masala 12x560g N2 IN,MAGGI 2-MINUTE NOODLES Masala 560g,12339416,IN CUL : Noodles,CULINARY,F&B,12.0,7.86,6.72,38.68,12275529
12276402,MAGGI 2-MINN NDLS Mas 12x560g N2 IN,MAGGI 2-MINUTE NOODLES Masala 560g,12339416,IN CUL : Noodles,CULINARY,F&B,12.0,7.51,6.72,45.59,12276402
12301225,MAGGI 2-MINN NDLS Mas 12x560g N3 IN,MAGGI 2-MINUTE NOODLES Masala 560g,12339416,IN CUL : Noodles,CULINARY,F&B,12.0,7.42,6.72,36.634,12301225
12301231,MAGGI 2-MINN NDLS Mas 12x560g  IN,MAGGI 2-MINUTE NOODLES Masala 560g,12339416,IN CUL : Noodles,CULINARY,F&B,12.0,7.4,6.72,36.236,12301231
12339348,MAGGI 2-MIN Mas Ndls FeFortPch12x560g IN,MAGGI 2-MINUTE NOODLES Masala 560g,12339416,IN CUL : Noodles,CULINARY,F&B,12.0,7.86,6.72,36.236,12339348
12339416,MAGGI 2-MIN Mas Ndls Fe Fort 12x560g IN,MAGGI 2-MINUTE NOODLES Masala 560g,12339416,IN CUL : Noodles,CULINARY,F&B,12.0,7.42,6.72,36.053,12339416
12372055,MAGGI 2-MINN Mas Fe Fort Pch12x560gN1 IN,MAGGI 2-MINUTE NOODLES Masala 560g,12339416,IN CUL : Noodles,CULINARY,F&B,12.0,7.8,6.72,36.236,12372055
12372056,MAGGI 2-MINN Masala Fe Fort12x560g N1 IN,MAGGI 2-MINUTE NOODLES Masala 560g,12339416,IN CUL : Noodles,CULINARY,F&B,12.0,7.8,6.72,36.236,12372056
12378026,MAGGI 2-MINN Mas FeFort Pch 12x560gN2 IN,MAGGI 2-MINUTE NOODLES Masala 560g,12339416,IN CUL : Noodles,CULINARY,F&B,12.0,7.8,6.72,34.485,12378026
12378027,MAGGI 2-MINN MasFeFort 12x560g SemiN2 IN,MAGGI 2-MINUTE NOODLES Masala 560g,12339416,IN CUL : Noodles,CULINARY,F&B,12.0,7.8,6.72,34.15,12378027
12475433,MAGGI 2-MIN Mas 12x560g PR SPrice IN,MAGGI 2-MINUTE NOODLES Masala 560g,12339416,IN CUL : Noodles,CULINARY,F&B,12.0,7.5,6.72,36.053,12475433
12471444,MAGGI 2-MINN Masala 12x560g N1 IN,MAGGI 2-MINUTE NOODLES Masala 560g,12339416,IN CUL : Noodles,CULINARY,F&B,12.0,7.5,6.72,36.128,12471444
12471456,MAGGI 2-MINN Masala 12x560g N2 IN,MAGGI 2-MINUTE NOODLES Masala 560g,12339416,IN CUL : Noodles,CULINARY,F&B,12.0,7.42,6.72,40.163,12471456
12518430,MAGGI 2-MINN Masala 12x560g N3 IN,MAGGI 2-MINUTE NOODLES Masala 560g,12339416,IN CUL : Noodles,CULINARY,F&B,12.0,7.5,6.72,36.053,12518430
12517955,MAGGI 2-MINN Masala Pouch 12x560g IN,MAGGI 2-MINUTE NOODLES Masala 560g,12339416,IN CUL : Noodles,CULINARY,F&B,12.0,7.5,6.72,38.454,12517955
12539459,MAGGI 2-MINN Masala 12x560g N4 IN,MAGGI 2-MINUTE NOODLES Masala 560g,12339416,IN CUL : Noodles,CULINARY,F&B,12.0,7.58,6.72,38.347,12539459
12539464,MAGGI 2-MINN Masala Pouch 12x560g N1 IN,MAGGI 2-MINUTE NOODLES Masala 560g,12339416,IN CUL : Noodles,CULINARY,F&B,12.0,8.12,6.72,36.946,12539464
12574300,MAGGI 2-MIN Mas 12x560g PR Sauce IN,MAGGI 2-MINUTE NOODLES Masala 560g,12339416,IN CUL : Noodles,CULINARY,F&B,12.0,7.5,6.72,38.347,12574300
12623518,MAGGI 2-MINN Masala 12x560g NR IN,MAGGI 2-MINUTE NOODLES Masala 560g,12339416,IN CUL : Noodles,CULINARY,F&B,12.0,7.69,6.72,38.347,12623518
12623536,MAGGI 2-MINN Masala Pouch 12x560g NR IN,MAGGI 2-MINUTE NOODLES Masala 560g,12339416,IN CUL : Noodles,CULINARY,F&B,12.0,7.5,6.72,36.946,12623536
12363530,MAGGI 2-MIN Mas Ndls 96x60g IN,MAGGI 2-MINUTE NOODLES Masala 60g,12363530,IN CUL : Noodles,CULINARY,F&B,96.0,6.5,5.76,36.888,12363530
12371513,MAGGI 2-MINUTE NDLS Masala 96x60g N1 IN,MAGGI 2-MINUTE NOODLES Masala 60g,12363530,IN CUL : Noodles,CULINARY,F&B,96.0,6.5,5.76,36.888,12371513
12377999,MAGGI 2-MINUTE NDLS Masala 96x60g N2 IN,MAGGI 2-MINUTE NOODLES Masala 60g,12363530,IN CUL : Noodles,CULINARY,F&B,96.0,6.5,5.76,33.398,12377999
12380853,MAGGI 2-MIN NDLS Mas 96x60g PR Diljit IN,MAGGI 2-MINUTE NOODLES Masala 60g,12363530,IN CUL : Noodles,CULINARY,F&B,96.0,6.5,5.76,36.888,12380853
12415722,MAGGI 2-MINN Mas 96x60g Cricket IN,MAGGI 2-MINUTE NOODLES Masala 60g,12363530,IN CUL : Noodles,CULINARY,F&B,96.0,6.4,5.76,33.153,12415722
12417743,MAGGI 2-MINN Mas 96x60g Monsoon IN,MAGGI 2-MINUTE NOODLES Masala 60g,12363530,IN CUL : Noodles,CULINARY,F&B,96.0,6.4,5.76,33.153,12417743
12462962,MAGGI 2-MIN Noodles Masala 96x60g IN,MAGGI 2-MINUTE NOODLES Masala 60g,12363530,IN CUL : Noodles,CULINARY,F&B,96.0,6.5,5.76,33.398,12462962
12525132,MAGGI 2-MIN Noodles Masala 6(16x60g) IN,MAGGI 2-MINUTE NOODLES Masala 60g,12363530,IN CUL : Noodles,CULINARY,F&B,6.0,6.56,5.76,33.398,12525132
12564704,MAGGI 2-MIN Ndls Masala 6(16x52g) N1 IN,MAGGI 2-MINUTE NOODLES Masala 840g,12363530,IN CUL : Noodles,CULINARY,F&B,6.0,6.2,4.992,33.443,12564704
12571258,MAGGI 2-MIN Ndls Masala 6(16x52g) N2 IN,MAGGI 2-MINUTE NOODLES Masala 840g,12363530,IN CUL : Noodles,CULINARY,F&B,6.0,5.93,4.992,33.443,12571258
11340311,MAGGI 2-MINUTE NOODLES Masala 96x100g IN,MAGGI 2-MINUTE NOODLES Masala 70g,12339391,IN CUL : Noodles,CULINARY,F&B,96.0,10.88,9.6,45.59,11340311
12061301,MAGGI 2-MINUTE NOODLES Masala 96x95g IN,MAGGI 2-MINUTE NOODLES Masala 70g,12339391,IN CUL : Noodles,CULINARY,F&B,96.0,10.4,9.12,45.59,12061301
12089012,MAGGI 2-MINUTE NOODLES Masala 96x90g IN,MAGGI 2-MINUTE NOODLES Masala 70g,12339391,IN CUL : Noodles,CULINARY,F&B,96.0,9.92,8.64,45.59,12089012
12138911,MAGGI 2-MINUTE NOODLES Masala 96x85g IN,MAGGI 2-MINUTE NOODLES Masala 70g,12339391,IN CUL : Noodles,CULINARY,F&B,96.0,9.4,8.16,45.59,12138911
12160481,MAGGI 2-MINUTE NOODLES Masala 96x80g IN,MAGGI 2-MINUTE NOODLES Masala 70g,12339391,IN CUL : Noodles,CULINARY,F&B,96.0,8.8,7.68,45.59,12160481
12194832,MAGGI 2-MINUTE NOODLES Masala 96x75g IN,MAGGI 2-MINUTE NOODLES Masala 70g,12339391,IN CUL : Noodles,CULINARY,F&B,96.0,8.2,7.2,45.59,12194832
12213254,MAGGI 2-MINUTE NOODLES Masala 96x70g IN,MAGGI 2-MINUTE NOODLES Masala 70g,12339391,IN CUL : Noodles,CULINARY,F&B,96.0,7.5,6.72,38.974,12213254
12243855,MAGGI 2-MINN Mas 96x75g PR GIFTS IN,MAGGI 2-MINUTE NOODLES Masala 70g,12339391,IN CUL : Noodles,CULINARY,F&B,96.0,8.2,7.2,45.59,12243855
12275506,MAGGI 2-MINN NDLS Masala 96x70g N2 IN,MAGGI 2-MINUTE NOODLES Masala 70g,12339391,IN CUL : Noodles,CULINARY,F&B,96.0,7.5,6.72,38.68,12275506
12300966,MAGGI 2-MINN Mas 96x70g IN,MAGGI 2-MINUTE NOODLES Masala 70g,12339391,IN CUL : Noodles,CULINARY,F&B,96.0,7.5,6.72,36.236,12300966
12329711,MAGGI 2-MINUTE NDLS Masala (93+3)x70g IN,MAGGI 2-MINUTE NOODLES Masala 70g,12339391,IN CUL : Noodles,CULINARY,F&B,96.0,7.5,6.72,36.888,12329711
12335310,MAGGI 2-MIN Mas 96x70g PR Nes 1.5g IN,MAGGI 2-MINUTE NOODLES Masala 70g,12339391,IN CUL : Noodles,CULINARY,F&B,96.0,7.5,6.72,36.236,12335310
12339391,MAGGI 2-MIN Mas Ndls Fe Fort 96x70g IN,MAGGI 2-MINUTE NOODLES Masala 70g,12339391,IN CUL : Noodles,CULINARY,F&B,96.0,7.5,6.72,38.974,12339391
12342174,MAGGI 2-MIN Mas Ndls 96x70g PR MEM6g IN,MAGGI 2-MINUTE NOODLES Masala 70g,12339391,IN CUL : Noodles,CULINARY,F&B,96.0,7.5,6.72,36.888,12342174
12342279,MAGGI 2-MIN Mas Ndls 96x70g PR SPrice IN,MAGGI 2-MINUTE NOODLES Masala 70g,12339391,IN CUL : Noodles,CULINARY,F&B,96.0,7.5,6.72,38.974,12342279
12353022,MAGGI 2-MIN MasNDLS 96x70g PR Nesc1.5gIN,MAGGI 2-MINUTE NOODLES Masala 70g,12339391,IN CUL : Noodles,CULINARY,F&B,96.0,7.5,6.72,38.974,12353022
12359221,MAGGI 2-MIN Mas Ndls 96x70g PR Snr2 IN,MAGGI 2-MINUTE NOODLES Masala 70g,12339391,IN CUL : Noodles,CULINARY,F&B,96.0,7.5,6.72,38.974,12359221
12366418,MAGGI 2-MIN NDLS Masala18X((5+1)x70g) IN,MAGGI 2-MINUTE NOODLES Masala 70g,12339391,IN CUL : Noodles,CULINARY,F&B,18.0,9.3,7.56,46.184,12366418
12371512,MAGGI 2-MINUTE NDLS Masala 96x70g N1 IN,MAGGI 2-MINUTE NOODLES Masala 70g,12339391,IN CUL : Noodles,CULINARY,F&B,96.0,7.5,6.72,38.974,12371512
12377998,MAGGI 2-MINUTE NDLS Masala 96x70g N2 IN,MAGGI 2-MINUTE NOODLES Masala 70g,12339391,IN CUL : Noodles,CULINARY,F&B,96.0,7.5,6.72,34.88,12377998
12391614,MAGGI 2-MINN Masala 96x70g PR Diljit IN,MAGGI 2-MINUTE NOODLES Masala 70g,12339391,IN CUL : Noodles,CULINARY,F&B,96.0,7.5,6.72,38.974,12391614
12400825,MAGGI 2-MIN Mas Ndls 96x70g PR NescafeIN,MAGGI 2-MINUTE NOODLES Masala 70g,12339391,IN CUL : Noodles,CULINARY,F&B,96.0,7.5,6.72,38.974,12400825
12407177,MAGGI 2-MINN Masala 96x70g PR Munch IN,MAGGI 2-MINUTE NOODLES Masala 70g,12339391,IN CUL : Noodles,CULINARY,F&B,96.0,7.5,6.72,36.888,12407177
12415699,MAGGI 2-MINN Mas 96x70g Cricket IN,MAGGI 2-MINUTE NOODLES Masala 70g,12339391,IN CUL : Noodles,CULINARY,F&B,96.0,7.5,6.72,35.497,12415699
12417270,MAGGI 2-MINN Mas 96x70g Monsoon IN,MAGGI 2-MINUTE NOODLES Masala 70g,12339391,IN CUL : Noodles,CULINARY,F&B,96.0,7.5,6.72,36.888,12417270
12421626,MAGGI 2-MINN Mas 96x70g Recipes IN,MAGGI 2-MINUTE NOODLES Masala 70g,12339391,IN CUL : Noodles,CULINARY,F&B,96.0,7.88,6.72,35.497,12421626
12502941,MAGGI 2-MINN Mas 96x70g FOH IN,MAGGI 2-MINUTE NOODLES Masala 70g,12339391,IN CUL : Noodles,CULINARY,F&B,96.0,7.42,6.72,36.192,12502941
12462944,MAGGI 2-MINN Mas 96x70g Recipes N1 IN,MAGGI 2-MINUTE NOODLES Masala 70g,12339391,IN CUL : Noodles,CULINARY,F&B,96.0,7.71,6.72,36.192,12462944
12471442,MAGGI 2-MINN 96x75g PR 5g Extra Fr N1 IN,MAGGI 2-MINUTE NOODLES Masala 70g,12339391,IN CUL : Noodles,CULINARY,F&B,96.0,8.2,7.2,39.162,12471442
12520626,MAGGI 2-MINN Mas 96x70g PR Summer N1 IN,MAGGI 2-MINUTE NOODLES Masala 70g,12339391,IN CUL : Noodles,CULINARY,F&B,96.0,7.42,6.72,38.974,12520626
12520627,MAGGI 2-MINN Masala 96x70g PR Paytm IN,MAGGI 2-MINUTE NOODLES Masala 70g,12339391,IN CUL : Noodles,CULINARY,F&B,96.0,7.42,6.72,36.192,12520627
12516481,MAGGI 2-MINN Mas 96x70g PR Diwali Fr IN,MAGGI 2-MINUTE NOODLES Masala 70g,12339391,IN CUL : Noodles,CULINARY,F&B,96.0,7.5,6.72,38.974,12516481
12549573,MAGGI 2-MINN Mas 96x70g PR BNZ IN,MAGGI 2-MINUTE NOODLES Masala 70g,12339391,IN CUL : Noodles,CULINARY,F&B,96.0,7.42,6.72,37.7,12549573
12518417,MAGGI 2-MINN Masala 96x70g N1 IN,MAGGI 2-MINUTE NOODLES Masala 70g,12339391,IN CUL : Noodles,CULINARY,F&B,96.0,7.42,6.72,37.7,12518417
12558401,MAGGI 2-MINN Masala 96x70g PR MMT IN,MAGGI 2-MINUTE NOODLES Masala 70g,12339391,IN CUL : Noodles,CULINARY,F&B,96.0,7.42,6.72,36.192,12558401
12559356,MAGGI 2-MIN Mas 96x70g PR NESC SR IN,MAGGI 2-MINUTE NOODLES Masala 70g,12339391,IN CUL : Noodles,CULINARY,F&B,96.0,7.42,6.72,36.192,12559356
12564694,MAGGI 2-MIN Mas 96x70g PR Sticker IN,MAGGI 2-MINUTE NOODLES Masala 70g,12339391,IN CUL : Noodles,CULINARY,F&B,96.0,7.5,6.72,36.192,12564694
12539446,MAGGI 2-MINN Masala 96x70g N2 IN,MAGGI 2-MINUTE NOODLES Masala 70g,12339391,IN CUL : Noodles,CULINARY,F&B,96.0,7.42,6.72,36.192,12539446
12571980,MAGGI 2-MIN Mas 96x70g PR Bonanza IN,MAGGI 2-MINUTE NOODLES Masala 70g,12339391,IN CUL : Noodles,CULINARY,F&B,96.0,7.4,6.72,35.496,12571980
12562605,MAGGI 2-MIN Mas 96x70g PR NESC SR N1 IN,MAGGI 2-MINUTE NOODLES Masala 70g,12339391,IN CUL : Noodles,CULINARY,F&B,96.0,7.5,6.72,36.192,12562605
12587366,MAGGI 2-MIN Mas 96x70g PR NESC N1 IN,MAGGI 2-MINUTE NOODLES Masala 70g,12339391,IN CUL : Noodles,CULINARY,F&B,96.0,7.42,6.72,36.192,12587366
12587349,MAGGI 2-MINN Mas 96x70g PR Pencil N1 IN,MAGGI 2-MINUTE NOODLES Masala 70g,12339391,IN CUL : Noodles,CULINARY,F&B,96.0,7.42,6.72,36.192,12587349
12567876,MAGGI 2-MIN Mas 96x70g PR Pencil SR IN,MAGGI 2-MINUTE NOODLES Masala 70g,12339391,IN CUL : Noodles,CULINARY,F&B,96.0,7.4,6.72,35.496,12567876
12608497,MAGGI 2-MINN Masala 96x70g NR IN,MAGGI 2-MINUTE NOODLES Masala 70g,12339391,IN CUL : Noodles,CULINARY,F&B,96.0,7.56,6.72,36.192,12608497
12362535,MAGGI 2-MINN Masala Pbg 5((23+1)x70g) IN,MAGGI 2-MINUTE NOODLES Masala 70g RD,12362535,IN CUL : Noodles,CULINARY,F&B,5.0,9.74,8.4,44.063,12362535
12550627,MAGGI 2-MINN Mas Pbg 5((23+1)x70g) N2 IN,MAGGI 2-MINUTE NOODLES Masala 70g RD,12362535,IN CUL : Noodles,CULINARY,F&B,5.0,9.78,8.4,34.928,12550627
12571284,MAGGI 2-MINN Mas Pbg 5((23+1)x70g) N3 IN,MAGGI 2-MINUTE NOODLES Masala 70g RD,12362535,IN CUL : Noodles,CULINARY,F&B,5.0,9.72,8.4,35.0,12571284
12623533,MAGGI 2-MIN Mas Pbg 5((23+1)x70g) NR IN,MAGGI 2-MINUTE NOODLES Masala 70g RD,12362535,IN CUL : Noodles,CULINARY,F&B,5.0,9.74,8.4,35.0,12623533
12199306,MAGGI 2-MINUTE NOODLES Mas Sac10x960g IN,MAGGI 2-MINUTE NOODLES Masala 840g,12344863,IN CUL : Noodles,CULINARY,F&B,10.0,9.34,9.6,45.59,12199306
12204868,MAGGI 2-MINUTE NOODLES Mas Sac10x900g IN,MAGGI 2-MINUTE NOODLES Masala 840g,12344863,IN CUL : Noodles,CULINARY,F&B,10.0,9.34,9.0,45.495,12204868
12219443,MAGGI 2-MINUTE NOODLES Mas Sac10x840g IN,MAGGI 2-MINUTE NOODLES Masala 840g,12344863,IN CUL : Noodles,CULINARY,F&B,10.0,9.56,8.4,49.324,12219443
12239101,MAGGI 2-MINN Mas 10x840g PR GIFTS IN,MAGGI 2-MINUTE NOODLES Masala 840g,12344863,IN CUL : Noodles,CULINARY,F&B,10.0,9.34,8.4,45.495,12239101
12275530,MAGGI 2-MINN NDLS Masala 10x840g N2 IN,MAGGI 2-MINUTE NOODLES Masala 840g,12344863,IN CUL : Noodles,CULINARY,F&B,10.0,9.56,8.4,53.808,12275530
12344863,MAGGI 2-MIN Mas Ndls Fe Fort 10x840g IN,MAGGI 2-MINUTE NOODLES Masala 840g,12344863,IN CUL : Noodles,CULINARY,F&B,10.0,9.25,8.4,36.888,12344863
12372070,MAGGI 2-MINN Masala Fe Fort10x840g N1 IN,MAGGI 2-MINUTE NOODLES Masala 840g,12344863,IN CUL : Noodles,CULINARY,F&B,10.0,9.2,8.4,36.888,12372070
12378024,MAGGI 2-MINN Masala Fe Fort10x840g N2 IN,MAGGI 2-MINUTE NOODLES Masala 840g,12344863,IN CUL : Noodles,CULINARY,F&B,10.0,9.2,8.4,36.888,12378024
12533067,MAGGI 2-MIN Noodles Masala 6x896g IN,MAGGI 2-MINUTE NOODLES Masala 840g,12344863,IN CUL : Noodles,CULINARY,F&B,6.0,6.0,5.376,33.398,12533067
12553356,MAGGI 2-MIN Noodles Masala 6(16x56g) IN,MAGGI 2-MINUTE NOODLES Masala 840g,12344863,IN CUL : Noodles,CULINARY,F&B,6.0,6.0,5.376,33.443,12553356
12571229,MAGGI 2-MINN Spec Mas Pbg 10x840g N3 IN,MAGGI 2-MINUTE NOODLES Special Masala Pbg 840g,12391612,IN CUL : MAGGI NDLS-SpecialMasala,CULINARY,F&B,10.0,9.4,8.4,47.377,12571229
12581345,MAGGI 2-MIN Ndls Masala 8x840 N2 IN,MAGGI 2-MINUTE NOODLES Masala 840g,12344863,IN CUL : Noodles,CULINARY,F&B,8.0,7.4,6.72,34.687,12581345
12339537,MAGGI 2 MIN NOODLES Mas 10x840g N4 IN,MAGGI 2-MINUTE NOODLES Masala 840g,12339537,IN CUL : Noodles,NP,NP,10.0,9.56,8.4,36.888,12339537
12372775,MAGGI 2-MIN NOODLES Masala 10x840g N6 IN,MAGGI 2-MINUTE NOODLES Masala 840g,12339537,IN CUL : Noodles,NP,NP,10.0,9.2,8.4,47.377,12372775
12315172,MAGGI 2-MINN Masala NONG 96x70g IN,MAGGI 2-MINUTE NOODLES Masala NONG 70g,12315172,IN CUL : MAGGI Noodles NONG,CULINARY,F&B,96.0,7.5,6.72,36.888,12315172
12377997,MAGGI 2-MIN NDLS Mas NONG 96x70g N2 IN,MAGGI 2-MINUTE NOODLES Masala NONG 70g,12315172,IN CUL : MAGGI Noodles NONG,CULINARY,F&B,96.0,7.5,6.72,36.888,12377997
12360127,MAGGI 2-MINN Mas 5(24x70g) Pbg IN,MAGGI 2-MINUTE NOODLES Masala PBG 70g,12362535,IN CUL : Noodles,CULINARY,F&B,5.0,8.64,8.4,48.927,12360127
12370875,MAGGI 2-MIN NDLS 5(24x70g) PR MeM Pbg IN,MAGGI 2-MINUTE NOODLES Masala PBG 70g,12362535,IN CUL : Noodles,CULINARY,F&B,5.0,9.3,8.4,48.927,12370875
12378031,MAGGI 2-MINN 5(24x70g) PR MeM Pbg N1 IN,MAGGI 2-MINUTE NOODLES Masala PBG 70g,12362535,IN CUL : Noodles,CULINARY,F&B,5.0,9.3,8.4,48.927,12378031
12436315,MAGGI 2-MINN 96x70g PR 5g Extra Free IN,MAGGI 2-MINUTE NOODLES Masala PBG 70g,12362535,IN CUL : Noodles,CULINARY,F&B,96.0,8.0,7.2,36.888,12436315
12369426,MAGGI 2-MIN NDLS Masala Pbg10(12x70g) IN,MAGGI 2-MINUTE NOODLES Masala PBG 70g ECOM,12369426,IN CUL : Noodles,CULINARY,F&B,10.0,9.5,8.4,45.94,12369426
12494705,MAGGI 2-MIN Masala Ndls 6(18x70g) IN,MAGGI 2-MINUTE NOODLES Masala PBG 70g ECOM,12369426,IN CUL : Noodles,CULINARY,F&B,6.0,8.72,7.56,42.998,12494705
12550646,MAGGI 2-MINN Masala Pbg 10(12x70g) N2 IN,MAGGI 2-MINUTE NOODLES Masala PBG 70g ECOM,12369426,IN CUL : Noodles,CULINARY,F&B,10.0,9.81,8.4,47.377,12550646
12556693,MAGGI 2-MIN Masala Ndls 6(18x70g) N2 IN,MAGGI 2-MINUTE NOODLES Masala PBG 70g ECOM,12369426,IN CUL : Noodles,CULINARY,F&B,6.0,8.67,7.56,42.998,12556693
12571293,MAGGI 2-MIN Masala Pbg 10(12x70g) N1 IN,MAGGI 2-MINUTE NOODLES Masala PBG 70g ECOM,12369426,IN CUL : Noodles,CULINARY,F&B,10.0,9.7,8.4,47.377,12571293
12571301,MAGGI 2-MIN Masala Ndls 6(18x70g) N3 IN,MAGGI 2-MINUTE NOODLES Masala PBG 70g ECOM,12369426,IN CUL : Noodles,CULINARY,F&B,6.0,8.59,7.56,42.998,12571301
12580576,MAGGI 2-MINN Masala Pbg 8(12x70g) N1 IN,MAGGI 2-MINUTE NOODLES Masala PBG 70g ECOM,12369426,IN CUL : Noodles,CULINARY,F&B,8.0,7.6,6.72,35.496,12580576
12612336,MAGGI 2-MINN Masala Pbg 8(12x70g) N3 IN,MAGGI 2-MINUTE NOODLES Masala PBG 70g ECOM,12369426,IN CUL : Noodles,CULINARY,F&B,8.0,7.6,6.72,39.672,12612336
12612361,MAGGI 2-MIN Masala Ndls 6(18x70g) N4 IN,MAGGI 2-MINUTE NOODLES Masala PBG 70g ECOM,12369426,IN CUL : Noodles,CULINARY,F&B,6.0,8.59,7.56,42.851,12612361
12612462,MAGGI 2-MINN Mas 24(4x70g) IN,MAGGI 2-MINUTE NOODLES Masala PBG 70g ECOM,12369426,IN CUL : Noodles,CULINARY,F&B,24.0,7.6,6.72,41.175,12612462
12623544,MAGGI 2-MIN Masala Ndls 6(18x70g) NR IN,MAGGI 2-MINUTE NOODLES Masala PBG 70g ECOM,12369426,IN CUL : Noodles,CULINARY,F&B,6.0,9.16,7.56,42.998,12623544
12623548,MAGGI 2-MINN Masala Pbg 8(12x70g) NR IN,MAGGI 2-MINUTE NOODLES Masala PBG 70g ECOM,12369426,IN CUL : Noodles,CULINARY,F&B,8.0,7.6,6.72,35.496,12623548
12337980,MAGGI Mumbaiya Chtk MAS NDLS (48x73g) IN,MAGGI 2-MINUTE NOODLES Mumbaiya Chtk 73g,12337980,IN CUL : MAGGI NDLS-MasalasOfIndia,CULINARY,F&B,48.0,3.92,3.504,21.313,12337980
12367452,MAG NDLS Nutri-Licious AsstBox24x300g IN,MAGGI 2-MINUTE NOODLES Nutri-Licious AsstBox 300g,12367452,IN CUL : Noodles Value Added,CULINARY,F&B,24.0,9.3,7.2,55.08,12367452
12415559,MAGGI Nutri-licious Atta Mas 16x435g IN,MAGGI 2-MINUTE NOODLES Nutri-licious Atta 435g,12415559,IN CUL : Noodles Value Added,CULINARY,F&B,16.0,7.8,6.96,41.664,12415559
12505403,MAGGI Ntr-lcs Atta Mas 16x435g N1 IN,MAGGI 2-MINUTE NOODLES Nutri-licious Atta 435g,12415559,IN CUL : Noodles Value Added,CULINARY,F&B,16.0,7.79,6.96,41.664,12505403
12571291,MAGGI Ntr-lcs Atta Mas 16x435g RC IN,MAGGI 2-MINUTE NOODLES Nutri-licious Atta 435g,12415559,IN CUL : Noodles Value Added,CULINARY,F&B,16.0,7.79,6.96,41.664,12571291
12586404,MAGGI Ntr-lcs Atta 16x435g RC 2 IN,MAGGI 2-MINUTE NOODLES Nutri-licious Atta 435g,12415559,IN CUL : Noodles Value Added,CULINARY,F&B,16.0,8.0,6.96,41.664,12586404
12254268,MAGGI 2-MIN NDLS Oats 24X292g IN,MAGGI 2-MINUTE NOODLES Oats millet 298g,12570655,IN CUL : Noodles Oats,CULINARY,F&B,24.0,8.8,7.008,45.59,12254268
12282873,MAGGI 2-MIN NDLS Oats 24X292g PR IN,MAGGI 2-MINUTE NOODLES Oats millet 298g,12570655,IN CUL : Noodles Oats,CULINARY,F&B,24.0,8.8,7.008,45.59,12282873
12310950,MAGGI 2 MIN NDLS Oats 24x292g N1 IN,MAGGI 2-MINUTE NOODLES Oats millet 298g,12570655,IN CUL : Noodles Oats,CULINARY,F&B,24.0,8.8,7.008,45.59,12310950
12350468,MAGGI Oats Ndls Masala 24x300g IN,MAGGI 2-MINUTE NOODLES Oats millet 298g,12570655,IN CUL : Noodles Oats,CULINARY,F&B,24.0,8.4,7.2,40.92,12350468
12373419,MAGGI Nutri-licious Oats 24x300g N1 IN,MAGGI 2-MINUTE NOODLES Oats millet 298g,12570655,IN CUL : Noodles Oats,CULINARY,F&B,24.0,8.4,7.2,40.92,12373419
12383834,MAGGI Oats 24x300g PR NutrichoiceFree IN,MAGGI 2-MINUTE NOODLES Oats millet 298g,12570655,IN CUL : Noodles Oats,CULINARY,F&B,24.0,8.4,7.2,40.92,12383834
12394193,MAGGI Nutri-licious Oats24x300gPR Box IN,MAGGI 2-MINUTE NOODLES Oats millet 298g,12570655,IN CUL : Noodles Oats,CULINARY,F&B,24.0,8.4,7.2,40.92,12394193
12406890,MAGGI Nutri-licious Oats Mas 24x290g IN,MAGGI 2-MINUTE NOODLES Oats millet 298g,12570655,IN CUL : Noodles Oats,CULINARY,F&B,24.0,8.0,6.96,39.14,12406890
12441009,MAGGI Ntr-lcs Oats Mas24x290g PR Spec IN,MAGGI 2-MINUTE NOODLES Oats millet 298g,12570655,IN CUL : Noodles Oats,CULINARY,F&B,24.0,8.2,6.96,41.664,12441009
12499417,MAG Ntr-lcs Oats Mas24x290g PR H&S Fr IN,MAGGI 2-MINUTE NOODLES Oats millet 298g,12570655,IN CUL : Noodles Oats,CULINARY,F&B,24.0,8.2,6.96,41.664,12499417
12502753,MAG Ntr-lcs Oats Mas24x290gPR Oats Fr IN,MAGGI 2-MINUTE NOODLES Oats millet 298g,12570655,IN CUL : Noodles Oats,CULINARY,F&B,24.0,8.2,6.96,41.664,12502753
12520033,MAG Ntr-lcs Oats Mas24x290gPR Oats N1 IN,MAGGI 2-MINUTE NOODLES Oats millet 298g,12570655,IN CUL : Noodles Oats,CULINARY,F&B,24.0,8.0,6.96,39.14,12520033
12502898,MAGGI Ntr-lcs Oats Mas 24x294g IN,MAGGI 2-MINUTE NOODLES Oats millet 298g,12570655,IN CUL : Noodles Oats,CULINARY,F&B,24.0,8.2,7.056,41.664,12502898
12531635,MAG Ntr-lcs Oats Mas 24x294gPROats Fr IN,MAGGI 2-MINUTE NOODLES Oats millet 298g,12570655,IN CUL : Noodles Oats,CULINARY,F&B,24.0,8.0,7.056,39.14,12531635
12549628,MAGGI Ntr-lcs Oats 24x294g PR Spe BNZ IN,MAGGI 2-MINUTE NOODLES Oats millet 298g,12570655,IN CUL : Noodles Oats,CULINARY,F&B,24.0,8.0,7.056,41.664,12549628
12570655,MAGGI Ntr-lcs Oats Millets 24x298g IN,MAGGI 2-MINUTE NOODLES Oats millet 298g,12570655,IN CUL : Noodles Oats,CULINARY,F&B,24.0,8.0,7.152,41.664,12570655
12571536,MAGGI Nutri-licious Oats 24x294g RC IN,MAGGI 2-MINUTE NOODLES Oats millet 298g,12570655,IN CUL : Noodles Oats,CULINARY,F&B,24.0,8.0,7.056,41.664,12571536
12254269,MAGGI 2-MIN NDLS Oats 96X73g IN,MAGGI 2-MINUTE NOODLES Oats millet 74.5g,12570673,IN CUL : Noodles Oats,CULINARY,F&B,96.0,9.6,7.008,43.152,12254269
12310951,MAGGI 2 MIN NDLS Oats 96X73g N1 IN,MAGGI 2-MINUTE NOODLES Oats millet 74.5g,12570673,IN CUL : Noodles Oats,CULINARY,F&B,96.0,9.6,7.008,43.152,12310951
12350529,MAGGI Oats Ndls Masala 96x75g IN,MAGGI 2-MINUTE NOODLES Oats millet 74.5g,12570673,IN CUL : Noodles Oats,CULINARY,F&B,96.0,8.2,7.2,38.355,12350529
12368957,MAG Nutri licious Oats 96x75g PR Snrs IN,MAGGI 2-MINUTE NOODLES Oats millet 74.5g,12570673,IN CUL : Noodles Oats,CULINARY,F&B,96.0,8.2,7.2,38.355,12368957
12373418,MAGGI Nutri-licious Oats 96x75g N1 IN,MAGGI 2-MINUTE NOODLES Oats millet 74.5g,12570673,IN CUL : Noodles Oats,CULINARY,F&B,96.0,8.2,7.2,38.355,12373418
12379638,MAGGI Nutri-licious Oats96x75gPR Tata IN,MAGGI 2-MINUTE NOODLES Oats millet 74.5g,12570673,IN CUL : Noodles Oats,CULINARY,F&B,96.0,8.2,7.2,38.355,12379638
12406891,MAGGI Nutri-licious Oats Mas 96x72.5g IN,MAGGI 2-MINUTE NOODLES Oats millet 74.5g,12570673,IN CUL : Noodles Oats,CULINARY,F&B,96.0,8.0,6.96,41.664,12406891
12502767,MAGGI Ntr-lcs Oats Mas 96x73.5g IN,MAGGI 2-MINUTE NOODLES Oats millet 74.5g,12570673,IN CUL : Noodles Oats,CULINARY,F&B,96.0,8.0,7.056,41.664,12502767
12549998,MAGGI Ntr-lcs Oats96x73.5g PR Spe BNZ IN,MAGGI 2-MINUTE NOODLES Oats millet 74.5g,12570673,IN CUL : Noodles Oats,CULINARY,F&B,96.0,8.0,7.056,41.664,12549998
12570673,MAGGI Ntr-lcs Oats Millets 96x74.5g IN,MAGGI 2-MINUTE NOODLES Oats millet 74.5g,12570673,IN CUL : Noodles Oats,CULINARY,F&B,96.0,8.0,7.152,41.664,12570673
12571604,MAGGI Ntr-lcs Oats 96x73.5g RC IN,MAGGI 2-MINUTE NOODLES Oats millet 74.5g,12570673,IN CUL : Noodles Oats,CULINARY,F&B,96.0,8.0,7.056,41.664,12571604
12422891,MAGGI 2-MINN Spec Masala 30(3x70g) IN,MAGGI 2-MINUTE NOODLES Special Masala 3X70g,12422891,IN CUL : MAGGI NDLS-SpecialMasala,CULINARY,F&B,30.0,7.1,6.3,43.225,12422891
12378622,MAGGI 2-MINN Special Masala 96x70g IN,MAGGI 2-MINUTE NOODLES Special Masala 70g,12378622,IN CUL : MAGGI NDLS-SpecialMasala,CULINARY,F&B,96.0,7.5,6.72,33.99,12378622
12383931,MAGGI 2-MINN Special Masala 4(24x70g) IN,MAGGI 2-MINUTE NOODLES Special Masala 70g,12378622,IN CUL : MAGGI NDLS-SpecialMasala,CULINARY,F&B,96.0,8.5,6.72,36.816,12383931
12426487,MAGGI 2-MINN Spec Mas 96x70g PR Paytm IN,MAGGI 2-MINUTE NOODLES Special Masala 70g,12378622,IN CUL : MAGGI NDLS-SpecialMasala,CULINARY,F&B,96.0,7.5,6.72,36.888,12426487
12504107,MAGGI 2-MINN Special Masala 96x70g N1 IN,MAGGI 2-MINUTE NOODLES Special Masala 70g,12378622,IN CUL : MAGGI NDLS-SpecialMasala,CULINARY,F&B,96.0,7.63,6.72,33.995,12504107
12494139,MAG 2-MINN Spec Mas 96x70g PR B3G1 IN,MAGGI 2-MINUTE NOODLES Special Masala 70g,12378622,IN CUL : MAGGI NDLS-SpecialMasala,CULINARY,F&B,96.0,7.5,6.72,36.192,12494139
12538569,MAGGI 2-MIN Spec Mas96x70g PR Rs5 Off IN,MAGGI 2-MINUTE NOODLES Special Masala 70g,12378622,IN CUL : MAGGI NDLS-SpecialMasala,CULINARY,F&B,96.0,7.63,6.72,36.192,12538569
12571219,MAGGI 2-MIN Spec Mas 96x70g N2 IN,MAGGI 2-MINUTE NOODLES Special Masala 70g,12378622,IN CUL : MAGGI NDLS-SpecialMasala,CULINARY,F&B,96.0,7.42,6.72,36.192,12571219
12391612,MAGGI 2-MINN Special Mas Pbg 10x840gIN,MAGGI 2-MINUTE NOODLES Special Masala Pbg 840g,12391612,IN CUL : MAGGI NDLS-SpecialMasala,CULINARY,F&B,10.0,9.82,8.4,46.574,12391612
12505400,MAG 2-MINN Special Mas Pbg 10x840g N1 IN,MAGGI 2-MINUTE NOODLES Special Masala Pbg 840g,12391612,IN CUL : MAGGI NDLS-SpecialMasala,CULINARY,F&B,10.0,9.61,8.4,47.377,12505400
12338102,MAGGI Super Chennai Mas Ndl 48x73g IN,MAGGI 2-MINUTE NOODLES Super Chennai Mas 73g,12338102,IN CUL : MAGGI NDLS-MasalasOfIndia,CULINARY,F&B,48.0,4.11,3.504,21.313,12338102
12089047,MAGGI 2-MINN NDLS Veg Atta 24x340g IN,MAGGI 2-MINUTE NOODLES Veg Atta 320g,12372674,IN CUL : Noodles Value Added,CULINARY,F&B,24.0,10.0,8.16,45.59,12089047
12157051,MAGGI 2-MINN NDLS Veg Atta 24x320gIN,MAGGI 2-MINUTE NOODLES Veg Atta 320g,12372674,IN CUL : Noodles Value Added,CULINARY,F&B,24.0,8.5,7.68,43.152,12157051
12239925,MAGGI 2-MINN Veg Atta24x320g PR GIFTS IN,MAGGI 2-MINUTE NOODLES Veg Atta 320g,12372674,IN CUL : Noodles Value Added,CULINARY,F&B,24.0,8.8,7.68,45.59,12239925
12282245,MAGGI 2-MINN NDLS Veg Atta 24x320g PR IN,MAGGI 2-MINUTE NOODLES Veg Atta 320g,12372674,IN CUL : Noodles Value Added,CULINARY,F&B,24.0,8.5,7.68,43.152,12282245
12311128,MAGGI 2-MIN NDLS Veg Atta 24x320g N1 IN,MAGGI 2-MINUTE NOODLES Veg Atta 320g,12372674,IN CUL : Noodles Value Added,CULINARY,F&B,24.0,8.5,7.68,43.152,12311128
12339086,MAGGI 2-MIN NDLS Veg Ata24x320g PRPaz IN,MAGGI 2-MINUTE NOODLES Veg Atta 320g,12372674,IN CUL : Noodles Value Added,CULINARY,F&B,24.0,8.5,7.68,38.75,12339086
12350467,MAGGI Atta Ndls Masala 24x300g IN,MAGGI 2-MINUTE NOODLES Veg Atta 320g,12372674,IN CUL : Noodles Value Added,CULINARY,F&B,24.0,8.4,7.2,40.92,12350467
12363389,MAGGI Atta Ndls Mas 24x300g PR MexFr IN,MAGGI 2-MINUTE NOODLES Veg Atta 320g,12372674,IN CUL : Noodles Value Added,CULINARY,F&B,24.0,8.4,7.2,40.92,12363389
12372674,MAG Nutri-licious Atta 24x300g PR Fit IN,MAGGI 2-MINUTE NOODLES Veg Atta 320g,12372674,IN CUL : Noodles Value Added,CULINARY,F&B,24.0,8.4,7.2,37.95,12372674
12373451,MAGGI Nutri-licious Atta NDLS 24x300g IN,MAGGI 2-MINUTE NOODLES Veg Atta 320g,12372674,IN CUL : Noodles Value Added,CULINARY,F&B,24.0,8.4,7.2,40.51,12373451
12382798,MAGGI Atta 24x300g PR Nutrichoice FreeIN,MAGGI 2-MINUTE NOODLES Veg Atta 320g,12372674,IN CUL : Noodles Value Added,CULINARY,F&B,24.0,8.4,7.2,40.92,12382798
12394192,MAGGI Nutri-licious Atta24x300gPR Box IN,MAGGI 2-MINUTE NOODLES Veg Atta 320g,12372674,IN CUL : Noodles Value Added,CULINARY,F&B,24.0,8.4,7.2,40.92,12394192
12406892,MAGGI Nutri-licious Atta Mas 24x290g IN,MAGGI 2-MINUTE NOODLES Veg Atta 320g,12372674,IN CUL : Noodles Value Added,CULINARY,F&B,24.0,8.0,6.96,41.4,12406892
12431017,MAG Nutri-liciousAtta 24x290g PR SPce IN,MAGGI 2-MINUTE NOODLES Veg Atta 320g,12372674,IN CUL : Noodles Value Added,CULINARY,F&B,24.0,8.0,6.96,41.664,12431017
12399279,MAGGI Nutri-liciousAtta24x300gPR NPLS IN,MAGGI 2-MINUTE NOODLES Veg Atta 320g,12372674,IN CUL : Noodles Value Added,CULINARY,F&B,24.0,8.4,7.2,40.92,12399279
12441008,MAGGI Ntr-lcs Atta Mas24x290g PR Spec IN,MAGGI 2-MINUTE NOODLES Veg Atta 320g,12372674,IN CUL : Noodles Value Added,CULINARY,F&B,24.0,8.2,6.96,41.664,12441008
12499418,MAG Ntr-lcs Atta Mas24x290g PR H&S Fr IN,MAGGI 2-MINUTE NOODLES Veg Atta 320g,12372674,IN CUL : Noodles Value Added,CULINARY,F&B,24.0,8.2,6.96,41.664,12499418
12502640,MAG Ntr-lcs Atta Mas24x290gPR Atta Fr IN,MAGGI 2-MINUTE NOODLES Veg Atta 320g,12372674,IN CUL : Noodles Value Added,CULINARY,F&B,24.0,8.2,6.96,41.664,12502640
12513489,MAG Ntr-lcs Atta Mas24x290g PR AttaN1 IN,MAGGI 2-MINUTE NOODLES Veg Atta 320g,12372674,IN CUL : Noodles Value Added,CULINARY,F&B,24.0,8.2,6.96,41.4,12513489
12502771,MAG Ntr-lcs Atta Mas24x290gPR AttaFr IN,MAGGI 2-MINUTE NOODLES Veg Atta 320g,12372674,IN CUL : Noodles Value Added,CULINARY,F&B,24.0,8.2,6.96,41.664,12502771
12521450,MAGGI Ntr-lcs Atta Mas 24x290g N1 IN,MAGGI 2-MINUTE NOODLES Veg Atta 320g,12372674,IN CUL : Noodles Value Added,CULINARY,F&B,24.0,8.0,6.96,41.664,12521450
12526922,MAG Ntr-lcs Atta 24x290gPR Atta Fr N2 IN,MAGGI 2-MINUTE NOODLES Veg Atta 320g,12372674,IN CUL : Noodles Value Added,CULINARY,F&B,24.0,8.0,6.96,41.4,12526922
12549423,MAG Ntr-lcs Atta24x290g SB PR72.5g Fr IN,MAGGI 2-MINUTE NOODLES Veg Atta 320g,12372674,IN CUL : Noodles Value Added,CULINARY,F&B,24.0,8.0,6.96,41.664,12549423
12535992,MAGGI Ntr-lcs Atta 24x290g PR RTD FR IN,MAGGI 2-MINUTE NOODLES Veg Atta 320g,12372674,IN CUL : Noodles Value Added,CULINARY,F&B,24.0,8.0,6.96,41.664,12535992
12571231,MAGGI Ntr-lcs Atta Mas 24x290g RC IN,MAGGI 2-MINUTE NOODLES Veg Atta 320g,12372674,IN CUL : Noodles Value Added,CULINARY,F&B,24.0,8.08,6.96,41.664,12571231
12571209,MAGGI Ntr-lcs Atta 24x290g PR Atta Fr IN,MAGGI 2-MINUTE NOODLES Veg Atta 320g,12372674,IN CUL : Noodles Value Added,CULINARY,F&B,24.0,8.0,6.96,41.664,12571209
12579656,MAGGI Ntr-lcs Atta 24x290 Super B IN,MAGGI 2-MINUTE NOODLES Veg Atta 320g,12372674,IN CUL : Noodles Value Added,CULINARY,F&B,24.0,8.0,6.96,41.664,12579656
12588417,MAG Ntr-lcs Atta 24x290g PR Spork Fr IN,MAGGI 2-MINUTE NOODLES Veg Atta 320g,12372674,IN CUL : Noodles Value Added,CULINARY,F&B,24.0,8.0,6.96,41.664,12588417
12586420,MAGGI Ntr-lcs Atta 24x290g RC 2 IN,MAGGI 2-MINUTE NOODLES Veg Atta 320g,12372674,IN CUL : Noodles Value Added,CULINARY,F&B,24.0,7.99,6.96,41.664,12586420
12592196,MAGGI Ntr-lcs Atta24x290g PR RTDFr N1 IN,MAGGI 2-MINUTE NOODLES Veg Atta 320g,12372674,IN CUL : Noodles Value Added,CULINARY,F&B,24.0,8.0,6.96,41.664,12592196
12588418,MAG Ntr-lcs Atta 24x290g PRSporkFr N1 IN,MAGGI 2-MINUTE NOODLES Veg Atta 320g,12372674,IN CUL : Noodles Value Added,CULINARY,F&B,24.0,7.89,6.96,41.664,12588418
12599841,MAG Ntr-lcs Atta 24x290g PR AttaFr N1 IN,MAGGI 2-MINUTE NOODLES Veg Atta 320g,12372674,IN CUL : Noodles Value Added,CULINARY,F&B,24.0,8.0,6.96,41.664,12599841
12608614,MAG Ntr-lcs Atta24x290g PR Spork FrSB IN,MAGGI 2-MINUTE NOODLES Veg Atta 320g,12372674,IN CUL : Noodles Value Added,CULINARY,F&B,24.0,8.0,6.96,41.664,12608614
12089065,MAGGI 2-MINN NDLS Veg Atta 96x85g IN,MAGGI 2-MINUTE NOODLES Veg Atta 80g,12350528,IN CUL : Noodles Value Added,CULINARY,F&B,96.0,9.6,8.16,45.59,12089065
12157050,MAGGI 2-MINN NDLS Veg Atta 96x80 IN,MAGGI 2-MINUTE NOODLES Veg Atta 80g,12350528,IN CUL : Noodles Value Added,CULINARY,F&B,96.0,9.0,7.68,45.59,12157050
12239722,MAGGI 2-MINN Veg Atta 96x80g PR GIFTS IN,MAGGI 2-MINUTE NOODLES Veg Atta 80g,12350528,IN CUL : Noodles Value Added,CULINARY,F&B,96.0,9.6,7.68,45.59,12239722
12311129,MAGGI 2-MIN NDLS Veg Atta 96x80g N1 IN,MAGGI 2-MINUTE NOODLES Veg Atta 80g,12350528,IN CUL : Noodles Value Added,CULINARY,F&B,96.0,9.0,7.68,45.59,12311129
12350528,MAGGI Atta Ndls Masala 96x75g IN,MAGGI 2-MINUTE NOODLES Veg Atta 80g,12350528,IN CUL : Noodles Value Added,CULINARY,F&B,96.0,8.2,7.2,34.88,12350528
12373566,MAGGI Nutri-licious Atta 96x75g IN,MAGGI 2-MINUTE NOODLES Veg Atta 80g,12350528,IN CUL : Noodles Value Added,CULINARY,F&B,96.0,8.2,7.2,41.4,12373566
12378628,MAGGI Nutri-licious Atta96x75gPR TATA IN,MAGGI 2-MINUTE NOODLES Veg Atta 80g,12350528,IN CUL : Noodles Value Added,CULINARY,F&B,96.0,8.2,7.2,38.355,12378628
12406893,MAGGI Nutri-licious Atta Mas 96x72.5g IN,MAGGI 2-MINUTE NOODLES Veg Atta 80g,12350528,IN CUL : Noodles Value Added,CULINARY,F&B,96.0,8.0,6.96,39.864,12406893
12422288,MAG Nutri-licious Atta96x72.5g PR Grn IN,MAGGI 2-MINUTE NOODLES Veg Atta 80g,12350528,IN CUL : Noodles Value Added,CULINARY,F&B,96.0,8.0,6.96,41.664,12422288
12441032,MAG Nutri-licious Atta96x72.5gPRRs2OffIN,MAGGI 2-MINUTE NOODLES Veg Atta 80g,12350528,IN CUL : Noodles Value Added,CULINARY,F&B,96.0,8.0,6.96,41.664,12441032
12502926,MAG Ntr-lcs Atta Mas96x72.5g PR 4 Off IN,MAGGI 2-MINUTE NOODLES Veg Atta 80g,12350528,IN CUL : Noodles Value Added,CULINARY,F&B,96.0,8.0,6.96,41.664,12502926
12520027,MAGGI Ntr-lcs Atta Mas 96x72.5g N1 IN,MAGGI 2-MINUTE NOODLES Veg Atta 80g,12350528,IN CUL : Noodles Value Added,CULINARY,F&B,96.0,8.12,6.96,41.664,12520027
12530103,MAG Ntr-lcs Atta Mas 96x72.5g Rs4 Off IN,MAGGI 2-MINUTE NOODLES Veg Atta 80g,12350528,IN CUL : Noodles Value Added,CULINARY,F&B,96.0,8.24,6.96,41.664,12530103
12571232,MAGGI Ntr-lcs Atta 96x72.5gPR Rs4 Off IN,MAGGI 2-MINUTE NOODLES Veg Atta 80g,12350528,IN CUL : Noodles Value Added,CULINARY,F&B,96.0,8.0,6.96,41.664,12571232
12571285,MAGGI Ntr-lcs Atta Mas 96x72.5g RC IN,MAGGI 2-MINUTE NOODLES Veg Atta 80g,12350528,IN CUL : Noodles Value Added,CULINARY,F&B,96.0,8.08,6.96,41.664,12571285
12575667,MAGGI Ntr-lcs Atta 96x72.5g PR Rs4Off IN,MAGGI 2-MINUTE NOODLES Veg Atta 80g,12350528,IN CUL : Noodles Value Added,CULINARY,F&B,96.0,8.12,6.96,41.664,12575667
12586422,MAGGI Ntr-lcs Atta 96x72.5g RC 2 IN,MAGGI 2-MINUTE NOODLES Veg Atta 80g,12350528,IN CUL : Noodles Value Added,CULINARY,F&B,96.0,8.0,6.96,41.664,12586422
12592641,MAGGI Ntr-lcs Atta 96x72.5g PR Spec IN,MAGGI 2-MINUTE NOODLES Veg Atta 80g,12350528,IN CUL : Noodles Value Added,CULINARY,F&B,96.0,8.0,6.96,41.664,12592641
12375585,MAGGI Nutrilicious Baked SwCrn 90x60g IN,MAGGI 2-MINUTE NOODLES Veggie Sweet Corn 60g,12375585,IN CUL : MAGGI Baked Noodles,CULINARY,F&B,90.0,6.9,5.4,57.41,12375585
12397364,MAGGI Nutrilicious Bke SwCrn90x60g N1 IN,MAGGI 2-MINUTE NOODLES Veggie Sweet Corn 60g,12375585,IN CUL : MAGGI Baked Noodles,CULINARY,F&B,90.0,6.9,5.4,57.41,12397364
12432752,MAGGI Assortment 9x764.5g FlipkartBBD IN,MAGGI Assortment 764.5g PR FLIPKART,12432752,IN CUL : MAGGI Assortment Packs - GP,CULINARY,F&B,9.0,10.07,6.88,54.581,12432752
12451836,MAGGI 2-MINN Assortment Box 9x726g IN,MAGGI Assortment 764.5g PR FLIPKART,12432752,IN CUL : MAGGI NDLS - FLAVOURS,CULINARY,F&B,9.0,8.37,6.534,47.458,12451836
12480982,MAGGI 2-MINN Assortment Box 9x726g N1 IN,MAGGI Assortment 764.5g PR FLIPKART,12432752,IN CUL : MAGGI NDLS - FLAVOURS,CULINARY,F&B,9.0,8.37,6.534,47.458,12480982
12219035,MAGGI Bhuna Masala Makhni 6(12x65g) IN,MAGGI Bhuna Makhani Mix 65g,12321555,IN CUL : Cooking Base Bhuna,CULINARY,F&B,72.0,5.8,4.68,16.8,12219035
12321555,MAGGI Bhuna Makhani Mix 6(12x65g) N1 IN,MAGGI Bhuna Makhani Mix 65g,12321555,IN CUL : Cooking Base Bhuna,CULINARY,F&B,72.0,5.72,4.68,16.73,12321555
12082429,MAGGI Bhuna MasalaGravy Mix 6(12x65g) IN,MAGGI Bhuna Masala Gravy Mix 65g,12082429,IN CUL : Cooking Base Bhuna,CULINARY,F&B,72.0,5.8,4.68,17.79,12082429
12182076,MAGGI Bhuna Grv 72x65g PR NDL 80g IN,MAGGI Bhuna Masala Gravy Mix 65g,12082429,IN CUL : Cooking Base Bhuna,CULINARY,F&B,72.0,5.8,4.68,15.582,12182076
12378391,MAGGI Bhuna Masala Gravy 6(12x65g) N1 IN,MAGGI Bhuna Masala Gravy Mix 65g,12082429,IN CUL : Cooking Base Bhuna,CULINARY,F&B,72.0,5.7,4.68,18.064,12378391
12219034,MAGGI Bhuna Masala Korma 6(12x65g) IN,MAGGI Bhuna Masala Korma Mix 65g,12321446,IN CUL : Cooking Base Bhuna,CULINARY,F&B,72.0,5.8,4.68,16.8,12219034
12321446,MAGGI Bhuna Korma Mix 6(12x65g) N1 IN,MAGGI Bhuna Masala Korma Mix 65g,12321446,IN CUL : Cooking Base Bhuna,CULINARY,F&B,72.0,5.72,4.68,18.064,12321446
12397858,MAGGI Bhuna Masala Korma 6(12x65g) N2 IN,MAGGI Bhuna Masala Korma Mix 65g,12321446,IN CUL : Cooking Base Bhuna,CULINARY,F&B,72.0,5.7,4.68,18.064,12397858
12581833,MAGGI CMP 24(10x25g)FrW CMP B4G1 IN,MAGGI CMP 24(10x25g)FrW CMP B4G1 IN,12581833,IN CUL : Coconut Milk Powder,CULINARY,F&B,240.0,6.88,6.0,27.103,12581833
12424792,MAGGI CMP24(10x25g)FrW Chkn ndls 284g IN,MAGGI CMP24(10x25g)FrW Chkn ndls 284g IN,12424792,IN CUL : Coconut Milk Powder,CULINARY,F&B,240.0,8.35,6.0,26.825,12424792
11450011,MAGGI Coconut Milk Powder 48x100g IN,MAGGI Coconut Milk Powder 100g,11450011,IN CUL : Coconut Milk Powder,CULINARY,F&B,48.0,6.6,4.8,30.015,11450011
12448254,MAGGI CMP 48x100g PR Ladle IN,MAGGI Coconut Milk Powder 100g,11450011,IN CUL : Coconut Milk Powder,CULINARY,F&B,48.0,6.6,4.8,30.015,12448254
12459466,MAGGI Coconut Milk Powder 24x125g PR IN,MAGGI Coconut Milk Powder 100g,11450011,IN CUL : Coconut Milk Powder,CULINARY,F&B,24.0,6.6,3.0,17.01,12459466
12503089,MAG Coconut Milk Powder 48x100g LM IN,MAGGI Coconut Milk Powder 100g,11450011,IN CUL : Coconut Milk Powder,CULINARY,F&B,48.0,6.3,4.8,31.186,12503089
12503141,MAGGI Coconut MilkPwdr 24x125g PR LM IN,MAGGI Coconut Milk Powder 100g,11450011,IN CUL : Coconut Milk Powder,CULINARY,F&B,24.0,3.92,3.0,18.628,12503141
12520850,MAGGI Coconut MilkPwdr 24x125g PR N1 IN,MAGGI Coconut Milk Powder 100g,11450011,IN CUL : Coconut Milk Powder,CULINARY,F&B,24.0,3.92,3.0,18.628,12520850
12537705,MAGGI Coconut Milk Powder 48x100g N2 IN,MAGGI Coconut Milk Powder 100g,11450011,IN CUL : Coconut Milk Powder,CULINARY,F&B,48.0,6.3,4.8,31.186,12537705
12537730,MAGGI Coconut MilkPwdr 24x125g PR N2 IN,MAGGI Coconut Milk Powder 100g,11450011,IN CUL : Coconut Milk Powder,CULINARY,F&B,24.0,3.92,3.0,18.628,12537730
12520839,MAGGI Coconut Milk Powder 48x100g N1 IN,MAGGI Coconut Milk Powder 100g,11450011,IN CUL : Coconut Milk Powder,CULINARY,F&B,48.0,6.3,4.8,31.186,12520839
12549521,MAGGI CMP 48x100g IN,MAGGI Coconut Milk Powder 100g,11450011,IN CUL : Coconut Milk Powder,CULINARY,F&B,48.0,6.3,4.8,31.186,12549521
12578012,MAGGI Ccnt MlkPwdr 48x100g PR EVD DW IN,MAGGI Coconut Milk Powder 100g,11450011,IN CUL : Coconut Milk Powder,CULINARY,F&B,48.0,6.3,4.8,31.186,12578012
12581885,MAGGI Coconut Milk Powder 48x100g N3 IN,MAGGI Coconut Milk Powder 100g,11450011,IN CUL : Coconut Milk Powder,CULINARY,F&B,48.0,6.3,4.8,31.186,12581885
12588829,MAGGI Coco MlkPwdr48x100g PR Rs10 Off IN,MAGGI Coconut Milk Powder 100g,11450011,IN CUL : Coconut Milk Powder,CULINARY,F&B,48.0,6.3,4.8,31.186,12588829
12610688,MAGGI CocoMlkPwdr 48x100g PR RiceAda IN,MAGGI Coconut Milk Powder 100g,11450011,IN CUL : Coconut Milk Powder,CULINARY,F&B,48.0,6.3,4.8,31.186,12610688
11450002,MAGGI Coconut Milk Powder 12x1kg XU,MAGGI Coconut Milk Powder 1kg,11450190,IN CUL : Coconut Milk Powder - FS,NP,NP,12.0,13.0,12.0,39.375,11450002
11450190,MAGGI Coconut Milk Powder 12x1kg IN,MAGGI Coconut Milk Powder 1kg,11450190,IN CUL : Coconut Milk Powder - FS,NP,NP,12.0,13.9,12.0,39.168,11450190
12503142,MAGGI Coconut Milk Powder 12x1kg LM IN,MAGGI Coconut Milk Powder 1kg,11450190,IN CUL : Coconut Milk Powder - FS,NP,NP,12.0,13.04,12.0,39.525,12503142
12537553,MAGGI Coconut Milk Powder 12x1kg N1 IN,MAGGI Coconut Milk Powder 1kg,11450190,IN CUL : Coconut Milk Powder - FS,NP,NP,12.0,13.04,12.0,39.525,12537553
12537413,MAGGI Coconut Milk Powder 12x1kg R1 IN,MAGGI Coconut Milk Powder 1kg,11450190,IN CUL : Coconut Milk Powder - FS,NP,NP,12.0,13.04,12.0,39.525,12537413
12581886,MAGGI Coconut Milk Powder 12x1kg N2 IN,MAGGI Coconut Milk Powder 1kg,11450190,IN CUL : Coconut Milk Powder - FS,NP,NP,12.0,13.04,12.0,39.525,12581886
11450022,MAGGI Coconut MlkPwdr SacMP24(10x25g)IN,MAGGI Coconut Milk Powder 25g,11450022,IN CUL : Coconut Milk Powder,CULINARY,F&B,240.0,8.35,6.0,26.825,11450022
12474651,MAG Coco MlkPwdr Sac24(10x25) PR5off IN,MAGGI Coconut Milk Powder 25g,11450022,IN CUL : Coconut Milk Powder,CULINARY,F&B,240.0,8.35,6.0,26.825,12474651
12503143,MAG Coco MlkPwdr SacMP24(10x25g) LM IN,MAGGI Coconut Milk Powder 25g,11450022,IN CUL : Coconut Milk Powder,CULINARY,F&B,240.0,6.88,6.0,27.103,12503143
12505673,MAG Coco MlkPwdr 24(10x25) PR5off LM IN,MAGGI Coconut Milk Powder 25g,11450022,IN CUL : Coconut Milk Powder,CULINARY,F&B,240.0,6.88,6.0,27.103,12505673
12537714,MAGGI Ccnt MlkPwdr SacMP 24(10x25g)N1 IN,MAGGI Coconut Milk Powder 25g,11450022,IN CUL : Coconut Milk Powder,CULINARY,F&B,240.0,6.88,6.0,27.103,12537714
12520851,MAGGI Coco MlkPwdr SacMP24(10x25g) N1 IN,MAGGI Coconut Milk Powder 25g,11450022,IN CUL : Coconut Milk Powder,CULINARY,F&B,240.0,6.88,6.0,27.103,12520851
12520852,MAGGI Coco MlkPwdr 24(10x25g) PR5off N1,MAGGI Coconut Milk Powder 25g,11450022,IN CUL : Coconut Milk Powder,CULINARY,F&B,240.0,6.88,6.0,27.103,12520852
12549512,MAGGI CMP SacMP24(10x25g) IN,MAGGI Coconut Milk Powder 25g,11450022,IN CUL : Coconut Milk Powder,CULINARY,F&B,240.0,6.88,6.0,27.103,12549512
12578003,MAGGI Coco MlkPwdr 24(10x25g)PR B4G1 IN,MAGGI Coconut Milk Powder 25g,11450022,IN CUL : Coconut Milk Powder,CULINARY,F&B,240.0,6.88,6.0,27.103,12578003
12581908,MAGGI Coco MlkPwdr SacMP 24(10x25g)N2 IN,MAGGI Coconut Milk Powder 25g,11450022,IN CUL : Coconut Milk Powder,CULINARY,F&B,240.0,6.88,6.0,27.103,12581908
12454175,MAGGI Coconut Milk Tetra 6(6x180ml) IN,MAGGI Coconut Milk Tetra 180ml,12454175,IN CUL : MAGGI - IMP,SI,SI,36.0,7.636,6.495,17.647,12454175
12507790,MAGGI Liquid Coconut Milk 6(6x180ml) IN,MAGGI Coconut Milk Tetra 180ml,12454175,IN CUL : MAGGI - IMP,SI,SI,36.0,7.636,6.495,17.647,12507790
12526099,MAGGI Coconut Milk Liquid 6(6x180ml) IN,MAGGI Coconut Milk Tetra 180ml,12454175,IN CUL : MAGGI - IMP,SI,SI,36.0,7.636,6.495,17.647,12526099
12572217,MAGGI Cubes Chkn 192x16g FrW ChknNdls IN,MAGGI Cubes Chkn 192x16g FrW ChknNdls IN,12572217,IN CUL : Cubes,CULINARY,F&B,192.0,4.4,3.072,20.007,12572217
12570586,MAGGI Cuppa Korean Cheesy 48x71.5g IN,MAGGI Cuppa Korean Cheesy 71.5g,12582931,IN CUL : MAGGI NDLS - KOREAN,CULINARY,F&B,48.0,5.88,3.432,55.458,12570586
12582931,MAGGI Cuppa Korean Cheesy 12(4x71.5g) IN,MAGGI Cuppa Korean Cheesy 71.5g,12582931,IN CUL : MAGGI NDLS - KOREAN,CULINARY,F&B,12.0,7.16,3.432,60.776,12582931
12570677,MAGGI Cuppa Korean Cheesy 48x71.5g TF IN,MAGGI Cuppa Korean Cheesy 71.5g,12582931,IN CUL : MAGGI NDLS - KOREAN,CULINARY,F&B,48.0,5.69,3.432,55.458,12570677
12369886,MAG Cuppa Mas NDLS AsstBox 12(4x70g) IN,MAGGI Cuppa Mania Noodles AsstBox 70g,12369886,IN CUL : Noodles Cup,CULINARY,F&B,12.0,5.9,3.36,55.46,12369886
12350094,MAGGI Cuppa Mania Ndl Chicken 48x67g IN,MAGGI Cuppa Mania Noodles Chicken 67g,12350094,IN CUL : Noodles Cup,CULINARY,F&B,48.0,6.35,3.216,53.52,12350094
12372684,MAGGI Cuppa NDLS Chicken 48x67g N2 IN,MAGGI Cuppa Mania Noodles Chicken 67g,12350094,IN CUL : Noodles Cup,CULINARY,F&B,48.0,5.72,3.216,53.521,12372684
12374882,MAGGI Cuppa NDLS Chicken 48x67g PR GI IN,MAGGI Cuppa Mania Noodles Chicken 67g,12350094,IN CUL : Noodles Cup,CULINARY,F&B,48.0,6.3,3.216,55.458,12374882
12383623,MAGGI Cuppa NDLS Chicken48x67g PR Ola IN,MAGGI Cuppa Mania Noodles Chicken 67g,12350094,IN CUL : Noodles Cup,CULINARY,F&B,48.0,5.9,3.216,55.46,12383623
12425787,MAGGI Cuppa chicken 48x67g PR Uber IN,MAGGI Cuppa Mania Noodles Chicken 67g,12350094,IN CUL : Noodles Cup,CULINARY,F&B,48.0,6.35,3.216,55.458,12425787
12438262,MAGGI Cuppa Chkn 48x67g PR Rs.3 Off IN,MAGGI Cuppa Mania Noodles Chicken 67g,12350094,IN CUL : Noodles Cup,CULINARY,F&B,48.0,6.6,3.216,55.458,12438262
12472595,MAGGI Cuppa Chkn 48x67g PR Rs.5 Off IN,MAGGI Cuppa Mania Noodles Chicken 67g,12350094,IN CUL : Noodles Cup,CULINARY,F&B,48.0,5.8,3.216,55.458,12472595
12458366,MAGGI Cuppa Chicken Noodles 48x67g IN,MAGGI Cuppa Mania Noodles Chicken 67g,12350094,IN CUL : Noodles Cup,CULINARY,F&B,48.0,5.88,3.216,55.932,12458366
12502182,MAGGI Cuppa Chkn 48x67g PR Rs5 Off N1 IN,MAGGI Cuppa Mania Noodles Chicken 67g,12350094,IN CUL : Noodles Cup,CULINARY,F&B,48.0,5.6,3.216,56.406,12502182
12504558,MAGGI Cuppa Chicken Ndls 48x67g N1 IN,MAGGI Cuppa Mania Noodles Chicken 67g,12350094,IN CUL : Noodles Cup,CULINARY,F&B,48.0,5.88,3.216,55.458,12504558
12365843,MAGGI Cuppa NDLS Chicken Twist 48x68g IN,MAGGI Cuppa Mania Noodles Chicken Twist 68g,12365843,IN CUL : Soakable Noodles - FS,NP,NP,48.0,6.3,3.264,53.52,12365843
12372904,MAGGI Cuppa Chicken Twist 48x68g N1 IN,MAGGI Cuppa Mania Noodles Chicken Twist 68g,12365843,IN CUL : Soakable Noodles - FS,NP,NP,48.0,5.56,3.264,53.521,12372904
12475053,MAGGI Cuppa NDLS Chkn Twist 48x68g N1 IN,MAGGI Cuppa Mania Noodles Chicken Twist 68g,12365843,IN CUL : Soakable Noodles - FS,NP,NP,48.0,5.64,3.264,55.458,12475053
12089013,MAGGI CuppaMania Ndl Chilli Chow48x70gIN,MAGGI Cuppa Mania Noodles Chilli Chow 70g,12318815,IN CUL : Noodles Cup,CULINARY,F&B,48.0,6.6,3.36,45.36,12089013
12318815,MAGGI CuppaMania Chilli Chow48x70g N1 IN,MAGGI Cuppa Mania Noodles Chilli Chow 70g,12318815,IN CUL : Noodles Cup,CULINARY,F&B,48.0,6.6,3.36,55.458,12318815
12321143,MAGGI Cuppa Chilli Chow 48x70g N2 IN,MAGGI Cuppa Mania Noodles Chilli Chow 70g,12318815,IN CUL : Noodles Cup,CULINARY,F&B,48.0,6.6,3.36,55.458,12321143
12372683,MAGGI Cuppa NDLS Chilli Chow48x70g N2 IN,MAGGI Cuppa Mania Noodles Chilli Chow 70g,12318815,IN CUL : Noodles Cup,CULINARY,F&B,48.0,5.92,3.36,53.521,12372683
12374881,MAGGI Cuppa Chilli Chow 48x70g PR GI IN,MAGGI Cuppa Mania Noodles Chilli Chow 70g,12318815,IN CUL : Noodles Cup,CULINARY,F&B,48.0,6.6,3.36,55.458,12374881
12383625,MAGGI Cuppa Chilli Chow 48x70g PR Ola IN,MAGGI Cuppa Mania Noodles Chilli Chow 70g,12318815,IN CUL : Noodles Cup,CULINARY,F&B,48.0,5.9,3.36,55.46,12383625
12425796,MAGGI Cuppa Chilichow 48x70g PR Uber IN,MAGGI Cuppa Mania Noodles Chilli Chow 70g,12318815,IN CUL : Noodles Cup,CULINARY,F&B,48.0,6.6,3.36,55.458,12425796
12438245,MAGGI Cuppa Chilichow48x70gPR Rs3 Off IN,MAGGI Cuppa Mania Noodles Chilli Chow 70g,12318815,IN CUL : Noodles Cup,CULINARY,F&B,48.0,6.6,3.36,55.458,12438245
12472588,MAGGI Cuppa Chilichow48x70gPR Rs5 Off IN,MAGGI Cuppa Mania Noodles Chilli Chow 70g,12318815,IN CUL : Noodles Cup,CULINARY,F&B,48.0,5.78,3.36,55.458,12472588
12458382,MAG Cuppa Chilli Chow Noodles48x70gN3 IN,MAGGI Cuppa Mania Noodles Chilli Chow 70g,12318815,IN CUL : Noodles Cup,CULINARY,F&B,48.0,5.84,3.36,56.406,12458382
12502579,MAG Cuppa Chilichow48x70gPR Rs5Off N1 IN,MAGGI Cuppa Mania Noodles Chilli Chow 70g,12318815,IN CUL : Noodles Cup,CULINARY,F&B,48.0,5.72,3.36,55.458,12502579
12504635,MAGGI Cuppa Chili chow Ndls 48x70g N4 IN,MAGGI Cuppa Mania Noodles Chilli Chow 70g,12318815,IN CUL : Noodles Cup,CULINARY,F&B,48.0,5.76,3.36,55.458,12504635
12570941,MAGGI Cuppa Chili Ndls 48x70g N2 IN,MAGGI Cuppa Mania Noodles Chilli Chow 70g,12318815,IN CUL : Noodles Cup,CULINARY,F&B,48.0,5.51,3.36,60.08,12570941
12608601,MAG Cuppa Chili Ndls 48x70g PR Rs5Off IN,MAGGI Cuppa Mania Noodles Chilli Chow 70g,12318815,IN CUL : Noodles Cup,CULINARY,F&B,48.0,5.54,3.36,60.08,12608601
12367483,MAGGI Cuppa Masala NDLS Twist 48x75g IN,MAGGI Cuppa Mania Noodles Twist 75g,12576390,IN CUL : Soakable Noodles - FS,NP,NP,48.0,6.3,3.6,53.52,12367483
12372905,MAGGI Cuppa Masala Twist 48x75g IN,MAGGI Cuppa Mania Noodles Twist 75g,12576390,IN CUL : Soakable Noodles - FS,NP,NP,48.0,5.7,3.6,53.52,12372905
12475054,MAGGI Cuppa Mas NDLS Twist 48x75g N1 IN,MAGGI Cuppa Mania Noodles Twist 75g,12576390,IN CUL : Soakable Noodles - FS,NP,NP,48.0,5.87,3.6,55.458,12475054
12576390,MAGGI Cuppa Mas NDLS Twist 48x75g N3 IN,MAGGI Cuppa Mania Noodles Twist 75g,12576390,IN CUL : Soakable Noodles - FS,NP,NP,48.0,5.92,3.6,55.458,12576390
12089003,MAGGI Cuppa Mania Ndl Yo Masala 48x70gIN,MAGGI Cuppa Mania Noodles Yo Masala 70g,12318816,IN CUL : Noodles Cup,CULINARY,F&B,48.0,6.6,3.36,45.36,12089003
12318816,MAGGI Cuppa Mania Yo Masala 48x70g N1 IN,MAGGI Cuppa Mania Noodles Yo Masala 70g,12318816,IN CUL : Noodles Cup,CULINARY,F&B,48.0,6.6,3.36,53.52,12318816
12321144,MAGGI Cuppa Masala 48x70g N4 IN,MAGGI Cuppa Mania Noodles Yo Masala 70g,12318816,IN CUL : Noodles Cup,CULINARY,F&B,48.0,6.6,3.36,55.458,12321144
12365385,MAGGI Cuppa Mania Mas 48x70g PR Latte IN,MAGGI Cuppa Mania Noodles Yo Masala 70g,12318816,IN CUL : Noodles Cup,CULINARY,F&B,48.0,6.6,3.36,55.458,12365385
12372680,MAGGI Cuppa NDLS Masala 48x70g N3 IN,MAGGI Cuppa Mania Noodles Yo Masala 70g,12318816,IN CUL : Noodles Cup,CULINARY,F&B,48.0,5.92,3.36,53.521,12372680
12374884,MAGGI Cuppa NDLS Masala 48x70g PR GI IN,MAGGI Cuppa Mania Noodles Yo Masala 70g,12318816,IN CUL : Noodles Cup,CULINARY,F&B,48.0,6.6,3.36,55.458,12374884
12383624,MAGGI Cuppa NDLS Masala 48x70g PR Ola IN,MAGGI Cuppa Mania Noodles Yo Masala 70g,12318816,IN CUL : Noodles Cup,CULINARY,F&B,48.0,5.9,3.36,55.46,12383624
12425797,MAGGI Cuppa NDLS Mas 48x70g PR Uber IN,MAGGI Cuppa Mania Noodles Yo Masala 70g,12318816,IN CUL : Noodles Cup,CULINARY,F&B,48.0,6.6,3.36,54.132,12425797
12438244,MAGGI Cuppa Masala 48x70g PR Rs.3 Off IN,MAGGI Cuppa Mania Noodles Yo Masala 70g,12318816,IN CUL : Noodles Cup,CULINARY,F&B,48.0,6.6,3.36,54.132,12438244
12472589,MAGGI Cuppa Masala 48x70g PR Rs.5 Off IN,MAGGI Cuppa Mania Noodles Yo Masala 70g,12318816,IN CUL : Noodles Cup,CULINARY,F&B,48.0,5.76,3.36,54.132,12472589
12458373,MAGGI Cuppa Masala Noodles 48x70.5g IN,MAGGI Cuppa Mania Noodles Yo Masala 70g,12318816,IN CUL : Noodles Cup,CULINARY,F&B,48.0,5.86,3.384,55.46,12458373
12502181,MAGGI Cuppa Mas 48x70.5g PR Rs5 Off N1IN,MAGGI Cuppa Mania Noodles Yo Masala 70g,12318816,IN CUL : Noodles Cup,CULINARY,F&B,48.0,5.76,3.384,55.458,12502181
12504636,MAGGI Cuppa Masala Ndls 48x70.5g N1 IN,MAGGI Cuppa Mania Noodles Yo Masala 70g,12318816,IN CUL : Noodles Cup,CULINARY,F&B,48.0,5.68,3.384,55.458,12504636
12551523,MAGGI Cup Mas Ndls 48x79.5gPR Fork Fr IN,MAGGI Cuppa Mania Noodles Yo Masala 70g,12318816,IN CUL : Noodles Cup,CULINARY,F&B,48.0,6.28,3.816,55.46,12551523
12570942,MAGGI Cuppa Masala Ndls 48x70.5g N2 IN,MAGGI Cuppa Mania Noodles Yo Masala 70g,12318816,IN CUL : Noodles Cup,CULINARY,F&B,48.0,5.432,3.384,60.08,12570942
12608579,MAG Cuppa Mas Ndls 48x70.5gPR Rs5 Off IN,MAGGI Cuppa Mania Noodles Yo Masala 70g,12318816,IN CUL : Noodles Cup,CULINARY,F&B,48.0,5.54,3.384,60.08,12608579
12324087,MAGGI Cuppa Masala 48x70g N5 IN,MAGGI Cuppa Masala Noodles 70g FS,12324087,IN CUL : Soakable Noodles - FS,NP,NP,48.0,6.6,3.36,55.458,12324087
12321123,MAGGI Cuppa Masala 48x70g N2 IN,MAGGI Cuppa Masala Noodles 70g R200 FS,12321123,IN CUL : Soakable Noodles - FS,NP,NP,48.0,6.6,3.36,55.458,12321123
12339206,MAGGI Cuppa Masala Noodles 48X73g IN,MAGGI Cuppa Masala Noodles 73g FS,12339206,IN CUL : Soakable Noodles - FS,NP,NP,48.0,6.6,3.504,53.52,12339206
12375326,MAGGI Cuppa Masala Ndl 48x73g N1 IN,MAGGI Cuppa Masala Noodles 73g FS,12339206,IN CUL : Soakable Noodles - FS,NP,NP,48.0,5.88,3.504,53.521,12375326
12413080,MAGGI Cuppa Poha 60x65g IN,MAGGI Cuppa Poha 65g FS,12413080,IN CUL : Poha Upma - FS,NP,NP,60.0,5.9,3.9,65.972,12413080
12473712,MAGGI Cuppa Poha 60x65g N1 IN,MAGGI Cuppa Poha 65g FS,12413080,IN CUL : Poha Upma - FS,NP,NP,60.0,5.9,3.9,63.068,12473712
12394967,MAGGI Cuppa Poha 40x80g IN,MAGGI Cuppa Poha 80g FS,12394967,IN CUL : Poha Upma - FS,NP,NP,40.0,4.9,3.2,53.791,12394967
12414330,MAGGI Cuppa Poha 40x80g N1 IN,MAGGI Cuppa Poha 80g FS,12394967,IN CUL : Poha Upma - FS,NP,NP,40.0,4.9,3.2,59.31,12414330
12413081,MAGGI Cuppa Upma 60x65g IN,MAGGI Cuppa Upma 65g FS,12413081,IN CUL : Poha Upma - FS,NP,NP,60.0,6.3,3.9,55.458,12413081
12473713,MAGGI Cuppa Upma 60x65g N1 IN,MAGGI Cuppa Upma 65g FS,12413081,IN CUL : Poha Upma - FS,NP,NP,60.0,5.9,3.9,63.068,12473713
12394966,MAGGI Cuppa Upma 40x80g IN,MAGGI Cuppa Upma 80g FS,12394966,IN CUL : Poha Upma - FS,NP,NP,40.0,4.9,3.2,53.791,12394966
12414267,MAGGI Cuppa Upma 40x80g N1 IN,MAGGI Cuppa Upma 80g FS,12394966,IN CUL : Poha Upma - FS,NP,NP,40.0,4.9,3.2,59.31,12414267
12383716,MAGGI Dip Cheese Garlic 36x150g IN,MAGGI Dip Cheese Garlic 150g,12383716,IN FD : Value Added Dahi,DAIRY,F&B,36.0,6.5,5.4,21.284,12383716
12383715,MAGGI Dip Jalapeno Salsa 36x150g IN,MAGGI Dip Jalapeno Salsa 150g,12383715,IN FD : Value Added Dahi,DAIRY,F&B,36.0,6.5,5.4,21.284,12383715
12438349,MAGGI Extra Hot H&S TCS 24x400g IN,MAGGI Extra Hot H&S TCS 400g,12438349,IN CUL : Sauces,CULINARY,F&B,24.0,17.3,9.6,26.13,12438349
12511186,MAGGI H&S Extra Hot 20x300g PR Zomato IN,MAGGI Extra Hot H&S TCS 400g,12438349,IN CUL : Sauces,CULINARY,F&B,20.0,7.12,6.0,30.32,12511186
12438394,MAG Fusian Asian Experience Kit 8x450gIN,MAGGI Fusian Asian Experience Kit 450g,12438394,IN CUL : MAGGI Assortment Packs - GP,CULINARY,F&B,8.0,6.3,3.6,42.509,12438394
12401791,MAGGI Fusian Assortment Box 9(12x73g) IN,MAGGI Fusian Assortment Box 73g,12401791,IN CUL : MAGGI Noodles Fusian,CULINARY,F&B,9.0,10.0,7.884,54.581,12401791
12375586,MAGGI Fusian BangkokSweetChili 96x73g IN,MAGGI Fusian BangkokSweetChili 73g,12375586,IN CUL : MAGGI Noodles Fusian,CULINARY,F&B,96.0,5.88,7.008,39.162,12375586
12430902,MAGGI Fusian Bangkok SweetChili 96x71gIN,MAGGI Fusian BangkokSweetChili 73g,12375586,IN CUL : MAGGI Noodles Fusian,CULINARY,F&B,96.0,7.5,6.816,39.162,12430902
12443591,MAGGI FSAN Bangkok Swt Chili96x71g N1 IN,MAGGI Fusian BangkokSweetChili 73g,12375586,IN CUL : MAGGI Noodles Fusian,CULINARY,F&B,96.0,7.5,6.816,39.162,12443591
12423026,MAGGI Fusian Bngk SpyTom Cup 48x70g IN,MAGGI Fusian Bngk SpyTom Cup 70g,12423026,IN CUL : Noodles Cup,CULINARY,F&B,48.0,6.6,3.36,55.458,12423026
12438249,MAG Fusian Bngk SpyTom48x70gPR Rs3Off IN,MAGGI Fusian Bngk SpyTom Cup 70g,12423026,IN CUL : Noodles Cup,CULINARY,F&B,48.0,6.6,3.36,55.458,12438249
12472596,MAG Fusian Bngk SpyTom48x70gPR Rs5Off IN,MAGGI Fusian Bngk SpyTom Cup 70g,12423026,IN CUL : Noodles Cup,CULINARY,F&B,48.0,6.6,3.36,55.458,12472596
12397112,MAG Fusian Chilli Garlic Sce 6(12x85g)IN,MAGGI Fusian Chilli Garlic 85g,12397112,IN CUL : MAGGI Pichkoo,CULINARY,F&B,72.0,7.8,6.12,24.696,12397112
12391366,MAGGI Fusian Hongkong SpcyGar 96x73g IN,MAGGI Fusian Hongkong SpcyGar 73g,12391366,IN CUL : MAGGI Noodles Fusian,CULINARY,F&B,96.0,8.28,7.008,39.162,12391366
12391365,MAGGI Fusian SingporeTangyPepr 96x73g IN,MAGGI Fusian SingporeTangyPepr 73g,12391365,IN CUL : MAGGI Noodles Fusian,CULINARY,F&B,96.0,8.44,7.008,39.162,12391365
12470109,MAGGI Green Thai Curry Kit 15(2x110g) IN,MAGGI Green Thai Curry Kit 110g,12470109,IN CUL : Cooking Base Juicy,NP,NP,15.0,5.4,3.3,28.985,12470109
12567231,MAGGI H&S 6(12x80g) FrW MAGGI Ndls IN,MAGGI H&S 6(12x80g) FrW MAGGI Ndls IN,12567231,IN CUL : Sauces,CULINARY,F&B,72.0,7.08,5.76,22.68,12567231
12482199,MAGGI H&S Extra Hot 20x300g IN,MAGGI H&S Extra Hot 20x300g IN,12482199,IN CUL : Sauces,CULINARY,F&B,20.0,7.12,6.0,30.32,12482199
12482207,MAGGI H&S Sriracha Sauce 20x300g IN,MAGGI H&S Sriracha Sauce 20x300g IN,12482207,IN CUL : Sauces,CULINARY,F&B,20.0,7.12,6.0,30.32,12482207
12511187,MAG H&S Sriracha Sce 20x300g PR ZomatoIN,MAGGI H&S Sriracha Sauce 20x300g IN,12482207,IN CUL : Sauces,CULINARY,F&B,20.0,7.12,6.0,30.32,12511187
12559039,MAGGI Sriracha Sauce 24x200g IN,MAGGI H&S Sriracha Sauce 20x300g IN,12482207,IN CUL : Sauces,CULINARY,F&B,24.0,9.0,4.8,11.933,12559039
12482718,MAGGI H&S TCS 24x200g FrW MAGGI Sauce IN,MAGGI H&S TCS 24x200g FrW MAGGI Sauce IN,12482718,IN CUL : Sauces,CULINARY,F&B,24.0,9.0,4.8,12.342,12482718
12472816,MAGGI H&S TCS 24x200g FrW Tom Sce 1Kg IN,MAGGI H&S TCS 24x200g FrW Tom Sce 1Kg IN,12472816,IN CUL : Sauces,CULINARY,F&B,24.0,9.0,4.8,12.342,12472816
12573013,MAGGI Happy Bowl Twisty Tom 24x200g IN,MAGGI Happy Bowl Twisty Tom 200g,12573013,IN CUL : MAGGI NDLS KIDS,CULINARY,F&B,24.0,7.0,4.8,30.745,12573013
12573002,MAGGI Happy Bowl Twisty Tom 96x50g IN,MAGGI Happy Bowl Twisty Tom 50g,12573002,IN CUL : MAGGI NDLS KIDS,CULINARY,F&B,96.0,7.0,4.8,30.745,12573002
12573007,MAGGI Happy Bowl Yummy Mas 24x200g IN,MAGGI Happy Bowl Yummy Mas 200g,12573007,IN CUL : MAGGI NDLS KIDS,CULINARY,F&B,24.0,7.0,4.8,30.745,12573007
12572996,MAGGI Happy Bowl Yummy Mas 96x50g IN,MAGGI Happy Bowl Yummy Mas 50g,12572996,IN CUL : MAGGI NDLS KIDS,CULINARY,F&B,96.0,7.0,4.8,30.745,12572996
12117327,MAGGI Hot & Sweet Doy 6(12x90g) IN,MAGGI HOT & SWEET DOY 90G,12117327,IN CUL : MAGGI Pichkoo,CULINARY,F&B,72.0,7.75,6.48,22.032,12117327
12334312,MAGGI H&S Doy 6(12x90g) PR MeM IN,MAGGI HOT & SWEET DOY 90G,12117327,IN CUL : MAGGI Pichkoo,CULINARY,F&B,72.0,7.75,6.48,22.032,12334312
12339505,MAGGI Hot & Sweet Doy 6(12x90g) N1 IN,MAGGI HOT & SWEET DOY 90G,12117327,IN CUL : MAGGI Pichkoo,CULINARY,F&B,72.0,7.75,6.48,22.032,12339505
12467149,MAGGI Hot & Sweet Doy 6(12x90g) N2 IN,MAGGI HOT & SWEET DOY 90G,12117327,IN CUL : MAGGI Pichkoo,CULINARY,F&B,72.0,7.75,6.48,22.032,12467149
12472990,MAGGI H&S Doy 6(12x100g)PR 10%Extra IN,MAGGI HOT & SWEET DOY 90G,12117327,IN CUL : MAGGI Pichkoo,CULINARY,F&B,72.0,8.6,7.2,24.696,12472990
12495069,MAGGI Hot & Sweet Doy 6(12x90g) NR IN,MAGGI HOT & SWEET DOY 90G,12117327,IN CUL : MAGGI Pichkoo,CULINARY,F&B,72.0,7.92,6.48,22.68,12495069
12493951,MAG H&S Doy 6(12x100g)PR 10%Extra NR IN,MAGGI HOT & SWEET DOY 90G,12117327,IN CUL : MAGGI Pichkoo,CULINARY,F&B,72.0,8.68,7.2,24.696,12493951
12530497,MAGGI H&S Doy 6(12x90g) PR Paytm IN,MAGGI HOT & SWEET DOY 90G,12117327,IN CUL : MAGGI Pichkoo,CULINARY,F&B,72.0,7.72,6.48,22.68,12530497
12534155,MAGGI Hot & Sweet Doy 6(12x80g) IN,MAGGI HOT & SWEET DOY 90G,12117327,IN CUL : MAGGI Pichkoo,CULINARY,F&B,72.0,7.12,5.76,22.68,12534155
12551560,MAGGI H&S 6(12x80g)PR Rs 2 Off IN,MAGGI HOT & SWEET DOY 90G,12117327,IN CUL : MAGGI Pichkoo,CULINARY,F&B,72.0,7.12,5.76,22.68,12551560
12571549,MAGGI Hot & Sweet Doy 6(12x75g) IN,MAGGI HOT & SWEET DOY 90G,12117327,IN CUL : MAGGI Pichkoo,CULINARY,F&B,72.0,6.66,5.4,19.754,12571549
12579198,MAGGI H&S Sce Doy 6(12x75g)PR Rs2 Off IN,MAGGI HOT & SWEET DOY 90G,12117327,IN CUL : MAGGI Pichkoo,CULINARY,F&B,72.0,6.66,5.4,19.754,12579198
12593925,MAGGI H&S Sce Doy 6(16x75g) N1 IN,MAGGI HOT & SWEET DOY 90G,12117327,IN CUL : MAGGI Pichkoo,CULINARY,F&B,96.0,8.4,7.2,22.134,12593925
12592563,MAGGI H&S Sce Doy 6(16x75g) PR MeM6g IN,MAGGI HOT & SWEET DOY 90G,12117327,IN CUL : MAGGI Pichkoo,CULINARY,F&B,72.0,8.4,7.2,19.754,12592563
12595982,MAGGI H&S Sce Doy 6(16x75g) N2 IN,MAGGI HOT & SWEET DOY 90G,12117327,IN CUL : MAGGI Pichkoo,CULINARY,F&B,96.0,8.4,7.2,22.134,12595982
12595996,MAGGI H&S Sce Doy 6(16x75g) PR MEM N2 IN,MAGGI HOT & SWEET DOY 90G,12117327,IN CUL : MAGGI Pichkoo,CULINARY,F&B,96.0,8.55,7.2,22.134,12595996
11340406,MAGGI HOT & SWEET TCS Bottle 12x1kgIN,MAGGI HOT & SWEET TCS Bottle 1kg,11340406,IN CUL : Sauces,CULINARY,F&B,12.0,18.6,12.0,26.91,11340406
12187782,MAGGI H&S 12X1Kg PR NCE 25g Jar IN,MAGGI HOT & SWEET TCS Bottle 1kg,11340406,IN CUL : Sauces,CULINARY,F&B,12.0,18.6,12.0,29.415,12187782
12243554,MAGGI H&S 12x1kg PR 2MNDLS 280g FR IN,MAGGI HOT & SWEET TCS Bottle 1kg,11340406,IN CUL : Sauces,CULINARY,F&B,12.0,18.6,12.0,29.415,12243554
12271404,MAGGI H&S 12x1kg PR OatsNdl FR IN,MAGGI HOT & SWEET TCS Bottle 1kg,11340406,IN CUL : Sauces,CULINARY,F&B,12.0,18.6,12.0,27.3,12271404
12337329,MAGGI H&S TCS 12x1kg PR HH GC 1P Free IN,MAGGI HOT & SWEET TCS Bottle 1kg,11340406,IN CUL : Sauces,CULINARY,F&B,12.0,18.6,12.0,26.91,12337329
12361867,MAGGI H&S Sauce 12x1kg PR Atta Mas75g IN,MAGGI HOT & SWEET TCS Bottle 1kg,11340406,IN CUL : Sauces,CULINARY,F&B,12.0,18.6,12.0,26.91,12361867
12371964,MAGGI H&S Sauce 12x1kg PR NDLS 280g IN,MAGGI HOT & SWEET TCS Bottle 1kg,11340406,IN CUL : Sauces,CULINARY,F&B,12.0,18.9,12.0,11.13,12371964
12382897,MAGGI H&S TCS 12x1kg PR PayTM Cash IN,MAGGI HOT & SWEET TCS Bottle 1kg,11340406,IN CUL : Sauces,CULINARY,F&B,12.0,18.9,12.0,11.13,12382897
12408201,MAGGI HOT & SWEET TCS 12x1kg PR Gifts IN,MAGGI HOT & SWEET TCS Bottle 1kg,11340406,IN CUL : Sauces,CULINARY,F&B,12.0,18.9,12.0,11.13,12408201
12467180,MAGGI H&S TCS Bottle 12x1kg N1 IN,MAGGI HOT & SWEET TCS Bottle 1kg,11340406,IN CUL : Sauces,CULINARY,F&B,12.0,18.6,12.0,26.91,12467180
12472865,MAGGI H&S Btl 12x1kg PR Amazon Prime IN,MAGGI HOT & SWEET TCS Bottle 1kg,11340406,IN CUL : Sauces,CULINARY,F&B,12.0,18.6,12.0,27.825,12472865
12481110,MAGGI H&S Btl 12x1kg PR H&S 200g FR IN,MAGGI HOT & SWEET TCS Bottle 1kg,11340406,IN CUL : Sauces,CULINARY,F&B,12.0,18.9,12.0,11.13,12481110
12487830,MAGGI H&S Btl 12x1kg PR Zomato FR IN,MAGGI HOT & SWEET TCS Bottle 1kg,11340406,IN CUL : Sauces,CULINARY,F&B,12.0,18.9,12.0,27.825,12487830
12489773,MAGGI H&S TCS Bottle 12x1kg NR IN,MAGGI HOT & SWEET TCS Bottle 1kg,11340406,IN CUL : Sauces,CULINARY,F&B,12.0,18.9,12.0,27.825,12489773
12509518,MAGGI H&S Btl 12x1kg PR H&S 200g Gold IN,MAGGI HOT & SWEET TCS Bottle 1kg,11340406,IN CUL : Sauces,CULINARY,F&B,12.0,18.9,12.0,27.825,12509518
12528681,MAGGI H&S TCS 12x1kg PR MAG Ndls 280g IN,MAGGI HOT & SWEET TCS Bottle 1kg,11340406,IN CUL : Sauces,CULINARY,F&B,12.0,18.9,12.0,27.825,12528681
12550111,MAGGI H&S 12x1KgPR Ndls280g+Super BNZ IN,MAGGI HOT & SWEET TCS Bottle 1kg,11340406,IN CUL : Sauces,CULINARY,F&B,12.0,19.12,12.0,27.825,12550111
12557938,MAGGI H&S TCS 12x1kg PR Nescafe 24g IN,MAGGI HOT & SWEET TCS Bottle 1kg,11340406,IN CUL : Sauces,CULINARY,F&B,12.0,19.08,12.0,27.825,12557938
12601755,MAGGI HOT & SWEET 12x1Kg N1 IN,MAGGI HOT & SWEET TCS Bottle 1kg,11340406,IN CUL : Sauces,CULINARY,F&B,12.0,18.99,12.0,27.825,12601755
12609611,MAGGI H&S 12x1Kg PR Ndls 280g+SB N1 IN,MAGGI HOT & SWEET TCS Bottle 1kg,11340406,IN CUL : Sauces,CULINARY,F&B,12.0,18.9,12.0,27.825,12609611
11340401,MAGGI HOT & SWEET TCS Bottle 24x200g IN,MAGGI HOT & SWEET TCS Bottle 200g,11340401,IN CUL : Sauces,CULINARY,F&B,24.0,9.0,4.8,12.529,11340401
12467137,MAGGI H&S TCS Bottle 24x200g N1 IN,MAGGI HOT & SWEET TCS Bottle 200g,11340401,IN CUL : Sauces,CULINARY,F&B,24.0,9.0,4.8,12.342,12467137
12493775,MAGGI H&S TCS Bottle 24x200g NR IN,MAGGI HOT & SWEET TCS Bottle 200g,11340401,IN CUL : Sauces,CULINARY,F&B,24.0,9.12,4.8,11.933,12493775
12601930,MAGGI HOT & SWEET 24x200g N1 IN,MAGGI HOT & SWEET TCS Bottle 200g,11340401,IN CUL : Sauces,CULINARY,F&B,24.0,9.0,4.8,11.933,12601930
12606043,MAGGI HOT & SWEET 24x200g N2 IN,MAGGI HOT & SWEET TCS Bottle 200g,11340401,IN CUL : Sauces,CULINARY,F&B,24.0,9.08,4.8,11.933,12606043
12019847,MAGGI HOT & SWEET TCS Bottle 24X500g IN,MAGGI HOT & SWEET TCS Bottle 500g,12019847,IN CUL : Sauces,CULINARY,F&B,24.0,19.94,12.0,29.4,12019847
12097141,MAGGI H&S 24x500g PR Veg Atta Free IN,MAGGI HOT & SWEET TCS Bottle 500g,12019847,IN CUL : Sauces,CULINARY,F&B,24.0,19.769,12.0,11.907,12097141
12135448,MAGGI H&S 24x500g PR Bhuna 65g Free IN,MAGGI HOT & SWEET TCS Bottle 500g,12019847,IN CUL : Sauces,CULINARY,F&B,24.0,19.9,12.0,27.744,12135448
12152901,MAGGI H&S 24x500g PR MGrainz85g Free IN,MAGGI HOT & SWEET TCS Bottle 500g,12019847,IN CUL : Sauces,CULINARY,F&B,24.0,19.9,12.0,27.744,12152901
12161098,MAGGI H&S 24x500g PR Pazzta Tom 64g IN,MAGGI HOT & SWEET TCS Bottle 500g,12019847,IN CUL : Sauces,CULINARY,F&B,24.0,19.9,12.0,27.744,12161098
12176966,MAGGI H&S 24x500g PR Veg Atta80g Free IN,MAGGI HOT & SWEET TCS Bottle 500g,12019847,IN CUL : Sauces,CULINARY,F&B,24.0,19.9,12.0,26.789,12176966
12186781,MAGGI H&S 24X500g PR Pazzta Mshm 64g IN,MAGGI HOT & SWEET TCS Bottle 500g,12019847,IN CUL : Sauces,CULINARY,F&B,24.0,19.9,12.0,27.744,12186781
12207623,MAGGI H&S 24X500g PR Dumdaar Ndls FR IN,MAGGI HOT & SWEET TCS Bottle 500g,12019847,IN CUL : Sauces,CULINARY,F&B,24.0,19.9,12.0,27.744,12207623
12238134,MAGGI H&S 24x500g PR MagicalMasNdl FR IN,MAGGI HOT & SWEET TCS Bottle 500g,12019847,IN CUL : Sauces,CULINARY,F&B,24.0,19.9,12.0,27.744,12238134
12266993,MAGGI H&S 24x500g PR Oats Ndl Fr IN,MAGGI HOT & SWEET TCS Bottle 500g,12019847,IN CUL : Sauces,CULINARY,F&B,24.0,19.9,12.0,26.789,12266993
12348384,MAGGI H&S TCS 24X500g PR NDLS 50g IN,MAGGI HOT & SWEET TCS Bottle 500g,12019847,IN CUL : Sauces,CULINARY,F&B,24.0,19.94,12.0,26.244,12348384
12371665,MAGGI H&S TCS 24X500g PR NDLS 70g IN,MAGGI HOT & SWEET TCS Bottle 500g,12019847,IN CUL : Sauces,CULINARY,F&B,24.0,19.7,12.0,26.05,12371665
12372907,MAGGI H&S TCS 24x500g PR MEM Sharebag IN,MAGGI HOT & SWEET TCS Bottle 500g,12019847,IN CUL : Sauces,CULINARY,F&B,24.0,20.0,12.0,26.05,12372907
12382898,MAGGI H&S TCS 24x500g PR PayTM Cash IN,MAGGI HOT & SWEET TCS Bottle 500g,12019847,IN CUL : Sauces,CULINARY,F&B,24.0,19.7,12.0,26.05,12382898
12397913,MAGGI H&S TCS 24x500g PR Atta Ndls75g IN,MAGGI HOT & SWEET TCS Bottle 500g,12019847,IN CUL : Sauces,CULINARY,F&B,24.0,19.7,12.0,26.05,12397913
12402151,MAGGI H&S TCS 24x500g PR Nestea IN,MAGGI HOT & SWEET TCS Bottle 500g,12019847,IN CUL : Sauces,CULINARY,F&B,24.0,19.7,12.0,26.05,12402151
12408200,MAGGI HOT & SWEET TCS 24x500gPR Gifts IN,MAGGI HOT & SWEET TCS Bottle 500g,12019847,IN CUL : Sauces,CULINARY,F&B,24.0,20.1,12.0,28.74,12408200
12416646,MAG H&S TCS 24x500g PR Atta Ndls72.5g IN,MAGGI HOT & SWEET TCS Bottle 500g,12019847,IN CUL : Sauces,CULINARY,F&B,24.0,20.0,12.0,26.05,12416646
12426993,MAGGI H&S TCS 24x500g PR Ndl 140g Fr IN,MAGGI HOT & SWEET TCS Bottle 500g,12019847,IN CUL : Sauces,CULINARY,F&B,24.0,19.7,12.0,26.05,12426993
12438991,MAG H&S TCS 24x500g PR Specl Ndls 70g IN,MAGGI HOT & SWEET TCS Bottle 500g,12019847,IN CUL : Sauces,CULINARY,F&B,24.0,19.65,12.0,26.05,12438991
12467138,MAGGI H&S TCS Bottle 24X500g N1 IN,MAGGI HOT & SWEET TCS Bottle 500g,12019847,IN CUL : Sauces,CULINARY,F&B,24.0,19.94,12.0,29.4,12467138
12471086,MAGGI H&S TCS Btl 24x500g PR Rs10 Off IN,MAGGI HOT & SWEET TCS Bottle 500g,12019847,IN CUL : Sauces,CULINARY,F&B,24.0,19.65,12.0,26.05,12471086
12495399,MAGGI H&S TCS 24x500g PR Mas PazztaFr IN,MAGGI HOT & SWEET TCS Bottle 500g,12019847,IN CUL : Sauces,CULINARY,F&B,24.0,19.65,12.0,26.05,12495399
12493771,MAGGI H&S TCS Bottle 24x500g NR IN,MAGGI HOT & SWEET TCS Bottle 500g,12019847,IN CUL : Sauces,CULINARY,F&B,24.0,20.24,12.0,26.05,12493771
12503862,MAGGI H&S TCS 24x500g PR MasPazzta N1 IN,MAGGI HOT & SWEET TCS Bottle 500g,12019847,IN CUL : Sauces,CULINARY,F&B,24.0,20.12,12.0,26.05,12503862
12552663,MAGGI H&S TCS 24x500g PR Ndls140g Fr IN,MAGGI HOT & SWEET TCS Bottle 500g,12019847,IN CUL : Sauces,CULINARY,F&B,24.0,20.0,12.0,26.05,12552663
12601761,MAGGI HOT & SWEET 24x500g N1 IN,MAGGI HOT & SWEET TCS Bottle 500g,12019847,IN CUL : Sauces,CULINARY,F&B,24.0,20.21,12.0,26.05,12601761
12595332,MAGGI H&S 24x500g PR Ndls Pack of 2 IN,MAGGI HOT & SWEET TCS Bottle 500g,12019847,IN CUL : Sauces,CULINARY,F&B,24.0,19.65,12.0,26.05,12595332
12493941,MAGGI HOT & SWEET 20x300g IN,MAGGI Hot and Sweet 20x300g IN,12493941,IN CUL : Sauces,CULINARY,F&B,20.0,7.12,6.0,30.32,12493941
12051784,MAGGI HOT CUP Soup Tomato 24x500g IN,MAGGI HOT CUP Soup Tomato 500g,12326433,IN CUL : Soups - FS,NP,NP,24.0,13.8,12.0,30.503,12051784
12326433,MAGGI HOT CUP Soup Tomato 24x500g N1 IN,MAGGI HOT CUP Soup Tomato 500g,12326433,IN CUL : Soups - FS,NP,NP,24.0,13.8,12.0,28.7,12326433
12317868,MAGGI HOTHEADS BBQ Black Pepper80x71g IN,MAGGI HOTHEADS BBQ Black Pepper 71g,12346170,IN CUL : MAGGI Noodles Fusian,CULINARY,F&B,80.0,7.5,5.68,41.715,12317868
12346170,MAGGI HOTHEADS BBQ Blck Pepper 96x71g IN,MAGGI HOTHEADS BBQ Black Pepper 71g,12346170,IN CUL : MAGGI Noodles Fusian,CULINARY,F&B,96.0,7.5,6.816,39.162,12346170
12368075,MAG Hotheads Brbc96x71g PR Polo10 Off IN,MAGGI HOTHEADS BBQ Black Pepper 71g,12346170,IN CUL : MAGGI Noodles Fusian,CULINARY,F&B,96.0,7.5,6.816,36.888,12368075
12372685,MAGGI HOTHEADS Brbc Blck Ppr96x71g N1 IN,MAGGI HOTHEADS BBQ Black Pepper 71g,12346170,IN CUL : MAGGI Noodles Fusian,CULINARY,F&B,96.0,7.5,6.816,39.162,12372685
12330775,MAGGI Hotheads Brbc Pepper 24x284g IN,MAGGI Hotheads Brbc Pepper 284g,12330775,IN CUL : MAGGI Noodles Fusian,CULINARY,F&B,24.0,8.5,6.816,43.896,12330775
12317865,MAGGI HOTHEADS Chkn Chilli Gar 80x71g IN,MAGGI HOTHEADS Chicken Chilli Gar 71g,12346110,IN CUL : MAGGI Noodles Fusian,CULINARY,F&B,80.0,7.5,5.68,41.715,12317865
12346110,MAGGI HOTHEADS Chiken Chili Gar96x71g IN,MAGGI HOTHEADS Chicken Chilli Gar 71g,12346110,IN CUL : MAGGI Noodles Fusian,CULINARY,F&B,96.0,7.5,6.816,39.162,12346110
12329798,MAGGI Hotheads Chkn Chili Gar 24x284g IN,MAGGI HOTHEADS Chkn Chili Gar 284g,12329798,IN CUL : MAGGI Noodles Fusian,CULINARY,F&B,24.0,8.5,6.816,40.92,12329798
12318957,MAGGI HOTHEADS Cuppa BrbcBlkPpr48x70g IN,MAGGI HOTHEADS Cuppa BBQ Black Pepper 70g,12347050,IN CUL : Noodles Cup,CULINARY,F&B,48.0,6.6,3.36,55.458,12318957
12323805,MAG Hotheads CuppaBrbcBlk Ppr48x70gN1 IN,MAGGI HOTHEADS Cuppa BBQ Black Pepper 70g,12347050,IN CUL : Soakable Noodles - FS,NP,NP,48.0,6.6,3.36,55.458,12323805
12347050,MAG Hotheads CuppaBrbcBlk Ppr48x70gN2 IN,MAGGI HOTHEADS Cuppa BBQ Black Pepper 70g,12347050,IN CUL : Noodles Cup,CULINARY,F&B,48.0,6.6,3.36,53.52,12347050
12372677,MAG Hotheads CuppaBrbcBlk Ppr48x70gN3 IN,MAGGI HOTHEADS Cuppa BBQ Black Pepper 70g,12347050,IN CUL : Noodles Cup,CULINARY,F&B,48.0,6.6,3.36,55.458,12372677
12380856,MAG Hotheads CuppaBrbcBlk Ppr48x70gN4 IN,MAGGI HOTHEADS Cuppa BBQ Black Pepper 70g,12347050,IN CUL : Noodles Cup,CULINARY,F&B,48.0,6.6,3.36,53.52,12380856
12318943,MAGGI HOTHEADS Cuppa Peri Peri 48x70g IN,MAGGI HOTHEADS Cuppa Peri Peri 70g,12347075,IN CUL : Noodles Cup,CULINARY,F&B,48.0,6.6,3.36,55.458,12318943
12347075,MAG HOTHEADS Cuppa PeriPeri 48x70g N2 IN,MAGGI HOTHEADS Cuppa Peri Peri 70g,12347075,IN CUL : Noodles Cup,CULINARY,F&B,48.0,6.6,3.36,53.52,12347075
12372675,MAG HOTHEADS Cuppa PeriPeri 48x70g N3 IN,MAGGI HOTHEADS Cuppa Peri Peri 70g,12347075,IN CUL : Noodles Cup,CULINARY,F&B,48.0,6.6,3.36,53.52,12372675
12317866,MAGGI HOTHEADS Green Chilli 80x71g IN,MAGGI HOTHEADS Green Chilli 71g,12345988,IN CUL : MAGGI Noodles Fusian,CULINARY,F&B,80.0,7.39,5.68,41.715,12317866
12345988,MAGGI HOTHEADS Green Chilli 96x71g IN,MAGGI HOTHEADS Green Chilli 71g,12345988,IN CUL : MAGGI Noodles Fusian,CULINARY,F&B,96.0,7.5,6.816,39.162,12345988
12368077,MAG Hotheads Grn 96x71g PR Polo10 Off IN,MAGGI HOTHEADS Green Chilli 71g,12345988,IN CUL : MAGGI Noodles Fusian,CULINARY,F&B,96.0,7.5,6.816,36.888,12368077
12372686,MAGGI HOTHEADS Green Chilli 96x71g N1 IN,MAGGI HOTHEADS Green Chilli 71g,12345988,IN CUL : MAGGI Noodles Fusian,CULINARY,F&B,96.0,7.5,6.816,39.162,12372686
12317867,MAGGI HOTHEADS Peri Peri Pepper80x71g IN,MAGGI HOTHEADS Peri Peri Pepper 71g,12345989,IN CUL : MAGGI Noodles Fusian,CULINARY,F&B,80.0,7.5,5.68,41.715,12317867
12345989,MAGGI HOTHEADS Peri PeriPepper 96x71g IN,MAGGI HOTHEADS Peri Peri Pepper 71g,12345989,IN CUL : MAGGI Noodles Fusian,CULINARY,F&B,96.0,7.5,6.816,39.162,12345989
12368115,MAG Hotheads Peri96x71g PR Polo10 Off IN,MAGGI HOTHEADS Peri Peri Pepper 71g,12345989,IN CUL : MAGGI Noodles Fusian,CULINARY,F&B,96.0,7.5,6.816,36.888,12368115
12372676,MAGGI HOTHEADS Peri Peri Ppr96x71g N1 IN,MAGGI HOTHEADS Peri Peri Pepper 71g,12345989,IN CUL : MAGGI Noodles Fusian,CULINARY,F&B,96.0,7.5,6.816,39.162,12372676
12329799,MAGGI Hotheads PeriPeri Pepper24x284g IN,MAGGI HOTHEADS PeriPeri Pepper 284g,12329799,IN CUL : MAGGI Noodles Fusian,CULINARY,F&B,24.0,8.5,6.816,40.92,12329799
12482220,MAGGI Hyderabadi Biryani Mix 60x200g IN,MAGGI Hyderabadi Biryani Mix 200g,12482220,IN CUL: Indian Seasoning - FS,NP,NP,60.0,13.44,12.0,38.743,12482220
12156241,MAGGI Imli Sauce Doy 6(12x80g) IN,MAGGI Imli Sauce Doy 90g,12302473,IN CUL : MAGGI Pichkoo,CULINARY,F&B,72.0,6.5,5.76,23.328,12156241
12302473,MAGGI Imli Sauce Doy 6(12x90g) IN,MAGGI Imli Sauce Doy 90g,12302473,IN CUL : MAGGI Pichkoo,CULINARY,F&B,72.0,7.84,6.48,22.68,12302473
12443603,MAG Imli Sce Doy6(12x100g)PR 10%Extra IN,MAGGI Imli Sauce Doy 90g,12302473,IN CUL : MAGGI Pichkoo,CULINARY,F&B,72.0,8.64,7.2,24.696,12443603
11340441,MAGGI Imli Sauce Bottle 24x200g IN,MAGGI Imli Sauce Doy 90g,12302473,IN CUL : MAGGI Pichkoo,CULINARY,F&B,24.0,9.6,4.8,22.795,11340441
12593917,MAGGI Imli Sce Doy 6(16x75g) N1 IN,MAGGI Imli Sauce Doy 90g,12302473,IN CUL : MAGGI Pichkoo,CULINARY,F&B,96.0,8.4,7.2,22.134,12593917
12592564,MAGGI Imli Sce Doy 6(16x75g) PR MeM6g IN,MAGGI Imli Sauce Doy 90g,12302473,IN CUL : MAGGI Pichkoo,CULINARY,F&B,72.0,8.4,7.2,19.754,12592564
12569989,MAGGI Korean BBQ Chicken 72x90g IN,MAGGI Korean BBQ Chicken 90g,12569989,IN CUL : MAGGI NDLS - KOREAN,CULINARY,F&B,72.0,7.3,6.48,41.664,12569989
12582958,MAGGI Korean BBQ Chkn 72x90g PR RTDFr IN,MAGGI Korean BBQ Chicken 90g,12569989,IN CUL : MAGGI NDLS - KOREAN,CULINARY,F&B,72.0,7.3,6.48,31.992,12582958
12608195,MAGGI Korean BBQ Chkn 72x90g PR B2G1 IN,MAGGI Korean BBQ Chicken 90g,12569989,IN CUL : MAGGI NDLS - KOREAN,CULINARY,F&B,72.0,7.3,6.48,31.992,12608195
12609335,MAGGI Korean BBQ Chkn 72x90g FrW B2G1 IN,MAGGI Korean BBQ Chkn 72x90g FrW B2G1 IN,12609335,IN CUL : MAGGI NDLS - KOREAN,CULINARY,F&B,72.0,7.3,6.48,31.992,12609335
12609336,MAGGI Korean BBQ Veg 72x90g FrW B2G1 IN,MAGGI Korean BBQ Veg 72x90g FrW B2G1 IN,12609336,IN CUL : MAGGI NDLS - KOREAN,CULINARY,F&B,72.0,7.3,6.48,31.992,12609336
12569960,MAGGI Korean BBQ Veg 72x90g IN,MAGGI Korean BBQ Veg 90G,12569960,IN CUL : MAGGI NDLS - KOREAN,CULINARY,F&B,72.0,7.3,6.48,41.664,12569960
12583934,MAGGI Korean BBQ Veg 72x90g RTD Fr IN,MAGGI Korean BBQ Veg 90G,12569960,IN CUL : MAGGI NDLS - KOREAN,CULINARY,F&B,72.0,7.3,6.48,31.992,12583934
12586245,MAGGI Korean BBQ Veg 8(5x90g) IN,MAGGI Korean BBQ Veg 90G,12569960,IN CUL : MAGGI NDLS - KOREAN,CULINARY,F&B,8.0,4.3,3.6,21.341,12586245
12608196,MAGGI Korean BBQ Veg 72x90g PR B2G1 IN,MAGGI Korean BBQ Veg 90G,12569960,IN CUL : MAGGI NDLS - KOREAN,CULINARY,F&B,72.0,7.3,6.48,31.992,12608196
12497705,MAGGI Lucknowi Biryani Mix 60x200g IN,MAGGI Lucknowi Biryani Mix 200g,12497705,IN CUL: Indian Seasoning - FS,NP,NP,60.0,13.48,12.0,38.743,12497705
12522920,MAGGI Lucknowi Biryani Mix 60x200g N1 IN,MAGGI Lucknowi Biryani Mix 200g,12497705,IN CUL: Indian Seasoning - FS,NP,NP,60.0,13.48,12.0,38.743,12522920
11340450,MAGGI MAGIC Cubes Chkn MP 120x40g IN,MAGGI MAGIC Cubes Chkn MP 40g,12517746,IN CUL : Cubes,CULINARY,F&B,120.0,6.28,4.8,31.0,11340450
12307232,MAGGI MAGIC Cubes Chkn MP120(10x4g N1 IN,MAGGI MAGIC Cubes Chkn MP 40g,12517746,IN CUL : Cubes,CULINARY,F&B,120.0,5.8,4.8,31.0,12307232
12364919,MAGGI MAGIC Cubes Chicken120(10X4g)N2 IN,MAGGI MAGIC Cubes Chkn MP 40g,12517746,IN CUL : Cubes,CULINARY,F&B,120.0,6.32,4.8,28.665,12364919
12383529,MAGGI MAGIC Cubes Chicken120(10x4g)NR IN,MAGGI MAGIC Cubes Chkn MP 40g,12517746,IN CUL : Cubes,CULINARY,F&B,120.0,5.8,4.8,35.65,12383529
12446999,MAGGI Magic Cubes Chkn 9(120x4g) Jar IN,MAGGI MAGIC Cubes Chkn MP 40g,12517746,IN CUL : Cubes,CULINARY,F&B,9.0,5.86,4.32,28.397,12446999
12474135,MAGGI Cubes Chicken120(12x4g)PR 2U Fr IN,MAGGI MAGIC Cubes Chkn MP 40g,12517746,IN CUL : Cubes,CULINARY,F&B,120.0,6.6,5.76,31.0,12474135
12477031,MAGGI Magic Cubes Chicken 120(10x4g) IN,MAGGI MAGIC Cubes Chkn MP 40g,12517746,IN CUL : Cubes,CULINARY,F&B,120.0,6.6,4.8,46.5,12477031
12494412,MAGGI Cubes Chicken 120(12x4g)PR 2UFr IN,MAGGI MAGIC Cubes Chkn MP 40g,12517746,IN CUL : Cubes,CULINARY,F&B,120.0,6.6,5.76,31.0,12494412
12501864,MAGGI Cubes Chkn 120(12x4g)Gold PR 2U IN,MAGGI MAGIC Cubes Chkn MP 40g,12517746,IN CUL : Cubes,CULINARY,F&B,120.0,6.6,5.76,31.0,12501864
12517746,MAG Magic Cub Chkn120(10x4g)PRLicious IN,MAGGI MAGIC Cubes Chkn MP 40g,12517746,IN CUL : Cubes,CULINARY,F&B,120.0,6.6,4.8,31.0,12517746
12496397,MAGGI Magic Cubes Chkn 120(10x4g) N1 IN,MAGGI MAGIC Cubes Chkn MP 4g,12597123,IN CUL : Cubes,CULINARY,F&B,120.0,6.6,4.8,31.0,12496397
11340449,MAGGI MAGIC Cubes Chkn MP 20(60x4g) IN,MAGGI MAGIC Cubes Chkn MP 4g,12597123,IN CUL : Cubes,CULINARY,F&B,20.0,6.28,4.8,37.536,11340449
12017592,MAGGI MAGIC CubChkn MP20(60x4g)PRContIN,MAGGI MAGIC Cubes Chkn MP 4g,12597123,IN CUL : Cubes,CULINARY,F&B,20.0,8.0,4.8,39.44,12017592
12307069,MAGGI MAGIC Cubes ChknMP 20(60x4g) N1 IN,MAGGI MAGIC Cubes Chkn MP 4g,12597123,IN CUL : Cubes,CULINARY,F&B,20.0,5.8,4.8,21.06,12307069
12364918,MAGGI MAGIC Cubes Chicken 20(60X4g)N2 IN,MAGGI MAGIC Cubes Chkn MP 4g,12597123,IN CUL : Cubes,CULINARY,F&B,20.0,5.8,4.8,28.67,12364918
12383680,MAGGI MAGIC Cubes Chicken 20(60x4g)NR IN,MAGGI MAGIC Cubes Chkn MP 4g,12597123,IN CUL : Cubes,CULINARY,F&B,20.0,5.8,4.8,21.06,12383680
12474117,MAGGI Cubes Chicken 20(66x4g)PR 6U Fr IN,MAGGI MAGIC Cubes Chkn MP 4g,12597123,IN CUL : Cubes,CULINARY,F&B,20.0,6.2,5.28,20.007,12474117
12477026,MAGGI Magic Cubes Chicken 20(60x4g) IN,MAGGI MAGIC Cubes Chkn MP 4g,12597123,IN CUL : Cubes,CULINARY,F&B,20.0,6.2,4.8,20.007,12477026
12494408,MAGGI Cubes Chkn 20(66x4g)PR 6U Fr N1 IN,MAGGI MAGIC Cubes Chkn MP 4g,12597123,IN CUL : Cubes,CULINARY,F&B,20.0,6.7,5.28,20.007,12494408
12501840,MAGGI Cubes Chkn 20(66x4g)Gold PR 6U IN,MAGGI MAGIC Cubes Chkn MP 4g,12597123,IN CUL : Cubes,CULINARY,F&B,20.0,6.7,5.28,20.007,12501840
12496395,MAGGI Magic Cubes Chicken 20(60x4g)N1 IN,MAGGI MAGIC Cubes Chkn MP 4g,12597123,IN CUL : Cubes,CULINARY,F&B,20.0,6.2,4.8,20.007,12496395
12517748,MAG Magic Cubes Chkn120(10x4g)Rs5 Off IN,MAGGI MAGIC Cubes Chkn MP 4g,12597123,IN CUL : Cubes,CULINARY,F&B,120.0,6.6,4.8,31.0,12517748
12583541,MAGGI Cubes Chkn 60(20x4g) PR R10 Off IN,MAGGI MAGIC Cubes Chkn MP 4g,12597123,IN CUL : Cubes,CULINARY,F&B,60.0,6.8,4.8,16.74,12583541
12597123,MAGGI Cubes Chicken 60(20x4g) IN,MAGGI MAGIC Cubes Chkn MP 4g,12597123,IN CUL : Cubes,CULINARY,F&B,60.0,6.8,4.8,16.74,12597123
11340532,MAGGI MAGIC Cubes Veg MP 120(10x4g) IN,MAGGI MAGIC Cubes Veg 10X4g,12307067,IN CUL : Cubes,CULINARY,F&B,120.0,6.28,4.8,31.0,11340532
12307067,MAGGI MAGIC Cubes Veg MP120(10x4g) N1 IN,MAGGI MAGIC Cubes Veg 10X4g,12307067,IN CUL : Cubes,CULINARY,F&B,120.0,5.8,4.8,31.0,12307067
12364917,MAGGI Magic Cubes Veg 120(10X4g) N2 IN,MAGGI MAGIC Cubes Veg 10X4g,12307067,IN CUL : Cubes,CULINARY,F&B,120.0,6.24,4.8,28.665,12364917
12383681,MAGGI MAGIC Cubes Veg 120(10x4g) NR IN,MAGGI MAGIC Cubes Veg 10X4g,12307067,IN CUL : Cubes,CULINARY,F&B,120.0,5.8,4.8,35.65,12383681
12474134,MAGGI Cubes Veg 120(12x4g) PR 2U Free IN,MAGGI MAGIC Cubes Veg 10X4g,12307067,IN CUL : Cubes,CULINARY,F&B,120.0,7.32,5.76,31.0,12474134
12477607,MAGGI Magic Cubes Veg 120(10x4g) IN,MAGGI MAGIC Cubes Veg 10X4g,12307067,IN CUL : Cubes,CULINARY,F&B,120.0,6.6,4.8,31.0,12477607
12494409,MAGGI Cubes Veg 120(12x4g)PR 2U Fr N1 IN,MAGGI MAGIC Cubes Veg 10X4g,12307067,IN CUL : Cubes,CULINARY,F&B,120.0,6.6,5.76,31.0,12494409
12496396,MAGGI Magic Cubes Veg 120(10x4g) N1 IN,MAGGI MAGIC Cubes Veg 10X4g,12307067,IN CUL : Cubes,CULINARY,F&B,120.0,6.24,4.8,31.0,12496396
12501882,MAGGI Cubes Veg 120(12x4g)Gold PR 2U IN,MAGGI MAGIC Cubes Veg 10X4g,12307067,IN CUL : Cubes,CULINARY,F&B,120.0,7.24,5.76,31.0,12501882
12517749,MAG Magic Cubes Veg 120(10x4g)Rs 5Off IN,MAGGI MAGIC Cubes Veg 10X4g,12307067,IN CUL : Cubes,CULINARY,F&B,120.0,6.6,4.8,31.0,12517749
11340448,MAGGI MAGIC Cubes Veg MP 20(60x4g) IN,MAGGI MAGIC Cubes Veg 60X4g,12365002,IN CUL : Cubes,CULINARY,F&B,20.0,6.25,4.8,37.536,11340448
12307068,MAGGI MAGIC Cubes Veg MP 20(60x4g) N1 IN,MAGGI MAGIC Cubes Veg 60X4g,12365002,IN CUL : Cubes,CULINARY,F&B,20.0,5.8,4.8,21.06,12307068
12365002,MAGGI MAGIC Cubes Veg 20(60X4g) N2 IN,MAGGI MAGIC Cubes Veg 60X4g,12365002,IN CUL : Cubes,CULINARY,F&B,20.0,5.8,4.8,28.67,12365002
12383682,MAGGI MAGIC Cubes Veg 20(60x4g) NR IN,MAGGI MAGIC Cubes Veg 60X4g,12365002,IN CUL : Cubes,CULINARY,F&B,20.0,5.8,4.8,21.06,12383682
12446987,MAGGI Magic Cubes Veg 9(120x4g) Jar IN,MAGGI MAGIC Cubes Veg 10X4g,12365002,IN CUL : Cubes,CULINARY,F&B,9.0,5.86,4.32,28.397,12446987
12474116,MAGGI Cubes Veg 20(66x4g) PR 6U Fr IN,MAGGI MAGIC Cubes Veg 60X4g,12365002,IN CUL : Cubes,CULINARY,F&B,20.0,6.2,5.28,20.007,12474116
12477032,MAGGI Magic Cubes Veg 20(60x4g) IN,MAGGI MAGIC Cubes Veg 60X4g,12365002,IN CUL : Cubes,CULINARY,F&B,20.0,6.2,4.8,20.007,12477032
12494407,MAGGI Cubes Veg 20(66x4g)PR 6U Fr N1 IN,MAGGI MAGIC Cubes Veg 60X4g,12365002,IN CUL : Cubes,CULINARY,F&B,20.0,6.7,5.28,20.007,12494407
12501866,MAGGI Cubes Veg 20(66x4g)Gold PR 6U IN,MAGGI MAGIC Cubes Veg 60X4g,12365002,IN CUL : Cubes,CULINARY,F&B,20.0,6.4,5.28,20.007,12501866
12496398,MAGGI Magic Cubes Veg 20(60x4g) N1 IN,MAGGI MAGIC Cubes Veg 60X4g,12365002,IN CUL : Cubes,CULINARY,F&B,20.0,5.89,4.8,20.007,12496398
12180092,MAGGI Makhani Base Gravy 12x1kg IN,MAGGI Makhani Base Gravy 1kg,12338052,IN CUL : Cooking Bases - FS,NP,NP,12.0,12.9,12.0,28.32,12180092
12338052,MAGGI Makhani Base Gravy 12x1kg NR IN,MAGGI Makhani Base Gravy 1kg,12338052,IN CUL : Cooking Bases - FS,NP,NP,12.0,12.9,12.0,31.11,12338052
12484811,MAGGI Manchurian Mix 60x200g IN,MAGGI Manchurian Mix 200g FS,12484811,IN CUL : Cooking Bases - FS,NP,NP,60.0,13.56,12.0,38.743,12484811
12495315,MAGGI Mas Pazzta 96x65g FrW MAG SaucesIN,MAGGI Mas Pazzta 96x65g FrW MAG SaucesIN,12495315,IN CUL : Pazzta,CULINARY,F&B,96.0,7.2,6.24,54.009,12495315
12320008,MAGGI Masala Sauce 24x400g IN,Maggi Masala Sauce 400g,12320008,IN CUL : Sauces,CULINARY,F&B,24.0,17.3,9.6,26.13,12320008
12319969,MAGGI Masala Sauce Doy 6(12x85g) IN,Maggi Masala Sauce Doy 85g,12360733,IN CUL : MAGGI Pichkoo,CULINARY,F&B,72.0,7.48,6.12,24.696,12319969
12341263,MAGGI Masala Doy 6(12x85g) PR NDL 35g IN,Maggi Masala Sauce Doy 85g,12360733,IN CUL : MAGGI Pichkoo,CULINARY,F&B,72.0,7.48,6.12,24.696,12341263
12360733,MAGGI Masala Sauce Doy 6(12x85g) N1 IN,Maggi Masala Sauce Doy 85g,12360733,IN CUL : MAGGI Pichkoo,CULINARY,F&B,72.0,7.48,6.12,24.696,12360733
12489120,MAGGI Masala-ae-Magic 60x200g IN,MAGGI Masala-ae-Magic 200g FS,12489120,IN CUL : Recipe Mixes - FS,NP,NP,60.0,13.93,12.0,38.743,12489120
12534255,MAGGI Masala-ae-Magic 60x200g N1 IN,MAGGI Masala-ae-Magic 200g FS,12489120,IN CUL : Recipe Mixes - FS,NP,NP,60.0,13.44,12.0,38.743,12534255
12562483,MAGGI Masala-ae-Magic 60x200g N2 IN,MAGGI Masala-ae-Magic 200g FS,12489120,IN CUL : Recipe Mixes - FS,NP,NP,60.0,13.6,12.0,40.205,12562483
12576781,MAGGI Masala-ae-Magic 60x200g N3 IN,MAGGI Masala-ae-Magic 200g FS,12489120,IN CUL : Recipe Mixes - FS,NP,NP,60.0,13.6,12.0,38.743,12576781
12428148,MAGGI Mas-ae-Magic 24(12x30g) IN,MAGGI Masala-ae-Magic 30g,12428148,IN CUL : Masala-ae-Magic,CULINARY,F&B,288.0,11.6,8.64,49.284,12428148
12193768,MAGGI Masala-ae-Magic 10(9x40g) IN,MAGGI Masala-ae-Magic 72g,12364526,IN CUL : Masala-ae-Magic,CULINARY,F&B,90.0,4.37,3.6,19.184,12193768
12259462,MAGGI Masala-ae-Magic 64*54g IN,MAGGI Masala-ae-Magic 72g,12364526,IN CUL : Masala-ae-Magic,CULINARY,F&B,64.0,4.7,3.456,34.632,12259462
12319651,MAGGI Masala-ae-Magic Jumbo 64x54g IN,MAGGI Masala-ae-Magic 72g,12364526,IN CUL : Masala-ae-Magic,CULINARY,F&B,64.0,5.38,3.456,34.632,12319651
12340922,MAGGI Mas-ae-Magic Jumbo 64x54gPR8+1FrIN,MAGGI Masala-ae-Magic 72g,12364526,IN CUL : Masala-ae-Magic,CULINARY,F&B,64.0,5.38,3.456,34.632,12340922
12364526,MAGGI Mas-ae-Magic Sharebag(40X78g)NR IN,MAGGI Masala-ae-Magic 72g,12364526,IN CUL : Masala-ae-Magic,CULINARY,F&B,40.0,4.6,3.12,33.02,12364526
12375584,MAGGI Mas-ae-Magic Sbg (40x78g) PR WN IN,MAGGI Masala-ae-Magic 72g,12364526,IN CUL : Masala-ae-Magic,CULINARY,F&B,40.0,4.6,3.12,39.6,12375584
12401902,MAGGI Masala-ae-Magic 40x78g PR WN IN,MAGGI Masala-ae-Magic 72g,12364526,IN CUL : Masala-ae-Magic,CULINARY,F&B,40.0,4.7,3.12,33.02,12401902
12401903,MAGGI Mas-ae-Magic Sbg (40x78g) NR N1 IN,MAGGI Masala-ae-Magic 72g,12364526,IN CUL : Masala-ae-Magic,CULINARY,F&B,40.0,4.6,3.12,33.02,12401903
12422890,MAGGI Mas-ae-Magic Sbg (40x72g) NR IN,MAGGI Masala-ae-Magic 72g,12364526,IN CUL : Masala-ae-Magic,CULINARY,F&B,40.0,4.4,2.88,33.792,12422890
12458255,MAGGI Mas-ae-Magic Sbg (40x72g) NR N1 IN,MAGGI Masala-ae-Magic 72g,12364526,IN CUL : Masala-ae-Magic,CULINARY,F&B,40.0,4.41,2.88,39.6,12458255
12466634,MAGGI Mas-ae-Magic Sbg (40x72g) N2 IN,MAGGI Masala-ae-Magic 72g,12364526,IN CUL : Masala-ae-Magic,CULINARY,F&B,40.0,4.4,2.88,33.792,12466634
12477028,MAGGI Masala-ae-Magic Sbg 48(10x6g)N1 IN,MAGGI Masala-ae-Magic 72g,12364526,IN CUL : Masala-ae-Magic,CULINARY,F&B,48.0,4.4,2.88,33.792,12477028
12482527,MAGGI MeM 24x120g PR Container IN,MAGGI Masala-ae-Magic 72g,12364526,IN CUL : Masala-ae-Magic,CULINARY,F&B,24.0,6.0,2.88,26.462,12482527
12494387,MAGGI Mas-ae-Magic Sbg 60x72g NR IN,MAGGI Masala-ae-Magic 72g,12364526,IN CUL : Masala-ae-Magic,CULINARY,F&B,60.0,5.82,4.32,33.792,12494387
12531857,MAGGI Mas-ae-Magic Sbg 60x72g N1 IN,MAGGI Masala-ae-Magic 72g,12364526,IN CUL : Masala-ae-Magic,CULINARY,F&B,60.0,6.15,4.32,33.792,12531857
12561088,MAGGI MeM Sbg 60x72g RDA RC IN,MAGGI Masala-ae-Magic 72g,12364526,IN CUL : Masala-ae-Magic,CULINARY,F&B,60.0,6.19,4.32,33.792,12561088
12576203,MAGGI Masala-ae-Magic Sbg 60x72g RC IN,MAGGI Masala-ae-Magic 72g,12364526,IN CUL : Masala-ae-Magic,CULINARY,F&B,60.0,5.82,4.32,33.792,12576203
12334114,MAGGI Mas-ae-Magic 30(48x6g) PR 2Unit IN,MAGGI Masala-ae-Magic 6g PR,12334114,IN CUL : Masala-ae-Magic,CULINARY,F&B,1440.0,10.89,8.64,39.0,12334114
12375613,MAG Masala-ae-Magic Chkn Sbg 60(6x6g)IN,MAGGI Masala-ae-Magic Chkn Sbg 6g,12375613,IN CUL : Masala-ae-Magic,CULINARY,F&B,60.0,3.3,2.16,26.796,12375613
12376626,MAGGI Masala-ae-Magic Classic 24x500g IN,MAGGI Masala-ae-Magic Classic 500g,12376626,IN CUL : Recipe Mixes - FS,NP,NP,24.0,13.8,12.0,29.4,12376626
12444640,MAG Masala-ae-Magic Meat Mas 16(48x6g)IN,MAGGI Masala-ae-Magic Meat Masala Sachet 6g,12444640,IN CUL : Masala-ae-Magic,CULINARY,F&B,768.0,5.6,4.608,18.45,12444640
12446274,MAG Masala-ae-Magic Meat Sbg 48(10x6g)IN,MAGGI Masala-ae-Magic Meat Masala Sharebag 60g,12446274,IN CUL : Masala-ae-Magic,CULINARY,F&B,48.0,4.4,2.88,33.792,12446274
12373164,MAG Masala-ae-Magic NorthChkn16(48x6g)IN,MAGGI Masala-ae-Magic NorthChkn 6g,12373164,IN CUL : Masala-ae-Magic,CULINARY,F&B,768.0,5.6,4.608,18.45,12373164
12118590,MAGGI Masala-e-Magic Sachet 22(72x6g)IN,MAGGI Masala-ae-Magic Sachet 6g,12365008,IN CUL : Masala-ae-Magic,CULINARY,F&B,1584.0,11.9,9.504,14.918,12118590
12139212,MAGGI Masala-e-Magic Sachet 24(72x6g)IN,MAGGI Masala-ae-Magic Sachet 6g,12365008,IN CUL : Masala-ae-Magic,CULINARY,F&B,1728.0,13.1,10.368,40.12,12139212
12169794,MAGGI Masala-e-Magic Sac 24(72x6g)IN FrH,MAGGI Masala-ae-Magic Sachet 6g,12365008,IN CUL : Masala-ae-Magic,CULINARY,F&B,1728.0,14.4,10.368,45.58,12169794
12319647,MAGGI Masala-ae-Magic Sac 24(72x6g)N1 IN,MAGGI Masala-ae-Magic Sachet 6g,12365008,IN CUL : Masala-ae-Magic,CULINARY,F&B,1728.0,12.8,10.368,39.0,12319647
12328000,MAGGI Masala-ae-Magic 24(72x6g) PR 4U IN,MAGGI Masala-ae-Magic Sachet 6g,12365008,IN CUL : Masala-ae-Magic,CULINARY,F&B,24.0,12.8,10.368,39.0,12328000
12329779,MAGGI Masala-ae-Magic 24(72x6g)PR 4U IN,MAGGI Masala-ae-Magic Sachet 6g,12365008,IN CUL : Masala-ae-Magic,CULINARY,F&B,1728.0,12.8,10.368,39.0,12329779
12365008,MAG Masala-ae-Magic Sac 24(72X6.5g)N2 IN,MAGGI Masala-ae-Magic Sachet 6g,12365008,IN CUL : Masala-ae-Magic,CULINARY,F&B,1728.0,13.3,11.232,41.4,12365008
12366869,MAGGI Masala-ae-Magic Sac 24(72x6.5g) IN,MAGGI Masala-ae-Magic Sachet 6g,12365008,IN CUL : Masala-ae-Magic,CULINARY,F&B,1728.0,13.3,11.232,41.4,12366869
12370534,MAGGI Mas-ae-Magic Sac 24(2(48X6.5g)) IN,MAGGI Masala-ae-Magic Sachet 6g,12365008,IN CUL : Masala-ae-Magic,CULINARY,F&B,2304.0,18.5,14.976,67.2,12370534
12373856,MAG Mas-ae-Magic 24(2(48X6.5g)) PR WN IN,MAGGI Masala-ae-Magic Sachet 6g,12365008,IN CUL : Masala-ae-Magic,CULINARY,F&B,2304.0,18.5,14.976,77.6,12373856
12383932,MAG Mas-ae-Magic24(2(48x6.5g)PR 2U Fr IN,MAGGI Masala-ae-Magic Sachet 6g,12365008,IN CUL : Masala-ae-Magic,CULINARY,F&B,2304.0,18.5,14.976,70.32,12383932
12402152,MAGGI Mas-ae-Magic20(2(48X6.5g))PR WN IN,MAGGI Masala-ae-Magic Sachet 6g,12365008,IN CUL : Masala-ae-Magic,CULINARY,F&B,1920.0,15.3,12.48,67.2,12402152
12417469,MAGGI Mas-ae-Magic Sac 20(2(48x6.5g)) IN,MAGGI Masala-ae-Magic Sachet 6g,12365008,IN CUL : Masala-ae-Magic,CULINARY,F&B,1920.0,15.3,12.48,51.775,12417469
12422544,MAGGI Mas-ae-Magic Sac 20(2(48x6g)) IN,MAGGI Masala-ae-Magic Sachet 6g,12365008,IN CUL : Masala-ae-Magic,CULINARY,F&B,1920.0,14.4,11.52,51.91,12422544
12427038,MAG Mas-ae-Magic 20(2(48x6g)PR 3+1 Fr IN,MAGGI Masala-ae-Magic Sachet 6g,12365008,IN CUL : Masala-ae-Magic,CULINARY,F&B,1920.0,14.4,11.52,51.91,12427038
12428046,MAG Mas-ae-Magic 20(2(48x6) PR 2U Fr IN,MAGGI Masala-ae-Magic Sachet 6g,12365008,IN CUL : Masala-ae-Magic,CULINARY,F&B,1920.0,14.4,11.52,51.91,12428046
12428163,MAGGI Mas-ae-Magic 20(48x6g)PR Hanger IN,MAGGI Masala-ae-Magic Sachet 6g,12365008,IN CUL : Masala-ae-Magic,CULINARY,F&B,960.0,7.76,5.76,39.414,12428163
12428164,MAGGI Mas-ae-Magic 8(120x6g) NR IN,MAGGI Masala-ae-Magic Sachet 6g,12365008,IN CUL : Masala-ae-Magic,CULINARY,F&B,960.0,9.3,5.76,58.751,12428164
12440032,MAGGI Mas-ae-Magic16(2(60x6g)PR 4+1Fr IN,MAGGI Masala-ae-Magic Sachet 6g,12365008,IN CUL : Masala-ae-Magic,CULINARY,F&B,1920.0,13.62,11.52,49.879,12440032
12466629,MAGGI Mas-ae-Magic Sac 20(2(48x6g))N1 IN,MAGGI Masala-ae-Magic Sachet 6g,12365008,IN CUL : Masala-ae-Magic,CULINARY,F&B,1920.0,14.4,11.52,51.437,12466629
12479837,MAGGI MeM Sac 20(2(48x6g))PR Paytm FR IN,MAGGI Masala-ae-Magic Sachet 6g,12365008,IN CUL : Masala-ae-Magic,CULINARY,F&B,1920.0,14.4,11.52,51.437,12479837
12466618,MAGGI MeM 16(2(60x6g)N1 PR 4+1 Fr IN,MAGGI Masala-ae-Magic Sachet 6g,12365008,IN CUL : Masala-ae-Magic,CULINARY,F&B,1920.0,13.62,11.52,51.437,12466618
12487395,MAGGI MeM 20(48x6g) NR PR Hanger IN,MAGGI Masala-ae-Magic Sachet 6g,12365008,IN CUL : Masala-ae-Magic,CULINARY,F&B,960.0,7.76,5.76,41.25,12487395
12492467,MAGGI MeM Sac 20(96x6g) PR Paytm FR IN,MAGGI Masala-ae-Magic Sachet 6g,12365008,IN CUL : Masala-ae-Magic,CULINARY,F&B,1920.0,14.4,11.52,51.437,12492467
12510345,MAGGI MeM 16(2(60x6g)PR 4+1Fr Gold IN,MAGGI Masala-ae-Magic Sachet 6g,12365008,IN CUL : Masala-ae-Magic,CULINARY,F&B,1920.0,13.62,11.52,51.437,12510345
12496399,MAGGI Mas-ae-Magic Sac 20(2(48x6g))N2 IN,MAGGI Masala-ae-Magic Sachet 6g,12365008,IN CUL : Masala-ae-Magic,CULINARY,F&B,1920.0,14.4,11.52,51.437,12496399
12501361,MAGGI MeM 16(2(60x6g)PR 4+1Fr N2 IN,MAGGI Masala-ae-Magic Sachet 6g,12365008,IN CUL : Masala-ae-Magic,CULINARY,F&B,1920.0,13.62,11.52,51.437,12501361
12592184,NESTLE KOKO KRUNCH 18x150g LK,MAGGI Masala-ae-Magic Sachet 6g,12365008,IN CUL : Masala-ae-Magic,CULINARY,F&B,18.0,3.7,2.7,38.775,12592184
12529184,MAGGI Mas-ae-Magic Sac 20(2(48x6g))N3 IN,MAGGI Masala-ae-Magic Sachet 6g,12365008,IN CUL : Masala-ae-Magic,CULINARY,F&B,1920.0,14.8,11.52,51.91,12529184
12550120,MAGGI MeM Sac 20(2(48x6g))Super BNZ IN,MAGGI Masala-ae-Magic Sachet 6g,12365008,IN CUL : Masala-ae-Magic,CULINARY,F&B,1920.0,14.4,11.52,51.437,12550120
12561393,MAGGI MeM 20(2(48x6g)) RDA RC IN,MAGGI Masala-ae-Magic Sachet 6g,12365008,IN CUL : Masala-ae-Magic,CULINARY,F&B,1920.0,14.63,11.52,51.437,12561393
12569618,MAGGI MeM 16(2(60x6g) PR 5+1Fr N1 IN,MAGGI Masala-ae-Magic Sachet 6g,12365008,IN CUL : Masala-ae-Magic,CULINARY,F&B,1920.0,13.62,11.52,51.437,12569618
12576212,MAGGI MeM 16(2(60x6g)) RC Iron Fol IN,MAGGI Masala-ae-Magic Sachet 6g,12365008,IN CUL : Masala-ae-Magic,CULINARY,F&B,1920.0,13.62,11.52,51.437,12576212
12580728,MAGGI MeM 16(2(60x6g)) Iron+Folate SB IN,MAGGI Masala-ae-Magic Sachet 6g,12365008,IN CUL : Masala-ae-Magic,CULINARY,F&B,1920.0,14.81,11.52,51.437,12580728
12580739,MAGGI MeM 16(2(60x6g) PR 5+1Fr RC IN,MAGGI Masala-ae-Magic Sachet 6g,12365008,IN CUL : Masala-ae-Magic,CULINARY,F&B,1920.0,14.63,11.52,51.437,12580739
12567447,MAGGI MeM 20(2(48x6g)) GrupoB Promo IN,MAGGI Masala-ae-Magic Sachet 6g,12365008,IN CUL : Masala-ae-Magic,CULINARY,F&B,1920.0,14.4,11.52,51.437,12567447
12590531,MAGGI MeM 20(60x6g)PR Hanger IronF IN,MAGGI Masala-ae-Magic Sachet 6g,12365008,IN CUL : Masala-ae-Magic,CULINARY,F&B,1200.0,9.56,7.2,30.316,12590531
12620516,MAGGI MeM 16(2(60x6g) PR B6G1 IN,MAGGI Masala-ae-Magic Sachet 6g,12365008,IN CUL : Masala-ae-Magic,CULINARY,F&B,1920.0,13.62,11.52,51.437,12620516
12620572,MAGGI MeM 16(2((58+2)x6g))PR Hanger IN,MAGGI Masala-ae-Magic Sachet 6g,12365008,IN CUL : Masala-ae-Magic,CULINARY,F&B,1920.0,13.62,11.52,51.437,12620572
12477662,MAGGI Masala-ae-Magic Sbg 40x120g N1 IN,MAGGI Masala-ae-Magic Sharebag 120g,12358420,IN CUL : Masala-ae-Magic,CULINARY,F&B,40.0,5.92,4.8,50.4,12477662
12495776,MAGGI Masala-ae-Magic Sbg 40x120g N2 IN,MAGGI Masala-ae-Magic Sharebag 120g,12358420,IN CUL : Masala-ae-Magic,CULINARY,F&B,40.0,5.92,4.8,50.4,12495776
12358420,MAGGI Masala-ae-Magic Sharebag(40X72g)IN,MAGGI Masala-ae-Magic Sharebag 120g,12358420,IN CUL : Masala-ae-Magic,CULINARY,F&B,40.0,5.38,2.88,39.6,12358420
12455442,MAGGI Masala-ae-Magic Sbg 40x120g IN,MAGGI Masala-ae-Magic Sharebag 120g,12358420,IN CUL : Masala-ae-Magic,CULINARY,F&B,40.0,5.82,4.8,50.4,12455442
12531878,MAGGI Masala-ae-Magic Sbg 20(2x120g) IN,MAGGI Masala-ae-Magic Sharebag 120g,12358420,IN CUL : Masala-ae-Magic,CULINARY,F&B,20.0,5.92,4.8,50.4,12531878
12531880,MAGGI Masala-ae-Magic Sbg 40x120g N3 IN,MAGGI Masala-ae-Magic Sharebag 120g,12358420,IN CUL : Masala-ae-Magic,CULINARY,F&B,40.0,6.72,4.8,50.4,12531880
12560833,MAGGI MeM Sbg 40x120g RDA RC IN,MAGGI Masala-ae-Magic Sharebag 120g,12358420,IN CUL : Masala-ae-Magic,CULINARY,F&B,40.0,6.71,4.8,51.84,12560833
12576193,MAGGI Masala-ae-Magic Sbg 40x120g RC IN,MAGGI Masala-ae-Magic Sharebag 120g,12358420,IN CUL : Masala-ae-Magic,CULINARY,F&B,40.0,6.84,4.8,51.84,12576193
12373293,MAG Masala-ae-Magic SouthChkn16(48x6g)IN,MAGGI Masala-ae-Magic SouthChkn 6g,12373293,IN CUL : Masala-ae-Magic,CULINARY,F&B,768.0,5.6,4.608,18.45,12373293
12375616,MAG Mas-ae-Magic southChkn Sbg60(6x6g)IN,MAGGI Masala-ae-Magic SouthChkn Sharebag 6g,12375616,IN CUL : Masala-ae-Magic,CULINARY,F&B,60.0,3.3,2.16,26.796,12375616
12373163,MAG Masala-ae-Magic SouthVeg 16(48x6g)IN,MAGGI Masala-ae-Magic SouthVeg 6g,12373163,IN CUL : Masala-ae-Magic,CULINARY,F&B,768.0,5.6,4.608,18.45,12373163
12504018,MAGGI Masala-Vin-Magic 16(48x6g) IN,MAGGI Masala-ae-Magic SouthVeg 6g,12373163,IN CUL : Masala-ae-Magic,CULINARY,F&B,768.0,6.1,4.608,19.27,12504018
12511564,MAG Masala-Vin-Magic 16(48x6g)PR 2UFr IN,MAGGI Masala-ae-Magic SouthVeg 6g,12373163,IN CUL : Masala-ae-Magic,CULINARY,F&B,768.0,6.1,4.608,19.27,12511564
12514591,MAG Masala-Vin-Magic 16(48x6g)PR B2G1 IN,MAGGI Masala-ae-Magic SouthVeg 6g,12373163,IN CUL : Masala-ae-Magic,CULINARY,F&B,768.0,6.1,4.608,19.27,12514591
12374859,MAG Masala-ae-Magic South Sbg60(6x6g) IN,MAGGI Masala-ae-Magic SouthVeg Sharebag 6g,12374859,IN CUL : Masala-ae-Magic,CULINARY,F&B,60.0,3.6,2.16,26.796,12374859
12520034,MAGGI Masala-Vin-Magic Sbg 60(6x6g) IN,MAGGI Masala-ae-Magic SouthVeg Sharebag 6g,12374859,IN CUL : Masala-ae-Magic,CULINARY,F&B,60.0,3.6,2.16,19.27,12520034
12551217,MAGGI MeM 16(48x6g)FrW MeM 6g IN,MAGGI MeM 16(48x6g)FrW MeM 6g IN,12551217,IN CUL : Masala-ae-Magic,CULINARY,F&B,768.0,6.1,4.608,19.27,12551217
12551943,MAGGI MeM 480x6g FrW Sauces IN,MAGGI MeM 480x6g FrW Sauces IN,12551943,IN CUL : Masala-ae-Magic,CULINARY,F&B,480.0,3.9,2.88,51.437,12551943
12583092,MAGGI MeM 480x6g IronF FrW Sauces IN,MAGGI MeM 480x6g IronF FrW Sauces IN,12583092,IN CUL : Masala-ae-Magic,CULINARY,F&B,480.0,3.72,2.88,11.66,12583092
12583101,MAGGI MeM 480x6g RDA FrW Sauces IN,MAGGI MeM 480x6g RDA FrW Sauces IN,12583101,IN CUL : Masala-ae-Magic,CULINARY,F&B,480.0,3.72,2.88,11.66,12583101
12580762,MAGGI MeM 768x6g FrW MeM 5+1 RC IN,MAGGI MeM 768x6g FrW MeM 5+1 RC IN,12580762,IN CUL : Masala-ae-Magic,CULINARY,F&B,768.0,6.03,4.608,21.168,12580762
12569951,MAGGI MeM 768x6g FrW MeM 6g IN,MAGGI MeM 768x6g FrW MeM 6g IN,12569951,IN CUL : Masala-ae-Magic,CULINARY,F&B,768.0,5.96,4.608,21.168,12569951
12498301,MAGGI MeM 8(2(60x6g)) FrW MeM 4+1 IN,MAGGI MeM 8(2(60x6g)) FrW MeM 4+1 IN,12498301,IN CUL : Masala-ae-Magic,CULINARY,F&B,960.0,7.0,5.76,26.395,12498301
12482730,MAGGI MeM Sac 480x6g FrW TK Pichkoo IN,MAGGI MeM Sac 480x6g FrW TK Pichkoo IN,12482730,IN CUL : Masala-ae-Magic,CULINARY,F&B,480.0,3.72,2.88,11.66,12482730
12477598,MAGGI MeM Shahi Masala 16(24x10g) IN,MAGGI MeM Shahi Masala 10g,12477598,IN CUL : Masala-ae-Magic,CULINARY,F&B,384.0,5.71,3.84,18.45,12477598
12495777,MAGGI MeM Shahi Masala 16(24x10g) N1 IN,MAGGI MeM Shahi Masala 10g,12477598,IN CUL : Masala-ae-Magic,CULINARY,F&B,384.0,5.71,3.84,18.45,12495777
12516313,MAGGI MvM 16(48x6g) FrW Sauces IN,MAGGI MvM 16(48x6g) FrW Sauces IN,12516313,IN CUL : Masala-ae-Magic,CULINARY,F&B,768.0,6.1,4.608,19.27,12516313
12524242,MAGGI MvM 480x6g FrW Sauces IN,MAGGI MvM 480x6g FrW Sauces IN,12524242,IN CUL : Masala-ae-Magic,CULINARY,F&B,480.0,3.72,2.88,11.66,12524242
12586402,MAGGI Ntr-lcs Atta 96x51g Rurban IN,MAGGI Ntr-lcs Atta 96x51g Rurban,12586402,IN CUL : Noodles Value Added,CULINARY,F&B,96.0,7.0,4.896,30.745,12586402
12562409,MAGGI Ntr-lcs Atta 96x72.5g FrW 290g IN,MAGGI Ntr-lcs Atta 96x72.5g FrW 290g IN,12562409,IN CUL : Noodles Value Added,CULINARY,F&B,96.0,8.0,6.96,40.92,12562409
12581825,MAGGI Ntr-lcs Atta 96x72.5g FrW 290SB IN,MAGGI Ntr-lcs Atta 96x72.5g FrW 290SB IN,12581825,IN CUL : Noodles Value Added,CULINARY,F&B,96.0,8.0,6.96,41.664,12581825
12520026,MAGGI Ntr-lcs Atta Mas Spin 24x290g IN,MAGGI Ntr-lcs Atta Mas Spin 290g,12571548,IN CUL : Noodles Value Added,CULINARY,F&B,24.0,8.0,6.96,41.4,12520026
12571548,MAGGI Ntr-lcs Atta Mas Spin 24x290gRC IN,MAGGI Ntr-lcs Atta Mas Spin 290g,12571548,IN CUL : Noodles Value Added,CULINARY,F&B,24.0,8.0,6.96,41.664,12571548
12463883,MAGGI Ntr-lcs Atta Mas Spin 96x72g IN,MAGGI Ntr-lcs Atta Mas Spin 72g,12572979,IN CUL : Noodles Value Added,CULINARY,F&B,96.0,8.0,6.912,41.664,12463883
12520025,MAGGI Ntr-lcs Atta Mas Spin 96x72.5g IN,MAGGI Ntr-lcs Atta Mas Spin 72g,12572979,IN CUL : Noodles Value Added,CULINARY,F&B,96.0,8.0,6.96,41.664,12520025
12529196,MAGGI Atta Mas Spin96x72.5gPR Rs3 Off IN,MAGGI Ntr-lcs Atta Mas Spin 72g,12572979,IN CUL : Noodles Value Added,CULINARY,F&B,96.0,8.0,6.96,41.664,12529196
12572979,MAG Ntr-lcs Atta Mas Spin 96x72.5g RC IN,MAGGI Ntr-lcs Atta Mas Spin 72g,12572979,IN CUL : Noodles Value Added,CULINARY,F&B,96.0,8.0,6.96,41.664,12572979
12560668,MAGGI Ntr-lcs Besan Ndls 24x298g IN,MAGGI Ntr-lcs Besan Ndls 298g,12560668,IN CUL : Noodles Value Added,CULINARY,F&B,24.0,8.32,7.152,41.664,12560668
12560720,MAGGI Ntr-lcs Besan Ndls 96x74.5g IN,MAGGI Ntr-lcs Besan Ndls 74.5g ,12560720,IN CUL : Noodles Value Added,CULINARY,F&B,96.0,8.8,7.152,41.664,12560720
12499419,MAGGI Ntr-lcs Veg Atta 6x725g IN,MAGGI Ntr-lcs Veg Atta 725g,12499419,IN CUL : Noodles Value Added,CULINARY,F&B,6.0,6.2,4.35,27.601,12499419
12511183,MAGGI Ntr-lcs Veg Atta 6x725g N1 IN,MAGGI Ntr-lcs Veg Atta 725g,12499419,IN CUL : Noodles Value Added,CULINARY,F&B,6.0,6.2,4.35,27.601,12511183
12350526,MAGGI Oats Ndls HerbsnSpice 96x75g IN,MAGGI Oats Noodles HerbsnSpice 75g,12350526,IN CUL : Noodles Oats,CULINARY,F&B,96.0,8.2,7.2,38.355,12350526
12373606,MAG Nutri-licious Oats HrbnSpcs 96x75gIN,MAGGI Oats Noodles HerbsnSpice 75g,12350526,IN CUL : Noodles Oats,CULINARY,F&B,96.0,8.2,7.2,38.355,12373606
12383303,MAGGI Pazzta Cheese 3-in-1 24x210g IN,MAGGI PAZZTA Cheese 3-in-1 210g,12383303,IN CUL : Pazzta,CULINARY,F&B,24.0,6.3,5.04,42.323,12383303
12118592,MAGGI Pazzta Cheese 72x70g IN,MAGGI Pazzta Cheese 70g,12317065,IN CUL : Pazzta,CULINARY,F&B,72.0,6.1,5.04,51.439,12118592
12160313,MAGGI Pazzta Cheese 96x70g IN,MAGGI Pazzta Cheese 70g,12317065,IN CUL : Pazzta,CULINARY,F&B,96.0,7.41,6.72,55.376,12160313
12224092,MAGGI Pazzta Cheese 96x70g PR GIFTS IN,MAGGI Pazzta Cheese 70g,12317065,IN CUL : Pazzta,CULINARY,F&B,96.0,7.41,6.72,51.439,12224092
12301704,MAGGI Pazzta Cheese 96x70g N1 IN,MAGGI Pazzta Cheese 70g,12317065,IN CUL : Pazzta,CULINARY,F&B,96.0,7.52,6.72,55.23,12301704
12309241,MAGGI PAZZTA Cheese 96x70g N2 IN,MAGGI Pazzta Cheese 70g,12317065,IN CUL : Pazzta,CULINARY,F&B,96.0,7.9,6.72,54.404,12309241
12317065,MAGGI PAZZTA Cheese 96x70g N3 IN,MAGGI Pazzta Cheese 70g,12317065,IN CUL : Pazzta,CULINARY,F&B,96.0,7.2,6.72,52.67,12317065
12346215,MAGGI PAZZTA Cheese 96x70g PR Paytm IN,MAGGI Pazzta Cheese 70g,12317065,IN CUL : Pazzta,CULINARY,F&B,96.0,7.2,6.72,55.376,12346215
12366868,MAGGI PAZZTA Cheese96x70g N3 PR Munch IN,MAGGI Pazzta Cheese 70g,12317065,IN CUL : Pazzta,CULINARY,F&B,96.0,7.8,6.72,55.376,12366868
12380389,MAGGI PAZZTA Cheese 96x70g PR Magnet IN,MAGGI Pazzta Cheese 70g,12317065,IN CUL : Pazzta,CULINARY,F&B,96.0,7.8,6.72,52.67,12380389
12386061,MAGGI PAZZTA Cheese 96x70g PR Italy IN,MAGGI Pazzta Cheese 70g,12317065,IN CUL : Pazzta,CULINARY,F&B,96.0,7.8,6.72,52.67,12386061
12425849,MAGGI PAZZTA Cheese 96x70g PR Zomato IN,MAGGI Pazzta Cheese 70g,12317065,IN CUL : Pazzta,CULINARY,F&B,96.0,7.2,6.72,55.376,12425849
12430901,MAGGI PAZZTA Cheese 96x70g PR Rs4 Off IN,MAGGI Pazzta Cheese 70g,12317065,IN CUL : Pazzta,CULINARY,F&B,96.0,7.8,6.72,55.376,12430901
12460227,MAGGI PAZZTA Chse 96x70g PR Rs 3 Off IN,MAGGI Pazzta Cheese 70g,12317065,IN CUL : Pazzta,CULINARY,F&B,96.0,7.2,6.72,52.668,12460227
12496402,MAGGI PAZZTA Cheese 72x91g PR 30% X IN,MAGGI Pazzta Cheese 70g,12317065,IN CUL : Pazzta,CULINARY,F&B,72.0,7.9,6.552,59.2,12496402
12510955,MAG PAZZTA Chse96x70g Bonanza PR 4off IN,MAGGI Pazzta Cheese 70g,12317065,IN CUL : Pazzta,CULINARY,F&B,96.0,6.816,6.72,52.67,12510955
12457764,MAGGI PAZZTA Cheese 96x70g N1 IN,MAGGI Pazzta Cheese 70g,12317065,IN CUL : Pazzta,CULINARY,F&B,96.0,7.82,6.72,55.376,12457764
12519374,MAGGI PAZZTA Chse 96x70g PR Rs 4 Off IN,MAGGI Pazzta Cheese 70g,12317065,IN CUL : Pazzta,CULINARY,F&B,96.0,7.2,6.72,52.668,12519374
12549424,MAGGI PAZZTA Chse 96x70g PR Spe BNZ IN,MAGGI Pazzta Cheese 70g,12317065,IN CUL : Pazzta,CULINARY,F&B,96.0,7.25,6.72,55.376,12549424
12559596,MAGGI PAZZTA Cheese 96x75g PR Rs4 Off IN,MAGGI Pazzta Cheese 70g,12317065,IN CUL : Pazzta,CULINARY,F&B,96.0,8.15,7.2,55.376,12559596
12559592,MAGGI PAZZTA Cheese 96x75g IN,MAGGI Pazzta Cheese 70g,12317065,IN CUL : Pazzta,CULINARY,F&B,96.0,8.63,7.2,55.376,12559592
12569610,MAGGI PAZZTA Cheese 96x75g Rs 2 Off IN,MAGGI Pazzta Cheese 70g,12317065,IN CUL : Pazzta,CULINARY,F&B,96.0,8.15,7.2,55.376,12569610
12579622,MAGGI PAZZTA Chse 96x75g Rs4 Off SB IN,MAGGI Pazzta Cheese 70g,12317065,IN CUL : Pazzta,CULINARY,F&B,96.0,8.15,7.2,55.376,12579622
12599942,MAGGI PAZZTA Cheese 96x75g PR Rs5 Off IN,MAGGI Pazzta Cheese 70g,12317065,IN CUL : Pazzta,CULINARY,F&B,96.0,8.63,7.2,55.376,12599942
12610193,MAGGI PAZZTA Cheese 96x75g Rs5 Off SB IN,MAGGI Pazzta Cheese 70g,12317065,IN CUL : Pazzta,CULINARY,F&B,96.0,8.63,7.2,55.376,12610193
12177308,MAGGI Pazzta Cheese Dbl Pack 48x140g IN,MAGGI Pazzta Cheese Meal Pack 140g,12177308,IN CUL : Pazzta,CULINARY,F&B,48.0,7.2,6.72,79.212,12177308
12224133,MAGGI Pazzta Chz Dbl 48x140g PR GIFTS IN,MAGGI Pazzta Cheese Meal Pack 140g,12177308,IN CUL : Pazzta,CULINARY,F&B,48.0,7.2,6.72,51.439,12224133
12416613,MAGGI PAZZTA Cheese Meal Pack 48x140g IN,MAGGI Pazzta Cheese Meal Pack 140g,12177308,IN CUL : Pazzta,CULINARY,F&B,48.0,7.4,6.72,83.79,12416613
12503100,MAGGI PAZZTA Chse Meal Pack48x140g N1 IN,MAGGI Pazzta Cheese Meal Pack 140g,12177308,IN CUL : Pazzta,CULINARY,F&B,48.0,7.4,6.72,83.79,12503100
12559589,MAGGI PAZZTA Cheese 48x150g IN,MAGGI Pazzta Cheese Meal Pack 140g,12177308,IN CUL : Pazzta,CULINARY,F&B,48.0,7.6,7.2,81.61,12559589
12412343,MAG PAZZTA Chse+Tom CP 6((64x4+70x4)g IN,MAGGI PAZZTA Cheese Tomato Multi Pk,12412343,IN CUL : Pazzta,CULINARY,F&B,6.0,3.7,3.216,33.075,12412343
12337981,MAGGI PAZZTA Masala 96x39g IN,MAGGI PAZZTA Masala 39g,12337981,IN CUL : Pazzta,CULINARY,F&B,96.0,7.2,3.744,55.376,12337981
12416629,MAGGI PAZZTA Masala 3-in-1 24x195g IN,MAGGI PAZZTA Masala 3-in-1 195g,12416629,IN CUL : Pazzta,CULINARY,F&B,24.0,6.0,4.68,42.323,12416629
12118591,MAGGI Pazzta Masala 72x65g IN,MAGGI PAZZTA Masala 65g,12317064,IN CUL : Pazzta,CULINARY,F&B,72.0,5.8,4.68,51.439,12118591
12160314,MAGGI Pazzta Masala 96x65g IN,MAGGI PAZZTA Masala 65g,12317064,IN CUL : Pazzta,CULINARY,F&B,96.0,6.8,6.24,56.087,12160314
12192458,MAGGI PastaMas96x65g PR Munch PCho20g IN,MAGGI PAZZTA Masala 65g,12317064,IN CUL : Pazzta,CULINARY,F&B,96.0,6.8,6.24,54.404,12192458
12224130,MAGGI Pazzta Masala 96x65g PR GIFTS IN,MAGGI PAZZTA Masala 65g,12317064,IN CUL : Pazzta,CULINARY,F&B,96.0,6.8,6.24,54.404,12224130
12303386,MAGGI Pazzta Masala 96x65g N1 IN,MAGGI PAZZTA Masala 65g,12317064,IN CUL : Pazzta,CULINARY,F&B,96.0,6.8,6.24,56.087,12303386
12309242,MAGGI Pazzta Masala 96x65g N2 IN,MAGGI PAZZTA Masala 65g,12317064,IN CUL : Pazzta,CULINARY,F&B,96.0,6.9,6.24,54.404,12309242
12317064,MAGGI PAZZTA Masala 96x65g N3 IN,MAGGI PAZZTA Masala 65g,12317064,IN CUL : Pazzta,CULINARY,F&B,96.0,7.2,6.24,54.01,12317064
12346113,MAGGI PAZZTA Masala 96x65g PR Paytm IN,MAGGI PAZZTA Masala 65g,12317064,IN CUL : Pazzta,CULINARY,F&B,96.0,7.2,6.24,55.376,12346113
12380088,MAGGI PAZZTA Masala 96x65g PR Magnet IN,MAGGI PAZZTA Masala 65g,12317064,IN CUL : Pazzta,CULINARY,F&B,96.0,7.3,6.24,54.01,12380088
12386063,MAGGI PAZZTA Masala 96x65g PR Italy IN,MAGGI PAZZTA Masala 65g,12317064,IN CUL : Pazzta,CULINARY,F&B,96.0,7.3,6.24,54.01,12386063
12425880,MAGGI PAZZTA Masala 96x65g PR Zomato IN,MAGGI PAZZTA Masala 65g,12317064,IN CUL : Pazzta,CULINARY,F&B,96.0,7.2,6.24,55.376,12425880
12460238,MAGGI PAZZTA Masala96x65g PR Rs 3 Off IN,MAGGI PAZZTA Masala 65g,12317064,IN CUL : Pazzta,CULINARY,F&B,96.0,7.2,6.24,54.009,12460238
12496400,MAGGI PAZZTA Masala 72x84.5g PR 30% IN,MAGGI PAZZTA Masala 65g,12317064,IN CUL : Pazzta,CULINARY,F&B,72.0,7.5,6.084,59.2,12496400
12510954,MAG PAZZTA Mas 96x65g Bonanza PR 4off IN,MAGGI PAZZTA Masala 65g,12317064,IN CUL : Pazzta,CULINARY,F&B,96.0,6.6,6.24,54.01,12510954
12457737,MAGGI PAZZTA Masala 96x65g N1 IN,MAGGI PAZZTA Masala 65g,12317064,IN CUL : Pazzta,CULINARY,F&B,96.0,7.34,6.24,55.376,12457737
12519375,MAGGI PAZZTA Masala96x65g PR Rs 4 Off IN,MAGGI PAZZTA Masala 65g,12317064,IN CUL : Pazzta,CULINARY,F&B,96.0,7.2,6.24,54.009,12519375
12549450,MAGGI PAZZTA Mas 96x65g PR Spe BNZ IN,MAGGI PAZZTA Masala 65g,12317064,IN CUL : Pazzta,CULINARY,F&B,96.0,7.34,6.24,55.376,12549450
12559604,MAGGI PAZZTA Masala 96x69.5g IN,MAGGI PAZZTA Masala 65g,12317064,IN CUL : Pazzta,CULINARY,F&B,96.0,7.65,6.672,55.376,12559604
12559594,MAGGI PAZZTA Mas 96x69.5g PR Rs4 Off IN,MAGGI PAZZTA Masala 65g,12317064,IN CUL : Pazzta,CULINARY,F&B,96.0,7.65,6.672,55.376,12559594
12569591,MAGGI PAZZTA Masala 96x69.5g Rs 2 Off IN,MAGGI PAZZTA Masala 65g,12317064,IN CUL : Pazzta,CULINARY,F&B,96.0,7.65,6.672,55.376,12569591
12579649,MAG PAZZTA Mas 96x69.5g PR Rs4 Off SB IN,MAGGI PAZZTA Masala 65g,12317064,IN CUL : Pazzta,CULINARY,F&B,96.0,7.65,6.672,55.376,12579649
12599932,MAGGI PAZZTA Mas 96x69.5g PR Rs5 Off IN,MAGGI PAZZTA Masala 65g,12317064,IN CUL : Pazzta,CULINARY,F&B,96.0,7.65,6.672,55.376,12599932
12610168,MAG PAZZTA Mas 96x69.5g PR Rs5 Off SB IN,MAGGI PAZZTA Masala 65g,12317064,IN CUL : Pazzta,CULINARY,F&B,96.0,7.65,6.672,55.376,12610168
12163572,MAGGI Pazzta Mas72x65g PR Nestea 48g IN,MAGGI Pazzta Masala Meal Pack 130g,12177314,IN CUL : Pazzta,CULINARY,F&B,72.0,5.8,4.68,51.439,12163572
12177314,MAGGI Pazzta Masala Dbl Pack 48x130g IN,MAGGI Pazzta Masala Meal Pack 130g,12177314,IN CUL : Pazzta,CULINARY,F&B,48.0,6.72,6.24,79.212,12177314
12224131,MAGGI Pazzta Mas Dbl 48x130g PR GIFTS IN,MAGGI Pazzta Masala Meal Pack 130g,12177314,IN CUL : Pazzta,CULINARY,F&B,48.0,6.72,6.24,51.439,12224131
12424610,MAGGI PAZZTA Masala Meal Pack 48x130g IN,MAGGI Pazzta Masala Meal Pack 130g,12177314,IN CUL : Pazzta,CULINARY,F&B,48.0,7.4,6.24,43.824,12424610
12502758,MAGGI PAZZTA Mas Meal Pack 48x130g N1 IN,MAGGI Pazzta Masala Meal Pack 130g,12177314,IN CUL : Pazzta,CULINARY,F&B,48.0,7.4,6.24,83.79,12502758
12559603,MAGGI PAZZTA Masala 48x139g IN,MAGGI Pazzta Masala Meal Pack 130g,12177314,IN CUL : Pazzta,CULINARY,F&B,48.0,8.47,6.672,81.61,12559603
12172409,MAGGI Pasta Mushroom 96x64g IN,MAGGI PAZZTA Mushroom 64g,12317063,IN CUL : Pazzta,CULINARY,F&B,96.0,7.7,6.144,56.087,12172409
12224090,MAGGI Pasta Mushroom 96x64g PR GIFTS IN,MAGGI PAZZTA Mushroom 64g,12317063,IN CUL : Pazzta,CULINARY,F&B,96.0,7.7,6.144,51.439,12224090
12301703,MAGGI Pasta Mushroom 96x64g N1 IN,MAGGI PAZZTA Mushroom 64g,12317063,IN CUL : Pazzta,CULINARY,F&B,96.0,6.9,6.144,55.23,12301703
12309240,MAGGI PAZZTA Mushroom 96x64g IN,MAGGI PAZZTA Mushroom 64g,12317063,IN CUL : Pazzta,CULINARY,F&B,96.0,7.5,6.144,54.404,12309240
12317063,MAGGI PAZZTA Mushroom 96x64g N3 IN,MAGGI PAZZTA Mushroom 64g,12317063,IN CUL : Pazzta,CULINARY,F&B,96.0,7.25,6.144,54.01,12317063
12346112,MAGGI PAZZTA Mushroom 96x64g PR Paytm IN,MAGGI PAZZTA Mushroom 64g,12317063,IN CUL : Pazzta,CULINARY,F&B,96.0,7.25,6.144,55.376,12346112
12380087,MAGGI PAZZTA Mushroom96x64g PR Magnet IN,MAGGI PAZZTA Mushroom 64g,12317063,IN CUL : Pazzta,CULINARY,F&B,96.0,7.2,6.144,54.01,12380087
12386062,MAGGI PAZZTA Mushroom 96x64g PR Italy IN,MAGGI PAZZTA Mushroom 64g,12317063,IN CUL : Pazzta,CULINARY,F&B,96.0,7.3,6.144,54.01,12386062
12460240,MAGGI PAZZTA Mshrm 96x64g PR Rs 3 Off IN,MAGGI PAZZTA Mushroom 64g,12317063,IN CUL : Pazzta,CULINARY,F&B,96.0,7.25,6.144,54.009,12460240
12496388,MAGGI PAZZTA Mushroom 72x83.2g PR 30% IN,MAGGI PAZZTA Mushroom 64g,12317063,IN CUL : Pazzta,CULINARY,F&B,72.0,7.4,5.99,59.2,12496388
12510953,MAG PAZZTA Mshrm96x64g BonanzaPR 4off IN,MAGGI PAZZTA Mushroom 64g,12317063,IN CUL : Pazzta,CULINARY,F&B,96.0,6.6,6.144,54.01,12510953
12457771,MAGGI PAZZTA Mushroom 96x64g N1 IN,MAGGI PAZZTA Mushroom 64g,12317063,IN CUL : Pazzta,CULINARY,F&B,96.0,7.25,6.144,55.376,12457771
12519368,MAGGI PAZZTA Mshrm 96x64g PR Rs 4 Off IN,MAGGI PAZZTA Mushroom 64g,12317063,IN CUL : Pazzta,CULINARY,F&B,96.0,7.25,6.144,54.009,12519368
12549441,MAGGI PAZZTA Mshrm 96x64g PR Spe BNZ IN,MAGGI PAZZTA Mushroom 64g,12317063,IN CUL : Pazzta,CULINARY,F&B,96.0,7.25,6.144,55.376,12549441
12559613,MAGGI PAZZTA Mshrm96x68.5g PR Rs4 Off IN,MAGGI PAZZTA Mushroom 64g,12317063,IN CUL : Pazzta,CULINARY,F&B,96.0,7.65,6.576,55.376,12559613
12559595,MAGGI PAZZTA Mushroom 96x68.5g IN,MAGGI PAZZTA Mushroom 64g,12317063,IN CUL : Pazzta,CULINARY,F&B,96.0,8.17,6.576,60.335,12559595
12569215,MAGGI PAZZTA Mshrm 96x68.5gPR Rs2 Off IN,MAGGI PAZZTA Mushroom 64g,12317063,IN CUL : Pazzta,CULINARY,F&B,96.0,7.65,6.576,55.376,12569215
12579604,MAG PAZZTA Mshrm96x68.5g PR Rs4Off SB IN,MAGGI PAZZTA Mushroom 64g,12317063,IN CUL : Pazzta,CULINARY,F&B,96.0,7.65,6.576,60.335,12579604
12599896,MAGGI PAZZTA Mshrm 96x68.5gPR Rs5 Off IN,MAGGI PAZZTA Mushroom 64g,12317063,IN CUL : Pazzta,CULINARY,F&B,96.0,8.17,6.576,60.335,12599896
12610194,MAG PAZZTA Mshrm 96x68.5g PR Rs5OffSB IN,MAGGI PAZZTA Mushroom 64g,12317063,IN CUL : Pazzta,CULINARY,F&B,96.0,8.17,6.576,60.335,12610194
12326479,MAGGI PAZZTA 6x398g PR MTV Bag IN,MAGGI PAZZTA PR MTV 398g,12326479,IN CUL : Pazzta,CULINARY,F&B,6.0,3.78,2.388,35.525,12326479
12337548,MAGGI PAZZTA Cheesy Tomato 80x41g IN,MAGGI PAZZTA Tomato 41g,12337548,IN CUL : Pazzta,CULINARY,F&B,80.0,6.6,3.28,55.376,12337548
12118593,MAGGI PASTA Tomato 72x64g IN,MAGGI PAZZTA Tomato 64g,12320945,IN CUL : Pazzta,CULINARY,F&B,72.0,5.9,4.608,51.439,12118593
12160315,MAGGI Pazzta Tomato 80x64g   IN,MAGGI PAZZTA Tomato 64g,12320945,IN CUL : Pazzta,CULINARY,F&B,80.0,6.9,5.12,55.376,12160315
12224091,MAGGI Pazzta Tomato 80x64g PR GIFTS IN,MAGGI PAZZTA Tomato 64g,12320945,IN CUL : Pazzta,CULINARY,F&B,80.0,6.9,5.12,54.404,12224091
12303387,MAGGI Pazzta Tomato 80x64g N1 IN,MAGGI PAZZTA Tomato 64g,12320945,IN CUL : Pazzta,CULINARY,F&B,80.0,6.9,5.12,56.087,12303387
12309243,MAGGI Pazzta Tomato 80x64g IN,MAGGI PAZZTA Tomato 64g,12320945,IN CUL : Pazzta,CULINARY,F&B,80.0,6.4,5.12,54.404,12309243
12318814,MAGGI PAZZTA Cheesy Tomato 80x64g N3 IN,MAGGI PAZZTA Tomato 64g,12320945,IN CUL : Pazzta,CULINARY,F&B,80.0,6.6,5.12,55.376,12318814
12320945,MAGGI PAZZTA Cheesy Tomato 80x64g N4 IN,MAGGI PAZZTA Tomato 64g,12320945,IN CUL : Pazzta,CULINARY,F&B,80.0,6.6,5.12,54.01,12320945
12346049,MAGGI PAZZTA Chsy Tom 80x64g PR Paytm IN,MAGGI PAZZTA Tomato 64g,12320945,IN CUL : Pazzta,CULINARY,F&B,80.0,6.6,5.12,55.376,12346049
12367061,MAGGI PAZZTA ChsyTom80x64gN3 PR Munch IN,MAGGI PAZZTA Tomato 64g,12320945,IN CUL : Pazzta,CULINARY,F&B,80.0,6.6,5.12,55.376,12367061
12380086,MAGGI PAZZTA ChsyTom 80x64g PR Magnet IN,MAGGI PAZZTA Tomato 64g,12320945,IN CUL : Pazzta,CULINARY,F&B,80.0,6.6,5.12,54.01,12380086
12386060,MAGGI PAZZTA Chsy Tom 80x64g PR Italy IN,MAGGI PAZZTA Tomato 64g,12320945,IN CUL : Pazzta,CULINARY,F&B,80.0,6.6,5.12,54.01,12386060
12425856,MAGGI PAZZTA ChsyTom 80x64g PR Zomato IN,MAGGI PAZZTA Tomato 64g,12320945,IN CUL : Pazzta,CULINARY,F&B,80.0,6.6,5.12,55.376,12425856
12430893,MAGGI PAZZTA ChsyTom 80x64gPR Rs4 Off IN,MAGGI PAZZTA Tomato 64g,12320945,IN CUL : Pazzta,CULINARY,F&B,80.0,6.6,5.12,55.376,12430893
12460184,MAG PAZZTA Chsy Tom80x64g PR Rs 3 Off IN,MAGGI PAZZTA Tomato 64g,12320945,IN CUL : Pazzta,CULINARY,F&B,80.0,6.6,5.12,55.376,12460184
12496401,MAGGI PAZZTA Chsy Tom 72x83.2g PR 30% IN,MAGGI PAZZTA Tomato 64g,12320945,IN CUL : Pazzta,CULINARY,F&B,72.0,7.4,5.99,59.2,12496401
12457738,MAGGI PAZZTA Chsy Tom 80x64g N1 IN,MAGGI PAZZTA Tomato 64g,12320945,IN CUL : Pazzta,CULINARY,F&B,80.0,6.6,5.12,55.376,12457738
12510944,MAG PAZZTA ChsyTom80x64g BonanzaPR4offIN,MAGGI PAZZTA Tomato 64g,12320945,IN CUL : Pazzta,CULINARY,F&B,80.0,6.6,5.12,54.01,12510944
12519377,MAG PAZZTA Chsy Tom80x64g PR Rs 4 Off IN,MAGGI PAZZTA Tomato 64g,12320945,IN CUL : Pazzta,CULINARY,F&B,80.0,6.6,5.12,55.376,12519377
12549997,MAG PAZZTA Chsy Tom 80x64g PR Spe BNZ IN,MAGGI PAZZTA Tomato 64g,12320945,IN CUL : Pazzta,CULINARY,F&B,80.0,6.6,5.12,55.376,12549997
12559612,MAG PAZZTA Chsy Tom80x68.5gPR Rs4 Off IN,MAGGI PAZZTA Tomato 64g,12320945,IN CUL : Pazzta,CULINARY,F&B,80.0,6.38,5.48,55.376,12559612
12559605,MAGGI PAZZTA Chsy Tom 80x68.5g IN,MAGGI PAZZTA Tomato 64g,12320945,IN CUL : Pazzta,CULINARY,F&B,80.0,7.09,5.48,55.376,12559605
12572973,MAGGI PAZZTA Chsy Tom80x68.5g Rs2 Off IN,MAGGI PAZZTA Tomato 64g,12320945,IN CUL : Pazzta,CULINARY,F&B,80.0,7.25,5.48,55.376,12572973
12579618,MAG PAZZTA Tom 80x68.5g PR Rs4 Off SB IN,MAGGI PAZZTA Tomato 64g,12320945,IN CUL : Pazzta,CULINARY,F&B,80.0,6.38,5.48,55.376,12579618
12599916,MAG PAZZTA Chsy Tom 80x68.5gPR Rs5Off IN,MAGGI PAZZTA Tomato 64g,12320945,IN CUL : Pazzta,CULINARY,F&B,80.0,7.09,5.48,55.376,12599916
12610203,MAG PAZZTA Tom 80x68.5g PR Rs5 Off SB IN,MAGGI PAZZTA Tomato 64g,12320945,IN CUL : Pazzta,CULINARY,F&B,80.0,7.09,5.48,55.376,12610203
12462659,MAGGI PeM Kadhai Paneer 16(24x12g) IN,MAGGI PeM Kadhai Paneer 12g,12462659,IN CUL : Masala-ae-Magic,CULINARY,F&B,384.0,5.71,4.608,18.45,12462659
12476578,MAGGI PeM Kadhai Paneer16(24x12g) N1 IN,MAGGI PeM Kadhai Paneer 12g,12462659,IN CUL : Masala-ae-Magic,CULINARY,F&B,384.0,5.71,4.608,18.45,12476578
12466309,MAGGI PeM Kadhai Paneer Sbg 40(5x12g) IN,MAGGI PeM Kadhai Paneer Sbg 12g,12466309,IN CUL : Masala-ae-Magic,CULINARY,F&B,40.0,3.74,2.4,33.024,12466309
12462684,MAGGI PeM Shahi Paneer 16(24x12g) IN,MAGGI PeM Shahi Paneer 12g,12462684,IN CUL : Masala-ae-Magic,CULINARY,F&B,384.0,5.71,4.608,18.45,12462684
12476590,MAGGI PeM Shahi Paneer16(24x12g) N1 IN,MAGGI PeM Shahi Paneer 12g,12462684,IN CUL : Masala-ae-Magic,CULINARY,F&B,384.0,5.71,4.608,18.45,12476590
12466330,MAGGI PeM Shahi Paneer Sbg 40(5x12g) IN,MAGGI PeM Shahi Paneer Sbg 12g,12466330,IN CUL : Masala-ae-Magic,CULINARY,F&B,40.0,3.74,2.4,33.024,12466330
12328023,MAGGI Pichkoo 3 in 1 (24x270g) IN,MAGGI Pichkoo 3in1 270g,12328023,IN CUL : MAGGI Pichkoo,CULINARY,F&B,24.0,8.05,6.48,28.594,12328023
12398659,MAGGI Poha 24x260g IN,MAGGI Poha 260g,12398659,IN CUL : MAGGI READY TO EAT,CULINARY,F&B,24.0,6.9,6.24,39.088,12398659
12451524,MAGGI Poha 24x260g N1 IN,MAGGI Poha 260g,12398659,IN CUL : MAGGI READY TO EAT,CULINARY,F&B,24.0,6.9,6.24,39.088,12451524
12398680,MAGGI Poha 6(12x65g) IN,MAGGI Poha 65g,12398680,IN CUL : MAGGI READY TO EAT,CULINARY,F&B,72.0,5.71,4.68,30.4,12398680
12444638,MAGGI Poha 6(12x65g) PR SPrice IN,MAGGI Poha 65g,12398680,IN CUL : MAGGI READY TO EAT,CULINARY,F&B,72.0,5.71,4.68,30.4,12444638
12475442,MAGGI Poha 6(12x65g) N1 IN,MAGGI Poha 65g,12398680,IN CUL : MAGGI READY TO EAT,CULINARY,F&B,72.0,5.71,4.68,30.4,12475442
12503861,MAGGI Poha 6(12x65g) PR Coffee Fr IN,MAGGI Poha 65g,12398680,IN CUL : MAGGI READY TO EAT,CULINARY,F&B,72.0,5.71,4.68,30.4,12503861
12461005,MAGGI Red Pasta Sauce Mix 24x500g IN,MAGGI Red Pasta Sauce Mix 500g FS,12461005,IN CUL : Pasta Sauce Mix - FS,NP,NP,24.0,12.94,12.0,29.4,12461005
12470098,MAGGI Red Thai Curry Kit 15(2x110g) IN,MAGGI Red Thai Curry Kit 110g,12470098,IN CUL : Cooking Base Juicy,NP,NP,15.0,5.4,3.3,28.985,12470098
12453205,MAGGI Rice & Ndl Mix Wok 60x200g IN,MAGGI Rice & Ndl Mix Wok 200g FS,12453205,IN CUL : Rice & Noodle Seasoning - FS,NP,NP,60.0,17.8,12.0,38.743,12453205
12496814,MAGGI Wok Rice Seasoning 60x200g IN,MAGGI Rice & Ndl Mix Wok 200g FS,12453205,IN CUL : Rice & Noodle Seasoning - FS,NP,NP,60.0,13.6,12.0,38.743,12496814
12391893,MAGGI Liquid Sauce 24x200ml IN,MAGGI Seasoning 200ml FS,12391893,IN CUL: Seasoning Liquid - FS,NP,NP,24.0,10.6,5.645,21.894,12391893
12178140,MAGGI Snack Dressing Sachet 12x1.2kg IN,MAGGI Snack Dressing Sachet 12x1.2kg IN,12178140,IN CUL : Sauces-FS,NP,NP,12.0,15.7,14.4,27.599,12178140
12376677,MAGGI Thai Green Curry Paste 12x1kg IN,MAGGI Thai Green Curry Paste 1kg,12376677,IN CUL : Cooking Bases - FS,NP,NP,12.0,12.52,12.0,26.895,12376677
12441848,MAG Thai Green Curry Paste 12x1kg N1 IN,MAGGI Thai Green Curry Paste 1kg,12376677,IN CUL : Cooking Bases - FS,NP,NP,12.0,13.0,12.0,26.895,12441848
12376676,MAGGI Thai Red Curry Paste 12x1kg IN,MAGGI Thai Red Curry Paste 1kg,12376676,IN CUL : Cooking Bases - FS,NP,NP,12.0,13.0,12.0,26.895,12376676
12441156,MAGGI Thai Red Curry Paste 12x1kg N1 IN,MAGGI Thai Red Curry Paste 1kg,12376676,IN CUL : Cooking Bases - FS,NP,NP,12.0,12.44,12.0,26.895,12441156
12428159,MAGGI Tom Chatpata Sce Pouch 20x600g IN,MAGGI Tom Chatpata Pouch 600g,12428159,IN CUL : MAGGI Pichkoo,CULINARY,F&B,20.0,13.1,12.0,32.383,12428159
12433496,MAGGI Tom Chatpata Sce Pouch20x600g N1IN,MAGGI Tom Chatpata Pouch 600g,12428159,IN CUL : MAGGI Pichkoo,CULINARY,F&B,20.0,13.1,12.0,32.383,12433496
12459811,MAG Tom Cpta Sce 24x600gPR H&S Doy Fr IN,MAGGI Tom Chatpata Pouch 600g,12428159,IN CUL : MAGGI Pichkoo,CULINARY,F&B,24.0,15.7,14.4,32.383,12459811
12472858,MAG Tom Cpta Sce20x600g PR Spec Price IN,MAGGI Tom Chatpata Pouch 600g,12428159,IN CUL : MAGGI Pichkoo,CULINARY,F&B,20.0,13.1,12.0,32.383,12472858
12494715,MAG Tom Cpta Sce 24x600gPR MasNdls70g IN,MAGGI Tom Chatpata Pouch 600g,12428159,IN CUL : MAGGI Pichkoo,CULINARY,F&B,24.0,15.9,14.4,32.383,12494715
12494688,MAG Tom Cpta Sce20x600g Spec Price N1 IN,MAGGI Tom Chatpata Pouch 600g,12428159,IN CUL : MAGGI Pichkoo,CULINARY,F&B,20.0,13.1,12.0,32.383,12494688
12509530,MAG Tom Cpta Sce 24x600g PR 140g Ndls IN,MAGGI Tom Chatpata Pouch 600g,12428159,IN CUL : MAGGI Pichkoo,CULINARY,F&B,24.0,15.9,14.4,32.383,12509530
12539422,MAGGI Tom Chatpata Sauce 24x500g IN,MAGGI Tom Chatpata Sauce 24x500g IN,12539422,IN CUL : Sauces,CULINARY,F&B,24.0,13.15,12.0,29.733,12539422
11340377,MAGGI Tomato Ketchup Bottle 12x1kg IN,MAGGI Tomato Ketchup Bottle 1kg,11340377,IN CUL : Sauces,CULINARY,F&B,12.0,18.6,12.0,26.91,11340377
11340544,MAGGI Tomato Ket Btl 12x1kgPR Rs10 offIN,MAGGI Tomato Ketchup Bottle 1kg,11340377,IN CUL : Sauces,CULINARY,F&B,12.0,18.6,12.0,29.415,11340544
12106415,MAGGI Tomato Ket Btl 12x1kgPR Rs15 offIN,MAGGI Tomato Ketchup Bottle 1kg,11340377,IN CUL : Sauces,CULINARY,F&B,12.0,19.3,12.0,29.415,12106415
12114347,MAGGI TomKet Btl 12x1kg PR Ndl SoupFr IN,MAGGI Tomato Ketchup Bottle 1kg,11340377,IN CUL : Sauces,CULINARY,F&B,12.0,18.6,12.0,29.415,12114347
12122070,MAGGI Tomato Ket Btl 12x1kgPR Rs12 offIN,MAGGI Tomato Ketchup Bottle 1kg,11340377,IN CUL : Sauces,CULINARY,F&B,12.0,18.6,12.0,29.415,12122070
12167803,MAGGI TomKet12x1kg PRSoupTom96x60g IN,MAGGI Tomato Ketchup Bottle 1kg,11340377,IN CUL : Sauces,CULINARY,F&B,12.0,18.6,12.0,29.415,12167803
12176964,MAGGI Tom Ket 12x1kgPR MAG Ndl MasDbl IN,MAGGI Tomato Ketchup Bottle 1kg,11340377,IN CUL : Sauces,CULINARY,F&B,12.0,18.6,12.0,27.3,12176964
12211082,MAGGI Tom Ket 12x1kg PR Soup Tom IN,MAGGI Tomato Ketchup Bottle 1kg,11340377,IN CUL : Sauces,CULINARY,F&B,12.0,18.6,12.0,29.415,12211082
12238133,MAGGI TomKet 12x1kg PR MxdVg Soup FR IN,MAGGI Tomato Ketchup Bottle 1kg,11340377,IN CUL : Sauces,CULINARY,F&B,12.0,18.6,12.0,27.3,12238133
12241466,MAGGI TomKet 12x1kg PR Tomato Soup FR IN,MAGGI Tomato Ketchup Bottle 1kg,11340377,IN CUL : Sauces,CULINARY,F&B,12.0,18.6,12.0,29.415,12241466
12250905,MAGGI TomKet 12x1kg PR H&S VegSoup Fr IN,MAGGI Tomato Ketchup Bottle 1kg,11340377,IN CUL : Sauces,CULINARY,F&B,12.0,18.6,12.0,27.3,12250905
12275416,MAGGI Tom Ket 12x1kg PR HS 200g Fr IN,MAGGI Tomato Ketchup Bottle 1kg,11340377,IN CUL : Sauces,CULINARY,F&B,12.0,18.6,12.0,27.3,12275416
12300501,MAGGI TomKet12x1kg PR TK 200g IN,MAGGI Tomato Ketchup Bottle 1kg,11340377,IN CUL : Sauces,CULINARY,F&B,12.0,18.6,12.0,27.3,12300501
12313077,MAGGI TomKet 12x1kg PR 2MNDLS 280g FR IN,MAGGI Tomato Ketchup Bottle 1kg,11340377,IN CUL : Sauces,CULINARY,F&B,12.0,18.6,12.0,26.91,12313077
12338100,MAGGI Tom Ket 12x1kg PR Ndl 140g Free IN,MAGGI Tomato Ketchup Bottle 1kg,11340377,IN CUL : Sauces,CULINARY,F&B,12.0,18.6,12.0,26.91,12338100
12376355,MAGGI Tom Ket 12x1kg PR Ndl 140gFr N1 IN,MAGGI Tomato Ketchup Bottle 1kg,11340377,IN CUL : Sauces,CULINARY,F&B,12.0,18.6,12.0,26.91,12376355
12424558,MAGGI Tom Ket 12x1kg PR PayTM Cash IN,MAGGI Tomato Ketchup Bottle 1kg,11340377,IN CUL : Sauces,CULINARY,F&B,12.0,18.9,12.0,28.289,12424558
12424585,MAGGI Tom Ket 12x1kg PR Spl Price IN,MAGGI Tomato Ketchup Bottle 1kg,11340377,IN CUL : Sauces,CULINARY,F&B,12.0,18.9,12.0,28.289,12424585
12436324,MAGGI Tom Ket 12x1kg PR HS 200g Fr N1 IN,MAGGI Tomato Ketchup Bottle 1kg,11340377,IN CUL : Sauces,CULINARY,F&B,12.0,18.6,12.0,26.91,12436324
12437104,MAGGI Tom Ket 12x1.2kg PR 200g Extra IN,MAGGI Tomato Ketchup Bottle 1kg,11340377,IN CUL : Sauces,CULINARY,F&B,12.0,21.9,14.4,32.452,12437104
12443361,MAGGI Tomato Ket 12x1kg PR TK 200g Fr IN,MAGGI Tomato Ketchup Bottle 1kg,11340377,IN CUL : Sauces,CULINARY,F&B,12.0,18.6,12.0,26.91,12443361
12450808,MAGGI Tom Ket Bottle12x1kg PR Mem Sbg IN,MAGGI Tomato Ketchup Bottle 1kg,11340377,IN CUL : Sauces,CULINARY,F&B,12.0,18.6,12.0,26.91,12450808
12460044,MAGGI Tom Ket 12x1kg PR HS 200g Fr N2 IN,MAGGI Tomato Ketchup Bottle 1kg,11340377,IN CUL : Sauces,CULINARY,F&B,12.0,18.6,12.0,26.91,12460044
12460061,MAGGI Tom Ket 12x1kg PR TK 200g Fr N1 IN,MAGGI Tomato Ketchup Bottle 1kg,11340377,IN CUL : Sauces,CULINARY,F&B,12.0,18.71,12.0,26.91,12460061
12471095,MAGGI Tom Ket 12x1Kg PR TK 400g Fr IN,MAGGI Tomato Ketchup Bottle 1kg,11340377,IN CUL : Sauces,CULINARY,F&B,12.0,18.8,12.0,27.825,12471095
12489765,MAGGI Tomato Ketchup Bottle 12x1kg N2 IN,MAGGI Tomato Ketchup Bottle 1kg,11340377,IN CUL : Sauces,CULINARY,F&B,12.0,18.9,12.0,27.825,12489765
12509721,MAGGI Tom Ket 12x1kg PR Ndls280g Gold IN,MAGGI Tomato Ketchup Bottle 1kg,11340377,IN CUL : Sauces,CULINARY,F&B,12.0,18.9,12.0,27.825,12509721
12494124,MAGGI Tom Ket 12x1kg PR Ndls 280g Fr IN,MAGGI Tomato Ketchup Bottle 1kg,11340377,IN CUL : Sauces,CULINARY,F&B,12.0,18.9,12.0,27.825,12494124
12494119,MAGGI Tom Ket 12x1kg PR HS 200g Fr N3 IN,MAGGI Tomato Ketchup Bottle 1kg,11340377,IN CUL : Sauces,CULINARY,F&B,12.0,18.9,12.0,27.825,12494119
12551961,MAGGI Tom Ketchup Bottle 12x970g IN,MAGGI Tomato Ketchup Bottle 1kg,11340377,IN CUL : Sauces,CULINARY,F&B,12.0,18.46,11.64,27.825,12551961
12552800,MAGGI Tom Ket 12x970g PR Ndls280g Fr IN,MAGGI Tomato Ketchup Bottle 1kg,11340377,IN CUL : Sauces,CULINARY,F&B,12.0,18.46,11.64,27.825,12552800
12579197,MAGGI Tom Ket 12x970g PR Ndls280g+SB IN,MAGGI Tomato Ketchup Bottle 1kg,11340377,IN CUL : Sauces,CULINARY,F&B,12.0,18.46,11.64,27.825,12579197
12599497,MAGGI Tomato Ketchup 12x960g IN,MAGGI Tomato Ketchup Bottle 1kg,11340377,IN CUL : Sauces,CULINARY,F&B,12.0,18.3,11.52,27.825,12599497
11340372,MAGGI Tomato Ketchup Bottle 24x200g IN,MAGGI Tomato Ketchup Bottle 200g,11340372,IN CUL : Sauces,CULINARY,F&B,24.0,9.0,4.8,12.529,11340372
12493774,MAGGI Tomato Ket Bottle 24x200g N1 IN,MAGGI Tomato Ketchup Bottle 200g,11340372,IN CUL : Sauces,CULINARY,F&B,24.0,9.0,4.8,11.933,12493774
12551929,MAGGI Tomato Ket Bottle 24x190g IN,MAGGI Tomato Ketchup Bottle 200g,11340372,IN CUL : Sauces,CULINARY,F&B,24.0,8.92,4.56,11.933,12551929
12603833,MAGGI Tom Ket 24x190g N1 IN,MAGGI Tomato Ketchup Bottle 200g,11340372,IN CUL : Sauces,CULINARY,F&B,24.0,8.95,4.56,11.933,12603833
12019843,MAGGI Tomato Ketchup Bottle 24x500g IN,MAGGI Tomato Ketchup Bottle 500g,12019843,IN CUL : Sauces,CULINARY,F&B,24.0,19.94,12.0,28.7,12019843
12024131,MAGGI TomatoKetBtl 24x600g PR@500g IN,MAGGI Tomato Ketchup Bottle 500g,12019843,IN CUL : Sauces,CULINARY,F&B,24.0,23.84,14.4,27.744,12024131
12139984,MAGGI TomKet 24x500g PR Pazta65g Free IN,MAGGI Tomato Ketchup Bottle 500g,12019843,IN CUL : Sauces,CULINARY,F&B,24.0,19.9,12.0,27.744,12139984
12155167,MAGGI Tom Ket 24x500g PR Bhuna65g Fre IN,MAGGI Tomato Ketchup Bottle 500g,12019843,IN CUL : Sauces,CULINARY,F&B,24.0,19.9,12.0,27.744,12155167
12168333,MAGGI Tom Ket 24x500g PR TomPazzta Fr IN,MAGGI Tomato Ketchup Bottle 500g,12019843,IN CUL : Sauces,CULINARY,F&B,24.0,19.9,12.0,26.789,12168333
12187714,MAGGI Tom Ket 24x 500g PR Dmdr 81g Fr IN,MAGGI Tomato Ketchup Bottle 500g,12019843,IN CUL : Sauces,CULINARY,F&B,24.0,19.9,12.0,27.744,12187714
12218306,MAGGI TomKet 24x500g PR HungroondlsFr IN,MAGGI Tomato Ketchup Bottle 500g,12019843,IN CUL : Sauces,CULINARY,F&B,24.0,19.9,12.0,27.744,12218306
12252439,MAGGI TomKet 24x500g PRMagicMasNdl FR IN,MAGGI Tomato Ketchup Bottle 500g,12019843,IN CUL : Sauces,CULINARY,F&B,24.0,19.9,12.0,26.789,12252439
12276791,MAGGI TomKet 24x500g PR Veg Atta IN,MAGGI Tomato Ketchup Bottle 500g,12019843,IN CUL : Sauces,CULINARY,F&B,24.0,19.9,12.0,26.789,12276791
12284402,MAGGI TomKet 24x500g PR BigMasNdl Fr IN,MAGGI Tomato Ketchup Bottle 500g,12019843,IN CUL : Sauces,CULINARY,F&B,24.0,19.9,12.0,26.789,12284402
12294928,MAGGI TomKet 24x500g PR Rs 7 Off IN,MAGGI Tomato Ketchup Bottle 500g,12019843,IN CUL : Sauces,CULINARY,F&B,24.0,19.9,12.0,27.199,12294928
12310485,MAGGI Tomato Ket 24x500g PR H&S Doy IN,MAGGI Tomato Ketchup Bottle 500g,12019843,IN CUL : Sauces,CULINARY,F&B,24.0,19.8,12.0,27.199,12310485
12341848,MAGGI Tom Ketchup 24x500g PR Soup IN,MAGGI Tomato Ketchup Bottle 500g,12019843,IN CUL : Sauces,CULINARY,F&B,24.0,19.94,12.0,27.0,12341848
12408199,MAGGI TomKet 24x500g PR PayTM Cash IN,MAGGI Tomato Ketchup Bottle 500g,12019843,IN CUL : Sauces,CULINARY,F&B,24.0,20.1,12.0,26.05,12408199
12417658,MAGGI Tom Ket 24x500g PR Ndl 140gFr IN,MAGGI Tomato Ketchup Bottle 500g,12019843,IN CUL : Sauces,CULINARY,F&B,24.0,20.1,12.0,26.05,12417658
12474191,MAGGI Tom Ket 24x500g PR Rs.7 Off IN,MAGGI Tomato Ketchup Bottle 500g,12019843,IN CUL : Sauces,CULINARY,F&B,24.0,19.65,12.0,26.05,12474191
12480996,MAGGI Tom Ket 24x500g PR H&S Doy FR IN,MAGGI Tomato Ketchup Bottle 500g,12019843,IN CUL : Sauces,CULINARY,F&B,24.0,19.88,12.0,26.05,12480996
12493772,MAGGI Tomato Ket Bottle 24x500g N1 IN,MAGGI Tomato Ketchup Bottle 500g,12019843,IN CUL : Sauces,CULINARY,F&B,24.0,19.97,12.0,26.05,12493772
12494699,MAGGI Tom Ket 24x500g PR H&S Doy Fr IN,MAGGI Tomato Ketchup Bottle 500g,12019843,IN CUL : Sauces,CULINARY,F&B,24.0,19.96,12.0,26.05,12494699
12551437,MAGGI Tom Ket 24x500g PR Ndls140g Fr IN,MAGGI Tomato Ketchup Bottle 500g,12019843,IN CUL : Sauces,CULINARY,F&B,24.0,20.0,12.0,26.05,12551437
12551952,MAGGI Tomato Ket Bottle 24x485g IN,MAGGI Tomato Ketchup Bottle 500g,12019843,IN CUL : Sauces,CULINARY,F&B,24.0,19.68,11.64,26.05,12551952
12603852,MAGGI Tom Ket 24x480g N1 IN,MAGGI Tomato Ketchup Bottle 500g,12019843,IN CUL : Sauces,CULINARY,F&B,24.0,19.61,11.52,26.05,12603852
12058049,MAGGI Tomato Ket Pichkoo 4(12x90g) IN,MAGGI Tomato Ketchup Pichkoo 90g,12360246,IN CUL : MAGGI Pichkoo,CULINARY,F&B,48.0,5.3,4.32,16.884,12058049
12218744,MAGGI TomKet Pichkoo 4(12x90g) PR FrH IN,MAGGI Tomato Ketchup Pichkoo 90g,12360246,IN CUL : MAGGI Pichkoo,CULINARY,F&B,48.0,5.3,4.32,20.175,12218744
12240840,MAGGI Tomato Ket Pichkoo 6(12x90g) IN,MAGGI Tomato Ketchup Pichkoo 90g,12360246,IN CUL : MAGGI Pichkoo,CULINARY,F&B,72.0,7.84,6.48,24.696,12240840
12291981,MAGGI TomKet Pichkoo 6(12x100g)PR10%ExIN,MAGGI Tomato Ketchup Pichkoo 90g,12360246,IN CUL : MAGGI Pichkoo,CULINARY,F&B,72.0,8.56,7.2,25.382,12291981
12310114,MAGGI Tomato Ket Pichkoo 6(12x90g) N1 IN,MAGGI Tomato Ketchup Pichkoo 90g,12360246,IN CUL : MAGGI Pichkoo,CULINARY,F&B,72.0,8.05,6.48,25.382,12310114
12334680,MAGGI Tom Pichkoo 6(12x90g) PR MeM IN,MAGGI Tomato Ketchup Pichkoo 90g,12360246,IN CUL : MAGGI Pichkoo,CULINARY,F&B,72.0,7.84,6.48,24.696,12334680
12339488,MAGGI Tom Pichkoo 6(15x90g)PR 1unt FR IN,MAGGI Tomato Ketchup Pichkoo 90g,12360246,IN CUL : MAGGI Pichkoo,CULINARY,F&B,90.0,9.68,8.1,27.41,12339488
12347923,MAGGI Tom Pichkoo 6(12x90g) SP Price IN,MAGGI Tomato Ketchup Pichkoo 90g,12360246,IN CUL : MAGGI Pichkoo,CULINARY,F&B,72.0,7.84,6.48,24.696,12347923
12347924,MAGGI Tom Pichkoo6(12x90g)PR ChotuNdl IN,MAGGI Tomato Ketchup Pichkoo 90g,12360246,IN CUL : MAGGI Pichkoo,CULINARY,F&B,72.0,7.84,6.48,24.696,12347924
12360246,MAGGI Tomato Ket Pichkoo 6(12x90g) N2 IN,MAGGI Tomato Ketchup Pichkoo 90g,12360246,IN CUL : MAGGI Pichkoo,CULINARY,F&B,72.0,8.05,6.48,22.68,12360246
12361932,MAGGI TomKet Pichkoo 6(15x90g)PR Book IN,MAGGI Tomato Ketchup Pichkoo 90g,12360246,IN CUL : MAGGI Pichkoo,CULINARY,F&B,90.0,9.6,8.1,25.382,12361932
12382355,MAGGI Tomato Ket Pichkoo 4(20x90g) IN,MAGGI Tomato Ketchup Pichkoo 90g,12360246,IN CUL : MAGGI Pichkoo,CULINARY,F&B,80.0,9.5,7.2,31.798,12382355
12437111,MAGGI Tom Pichkoo 6(16x90g)PR 1U Fr IN,MAGGI Tomato Ketchup Pichkoo 90g,12360246,IN CUL : MAGGI Pichkoo,CULINARY,F&B,96.0,10.4,8.64,22.68,12437111
12438239,MAG Tom Ket Pichkoo 4(25x90g) PR 2UFr IN,MAGGI Tomato Ketchup Pichkoo 90g,12360246,IN CUL : MAGGI Pichkoo,CULINARY,F&B,100.0,10.88,9.0,25.649,12438239
12445460,MAG Tom Pichkoo 6(12x100g)PR 10%Extra IN,MAGGI Tomato Ketchup Pichkoo 90g,12360246,IN CUL : MAGGI Pichkoo,CULINARY,F&B,72.0,8.68,7.2,24.696,12445460
12447149,MAG Tomato Ket Pichkoo18(4x90g) 4 in1 IN,MAGGI Tomato Ketchup Pichkoo 90g,12360246,IN CUL : MAGGI Pichkoo,CULINARY,F&B,18.0,8.9,6.48,27.216,12447149
12464150,MAGGI Tomato Ket Pichkoo 6(16x90g) IN,MAGGI Tomato Ketchup Pichkoo 90g,12360246,IN CUL : MAGGI Pichkoo,CULINARY,F&B,96.0,10.4,8.64,22.68,12464150
12475060,MAG Tom Ket Pichkoo 6(20x90g)PR 1U Fr IN,MAGGI Tomato Ketchup Pichkoo 90g,12360246,IN CUL : MAGGI Pichkoo,CULINARY,F&B,120.0,13.5,10.8,36.288,12475060
12475061,MAG Tom Ket Pichkoo 4(30x90g)PR 2U Fr IN,MAGGI Tomato Ketchup Pichkoo 90g,12360246,IN CUL : MAGGI Pichkoo,CULINARY,F&B,120.0,13.5,10.8,32.832,12475061
12481443,MAG Tom Pichkoo 6(16x100g)PR 10%Extra IN,MAGGI Tomato Ketchup Pichkoo 90g,12360246,IN CUL : MAGGI Pichkoo,CULINARY,F&B,96.0,11.52,9.6,28.832,12481443
12458710,MAG Tom Pichkoo 6(16x90g)PR MeM 6g Fr IN,MAGGI Tomato Ketchup Pichkoo 90g,12360246,IN CUL : MAGGI Pichkoo,CULINARY,F&B,96.0,10.4,8.64,22.68,12458710
12495768,MAG TK Pichkoo4(20x90g)PR Ndls 32g Fr IN,MAGGI Tomato Ketchup Pichkoo 90g,12360246,IN CUL : MAGGI Pichkoo,CULINARY,F&B,80.0,8.2,7.2,24.624,12495768
12452410,MAG Tom Ket Pichkoo27(4x90g)PR Tiffin IN,MAGGI Tomato Ketchup Pichkoo 90g,12360246,IN CUL : MAGGI Pichkoo,CULINARY,F&B,27.0,13.5,9.72,39.112,12452410
12493785,MAGGI Tomato Ket Pichkoo 6(16x90g) N1 IN,MAGGI Tomato Ketchup Pichkoo 90g,12360246,IN CUL : MAGGI Pichkoo,CULINARY,F&B,96.0,10.24,8.64,22.68,12493785
12509519,MAG Tom Ket Pichkoo6(16x90g)PRMeM GoldIN,MAGGI Tomato Ketchup Pichkoo 90g,12360246,IN CUL : MAGGI Pichkoo,CULINARY,F&B,96.0,10.28,8.64,22.68,12509519
12516318,MAG Tom Ket Pichkoo 6(16x90g)PR MvM6g IN,MAGGI Tomato Ketchup Pichkoo 90g,12360246,IN CUL : MAGGI Pichkoo,CULINARY,F&B,96.0,10.4,8.64,22.68,12516318
12493942,MAG Tom Ket Pichkoo 6(16x90g)PR MeM 6gIN,MAGGI Tomato Ketchup Pichkoo 90g,12360246,IN CUL : MAGGI Pichkoo,CULINARY,F&B,96.0,10.02,8.64,22.68,12493942
12534146,MAGGI Tomato Ketchup 6(16x80g) IN,MAGGI Tomato Ketchup Pichkoo 90g,12360246,IN CUL : MAGGI Pichkoo,CULINARY,F&B,96.0,9.36,7.68,22.68,12534146
12534161,MAGGI Tomato Ketchup6(16x80g)PR Paytm IN,MAGGI Tomato Ketchup Pichkoo 90g,12360246,IN CUL : MAGGI Pichkoo,CULINARY,F&B,96.0,9.2,7.68,22.68,12534161
12550109,MAGGI TK 6(16x80g)PR 6gMeM+Super BNZ IN,MAGGI Tomato Ketchup Pichkoo 90g,12360246,IN CUL : MAGGI Pichkoo,CULINARY,F&B,96.0,9.24,7.68,22.68,12550109
12516327,MAGGI Tom Ket Pichkoo 6(16x120g)PR 50%IN,MAGGI Tomato Ketchup Pichkoo 90g,12360246,IN CUL : MAGGI Pichkoo,CULINARY,F&B,96.0,14.0,11.52,22.68,12516327
12551962,MAGGI Tom Ket Pichkoo 6(16x80g)N1 IN,MAGGI Tomato Ketchup Pichkoo 90g,12360246,IN CUL : MAGGI Pichkoo,CULINARY,F&B,96.0,9.24,7.68,22.68,12551962
12534251,MAGGI Tomato Ket 6(16x80g)PR Paytm RC IN,MAGGI Tomato Ketchup Pichkoo 90g,12360246,IN CUL : MAGGI Pichkoo,CULINARY,F&B,96.0,9.28,7.68,22.68,12534251
12559062,MAG Tom Ket Pichkoo 6(16x80g)PR MeM6g IN,MAGGI Tomato Ketchup Pichkoo 90g,12360246,IN CUL : MAGGI Pichkoo,CULINARY,F&B,96.0,9.36,7.68,22.68,12559062
12569641,MAGGI TK 6(16x80g) PR MeM 6g IN,MAGGI Tomato Ketchup Pichkoo 90g,12360246,IN CUL : MAGGI Pichkoo,CULINARY,F&B,96.0,9.36,7.68,22.68,12569641
12571323,MAGGI Tomato Ketchup 6(16x75g) IN,MAGGI Tomato Ketchup Pichkoo 90g,12360246,IN CUL : MAGGI Pichkoo,CULINARY,F&B,96.0,8.86,7.2,22.134,12571323
12579177,MAGGI Tom Pichkoo 6(16x75g) PR MeM 6g IN,MAGGI Tomato Ketchup Pichkoo 90g,12360246,IN CUL : MAGGI Pichkoo,CULINARY,F&B,96.0,8.68,7.2,22.134,12579177
12609608,MAGGI Tom Pichkoo 6(16x75g) PR MeM N1 IN,MAGGI Tomato Ketchup Pichkoo 90g,12360246,IN CUL : MAGGI Pichkoo,CULINARY,F&B,96.0,8.63,7.2,22.134,12609608
12603835,MAGGI Tom Pichkoo 6(16x75g) N1 IN,MAGGI Tomato Ketchup Pichkoo 90g,12360246,IN CUL : MAGGI Pichkoo,CULINARY,F&B,96.0,8.63,7.2,22.134,12603835
12418601,MAGGI TomKet Pichkoo 6(24x90g)PR Cntr IN,MAGGI Tomato Ketchup Pichkoo Cntr 90g,12418601,IN CUL : MAGGI Pichkoo,CULINARY,F&B,144.0,16.0,12.96,40.055,12418601
11340436,MAGGI Tomato Sauce NONG Btl 12x1kg IN,MAGGI Tomato Sauce NONG Bottle 1kg,11340436,IN CUL : Sauces,CULINARY,F&B,12.0,20.0,12.0,26.91,11340436
11340547,MAGGI Tomato Sauce NONG 12x1KGPR10 offIN,MAGGI Tomato Sauce NONG Bottle 1kg,11340436,IN CUL : Sauces,CULINARY,F&B,12.0,19.5,12.0,28.881,11340547
12227718,MAGGI Tomato Sauce NONG 12x1KGPR12off IN,MAGGI Tomato Sauce NONG Bottle 1kg,11340436,IN CUL : Sauces,CULINARY,F&B,12.0,19.5,12.0,28.881,12227718
12334311,MAGGI Sauce NONG Btl 12x1kg PR NDLS2P IN,MAGGI Tomato Sauce NONG Bottle 1kg,11340436,IN CUL : Sauces,CULINARY,F&B,12.0,20.0,12.0,26.91,12334311
12351273,MAGGI Tom Sce NONG 12x1kg PR 12 off IN,MAGGI Tomato Sauce NONG Bottle 1kg,11340436,IN CUL : Sauces,CULINARY,F&B,12.0,18.6,12.0,26.91,12351273
12364782,MAGGI Tom Sauce12x1kg PR NONG Ndls 2U IN,MAGGI Tomato Sauce NONG Bottle 1kg,11340436,IN CUL : Sauces,CULINARY,F&B,12.0,18.9,12.0,11.13,12364782
12397914,MAGGI Tom Sce NONG 12x1Kg PR Rs.15 N1 IN,MAGGI Tomato Sauce NONG Bottle 1kg,11340436,IN CUL : Sauces,CULINARY,F&B,12.0,18.9,12.0,26.91,12397914
12426995,MAG Tom Sce NONG 12x1Kg PR Ndl 280gFr IN,MAGGI Tomato Sauce NONG Bottle 1kg,11340436,IN CUL : Sauces,CULINARY,F&B,12.0,18.9,12.0,27.825,12426995
12443355,MAGGI Tom Sce NONG12x1kg PR Rs 20 Off IN,MAGGI Tomato Sauce NONG Bottle 1kg,11340436,IN CUL : Sauces,CULINARY,F&B,12.0,18.9,12.0,26.91,12443355
12473266,MAG Tom Sce NONG 12x1kg PR H&S 200gFR IN,MAGGI Tomato Sauce NONG Bottle 1kg,11340436,IN CUL : Sauces,CULINARY,F&B,12.0,18.9,12.0,27.825,12473266
12499415,MAGGI Tom Sce NONG 12x1kgPR TS 200gFr IN,MAGGI Tomato Sauce NONG Bottle 1kg,11340436,IN CUL : Sauces,CULINARY,F&B,12.0,18.9,12.0,27.825,12499415
12489764,MAGGI Tomato Sauce NONG Btl 12x1kg N1 IN,MAGGI Tomato Sauce NONG Bottle 1kg,11340436,IN CUL : Sauces,CULINARY,F&B,12.0,18.9,12.0,27.825,12489764
12494130,MAG Tom Sce NONG 12x1kg PR H&S 200gN1 IN,MAGGI Tomato Sauce NONG Bottle 1kg,11340436,IN CUL : Sauces,CULINARY,F&B,12.0,18.9,12.0,27.825,12494130
12516448,MAG Tom Sce12x1kg PRVeg Mas Ndls248gFrIN,MAGGI Tomato Ketchup Bottle 1kg,11340436,IN CUL : Sauces,CULINARY,F&B,12.0,18.9,12.0,27.825,12516448
12549583,MAGGI Tomato Sauce NONG Btl 12x1kg N2 IN,MAGGI Tomato Sauce NONG Bottle 1kg,11340436,IN CUL : Sauces,CULINARY,F&B,12.0,18.9,12.0,27.825,12549583
12569608,MAGGI Tomato Sauce NONG 12x970g IN,MAGGI Tomato Sauce NONG Bottle 1kg,11340436,IN CUL : Sauces,CULINARY,F&B,12.0,18.46,11.64,27.825,12569608
12595302,MAGGI Sauce NONG 12x970g N1 IN,MAGGI Tomato Sauce NONG Bottle 1kg,11340436,IN CUL : Sauces,CULINARY,F&B,12.0,18.46,11.64,27.825,12595302
11340433,MAGGI Tomato Sauce NONG Btl 24x200g IN,MAGGI Tomato Sauce NONG Bottle 200g,11340433,IN CUL : Sauces,CULINARY,F&B,24.0,9.2,4.8,12.771,11340433
12493788,MAGGI Tom Sauce NONG Btl 24x200g N1 IN,MAGGI Tomato Sauce NONG Bottle 200g,11340433,IN CUL : Sauces,CULINARY,F&B,24.0,9.0,4.8,11.933,12493788
12549581,MAGGI Tom Sauce NONG Btl 24x200g N2 IN,MAGGI Tomato Sauce NONG Bottle 200g,11340433,IN CUL : Sauces,CULINARY,F&B,24.0,9.0,4.8,11.933,12549581
12572199,MAGGI Sauce NONG 24x190g IN,MAGGI Tomato Sauce NONG Bottle 200g,11340433,IN CUL : Sauces,CULINARY,F&B,24.0,8.82,4.56,11.933,12572199
12595279,MAGGI Sauce NONG 24x190g N1 IN,MAGGI Tomato Sauce NONG Bottle 200g,11340433,IN CUL : Sauces,CULINARY,F&B,24.0,8.82,4.56,11.933,12595279
12019849,MAGGI Tomato Sauce NONG Btl 24x500g IN,MAGGI Tomato Sauce NONG Bottle 500g,12019849,IN CUL : Sauces,CULINARY,F&B,24.0,19.94,12.0,28.74,12019849
12156240,MAGGI Tom Sauce 24x500g PR Rs 7 Off IN,MAGGI Tomato Sauce NONG Bottle 500g,12019849,IN CUL : Sauces,CULINARY,F&B,24.0,19.9,12.0,27.744,12156240
12371965,MAGGI NONG Sauce 24x500g PR NONG 70g IN,MAGGI Tomato Sauce NONG Bottle 500g,12019849,IN CUL : Sauces,CULINARY,F&B,24.0,19.9,12.0,27.0,12371965
12442657,MAGGI TOM Sauce 24x500g PR Dbl Ndl FR IN,MAGGI Tomato Sauce NONG Bottle 500g,12019849,IN CUL : Sauces,CULINARY,F&B,24.0,19.9,12.0,27.0,12442657
12493780,MAGGI Tom Sauce NONG Btl 24x500g N1 IN,MAGGI Tomato Sauce NONG Bottle 500g,12019849,IN CUL : Sauces,CULINARY,F&B,24.0,19.96,12.0,26.05,12493780
12551950,MAGGI Tom Sce 24x500g PR Ndls140g Fr IN,MAGGI Tomato Sauce NONG Bottle 500g,12019849,IN CUL : Sauces,CULINARY,F&B,24.0,19.96,12.0,26.05,12551950
12549582,MAGGI Tom Sauce NONG Btl 24x500g N2 IN,MAGGI Tomato Sauce NONG Bottle 500g,12019849,IN CUL : Sauces,CULINARY,F&B,24.0,20.0,12.0,26.05,12549582
12569597,MAGGI Tomato Sauce NONG 24x485g IN,MAGGI Tomato Sauce NONG Bottle 500g,12019849,IN CUL : Sauces,CULINARY,F&B,24.0,19.63,11.64,26.05,12569597
12595301,MAGGI Sauce NONG 24x485g N1 IN,MAGGI Tomato Sauce NONG Bottle 500g,12019849,IN CUL : Sauces,CULINARY,F&B,24.0,19.77,11.64,26.05,12595301
12398656,MAGGI Upma 24x260g IN,MAGGI Upma 260g,12398656,IN CUL : MAGGI READY TO EAT,CULINARY,F&B,24.0,6.9,6.24,39.088,12398656
12451731,MAGGI Upma 24x260g N1 IN,MAGGI Upma 260g,12398656,IN CUL : MAGGI READY TO EAT,CULINARY,F&B,24.0,6.9,6.24,39.088,12451731
12398657,MAGGI Upma 6(12x65g) IN,MAGGI Upma 65g,12398657,IN CUL : MAGGI READY TO EAT,CULINARY,F&B,72.0,5.71,4.68,30.4,12398657
12444658,MAGGI Upma 6(12x65g) PR SPrice IN,MAGGI Upma 65g,12398657,IN CUL : MAGGI READY TO EAT,CULINARY,F&B,72.0,5.71,4.68,30.4,12444658
12475434,MAGGI Upma 6(12x65g) N1 IN,MAGGI Upma 65g,12398657,IN CUL : MAGGI READY TO EAT,CULINARY,F&B,72.0,5.71,4.68,30.4,12475434
12503863,MAGGI Upma 6(12x65g) PR Coffee Fr IN,MAGGI Upma 65g,12398657,IN CUL : MAGGI READY TO EAT,CULINARY,F&B,72.0,5.71,4.68,30.4,12503863
12461023,MAGGI White Pasta Sauce Mix 24x500g IN,MAGGI White Pasta Sauce Mix 500g FS,12461023,IN CUL : Pasta Sauce Mix - FS,NP,NP,24.0,12.94,12.0,29.4,12461023
12373002,MATERNA G-Balance 24(60x2.68)g IN,MATERNA G-Balance 160.8g,12373002,IN NSB : Materna G-Balance,INFANT NUTRITION,NN,24.0,6.7,3.859,37.82,12373002
12381463,MILKMAID Cow Ghee Ceka 16x1L N2 IN,MILKMAID Cow Ghee Ceka 1l,12381463,IN SSD : Milkmaid Ghee,DAIRY,F&B,16.0,17.0,14.384,24.38,12381463
12177883,MILKMAID Partly Skimmed SCM Tin 6x5kg IN,MILKMAID SCM 5kg FS,12230487,IN SSD : Milkmaid SCM – FS,NP,NP,6.0,32.9,30.0,36.754,12177883
12230487,MILKMAID Partly Skimmed SCM Tin 4x5kg IN,MILKMAID SCM 5kg FS,12230487,IN SSD : Milkmaid SCM – FS,NP,NP,4.0,22.12,20.0,29.478,12230487
12486177,MILKMAID SCM TIN 4x5kg IN,MILKMAID SCM 5kg FS,12230487,IN SSD : Milkmaid SCM – FS,NP,NP,4.0,22.22,20.0,29.478,12486177
12584428,MILKMAID Doy Pack 8(6x210g) IN,MILKMAID SCM Tin 200g -Doy,12584428,IN SSD : Milkmaid SCM,DAIRY,F&B,48.0,12.28,10.08,37.576,12584428
12610835,MILKMAID Doy Pack 64x210g IN,MILKMAID SCM Tin 200g -Doy,12584428,IN SSD : Milkmaid SCM,DAIRY,F&B,64.0,15.15,13.44,37.542,12610835
12486662,MILKMAID SCM TIN 8x2kg IN,MILKMAID SCM TIN 2kg FS,12486662,IN SSD : Milkmaid SCM â€“ FS,NP,NP,8.0,18.24,16.0,23.12,12486662
11340001,MILKMAID Prtsk SCM Tin 48x400g IN,MILKMAID SCM Tin 400g,12046133,IN SSD : Milkmaid SCM,DAIRY,F&B,48.0,22.02,19.2,25.76,11340001
12046133,MILKMAID Prtsk SCM EOE Tin 48x400g IN,MILKMAID SCM Tin 400g,12046133,IN SSD : Milkmaid SCM,DAIRY,F&B,48.0,22.04,19.2,23.596,12046133
12231553,MILKMAID SCM 48x400g PR Vermc Free IN,MILKMAID SCM Tin 400g,12046133,IN SSD : Milkmaid SCM,DAIRY,F&B,48.0,21.92,19.2,23.59,12231553
12292275,MILKMAID Prtsk SCM EOE Tin 48x400g PR IN,MILKMAID SCM Tin 400g,12046133,IN SSD : Milkmaid SCM,DAIRY,F&B,48.0,22.3,19.2,24.986,12292275
12322204,MILKMAID SCM 48x400g PR Bambino Free IN,MILKMAID SCM Tin 400g,12046133,IN SSD : Milkmaid SCM,DAIRY,F&B,48.0,22.04,19.2,25.504,12322204
12340350,MILKMAID SCM 12x400g PR Kit Rs100 Off IN,MILKMAID SCM Tin 400g,12046133,IN SSD : Milkmaid SCM,DAIRY,F&B,12.0,13.0,4.8,40.908,12340350
12409810,MILKMAID SCM TIN 48x400g PR Rajdhani IN,MILKMAID SCM Tin 400g,12046133,IN SSD : Milkmaid SCM,DAIRY,F&B,48.0,21.99,19.2,23.59,12409810
12426133,MILKMAID SCM Tin 48x400g PR Onam IN,MILKMAID SCM Tin 400g,12046133,IN SSD : Milkmaid SCM,DAIRY,F&B,48.0,22.3,19.2,34.596,12426133
12432228,MILKMAID SCM TIN 48x400g PR Oven IN,MILKMAID SCM Tin 400g,12046133,IN SSD : Milkmaid SCM,DAIRY,F&B,48.0,22.3,19.2,24.986,12432228
12454455,MILKMAID SCM Tin 48x400g PR Mixer IN,MILKMAID SCM Tin 400g,12046133,IN SSD : Milkmaid SCM,DAIRY,F&B,48.0,21.77,19.2,23.596,12454455
12469174,MILKMAID SCM TIN 48x400g PR Rs17 Off IN,MILKMAID SCM Tin 400g,12046133,IN SSD : Milkmaid SCM,DAIRY,F&B,48.0,22.3,19.2,23.596,12469174
12470498,MILKMAID SCM TIN 48x400g Diwali IN,MILKMAID SCM Tin 400g,12046133,IN SSD : Milkmaid SCM,DAIRY,F&B,48.0,22.3,19.2,23.596,12470498
12479214,MILKMAID SCM TIN 48x400g PR Vishu IN,MILKMAID SCM Tin 400g,12046133,IN SSD : Milkmaid SCM,DAIRY,F&B,48.0,22.0,19.2,23.596,12479214
12509926,MILKMAID SCM TIN 48x400g Evp IN,MILKMAID SCM Tin 400g,12046133,IN SSD : Milkmaid SCM,DAIRY,F&B,48.0,22.3,19.2,23.587,12509926
12522286,MILKMAID SCM 6x500g PR Baking Kit IN,MILKMAID SCM Tin 400g,12046133,IN SSD : Milkmaid SCM,DAIRY,F&B,6.0,12.0,3.0,23.587,12522286
12527478,MILKMAID Prtsk SCM EOE Tin 48x380g IN,MILKMAID SCM Tin 400g,12046133,IN SSD : Milkmaid SCM,DAIRY,F&B,48.0,21.0,18.24,23.596,12527478
12527484,MILKMAID SCM Tin 48x380g PR Onam IN,MILKMAID SCM Tin 400g,12046133,IN SSD : Milkmaid SCM,DAIRY,F&B,48.0,21.0,18.24,23.596,12527484
12527422,MILKMAID SCM 48x380g PR Pongal IN,MILKMAID SCM Tin 400g,12046133,IN SSD : Milkmaid SCM,DAIRY,F&B,48.0,21.0,18.24,23.596,12527422
12527458,MILKMAID SCM TIN 48x380g PR Ramadan IN,MILKMAID SCM Tin 400g,12046133,IN SSD : Milkmaid SCM,DAIRY,F&B,48.0,21.0,18.24,23.596,12527458
12584920,MILKMAID SCM EOE Tin 48x380g N2 IN,MILKMAID SCM Tin 400g,12046133,IN SSD : Milkmaid SCM,DAIRY,F&B,48.0,21.13,18.24,23.596,12584920
12614870,MILKMAID SCM 48x380g PR Sakranti IN,MILKMAID SCM Tin 400g,12046133,IN SSD : Milkmaid SCM,DAIRY,F&B,48.0,21.0,18.24,23.596,12614870
12617895,MILKMAID SCM TIN 48x380gPR RamadanHYD IN,MILKMAID SCM Tin 400g,12046133,IN SSD : Milkmaid SCM,DAIRY,F&B,48.0,21.0,18.24,23.596,12617895
12016000,MILKMAID Prtsk SCM 48x400g PR 6 Off IN,MILKMAID SCM Tin 400g PR,12016000,IN SSD : Milkmaid SCM,DAIRY,F&B,48.0,22.3,19.2,25.76,12016000
12391089,MILKMAID SCM 12x400g PR Chocolate Kit IN,MILKMAID SCM Tin 400g PR,12016000,IN SSD : Milkmaid SCM,DAIRY,F&B,12.0,9.6,4.8,44.28,12391089
12432254,MILKMAID SCM 12x400g PR Baking Kit IN,MILKMAID SCM Tin 400g PR,12016000,IN SSD : Milkmaid SCM,DAIRY,F&B,12.0,9.08,4.8,33.217,12432254
12411038,NESTLE MB+NMC CP 16(13.2x18+19.8x18)g IN,MILKYBAR + Milk Chocolate Multi Pack,12411038,IN C&C : Chocolate Gift packs,CHOCOLATE,F&B,16.0,11.64,9.504,35.4,12411038
12577099,MILKYBAR Caramel 16(20x24g) IN,MILKYBAR Caramel 25g,12577099,IN C&C : Milkybar,CHOCOLATE,F&B,320.0,9.322,7.68,25.731,12577099
12513705,MILKYBAR CHOO Assorted 12(860+40)g IN,MILKYBAR CHOO Assorted 12x900g,12513705,IN C&C : Milkybar Choo,CHOCOLATE,F&B,12.0,12.99,10.8,26.306,12513705
12575631,MILKYBAR Choo Assorted 20((45+3)x10g) IN,MILKYBAR CHOO Assorted 12x900g,12513705,IN C&C : Milkybar Choo,CHOCOLATE,F&B,20.0,11.618,9.6,29.304,12575631
12594252,MILKYBAR Choo Asst Jar 6(96+4)x10g)) IN,MILKYBAR CHOO Assorted 12x900g,12513705,IN C&C : Milkybar Choo,CHOCOLATE,F&B,6.0,7.941,6.0,28.83,12594252
12067872,MILKYBAR CHOO 24(24x18g) IN,MILKYBAR Choo Box 10g,12352188,IN C&C : Milkybar Choo,CHOCOLATE,F&B,576.0,12.0,10.368,28.594,12067872
12135452,MILKYBAR CHOO 24(24x17g) IN,MILKYBAR Choo Box 10g,12352188,IN C&C : Milkybar Choo,CHOCOLATE,F&B,576.0,12.3,9.792,28.594,12135452
12157056,MILKYBAR CHOO 24(24x15g) IN,MILKYBAR Choo Box 10g,12352188,IN C&C : Milkybar Choo,CHOCOLATE,F&B,576.0,12.3,8.64,24.93,12157056
12177259,MILKYBAR CHOO 24(24x14g) IN,MILKYBAR Choo Box 10g,12352188,IN C&C : Milkybar Choo,CHOCOLATE,F&B,576.0,12.3,8.064,24.93,12177259
12209339,MILKYBAR CHOO 30(24x14g) IN,MILKYBAR Choo Box 10g,12352188,IN C&C : Milkybar Choo,CHOCOLATE,F&B,720.0,12.3,10.08,24.93,12209339
12229433,MILKYBAR CHOO 30(24x13g) IN,MILKYBAR Choo Box 10g,12352188,IN C&C : Milkybar Choo,CHOCOLATE,F&B,720.0,11.2,9.36,28.35,12229433
12243270,MILKYBAR CHOO 30(28x12g) IN,MILKYBAR Choo Box 10g,12352188,IN C&C : Milkybar Choo,CHOCOLATE,F&B,840.0,11.7,10.08,27.069,12243270
12254040,MILKYBAR CHOO 30(28x10g) IN,MILKYBAR Choo Box 10g,12352188,IN C&C : Milkybar Choo,CHOCOLATE,F&B,840.0,10.2,8.4,25.822,12254040
12256034,MILKYBAR CHOO 30(28x10g) PR 2+1 IN,MILKYBAR Choo Box 10g,12352188,IN C&C : Milkybar Choo,CHOCOLATE,F&B,840.0,11.7,8.4,25.822,12256034
12259960,MILKYBAR 12(24 x17g) PR Onam IN,MILKYBAR Choo Box 10g,12352188,IN C&C : Milkybar,CHOCOLATE,F&B,288.0,6.7,4.896,13.3,12259960
12284023,MILKYBAR Choo Plain 30(28x12g) IN,MILKYBAR Choo Box 10g,12352188,IN C&C : Milkybar Choo,CHOCOLATE,F&B,840.0,11.7,10.08,27.069,12284023
12313203,MILKYBAR CHOO 30(30x12g) PR 1 Unit Fr IN,MILKYBAR Choo Box 10g,12352188,IN C&C : Milkybar Choo,CHOCOLATE,F&B,900.0,12.4,10.8,31.506,12313203
12318670,MILKYBAR Choo Plain 30(28x12g)PR Talk IN,MILKYBAR Choo Box 10g,12352188,IN C&C : Milkybar Choo,CHOCOLATE,F&B,840.0,12.3,10.08,27.069,12318670
12330962,MILKYBAR CHOO Plain 30(30x10g)PR1U Fr IN,MILKYBAR Choo Box 10g,12352188,IN C&C : Milkybar Choo,CHOCOLATE,F&B,900.0,10.3,9.0,26.813,12330962
12332883,MILKYBAR CHOO 30(30x10g)PR Labe Fr IN,MILKYBAR Choo Box 10g,12352188,IN C&C : Milkybar Choo,CHOCOLATE,F&B,900.0,12.52,9.0,31.688,12332883
12352188,MILKYBAR CHOO 30(28x10g) N1 IN,MILKYBAR Choo Box 10g,12352188,IN C&C : Milkybar Choo,CHOCOLATE,F&B,840.0,11.1,8.4,25.822,12352188
12374273,MILKYBAR CHOO Plain30(28x11g)10%Extra IN,MILKYBAR Choo Box 10g,12352188,IN C&C : Milkybar Choo,CHOCOLATE,F&B,840.0,11.8,9.24,28.062,12374273
12458517,MILKYBAR CHOO Plain 30(28x10g) IN,MILKYBAR Choo Box 10g,12352188,IN C&C : Milkybar Choo,CHOCOLATE,F&B,840.0,10.98,8.4,26.306,12458517
12475128,MILKYBAR CHOO 30(28x12g)PR 20%Extra IN,MILKYBAR Choo Box 10g,12352188,IN C&C : Milkybar Choo,CHOCOLATE,F&B,840.0,12.08,10.08,25.925,12475128
12481728,MILKYBAR CHOO 24(24x10g) IN,MILKYBAR Choo Box 10g,12352188,IN C&C : Milkybar Choo,CHOCOLATE,F&B,576.0,7.383,5.76,21.226,12481728
12612738,MILKYBAR Choo Bubblegum 30(28x10g) IN,MILKYBAR Choo Bubblegum 10g,12612738,IN C&C : Milkybar Choo,CHOCOLATE,F&B,840.0,10.419,8.4,31.316,12612738
12102245,MILKYBAR CHOO Choko 24(24x18g) IN,MILKYBAR Choo Choko Box 10g,12254041,IN C&C : Milkybar Choo,CHOCOLATE,F&B,576.0,13.3,10.368,28.594,12102245
12114821,MILKYBAR CHOO Choko 23(24x18g)PR POSP IN,MILKYBAR Choo Choko Box 10g,12254041,IN C&C : Milkybar Choo,CHOCOLATE,F&B,552.0,13.0,9.936,28.594,12114821
12135453,MILKYBAR CHOO Choko 24(24x17g) IN,MILKYBAR Choo Choko Box 10g,12254041,IN C&C : Milkybar Choo,CHOCOLATE,F&B,576.0,12.0,9.792,28.594,12135453
12157058,MILKYBAR CHOO Choko 24(24x15g) IN,MILKYBAR Choo Choko Box 10g,12254041,IN C&C : Milkybar Choo,CHOCOLATE,F&B,576.0,12.0,8.64,24.93,12157058
12177258,MILKYBAR CHOO Choko 24(24x14g) IN,MILKYBAR Choo Choko Box 10g,12254041,IN C&C : Milkybar Choo,CHOCOLATE,F&B,576.0,12.0,8.064,28.594,12177258
12209564,MILKYBAR CHOO Choko 30(24x14g) IN,MILKYBAR Choo Choko Box 10g,12254041,IN C&C : Milkybar Choo,CHOCOLATE,F&B,720.0,12.0,10.08,28.594,12209564
12229431,MILKYBAR CHOO Choko 30(24x13g) IN,MILKYBAR Choo Choko Box 10g,12254041,IN C&C : Milkybar Choo,CHOCOLATE,F&B,720.0,9.604,9.36,28.35,12229431
12243249,MILKYBAR CHOO Choko 30(28x12g) IN,MILKYBAR Choo Choko Box 10g,12254041,IN C&C : Milkybar Choo,CHOCOLATE,F&B,840.0,11.7,10.08,27.069,12243249
12254041,MILKYBAR CHOO Choko 30(28x10g) IN,MILKYBAR Choo Choko Box 10g,12254041,IN C&C : Milkybar Choo,CHOCOLATE,F&B,840.0,10.6,8.4,25.822,12254041
12284025,Milkybar Choo Choko 30(28x12g) N1 IN,MILKYBAR Choo Choko Box 10g,12254041,IN C&C : Milkybar Choo,CHOCOLATE,F&B,840.0,11.7,10.08,27.069,12284025
12332882,MILKYBAR CHOO Choko 30(30x10g)PR L Fr IN,MILKYBAR Choo Choko Box 10g,12254041,IN C&C : Milkybar Choo,CHOCOLATE,F&B,900.0,12.52,9.0,31.688,12332882
12080222,MILKYBAR CHOO Strw 20(55x8.5g) Jar IN,MILKYBAR Choo Jar 10g,12366614,IN C&C : Milkybar Choo,CHOCOLATE,F&B,1100.0,11.6,9.35,46.74,12080222
12236233,MILKYBAR CHOO ASSORTED JAR 12(45x13g) IN,MILKYBAR Choo Jar 10g,12366614,IN C&C : Milkybar Choo,CHOCOLATE,F&B,12.0,8.78,7.02,33.92,12236233
12253838,MILKYBAR CHOO Jar 12(45X10g) IN,MILKYBAR Choo Jar 10g,12366614,IN C&C : Milkybar Choo,CHOCOLATE,F&B,12.0,7.41,5.4,33.92,12253838
12308120,MILKYBAR CHOO Jar 12(45x12g) IN,MILKYBAR Choo Jar 10g,12366614,IN C&C : Milkybar Choo,CHOCOLATE,F&B,12.0,8.03,6.48,33.92,12308120
12322205,MILKYBAR CHOO Jar 12(46x10g) PR 1U Fr IN,MILKYBAR Choo Jar 10g,12366614,IN C&C : Milkybar Choo,CHOCOLATE,F&B,12.0,7.65,5.52,33.92,12322205
12336476,MILKYBAR CHOO Jar 12(45x10g) PR 1U Fr IN,MILKYBAR Choo Jar 10g,12366614,IN C&C : Milkybar Choo,CHOCOLATE,F&B,12.0,6.9,5.4,33.92,12336476
12366614,MILKYBAR CHOO Jar 12(46x10g) PR 3U Fr IN,MILKYBAR Choo Jar 10g,12366614,IN C&C : Milkybar Choo,CHOCOLATE,F&B,12.0,6.6,5.52,33.92,12366614
12593565,MILKYBAR Choo Kacha Aam 30(24x16g) IN,MILKYBAR Choo Kacha Aam 16g,12593565,IN C&C : Milkybar Choo,CHOCOLATE,F&B,720.0,14.01,11.52,42.935,12593565
12035544,MILKYBAR CHOO Mango 24(24x18g) IN,MILKYBAR CHOO Mango Box 11g,12035544,IN C&C : Milkybar Choo,CHOCOLATE,F&B,576.0,12.9,10.368,25.969,12035544
12177257,MILKYBAR CHOO Mango 24(24x15g) IN,MILKYBAR CHOO Mango Box 11g,12035544,IN C&C : Milkybar Choo,CHOCOLATE,F&B,576.0,12.3,8.64,24.93,12177257
12188538,MILKYBAR CHOO Mango 24(24x14g) IN,MILKYBAR CHOO Mango Box 11g,12035544,IN C&C : Milkybar Choo,CHOCOLATE,F&B,576.0,12.3,8.064,24.93,12188538
12396196,MILKYBAR CHOO Mango 30(28x11g) IN,MILKYBAR CHOO Mango Box 11g,12035544,IN C&C : Milkybar Choo,CHOCOLATE,F&B,840.0,11.0,9.24,27.069,12396196
12460055,MILKYBAR CHOO Mangozee 30(28x10g) IN,MILKYBAR CHOO Mango Box 11g,12035544,IN C&C : Milkybar Choo,CHOCOLATE,F&B,840.0,10.98,8.4,26.306,12460055
12316753,MILKYBAR CHOO MxdF 30(28x10g)PR 1U Fr IN,MILKYBAR Choo Mixed Fruit 10g,12352185,IN C&C : Milkybar Choo,CHOCOLATE,F&B,840.0,10.3,8.4,25.822,12316753
12323074,MILKYBAR CHOO Mixed Fruit 30(28x10g) IN,MILKYBAR Choo Mixed Fruit 10g,12352185,IN C&C : Milkybar Choo,CHOCOLATE,F&B,840.0,9.75,8.4,25.822,12323074
12352185,MILKYBAR CHOO MixFrt 30(28x10g) N1 IN,MILKYBAR Choo Mixed Fruit 10g,12352185,IN C&C : Milkybar Choo,CHOCOLATE,F&B,840.0,11.1,8.4,25.822,12352185
12374856,MILKYBAR CHOO MixFrt 30(28x11g)10%Ext IN,MILKYBAR Choo Mixed Fruit 10g,12352185,IN C&C : Milkybar Choo,CHOCOLATE,F&B,840.0,11.01,9.24,25.7,12374856
12458531,MILKYBAR CHOO Mix Fruits 30(28x10g) IN,MILKYBAR Choo Mixed Fruit 10g,12352185,IN C&C : Milkybar Choo,CHOCOLATE,F&B,840.0,10.98,8.4,26.306,12458531
12316862,MILKYBAR CHOO Share Bag 32(15x10g) IN,MILKYBAR Choo Share Bag 10g,12316862,IN C&C : Milkybar Choo,CHOCOLATE,F&B,32.0,6.08,4.8,29.689,12316862
12374857,MILKYBAR CHOO Standee 24(48x11g)PR 3U IN,MILKYBAR Choo Standee 11g,12374857,IN C&C : Milkybar Choo,CHOCOLATE,F&B,24.0,15.9,12.672,42.098,12374857
12469833,MILKYBAR CHOO Standee 20(48x10g)PR 3U IN,MILKYBAR Choo Standee 11g,12374857,IN C&C : Milkybar Choo,CHOCOLATE,F&B,960.0,11.49,9.6,29.304,12469833
12500383,MILKYBAR CHOO Strw 20(48x10g)PR 3U IN,MILKYBAR Choo Standee 11g,12374857,IN C&C : Milkybar Choo,CHOCOLATE,F&B,960.0,11.49,9.6,29.304,12500383
11340609,ZZMILKYBAR CHOO Strawberry 24(24x18g) IN,MILKYBAR Choo Strawberry Box 10g,12352187,IN C&C : Milkybar Choo,CHOCOLATE,F&B,576.0,12.0,10.368,25.969,11340609
11340774,ZZMILKYBAR CHOO 24(24X20g) IN,MILKYBAR Choo Strawberry Box 10g,12352187,IN C&C : Milkybar Choo,CHOCOLATE,F&B,576.0,14.0,11.52,27.371,11340774
12076262,MILKYBAR CHOO Strw 24(24x18g) NR IN,MILKYBAR Choo Strawberry Box 10g,12352187,IN C&C : Milkybar Choo,CHOCOLATE,F&B,576.0,12.0,10.368,25.969,12076262
12135451,MILKYBAR CHOO Strawberry 24(24x17g) IN,MILKYBAR Choo Strawberry Box 10g,12352187,IN C&C : Milkybar Choo,CHOCOLATE,F&B,576.0,12.3,9.792,28.594,12135451
12157059,MILKYBAR CHOO Strawberry 24(24x15g) IN,MILKYBAR Choo Strawberry Box 10g,12352187,IN C&C : Milkybar Choo,CHOCOLATE,F&B,576.0,12.3,8.64,24.93,12157059
12177280,MILKYBAR CHOO Strawberry 24(24x14g) IN,MILKYBAR Choo Strawberry Box 10g,12352187,IN C&C : Milkybar Choo,CHOCOLATE,F&B,576.0,12.3,8.064,24.93,12177280
12209380,MILKYBAR CHOO Strawberry 30(24x14g) IN,MILKYBAR Choo Strawberry Box 10g,12352187,IN C&C : Milkybar Choo,CHOCOLATE,F&B,720.0,12.3,10.08,24.93,12209380
12229432,MILKYBAR CHOO Strawberry 30(24x13g) IN,MILKYBAR Choo Strawberry Box 10g,12352187,IN C&C : Milkybar Choo,CHOCOLATE,F&B,720.0,11.3,9.36,28.35,12229432
12243271,MILKYBAR CHOO Strawberry 30(28x12g) IN,MILKYBAR Choo Strawberry Box 10g,12352187,IN C&C : Milkybar Choo,CHOCOLATE,F&B,840.0,11.3,10.08,27.069,12243271
12254042,MILKYBAR CHOO Strawberry 30(28x10g) IN,MILKYBAR Choo Strawberry Box 10g,12352187,IN C&C : Milkybar Choo,CHOCOLATE,F&B,840.0,10.1,8.4,25.822,12254042
12256035,MILKYBAR CHOO Strw 30(28x10g) PR 2+1 IN,MILKYBAR Choo Strawberry Box 10g,12352187,IN C&C : Milkybar Choo,CHOCOLATE,F&B,840.0,11.3,8.4,25.822,12256035
12284024,Milkybar Choo Straw 30(28x12g) IN,MILKYBAR Choo Strawberry Box 10g,12352187,IN C&C : Milkybar Choo,CHOCOLATE,F&B,840.0,12.18,10.08,27.069,12284024
12313411,MILKYBAR CHOO Strw 30(30x12g)PR1U Fr IN,MILKYBAR Choo Strawberry Box 10g,12352187,IN C&C : Milkybar Choo,CHOCOLATE,F&B,900.0,13.0,10.8,31.506,12313411
12318629,MILKYBAR Choo Straw 30(28x12g)PR Talk IN,MILKYBAR Choo Strawberry Box 10g,12352187,IN C&C : Milkybar Choo,CHOCOLATE,F&B,840.0,12.5,10.08,27.069,12318629
12330961,MILKYBAR CHOO Strw 30(30x10g)PR 1U Fr IN,MILKYBAR Choo Strawberry Box 10g,12352187,IN C&C : Milkybar Choo,CHOCOLATE,F&B,900.0,10.5,9.0,26.813,12330961
12332884,MILKYBAR CHOO Str 30(30x10g) PR La Fr IN,MILKYBAR Choo Strawberry Box 10g,12352187,IN C&C : Milkybar Choo,CHOCOLATE,F&B,900.0,12.52,9.0,31.688,12332884
12352187,MILKYBAR CHOO Strw 30(28x10g) N1 IN,MILKYBAR Choo Strawberry Box 10g,12352187,IN C&C : Milkybar Choo,CHOCOLATE,F&B,840.0,11.1,8.4,25.822,12352187
12373607,MILKYBAR CHOO Strw30(28x11g) 10%Extra IN,MILKYBAR Choo Strawberry Box 10g,12352187,IN C&C : Milkybar Choo,CHOCOLATE,F&B,840.0,11.56,9.24,25.635,12373607
12458530,MILKYBAR CHOO Strawberry 30(28x10g)N1 IN,MILKYBAR Choo Strawberry Box 10g,12352187,IN C&C : Milkybar Choo,CHOCOLATE,F&B,840.0,10.98,8.4,26.306,12458530
12475130,MILKYBAR CHOO Strw 30(28x12g)PR 20% IN,MILKYBAR Choo Strawberry Box 10g,12352187,IN C&C : Milkybar Choo,CHOCOLATE,F&B,840.0,12.08,10.08,25.925,12475130
12582755,MILKYBAR Choo Strw Sharebag 32(8x10g) IN,MILKYBAR Choo Strawberry Sharebag 10g,12582755,IN C&C : Milkybar Choo,CHOCOLATE,F&B,32.0,5.013,2.56,52.8,12582755
12611550,MILKYBAR Choo Strw Sharebag 64(8x10g) IN,MILKYBAR Choo Strawberry Sharebag 10g,12582755,IN C&C : Milkybar Choo,CHOCOLATE,F&B,64.0,7.92,5.12,75.52,12611550
12349392,MILKYBAR FruityEclairsJar15(170x3.2)g IN,MILKYBAR Eclairs Fruity Jar 3.2g,12365308,IN C&C : Milkybar Eclairs,CONFECTIONARY,F&B,15.0,10.661,8.16,38.471,12349392
12365308,MILKYBAR ECLR FruityJar15(170x3.2)gN1 IN,MILKYBAR Eclairs Fruity Jar 3.2g,12365308,IN C&C : Milkybar Eclairs,CONFECTIONARY,F&B,15.0,10.6,8.16,40.768,12365308
12417279,MILKYBAR ECLR FruityJar 12(225x3.4)g IN,MILKYBAR Eclairs Fruity Jar 3.2g,12365308,IN C&C : Milkybar Eclairs,CONFECTIONARY,F&B,12.0,11.1,9.18,40.102,12417279
12346177,MILKYBAR Eclr Fruity Pbg36x(100x3.2)g IN,MILKYBAR Eclairs Fruity Polybag 3.2g,12365031,IN C&C : Milkybar Eclairs,CONFECTIONARY,F&B,36.0,12.608,11.52,38.363,12346177
12365031,MILKYBAR ECLR FruityPbg36(100x3.2g)N1 IN,MILKYBAR Eclairs Fruity Polybag 3.2g,12365031,IN C&C : Milkybar Eclairs,CONFECTIONARY,F&B,36.0,13.6,11.52,38.363,12365031
12417320,MILKYBAR ECLR FruityPbg 36(100x3.4g) IN,MILKYBAR Eclairs Fruity Polybag 3.2g,12365031,IN C&C : Milkybar Eclairs,CONFECTIONARY,F&B,36.0,14.2,12.24,42.525,12417320
12371317,MILKYBAR EclairsJar 6(550x3.6g)PR 35u IN,MILKYBAR Eclairs Jar 3.6g PR,12371317,IN C&C : Milkybar Eclairs,CONFECTIONARY,F&B,6.0,14.4,11.88,47.26,12371317
12104243,MILKYBAR Eclairs Jar 4(692x4.75g) IN,MILKYBAR Eclairs Jar 3Kg,12351501,IN C&C : Milkybar Eclairs,CONFECTIONARY,F&B,4.0,15.0,13.12,51.984,12104243
12122028,MILKYBAR Eclairs Jar 4(692x4.5g) IN,MILKYBAR Eclairs Jar 3Kg,12351501,IN C&C : Milkybar Eclairs,CONFECTIONARY,F&B,4.0,14.5,12.44,51.984,12122028
12199308,MILKYBAR Eclairs Jar 4(750x4g) IN,MILKYBAR Eclairs Jar 3Kg,12351501,IN C&C : Milkybar Eclairs,CONFECTIONARY,F&B,4.0,13.9,12.0,47.915,12199308
12215999,MILKYBAR Eclairs Jar 4(820x3.6g) IN,MILKYBAR Eclairs Jar 3Kg,12351501,IN C&C : Milkybar Eclairs,CONFECTIONARY,F&B,4.0,14.6,11.808,47.915,12215999
12240332,MILKYBAR Eclairs Jar 4(875x3.4g) IN,MILKYBAR Eclairs Jar 3Kg,12351501,IN C&C : Milkybar Eclairs,CONFECTIONARY,F&B,4.0,14.3,11.9,49.256,12240332
12320954,MILKYBAR ECLR Jar4(950x3.4g)PR 75Unit IN,MILKYBAR Eclairs Jar 3Kg,12351501,IN C&C : Milkybar Eclairs,CONFECTIONARY,F&B,4.0,15.1,12.92,49.256,12320954
12342449,MILKYBAR Eclairs Jar 4(875x3.2g) PR L IN,MILKYBAR Eclairs Jar 3Kg,12351501,IN C&C : Milkybar Eclairs,CONFECTIONARY,F&B,4.0,13.3,11.2,49.922,12342449
12351501,MILKYBAR Eclr Jar 4(950x3.2g) PR 75Fr IN,MILKYBAR Eclairs Jar 3Kg,12351501,IN C&C : Milkybar Eclairs,CONFECTIONARY,F&B,4.0,14.638,12.16,49.922,12351501
12352235,MILKYBAR Eclrs Jar 4(950x3.2g) PR MM IN,MILKYBAR Eclairs Jar 3Kg,12351501,IN C&C : Milkybar Eclairs,CONFECTIONARY,F&B,4.0,14.638,12.16,49.922,12352235
12374272,MILKYBAR ECLR Jar 4(950x3.6g) PR 75U IN,MILKYBAR Eclairs Jar 3Kg,12351501,IN C&C : Milkybar Eclairs,CONFECTIONARY,F&B,4.0,15.8,13.68,49.922,12374272
12382092,MILKYBAR Eclr Jar4(950x3.6g)PRMlkmaid IN,MILKYBAR Eclairs Jar 3Kg,12351501,IN C&C : Milkybar Eclairs,CONFECTIONARY,F&B,4.0,15.8,13.68,49.922,12382092
12386355,MILKYBAR ECLR Jar 4(950x3.6g)PR Maggi IN,MILKYBAR Eclairs Jar 3Kg,12351501,IN C&C : Milkybar Eclairs,CONFECTIONARY,F&B,4.0,15.8,13.68,49.922,12386355
12396358,MILKYBAR Eclr Jar4(950x3.4g)PR 75U Fr IN,MILKYBAR Eclairs Jar 3Kg,12351501,IN C&C : Milkybar Eclairs,CONFECTIONARY,F&B,4.0,15.1,12.92,49.256,12396358
12399272,MB Eclr 3((1050+100)x3.6g) PR Tap IN,MILKYBAR Eclairs Jar 3Kg,12351501,IN C&C : Milkybar Eclairs,CONFECTIONARY,F&B,3.0,14.9,12.42,51.48,12399272
12428166,MILKYBAR Eclr 4(950x3.4g) PR Maggi IN,MILKYBAR Eclairs Jar 3Kg,12351501,IN C&C : Milkybar Eclairs,CONFECTIONARY,F&B,4.0,15.1,12.92,47.915,12428166
12436654,MILKYBAR ECLR Jar 4(950x3.4g) PR Poly IN,MILKYBAR Eclairs Jar 3Kg,12351501,IN C&C : Milkybar Eclairs,CONFECTIONARY,F&B,4.0,15.09,12.92,47.915,12436654
12447396,MB Eclr Tap Jar3(1150x3.4g)PR 100U N1 IN,MILKYBAR Eclairs Jar 3Kg,12351501,IN C&C : Milkybar Eclairs,CONFECTIONARY,F&B,3.0,13.65,11.73,48.233,12447396
12103080,MILKYBAR Eclairs Jar 20(130x4.75g) IN,MILKYBAR Eclairs Jar 520g,12342721,IN C&C : Milkybar Eclairs,CONFECTIONARY,F&B,20.0,15.0,12.35,46.74,12103080
12122033,MILKYBAR Eclairs Jar 20(130x4.5g) IN,MILKYBAR Eclairs Jar 520g,12342721,IN C&C : Milkybar Eclairs,CONFECTIONARY,F&B,20.0,14.2,11.7,46.74,12122033
12153800,MILKYBAR Eclairs Jar 20(130x4.3g) IN,MILKYBAR Eclairs Jar 520g,12342721,IN C&C : Milkybar Eclairs,CONFECTIONARY,F&B,20.0,13.5,11.18,31.775,12153800
12177042,MILKYBAR Eclairs Jar 20(130x4g) IN,MILKYBAR Eclairs Jar 520g,12342721,IN C&C : Milkybar Eclairs,CONFECTIONARY,F&B,20.0,13.5,10.4,31.775,12177042
12213726,MILKYBAR Eclairs Jar 20(160x 3.6g) IN,MILKYBAR Eclairs Jar 520g,12342721,IN C&C : Milkybar Eclairs,CONFECTIONARY,F&B,20.0,13.82,11.52,48.904,12213726
12251441,MILKYBAR Eclairs Jar 15(320x 3.4g) IN,MILKYBAR Eclairs Jar 520g,12342721,IN C&C : Milkybar Eclairs,CONFECTIONARY,F&B,15.0,18.68,16.32,71.549,12251441
12293127,MILKYBAR Eclairs Jar 12 (225 x 3.4g) IN,MILKYBAR Eclairs Jar 520g,12342721,IN C&C : Milkybar Eclairs,CONFECTIONARY,F&B,12.0,13.8,9.18,40.819,12293127
12342721,MILKYBAR Eclairs Jar 12(225x3.2g) IN,MILKYBAR Eclairs Jar 520g,12342721,IN C&C : Milkybar Eclairs,CONFECTIONARY,F&B,12.0,12.876,8.64,40.102,12342721
12351952,MILKYBAR Eclr Jar 12(225x3.2g) PR 10F IN,MILKYBAR Eclairs Jar 520g,12342721,IN C&C : Milkybar Eclairs,CONFECTIONARY,F&B,12.0,13.172,8.64,40.102,12351952
12374203,MILKYBAR ECLR Jar 12(225x3.6g) PR 10U IN,MILKYBAR Eclairs Jar 520g,12342721,IN C&C : Milkybar Eclairs,CONFECTIONARY,F&B,12.0,11.6,9.72,40.102,12374203
12396362,MILKYBAR Eclr Jar 12(225x3.4g) PR 10F IN,MILKYBAR Eclairs Jar 520g,12342721,IN C&C : Milkybar Eclairs,CONFECTIONARY,F&B,12.0,11.079,9.18,40.102,12396362
12422610,MILKYBAR Ecl Jar 12(225x3.4g) PR 15U IN,MILKYBAR Eclairs Jar 520g,12342721,IN C&C : Milkybar Eclairs,CONFECTIONARY,F&B,12.0,13.5,9.18,40.102,12422610
12435073,MILKYBAR Eclr 12(225x3.4g)PR PenFree IN,MILKYBAR Eclairs Jar 520g,12342721,IN C&C : Milkybar Eclairs,CONFECTIONARY,F&B,12.0,11.2,9.18,40.102,12435073
12471517,MILKYBAR ECLR Jar 15(240x3.4g) PR 10U IN,MILKYBAR Eclairs Jar 520g,12342721,IN C&C : Milkybar Eclairs,CONFECTIONARY,F&B,15.0,14.65,12.24,48.034,12471517
12473092,MILKYBAR Eclr 15(240x3.4g)PR PenFree IN,MILKYBAR Eclairs Jar 520g,12342721,IN C&C : Milkybar Eclairs,CONFECTIONARY,F&B,15.0,14.67,12.24,48.034,12473092
12386354,MILKYBAR ECLR Maha Fun Pbg30(25x5.7g) IN,MILKYBAR Eclairs Maha Fun Polybag 5.7g,12386354,IN C&C : Milkybar Eclairs,CONFECTIONARY,F&B,30.0,5.3,4.275,21.886,12386354
12034875,MILKYBAR Eclairs Polybag 30x498g N1 IN,MILKYBAR Eclairs Polybag 100X3.2g,12475773,IN C&C : Milkybar Eclairs,CONFECTIONARY,F&B,,,,,12034875
12122027,MILKYBAR Eclairs Polybag 30(100x4.5g) IN,MILKYBAR Eclairs Polybag 100X3.2g,12475773,IN C&C : Milkybar Eclairs,CONFECTIONARY,F&B,30.0,15.4,13.5,42.269,12122027
12177041,MILKYBAR Eclairs Polybag 30(100x4g) IN,MILKYBAR Eclairs Polybag 100X3.2g,12475773,IN C&C : Milkybar Eclairs,CONFECTIONARY,F&B,30.0,14.5,12.0,34.44,12177041
12186476,MILKYBAR Eclairs Poly PR 30(100x4g) IN,MILKYBAR Eclairs Polybag 100X3.2g,12475773,IN C&C : Milkybar Eclairs,CONFECTIONARY,F&B,30.0,13.4,12.0,42.269,12186476
12194386,MILKYBAR Ecls Pbg 30(100x4g) PR Munch IN,MILKYBAR Eclairs Polybag 100X3.2g,12475773,IN C&C : Milkybar Eclairs,CONFECTIONARY,F&B,30.0,14.5,12.0,34.44,12194386
12211323,MB Eclairs Pbg 36(100x4g) PR Munch IN,MILKYBAR Eclairs Polybag 100X3.2g,12475773,IN C&C : Milkybar Eclairs,CONFECTIONARY,F&B,36.0,17.5,14.4,50.904,12211323
12213725,MB Ecls Pbg 36(100X 3.6g) PR Munch IN,MILKYBAR Eclairs Polybag 100X3.2g,12475773,IN C&C : Milkybar Eclairs,CONFECTIONARY,F&B,36.0,14.76,12.96,42.746,12213725
12213740,MILKYBAR Eclairs Pbg 30(100x3.6g) IN,MILKYBAR Eclairs Polybag 100X3.2g,12475773,IN C&C : Milkybar Eclairs,CONFECTIONARY,F&B,30.0,12.45,10.8,28.83,12213740
12216775,MB Ecls Pbg 36(100x4g) PR Sunrise IN,MILKYBAR Eclairs Polybag 100X3.2g,12475773,IN C&C : Milkybar Eclairs,CONFECTIONARY,F&B,36.0,17.5,14.4,50.904,12216775
12240327,MILKYBAR Eclairs Pbg 36(100x3.4g) IN,MILKYBAR Eclairs Polybag 100X3.2g,12475773,IN C&C : Milkybar Eclairs,CONFECTIONARY,F&B,36.0,14.5,12.24,35.438,12240327
12253895,MILKYBAR ECLR 36(100x3.4g) PR Maggi IN,MILKYBAR Eclairs Polybag 100X3.2g,12475773,IN C&C : Milkybar Eclairs,CONFECTIONARY,F&B,36.0,13.497,12.24,38.363,12253895
12274224,MILKYBAR ECLR 36(100x3.4g) PR KK2F IN,MILKYBAR Eclairs Polybag 100X3.2g,12475773,IN C&C : Milkybar Eclairs,CONFECTIONARY,F&B,36.0,13.5,12.24,38.363,12274224
12277655,MILKYBAR Eclairs Pbg 36(100x3.4g) N1 IN,MILKYBAR Eclairs Polybag 100X3.2g,12475773,IN C&C : Milkybar Eclairs,CONFECTIONARY,F&B,36.0,13.5,12.24,35.438,12277655
12281480,MILKYBAR ECLR 36(100x3.4g) PR MILKYBR IN,MILKYBAR Eclairs Polybag 100X3.2g,12475773,IN C&C : Milkybar Eclairs,CONFECTIONARY,F&B,36.0,13.5,12.24,38.363,12281480
12301032,MILKYBAR ECLR 28(100x3.4g) PR 2 Munch IN,MILKYBAR Eclairs Polybag 100X3.2g,12475773,IN C&C : Milkybar Eclairs,CONFECTIONARY,F&B,28.0,10.8,9.52,32.225,12301032
12306248,MILKYBAR ECLR 24(100x3.4g) PR Bar one IN,MILKYBAR Eclairs Polybag 100X3.2g,12475773,IN C&C : Milkybar Eclairs,CONFECTIONARY,F&B,24.0,9.27,8.16,26.933,12306248
12311125,MILKYBAR ECLR 30(115x3.4g) PR 15 Free IN,MILKYBAR Eclairs Polybag 100X3.2g,12475773,IN C&C : Milkybar Eclairs,CONFECTIONARY,F&B,30.0,13.8,11.73,35.213,12311125
12319031,MILKYBAR ECLR 32(100x3.4g)PR 3U Munch IN,MILKYBAR Eclairs Polybag 100X3.2g,12475773,IN C&C : Milkybar Eclairs,CONFECTIONARY,F&B,32.0,12.8,10.88,36.828,12319031
12319032,MILKYBAR ECLR 30(100x3.4g) PR Sketch IN,MILKYBAR Eclairs Polybag 100X3.2g,12475773,IN C&C : Milkybar Eclairs,CONFECTIONARY,F&B,30.0,12.9,10.2,39.758,12319032
12342448,MILKYBAR Eclairs Pbg 36(100x3.2g) IN,MILKYBAR Eclairs Polybag 100X3.2g,12475773,IN C&C : Milkybar Eclairs,CONFECTIONARY,F&B,36.0,13.32,11.52,39.848,12342448
12342573,MILKYBAR ECLR 30(115x3.2g) PR 15 Free IN,MILKYBAR Eclairs Polybag 100X3.2g,12475773,IN C&C : Milkybar Eclairs,CONFECTIONARY,F&B,30.0,12.79,11.04,37.674,12342573
12352184,MILKYBAR Eclr Pbg 32(100x3.2g) PR Mag IN,MILKYBAR Eclairs Polybag 100X3.2g,12475773,IN C&C : Milkybar Eclairs,CONFECTIONARY,F&B,32.0,12.194,10.24,36.828,12352184
12362653,MILKYBAR ECLR 30(110x3.2g) PR 10 Free IN,MILKYBAR Eclairs Polybag 100X3.2g,12475773,IN C&C : Milkybar Eclairs,CONFECTIONARY,F&B,30.0,12.1,10.56,37.674,12362653
12373569,MILKYBAR ECLAIR Pbg 36(100x3.6g) N1 IN,MILKYBAR Eclairs Polybag 100X3.2g,12475773,IN C&C : Milkybar Eclairs,CONFECTIONARY,F&B,36.0,14.9,12.96,40.455,12373569
12373571,MILKYBAR ECLR Pbg 32(100x3.6g) PR Ndl IN,MILKYBAR Eclairs Polybag 100X3.2g,12475773,IN C&C : Milkybar Eclairs,CONFECTIONARY,F&B,32.0,13.3,11.52,36.828,12373571
12375583,MILKYBAR ECLR 30(110x3.6g) PR 10 Unit IN,MILKYBAR Eclairs Polybag 100X3.2g,12475773,IN C&C : Milkybar Eclairs,CONFECTIONARY,F&B,30.0,13.6,11.88,37.674,12375583
12396354,MILKYBAR Eclr 30(115x3.6g)PR 15U Free IN,MILKYBAR Eclairs Polybag 100X3.2g,12475773,IN C&C : Milkybar Eclairs,CONFECTIONARY,F&B,30.0,14.1,12.42,38.272,12396354
12396363,MILKYBAR Eclr 30(115x3.4g)PR 15U Free IN,MILKYBAR Eclairs Polybag 100X3.2g,12475773,IN C&C : Milkybar Eclairs,CONFECTIONARY,F&B,30.0,13.7,11.73,38.272,12396363
12396364,MILKYBAR Eclairs Pbg 36(100x3.4g) N2 IN,MILKYBAR Eclairs Polybag 100X3.2g,12475773,IN C&C : Milkybar Eclairs,CONFECTIONARY,F&B,36.0,14.3,12.24,42.525,12396364
12398947,MILKYBAR ECLR 36(100x3.6g) PR Brave IN,MILKYBAR Eclairs Polybag 100X3.2g,12475773,IN C&C : Milkybar Eclairs,CONFECTIONARY,F&B,36.0,15.0,12.96,40.455,12398947
12399013,MILKYBAR ECLR 36(100x3.6g) PR Moosha IN,MILKYBAR Eclairs Polybag 100X3.2g,12475773,IN C&C : Milkybar Eclairs,CONFECTIONARY,F&B,36.0,14.9,12.96,40.455,12399013
12399276,MILKYBAR Eclr Pbg 32(100x3.4g)PR Ndls IN,MILKYBAR Eclairs Polybag 100X3.2g,12475773,IN C&C : Milkybar Eclairs,CONFECTIONARY,F&B,32.0,12.6,10.88,37.422,12399276
12423769,MILKYBAR Eclr Onam Pbg 36(100x3.4g) IN,MILKYBAR Eclairs Polybag 100X3.2g,12475773,IN C&C : Milkybar Eclairs,CONFECTIONARY,F&B,36.0,14.2,12.24,42.525,12423769
12435092,MILKYBAR Eclr 36(100x3.4g)PR PenFree IN,MILKYBAR Eclairs Polybag 100X3.2g,12475773,IN C&C : Milkybar Eclairs,CONFECTIONARY,F&B,36.0,14.3,12.24,42.525,12435092
12436632,MILKYBAR ECLR 36(110x3.4g) PR 10U Fr IN,MILKYBAR Eclairs Polybag 100X3.2g,12475773,IN C&C : Milkybar Eclairs,CONFECTIONARY,F&B,36.0,15.758,13.464,46.778,12436632
12451160,MILKYBAR ECLR 36(115x3.4g) PR 15U Fr IN,MILKYBAR Eclairs Polybag 100X3.2g,12475773,IN C&C : Milkybar Eclairs,CONFECTIONARY,F&B,36.0,16.572,14.076,48.048,12451160
12475773,MILKYBAR Eclr Payasam Pbg 36(100x3.2g)IN,MILKYBAR Eclairs Polybag 100X3.2g,12475773,IN C&C : Milkybar Eclairs,CONFECTIONARY,F&B,36.0,13.45,11.52,42.525,12475773
12436615,MB ECLR 35(110x3.4g)LunchBox PR 10UFr IN,MILKYBAR Eclairs Polybag 100X3.2g LB,12436615,IN C&C : Milkybar Eclairs,CONFECTIONARY,F&B,1.0,15.2,13.09,48.048,12436615
12295998,MILKYBAR Eclr Pbg 30(50x3.4g) PR 5Unt IN,MILKYBAR Eclairs Polybag 50X3.2g,12345772,IN C&C : Milkybar Eclairs,CONFECTIONARY,F&B,30.0,6.2,5.1,21.294,12295998
12328654,MILKYBAR Eclairs Pbg 30(45x3.4g) IN,MILKYBAR Eclairs Polybag 50X3.2g,12345772,IN C&C : Milkybar Eclairs,CONFECTIONARY,F&B,30.0,5.9,4.59,21.886,12328654
12345772,MILKYBAR Eclr Pbg 30(45x3.2g) IN,MILKYBAR Eclairs Polybag 50X3.2g,12345772,IN C&C : Milkybar Eclairs,CONFECTIONARY,F&B,30.0,5.484,4.32,21.886,12345772
12311127,MILKYBAR ECLR STRW Pbg36(100x3.4g) N1 IN,MILKYBAR Eclairs Strawberry Polybag 340g,12311127,IN C&C : Milkybar Eclairs,CONFECTIONARY,F&B,36.0,14.5,12.24,35.438,12311127
12409383,MB Eclair 15(2x360g) PR Birthday Kit IN,MILKYBAR Ecliars Polybag 2X360g,12409383,IN C&C : Milkybar Eclairs,CONFECTIONARY,F&B,15.0,15.5,10.8,53.015,12409383
12356739,MILKYBAR MOOSHA Ctln 12(24x20g) IN,MILKYBAR Moosha 20g,12356739,IN C&C : Milkybar Choo,CHOCOLATE,F&B,288.0,7.238,5.76,24.208,12356739
12368116,MILKYBAR MOOSHA Ctln 12(24x20g) N1 IN,MILKYBAR Moosha 20g,12356739,IN C&C : Milkybar Choo,CHOCOLATE,F&B,288.0,7.32,5.76,23.795,12368116
12424465,MILKYBAR MOOSHA Ctln 12(24x20g) N2 IN,MILKYBAR Moosha 20g,12356739,IN C&C : Milkybar Choo,CHOCOLATE,F&B,288.0,6.92,5.76,23.386,12424465
12434886,MILKYBAR Moosha 12(24x24g)PR 20% IN,MILKYBAR Moosha 20g,12356739,IN C&C : Milkybar Choo,CHOCOLATE,F&B,288.0,8.6,6.912,23.795,12434886
12487145,MILKYBAR MOOSHA Jar 16(34+1x20g) IN,MILKYBAR Moosha 20g,12356739,IN C&C : Milkybar Choo,CHOCOLATE,F&B,560.0,15.19,11.2,82.571,12487145
12495386,MILKYBAR Moosha 12(24x18g) IN,MILKYBAR Moosha 20g,12356739,IN C&C : Milkybar Choo,CHOCOLATE,F&B,288.0,6.92,5.184,23.386,12495386
12498582,MILKYBAR Moosha Jar 16(35x21.6g)PR20% IN,MILKYBAR Moosha 20g,12356739,IN C&C : Milkybar Choo,CHOCOLATE,F&B,560.0,15.75,12.096,82.571,12498582
12497537,MILKYBAR Moosha 12(24x21.6g) PR 20% IN,MILKYBAR Moosha 20g,12356739,IN C&C : Milkybar Choo,CHOCOLATE,F&B,288.0,7.84,6.221,24.057,12497537
12508327,MILKYBAR Moosha Jar 16(34+1x18g) IN,MILKYBAR Moosha 20g,12356739,IN C&C : Milkybar Choo,CHOCOLATE,F&B,560.0,13.23,10.08,82.571,12508327
12361933,MILKYBAR MOOSHA Ctln 12(15x40g) IN,MILKYBAR Moosha 40g,12361933,IN C&C : Milkybar Choo,CHOCOLATE,F&B,180.0,8.7,7.2,23.795,12361933
12368117,MILKYBAR MOOSHA Ctln 12(15x40g) N1 IN,MILKYBAR Moosha 40g,12361933,IN C&C : Milkybar Choo,CHOCOLATE,F&B,180.0,8.76,7.2,23.795,12368117
12396198,MILKYBAR MOOSHA 12(15x40g) PR Brave IN,MILKYBAR Moosha 40g,12361933,IN C&C : Milkybar Choo,CHOCOLATE,F&B,180.0,8.26,7.2,23.795,12396198
12408139,MILKYBAR Moosha 12((14+1)x40g) PR 1U IN,MILKYBAR Moosha 40g,12361933,IN C&C : Milkybar Choo,CHOCOLATE,F&B,180.0,8.8,7.2,23.795,12408139
12415806,MILKYBAR Moosha Ctln 12(15x40g) N1 IN,MILKYBAR Moosha 40g,12361933,IN C&C : Milkybar Choo,CHOCOLATE,F&B,180.0,8.7,7.2,23.795,12415806
12419005,MILKYBAR Moosha 12(15x40g) PR Puzzle IN,MILKYBAR Moosha 40g,12361933,IN C&C : Milkybar Choo,CHOCOLATE,F&B,180.0,8.7,7.2,23.795,12419005
12434900,MILKYBAR Moosha Promise 12(15x40g) IN,MILKYBAR Moosha 40g,12361933,IN C&C : Milkybar Choo,CHOCOLATE,F&B,180.0,9.06,7.2,23.795,12434900
12508018,MILKYBAR MOOSHA 12(15x44g)PR10% Extra IN,MILKYBAR Moosha 40g,12361933,IN C&C : Milkybar Choo,CHOCOLATE,F&B,180.0,9.76,7.92,23.795,12508018
12532405,MILKYBAR Moosha Ctln 12(15x38g) IN,MILKYBAR Moosha 40g,12361933,IN C&C : Milkybar Choo,CHOCOLATE,F&B,180.0,9.06,6.84,23.386,12532405
12396310,MILKYBAR Moosha Container 16(35x20g) IN,MILKYBAR Moosha Container 20g,12396310,IN C&C : Milkybar Choo,CHOCOLATE,F&B,560.0,14.2,11.2,34.873,12396310
12418595,MILKYBAR Moosha Tablet 20(14x45g) IN,MILKYBAR Moosha Tablet 45g,12418595,IN C&C : Milkybar,CHOCOLATE,F&B,280.0,14.57,12.6,32.999,12418595
12043908,MILKYBAR Mould 12(24x25g) IN,MILKYBAR Mould 13g,12362872,IN C&C : Milkybar,CHOCOLATE,F&B,288.0,9.35,7.2,18.624,12043908
12132652,MILKYBAR Mould 12(24x23g) IN,MILKYBAR Mould 13g,12362872,IN C&C : Milkybar,CHOCOLATE,F&B,288.0,8.5,6.624,13.771,12132652
12167597,MILKYBAR Mould 12(24x18g) IN,MILKYBAR Mould 13g,12362872,IN C&C : Milkybar,CHOCOLATE,F&B,288.0,6.54,5.184,14.343,12167597
12194312,MILKYBAR Mould 12(24x18g) N1 IN,MILKYBAR Mould 13g,12362872,IN C&C : Milkybar,CHOCOLATE,F&B,288.0,6.54,5.184,14.343,12194312
12243719,MILKYBAR Mould 12(24x17g) N1 IN,MILKYBAR Mould 13g,12362872,IN C&C : Milkybar,CHOCOLATE,F&B,288.0,6.7,4.896,13.3,12243719
12256457,MILKYBAR MOULD 12(24x13g) IN,MILKYBAR Mould 13g,12362872,IN C&C : Milkybar,CHOCOLATE,F&B,288.0,4.74,3.744,13.718,12256457
12286985,MILKYBAR MOULD 12(24x13g) PR ONAM IN,MILKYBAR Mould 13g,12362872,IN C&C : Milkybar,CHOCOLATE,F&B,288.0,4.74,3.744,12.937,12286985
12313204,MILKYBAR MOULD 12(27x13g) PR 1Unit Fr IN,MILKYBAR Mould 13g,12362872,IN C&C : Milkybar,CHOCOLATE,F&B,324.0,5.19,4.212,17.31,12313204
12322206,MILKYBAR MOULD 12(27x13g) PR Card Fr IN,MILKYBAR Mould 13g,12362872,IN C&C : Milkybar,CHOCOLATE,F&B,324.0,5.5,4.212,20.973,12322206
12324595,MILKYBAR MOULD 16(24x13g) N1 IN,MILKYBAR Mould 13g,12362872,IN C&C : Milkybar,CHOCOLATE,F&B,384.0,6.38,4.992,18.171,12324595
12338296,MILKYBAR MOULD 12(27x13g) PR Sticker IN,MILKYBAR Mould 13g,12362872,IN C&C : Milkybar,CHOCOLATE,F&B,324.0,5.245,4.212,20.576,12338296
12341318,MILKYBAR MOULD 16(24x11g) IN,MILKYBAR Mould 13g,12362872,IN C&C : Milkybar,CHOCOLATE,F&B,384.0,5.484,4.224,18.171,12341318
12362870,MILKYBAR MOULD16(24x12.1g)PR 10%Extra IN,MILKYBAR Mould 13g,12362872,IN C&C : Milkybar,CHOCOLATE,F&B,384.0,6.0,4.646,18.171,12362870
12362872,MILKYBAR MOULD Container 16(36x13.2g) IN,MILKYBAR Mould 13g,12362872,IN C&C : Milkybar,CHOCOLATE,F&B,576.0,9.6,7.603,36.48,12362872
12367617,MILKYBAR MOULD 16(27x11g) PR 1Unit Fr IN,MILKYBAR Mould 13g,12362872,IN C&C : Milkybar,CHOCOLATE,F&B,432.0,6.7,4.752,18.402,12367617
12372773,MILKYBAR MOULD 30(10x11g)PR Pencil Bx IN,MILKYBAR Mould 13g,12362872,IN C&C : Milkybar,CHOCOLATE,F&B,30.0,5.5,3.3,27.104,12372773
12381828,MILKYBAR MOULD 16(27x13.2g)PR 1U Free IN,MILKYBAR Mould 13g,12362872,IN C&C : Milkybar,CHOCOLATE,F&B,432.0,7.8,5.702,21.98,12381828
12395747,MILKYBAR MOULD 12(27x13.2g) PR 1 Unit IN,MILKYBAR Mould 13g,12362872,IN C&C : Milkybar,CHOCOLATE,F&B,324.0,5.9,4.277,18.259,12395747
12395748,MILKYBAR MOULD 16(27x13.2g) IN,MILKYBAR Mould 13g,12362872,IN C&C : Milkybar,CHOCOLATE,F&B,432.0,7.18,5.702,21.98,12395748
12434885,MILKYBAR Mould 16(27x14g) PR Bigger IN,MILKYBAR Mould 13g,12362872,IN C&C : Milkybar,CHOCOLATE,F&B,432.0,7.49,6.048,23.385,12434885
12440800,MILKYBAR Mould 16(27x12.5g) IN,MILKYBAR Mould 13g,12362872,IN C&C : Milkybar,CHOCOLATE,F&B,432.0,6.86,5.4,21.98,12440800
12471190,MILKYBAR MOULD 16(27x13.2g)PR Extra IN,MILKYBAR Mould 13g,12362872,IN C&C : Milkybar,CHOCOLATE,F&B,432.0,7.44,5.702,21.98,12471190
12440756,AAMILKYBAR MOULD 16(30x12.5g)PR 2U Fr IN,MILKYBAR Mould 13g,12362872,IN C&C : Milkybar,CHOCOLATE,F&B,480.0,7.6,6.0,21.278,12440756
12479700,MILKYBAR Mould 24(30x12.5g) PR 2U Fr IN,MILKYBAR Mould 13g,12362872,IN C&C : Milkybar,CHOCOLATE,F&B,720.0,10.74,9.0,38.34,12479700
12511107,MILKYBAR MOULD 24(27x13.2g) IN,MILKYBAR Mould 13g,12362872,IN C&C : Milkybar,CHOCOLATE,F&B,648.0,10.73,8.554,21.98,12511107
12502595,MILKYBAR MOULD 24(27x12.5g) IN,MILKYBAR Mould 13g,12362872,IN C&C : Milkybar,CHOCOLATE,F&B,648.0,10.31,8.1,33.804,12502595
12511276,MILKYBAR Mould 16((38+2)x12.5g) IN,MILKYBAR Mould 13g,12362872,IN C&C : Milkybar,CHOCOLATE,F&B,640.0,10.51,8.0,33.804,12511276
12549836,MILKYBAR Mould 16((60+4)x12.5g) IN,MILKYBAR Mould 13g,12362872,IN C&C : Milkybar,CHOCOLATE,F&B,1024.0,14.7,12.8,47.35,12549836
12552152,MILKYBAR Mould 24(30x12.5g) N1 IN,MILKYBAR Mould 13g,12362872,IN C&C : Milkybar,CHOCOLATE,F&B,720.0,11.17,9.0,38.34,12552152
12559253,MILKYBAR Mould 24(30x12.5g)Festive IN,MILKYBAR Mould 13g,12362872,IN C&C : Milkybar,CHOCOLATE,F&B,720.0,11.0,9.0,38.34,12559253
12577316,MILKYBAR MOULD 24(30x13.2g)PR Extra IN,MILKYBAR Mould 13g,12362872,IN C&C : Milkybar,CHOCOLATE,F&B,720.0,11.67,9.504,38.88,12577316
12599366,MB MOULD 24(30x13.2g)PR Mystery0.7g X IN,MILKYBAR Mould 13g,12362872,IN C&C : Milkybar,CHOCOLATE,F&B,720.0,11.578,9.504,38.88,12599366
12261265,MILKYBAR MOULD 12(24x26g) IN,MILKYBAR Mould 25g,12362797,IN C&C : Milkybar,CHOCOLATE,F&B,288.0,9.3,7.488,19.343,12261265
12310813,MILKYBAR MOULD 12(24x26g)PR Choo Strw IN,MILKYBAR Mould 25g,12362797,IN C&C : Milkybar,CHOCOLATE,F&B,288.0,8.7,7.488,18.857,12310813
12318623,MILKYBAR MOULD 12(24x26g)N1PR ChooStr IN,MILKYBAR Mould 25g,12362797,IN C&C : Milkybar,CHOCOLATE,F&B,288.0,9.7,7.488,18.857,12318623
12321867,MILKYBAR MOULD12(24x26g) PR ChooPlain IN,MILKYBAR Mould 25g,12362797,IN C&C : Milkybar,CHOCOLATE,F&B,288.0,9.683,7.488,18.857,12321867
12328728,MILKYBAR MOULD 12(24x26g) PR Scale Fr IN,MILKYBAR Mould 25g,12362797,IN C&C : Milkybar,CHOCOLATE,F&B,288.0,10.4,7.488,18.857,12328728
12332454,MILKYBAR MOULD 12(24x26g)N1PR Book Fr IN,MILKYBAR Mould 25g,12362797,IN C&C : Milkybar,CHOCOLATE,F&B,288.0,12.1,7.488,25.245,12332454
12338297,MILKYBAR MOULD 12(24x26g) PR PUZZLE IN,MILKYBAR Mould 25g,12362797,IN C&C : Milkybar,CHOCOLATE,F&B,288.0,9.858,7.488,18.857,12338297
12353839,MILKYBAR MOULD 12(24x25g) PR ChooSB IN,MILKYBAR Mould 25g,12362797,IN C&C : Milkybar,CHOCOLATE,F&B,288.0,9.48,7.2,18.85,12353839
12355795,MILKYBAR MOULD 12(24x25g) PR ChooCl IN,MILKYBAR Mould 25g,12362797,IN C&C : Milkybar,CHOCOLATE,F&B,288.0,9.48,7.2,18.85,12355795
12362797,MILKYBAR MOULD12(24x27.5g)PR 10%Extra IN,MILKYBAR Mould 25g,12362797,IN C&C : Milkybar,CHOCOLATE,F&B,288.0,9.1,7.92,18.857,12362797
12370806,MILKYBAR MOULD 12(24x25g) PR BTS IN,MILKYBAR Mould 25g,12362797,IN C&C : Milkybar,CHOCOLATE,F&B,288.0,9.4,7.2,18.85,12370806
12396210,MILKYBAR MOULD 12(24x25g) PR Brave IN,MILKYBAR Mould 25g,12362797,IN C&C : Milkybar,CHOCOLATE,F&B,288.0,9.47,7.2,18.58,12396210
12341319,MILKYBAR MOULD 12(24x25g) N1 IN,MILKYBAR Mould 25g,12362797,IN C&C : Milkybar,CHOCOLATE,F&B,288.0,9.4,7.2,18.677,12341319
12368430,MILKYBAR MOULD 32(6x25g) PR TiffinBox IN,MILKYBAR Mould 25g,12362797,IN C&C : Milkybar,CHOCOLATE,F&B,32.0,8.1,4.8,46.66,12368430
12418594,MILKYBAR Mould 12(24x25g) PR 3DPuzzle IN,MILKYBAR Mould 25g,12362797,IN C&C : Milkybar,CHOCOLATE,F&B,288.0,9.4,7.2,18.85,12418594
12434910,MILKYBAR Mould 12(24x27.5g)PR10%Extra IN,MILKYBAR Mould 25g,12362797,IN C&C : Milkybar,CHOCOLATE,F&B,288.0,9.58,7.92,19.508,12434910
12474115,MILKYBAR MOULD 12(24x25g) Promise IN,MILKYBAR Mould 25g,12362797,IN C&C : Milkybar,CHOCOLATE,F&B,288.0,9.4,7.2,18.677,12474115
12362871,MILKYBAR MOULD 72(3x25g) IN,MILKYBAR Mould 25g,12362797,IN C&C : Milkybar,CHOCOLATE,F&B,72.0,7.2,5.4,24.833,12362871
12495393,MILKYBAR Mould 12(24x24.5g) IN,MILKYBAR Mould 25g,12362797,IN C&C : Milkybar,CHOCOLATE,F&B,288.0,8.56,7.056,19.508,12495393
12508032,MILKYBAR MOULD 16(24x24.5g) Promise IN,MILKYBAR Mould 25g,12362797,IN C&C : Milkybar,CHOCOLATE,F&B,384.0,11.01,9.408,27.248,12508032
12506047,MILKYBAR Mould 16(24x24.5g) IN,MILKYBAR Mould 25g,12362797,IN C&C : Milkybar,CHOCOLATE,F&B,384.0,11.01,9.408,27.248,12506047
12524238,MILKYBAR MOULD 16(24x24.5g) AR IN,MILKYBAR Mould 25g,12362797,IN C&C : Milkybar,CHOCOLATE,F&B,384.0,11.01,9.408,27.248,12524238
12549565,MILKYBAR MOULD 16(24x24.5g)Power Pack IN,MILKYBAR Mould 25g,12362797,IN C&C : Milkybar,CHOCOLATE,F&B,384.0,11.01,9.408,27.248,12549565
12553644,MILKYBAR Mould 16((23+1)x24.5g) IN,MILKYBAR Mould 25g,12362797,IN C&C : Milkybar,CHOCOLATE,F&B,384.0,10.98,9.408,36.448,12553644
12559984,MILKYBAR Mould 16(24x24.5g)N2 IN,MILKYBAR Mould 25g,12362797,IN C&C : Milkybar,CHOCOLATE,F&B,384.0,10.98,9.408,36.448,12559984
12569151,MILKYBAR Mould 16(24x22.5g)WorldPacks IN,MILKYBAR Mould 25g,12362797,IN C&C : Milkybar,CHOCOLATE,F&B,384.0,10.98,8.64,36.448,12569151
12566982,MILKYBAR Mould 16(24x22.5g) IN,MILKYBAR Mould 25g,12362797,IN C&C : Milkybar,CHOCOLATE,F&B,384.0,10.62,8.64,36.448,12566982
12576900,MILKYBAR 12((38+2)x22.5g)) IN,MILKYBAR Mould 25g,12362797,IN C&C : Milkybar,CHOCOLATE,F&B,12.0,12.345,10.8,35.967,12576900
12583515,MILKYBAR Mould16(24x22.5g)CharacterPr IN,MILKYBAR Mould 25g,12362797,IN C&C : Milkybar,CHOCOLATE,F&B,384.0,10.802,8.64,35.343,12583515
12588534,MILKYBAR Mould16(24x24g)PR 6.7% Extra IN,MILKYBAR Mould 25g,12362797,IN C&C : Milkybar,CHOCOLATE,F&B,384.0,10.85,9.216,35.343,12588534
12600345,MB MOULD 16(24x24g)PR Mystery 6.7% X IN,MILKYBAR Mould 25g,12362797,IN C&C : Milkybar,CHOCOLATE,F&B,384.0,10.85,9.216,35.343,12600345
12608240,MILKYBAR Mould Boardwrap 16(24x22.5g) IN,MILKYBAR Mould 25g,12362797,IN C&C : Milkybar,CHOCOLATE,F&B,384.0,11.5,8.64,23.324,12608240
12599357,MILKYBAR Mould 16(24x22.5g)PR Mystery IN,MILKYBAR Mould 25g,12362797,IN C&C : Milkybar,CHOCOLATE,F&B,384.0,10.802,8.64,35.343,12599357
12613495,MILKYBAR Mould 16(24x22.5g)PR HongKongIN,MILKYBAR Mould 25g,12362797,IN C&C : Milkybar,CHOCOLATE,F&B,384.0,11.5,8.64,23.324,12613495
12383293,MILKYBAR MOULD 20(12x42g) IN,MILKYBAR Mould 42g,12383293,IN C&C : Milkybar,CHOCOLATE,F&B,240.0,13.22,10.08,31.09,12383293
12418602,MILKYBAR Mould 20(12x42g) PR Puzzle IN,MILKYBAR Mould 42g,12383293,IN C&C : Milkybar,CHOCOLATE,F&B,240.0,13.9,10.08,28.7,12418602
12421902,MILKYBAR MOULD 20(12x42g) N1 IN,MILKYBAR Mould 42g,12383293,IN C&C : Milkybar,CHOCOLATE,F&B,240.0,13.22,10.08,29.942,12421902
12434980,MILKYBAR Mould 20(12x46.2g)PR10%Extra IN,MILKYBAR Mould 42g,12383293,IN C&C : Milkybar,CHOCOLATE,F&B,240.0,13.8,11.088,30.515,12434980
12450488,MILKYBAR Mould 20(14x42g) IN,MILKYBAR Mould 42g,12383293,IN C&C : Milkybar,CHOCOLATE,F&B,280.0,14.4,11.76,29.05,12450488
12474114,MILKYBAR MOULD 20(12x42g) Promise IN,MILKYBAR Mould 42g,12383293,IN C&C : Milkybar,CHOCOLATE,F&B,240.0,13.22,10.08,31.092,12474114
12483304,MILKYBAR Mould 20(14x42g) AR Promo IN,MILKYBAR Mould 42g,12383293,IN C&C : Milkybar,CHOCOLATE,F&B,280.0,14.4,11.76,29.05,12483304
12509937,MILKYBAR Mould 20(14x42g) Promise IN,MILKYBAR Mould 42g,12383293,IN C&C : Milkybar,CHOCOLATE,F&B,280.0,14.4,11.76,29.05,12509937
12524239,MILKYBAR MOULD 20(14x42g) AR IN,MILKYBAR Mould 42g,12383293,IN C&C : Milkybar,CHOCOLATE,F&B,280.0,14.4,11.76,29.05,12524239
12549555,MILKYBAR MOULD 20(14x42g)Power Pack IN,MILKYBAR Mould 42g,12383293,IN C&C : Milkybar,CHOCOLATE,F&B,280.0,14.4,11.76,29.05,12549555
12553664,MILKYBAR Mould 20(14x42g)N1 IN,MILKYBAR Mould 42g,12383293,IN C&C : Milkybar,CHOCOLATE,F&B,280.0,14.4,11.76,29.05,12553664
12567470,MILKYBAR Mould 20(14x42g)World Pack IN,MILKYBAR Mould 42g,12383293,IN C&C : Milkybar,CHOCOLATE,F&B,280.0,14.4,11.76,29.05,12567470
12583516,MILKYBAR Mould 20(14x42g)Character Pr IN,MILKYBAR Mould 42g,12383293,IN C&C : Milkybar,CHOCOLATE,F&B,280.0,14.493,11.76,29.05,12583516
12613496,MILKYBAR Mould 20(14x42g)PR Hong Kong IN,MILKYBAR Mould 42g,12383293,IN C&C : Milkybar,CHOCOLATE,F&B,280.0,14.493,11.76,29.05,12613496
11340605,MILKYBAR Mould 24(30x13.5g) IN,MILKYBAR Mould 6.5g,12341317,IN C&C : Milkybar,CHOCOLATE,F&B,720.0,12.7,9.72,13.338,11340605
12043713,MILKYBAR Mould 24(30x12.5g) IN,MILKYBAR Mould 6.5g,12341317,IN C&C : Milkybar,CHOCOLATE,F&B,720.0,11.3,9.0,13.851,12043713
12132653,MILKYBAR Mould 24(30x11.5g) IN,MILKYBAR Mould 6.5g,12341317,IN C&C : Milkybar,CHOCOLATE,F&B,720.0,10.3,8.28,18.169,12132653
12177281,MILKYBAR Mould 24(30x9g) IN,MILKYBAR Mould 6.5g,12341317,IN C&C : Milkybar,CHOCOLATE,F&B,720.0,10.3,6.48,18.169,12177281
12209563,MILKYBAR Mould 30(30x9g) IN,MILKYBAR Mould 6.5g,12341317,IN C&C : Milkybar,CHOCOLATE,F&B,900.0,10.3,8.1,18.169,12209563
12243552,MILKYBAR Mould 30(30x8.5g) IN,MILKYBAR Mould 6.5g,12341317,IN C&C : Milkybar,CHOCOLATE,F&B,900.0,9.31,7.65,22.176,12243552
12256456,MILKYBAR MOULD 30(30x6.5g) IN,MILKYBAR Mould 6.5g,12341317,IN C&C : Milkybar,CHOCOLATE,F&B,900.0,7.76,5.85,23.919,12256456
12286801,MILKYBAR MOULD 30(30x6.5g) N1 IN,MILKYBAR Mould 6.5g,12341317,IN C&C : Milkybar,CHOCOLATE,F&B,900.0,9.31,5.85,25.143,12286801
12318671,MILKYBAR MOULD 30(30x6.5g) PR Talk IN,MILKYBAR Mould 6.5g,12341317,IN C&C : Milkybar,CHOCOLATE,F&B,900.0,7.64,5.85,25.143,12318671
12341317,MILKYBAR MOULD 30(30x6.5g) N2 IN,MILKYBAR Mould 6.5g,12341317,IN C&C : Milkybar,CHOCOLATE,F&B,900.0,7.66,5.85,25.143,12341317
12424532,MILKYBAR MOULD 30x(30x6.5g) PR Fest IN,MILKYBAR Mould 6.5g,12341317,IN C&C : Milkybar,CHOCOLATE,F&B,900.0,7.8,5.85,25.143,12424532
12449939,MILKYBAR Mould 36(30x6.5g) IN,MILKYBAR Mould 6.5g,12341317,IN C&C : Milkybar,CHOCOLATE,F&B,1080.0,9.34,7.02,29.145,12449939
12525190,MILKYBAR Mould 36((28+2)x6.5g)Festive IN,MILKYBAR Mould 6.5g,12341317,IN C&C : Milkybar,CHOCOLATE,F&B,1080.0,9.34,7.02,29.145,12525190
12531328,MILKYBAR Mould 36(30x6.5g) N1 IN,MILKYBAR Mould 6.5g,12341317,IN C&C : Milkybar,CHOCOLATE,F&B,1080.0,9.34,7.02,29.145,12531328
12611306,MILKYBAR Mould Strawberry 24(30x12.5g)IN,MILKYBAR Mould Strawberry 12.5g ,12611306,IN C&C : Milkybar,CHOCOLATE,F&B,720.0,11.353,9.0,38.88,12611306
12090291,NESTLE MILKYBAR Multi-pack 48x75g IN,MILKYBAR Multipack 6x11g,12344037,IN C&C : Milkybar,CHOCOLATE,F&B,48.0,4.75,3.6,11.084,12090291
12180747,MILKY BAR MULTIPACK (90x72g) IN,MILKYBAR Multipack 6x11g,12344037,IN C&C : Milkybar,CHOCOLATE,F&B,90.0,10.3,6.48,38.028,12180747
12224055,MILKYBAR MULTIPACK (90x72g) N1 IN,MILKYBAR Multipack 6x11g,12344037,IN C&C : Milkybar,CHOCOLATE,F&B,90.0,10.3,6.48,38.028,12224055
12243553,MILKY BAR MULTIPACK (90x68g) IN,MILKYBAR Multipack 6x11g,12344037,IN C&C : Milkybar,CHOCOLATE,F&B,90.0,10.1,6.12,38.028,12243553
12261130,MILKYBAR Multipack (84x78g) IN,MILKYBAR Multipack 6x11g,12344037,IN C&C : Milkybar,CHOCOLATE,F&B,84.0,13.92,6.552,52.201,12261130
12281102,MILKYBAR Multipack (84x78g) PR 26g Fr IN,MILKYBAR Multipack 6x11g,12344037,IN C&C : Milkybar,CHOCOLATE,F&B,84.0,8.5,6.552,38.028,12281102
12286984,MILKYBAR Multipack 84(6X13g) PR 1 Fr IN,MILKYBAR Multipack 6x11g,12344037,IN C&C : Milkybar,CHOCOLATE,F&B,84.0,12.3,6.552,38.028,12286984
12294059,MILKYBAR Multipack 84(6x13g) N1 IN,MILKYBAR Multipack 6x11g,12344037,IN C&C : Milkybar,CHOCOLATE,F&B,84.0,13.92,6.552,118.8,12294059
12322893,MILKYBAR Multipack 84(6x13g)PR Sketch IN,MILKYBAR Multipack 6x11g,12344037,IN C&C : Milkybar,CHOCOLATE,F&B,84.0,14.6,6.552,74.24,12322893
12344037,MILKYBAR Multipack 84(6x11g) IN,MILKYBAR Multipack 6x11g,12344037,IN C&C : Milkybar,CHOCOLATE,F&B,84.0,11.4,5.544,57.606,12344037
12361982,MILKYBAR Multipack 84(6x11g) PR 10Off IN,MILKYBAR Multipack 6x11g,12344037,IN C&C : Milkybar,CHOCOLATE,F&B,84.0,11.447,5.544,57.606,12361982
12371667,MILKYBAR Multipack 84(6x11g) PR BTS IN,MILKYBAR Multipack 6x11g,12344037,IN C&C : Milkybar,CHOCOLATE,F&B,84.0,11.4,5.544,57.606,12371667
12382820,MILKYBAR Multipack 84(6x13.2g) IN,MILKYBAR Multipack 6x11g,12344037,IN C&C : Milkybar,CHOCOLATE,F&B,84.0,14.2,6.653,58.465,12382820
12398948,MILKYBAR Multipack 84(6x13.2g)PR Brav IN,MILKYBAR Multipack 6x11g,12344037,IN C&C : Milkybar,CHOCOLATE,F&B,84.0,12.48,6.653,59.378,12398948
12422456,MILKYBAR Multipack 84(6x13.2g)PR Onam IN,MILKYBAR Multipack 6x11g,12344037,IN C&C : Milkybar,CHOCOLATE,F&B,84.0,12.31,6.653,57.606,12422456
12438261,MILKYBAR Multipack 84(6x14g)PR Bigger IN,MILKYBAR Multipack 6x11g,12344037,IN C&C : Milkybar,CHOCOLATE,F&B,84.0,11.1,7.056,57.606,12438261
12440801,MILKYBAR Multipack 84(6x12.5g) IN,MILKYBAR Multipack 6x11g,12344037,IN C&C : Milkybar,CHOCOLATE,F&B,84.0,11.79,6.3,64.583,12440801
12471184,MILKYBAR MP 84(6x13.2g) PR Extra IN,MILKYBAR Multipack 6x11g,12344037,IN C&C : Milkybar,CHOCOLATE,F&B,84.0,10.5,6.653,57.606,12471184
12480617,MILKYBAR Multipack 84(6x12.5g)Festive IN,MILKYBAR Multipack 6x11g,12344037,IN C&C : Milkybar,CHOCOLATE,F&B,84.0,11.79,6.3,64.583,12480617
12517665,MILKYBAR Multipack 84(6x12.5g) N1 IN,MILKYBAR Multipack 6x11g,12344037,IN C&C : Milkybar,CHOCOLATE,F&B,84.0,11.79,6.3,64.583,12517665
12553697,MILKYBAR Multipack 84(6x12.5g)N1 IN,MILKYBAR Multipack 6x11g,12344037,IN C&C : Milkybar,CHOCOLATE,F&B,84.0,11.79,6.3,64.583,12553697
12553711,MILKYBAR Multipack 84(6x12.5g)Fest N1 IN,MILKYBAR Multipack 6x11g,12344037,IN C&C : Milkybar,CHOCOLATE,F&B,84.0,11.79,6.3,64.583,12553711
12577257,MILKYBAR Multipack84(6x12.5g)PR Rs5OffIN,MILKYBAR Multipack 6x11g,12344037,IN C&C : Milkybar,CHOCOLATE,F&B,84.0,11.792,6.3,64.583,12577257
12588168,MILKYBAR Multipack 84(6x12.5g)N2 IN,MILKYBAR Multipack 6x11g,12344037,IN C&C : Milkybar,CHOCOLATE,F&B,84.0,7.774,6.3,54.863,12588168
12442714,MILO ACTIV-GO Softpack 576x10g IN,MILO ACTIV-GO Sfpk 10g,12442714,IN SSD : Milo Powder,DAIRY,F&B,576.0,7.5,5.76,51.15,12442714
12474137,MILO ACTIV-GO Softpack 576x10g N1 IN,MILO ACTIV-GO Sfpk 10g,12442714,IN SSD : Milo Powder,DAIRY,F&B,576.0,7.4,5.76,51.948,12474137
12503086,MILO ACTIV-GO Sfpk 576x10g PR B2G1 IN,MILO ACTIV-GO Sfpk 10g,12442714,IN SSD : Milo Powder,DAIRY,F&B,576.0,7.4,5.76,51.948,12503086
12422846,MILO ACTIV-GO Sfpk 24x250g IN,MILO ACTIV-GO Sfpk 250g,12422846,IN SSD : Milo Powder,DAIRY,F&B,24.0,6.9,6.0,26.047,12422846
12422979,MILO ACTIV-GO Sfpk 24x400g IN,MILO ACTIV-GO Sfpk 400g,12422979,IN SSD : Milo Powder,DAIRY,F&B,24.0,10.0,9.6,34.23,12422979
12528481,MILO ACTIV-GO Sfpk 24x400gPR Rs25 Off IN,MILO ACTIV-GO Sfpk 400g,12422979,IN SSD : Milo Powder,DAIRY,F&B,24.0,10.0,9.6,34.23,12528481
12531216,MILO JAGG TEEN BIB 24x400g IN,MILO ACTIV-GO Sfpk 400g,12422979,IN SSD : Milo Powder,DAIRY,F&B,24.0,11.0,9.6,26.047,12531216
12573071,MILO JAGG TEEN BIB 24x400g N1 IN,MILO ACTIV-GO Sfpk 400g,12422979,IN SSD : Milo Powder,DAIRY,F&B,24.0,12.76,9.6,30.195,12573071
12599797,MILO JAGG TEEN BIB 24x400g+50g Extra IN,MILO ACTIV-GO Sfpk 400g,12422979,IN SSD : Milo Powder,DAIRY,F&B,24.0,13.66,10.8,63.865,12599797
12606894,MILO JAGG TEEN BIB 24x400g BOGO IN,MILO ACTIV-GO Sfpk 400g,12422979,IN SSD : Milo Powder,DAIRY,F&B,24.0,12.26,9.6,51.513,12606894
12531333,MILO JAGG TEEN Softpack 96x50g IN,MILO ACTIV-GO Sfpk 50g,12531333,IN SSD : Milo Powder,DAIRY,F&B,96.0,5.8,4.8,51.948,12531333
12422984,MILO ACTIV-GO 24x400g tin IN,MILO ACTIV-GO Tin 400g,12422984,IN SSD : Milo Powder,DAIRY,F&B,24.0,12.592,9.6,37.257,12422984
12607778,MILO JAGG TEEN BIB 24x400g FrW Milo IN,MILO JAGG TEEN BIB 24x400g FrW Milo IN,12607778,IN SSD : Milo Powder,DAIRY,F&B,24.0,12.26,9.6,51.513,12607778
12506349,MILO Softpack 576x10g FrW MILO B2G1 IN,MILO Softpack 576x10g FrW MILO B2G1 IN,12506349,IN SSD : Milo Powder,DAIRY,F&B,576.0,7.0,5.76,51.948,12506349
12217160,MUNCH 4X4 12(28x23g) N1 PR 2unit FR IN,MUNCH 4X4 20.1g,12356633,IN C&C : Munch,CHOCOLATE,F&B,336.0,9.6,7.728,35.374,12217160
12219168,MUNCH 4X4 12(28x23g) N1 IN,MUNCH 4X4 20.1g,12356633,IN C&C : Munch,CHOCOLATE,F&B,336.0,9.96,7.728,35.374,12219168
12240347,MUNCH 4X4 12(48*23g) N1 PR IN,MUNCH 4X4 20.1g,12356633,IN C&C : Munch,CHOCOLATE,F&B,576.0,15.1,13.248,56.673,12240347
12298705,MUNCH 4X4 Container 18(20X23g) IN,MUNCH 4X4 20.1g,12356633,IN C&C : Munch,CHOCOLATE,F&B,18.0,11.36,8.28,51.075,12298705
12309599,MUNCH 4X4 12(28x23g) PR Polo IN,MUNCH 4X4 20.1g,12356633,IN C&C : Munch,CHOCOLATE,F&B,336.0,9.96,7.728,35.374,12309599
12310797,MUNCH 4X4 12(28x23g) PR NUTS IN,MUNCH 4X4 20.1g,12356633,IN C&C : Munch,CHOCOLATE,F&B,336.0,9.96,7.728,35.374,12310797
12311650,MUNCH 4x4 12(28x23g) N2 IN,MUNCH 4X4 20.1g,12356633,IN C&C : Munch,CHOCOLATE,F&B,336.0,9.9,7.728,35.374,12311650
12318349,MUNCH 4x4 12((28+2)x23g) IN,MUNCH 4X4 20.1g,12356633,IN C&C : Munch,CHOCOLATE,F&B,360.0,9.9,8.28,39.27,12318349
12321005,MUNCH 4X4 18(20x23g) PR Container IN,MUNCH 4X4 20.1g,12356633,IN C&C : Munch,CHOCOLATE,F&B,18.0,11.3,8.28,51.075,12321005
12329702,MUNCH 4x4 12(28x23g) PR Bahubali IN,MUNCH 4X4 20.1g,12356633,IN C&C : Munch,CHOCOLATE,F&B,336.0,9.4,7.728,35.374,12329702
12332232,MUNCH 4x4 12(28x27.6g) PR 20% Extra IN,MUNCH 4X4 20.1g,12356633,IN C&C : Munch,CHOCOLATE,F&B,336.0,9.9,9.274,35.374,12332232
12343367,MUNCH 4x4 12(28X20.1g) IN,MUNCH 4X4 20.1g,12356633,IN C&C : Munch,CHOCOLATE,F&B,336.0,8.475,6.754,35.374,12343367
12347429,MUNCH 4x4 12(28x20.1g) PR Polo Fr IN,MUNCH 4X4 20.1g,12356633,IN C&C : Munch,CHOCOLATE,F&B,336.0,8.475,6.754,35.374,12347429
12351905,MUNCH 4x4 12(28X20.1g) N2 IN,MUNCH 4X4 20.1g,12356633,IN C&C : Munch,CHOCOLATE,F&B,336.0,8.475,6.754,35.374,12351905
12356633,MUNCH 4x4 16(28x20.1g) N2 IN,MUNCH 4X4 20.1g,12356633,IN C&C : Munch,CHOCOLATE,F&B,448.0,10.81,9.005,42.56,12356633
12362696,MUNCH 4x4 16(28x22.1g) 10% Extra IN,MUNCH 4X4 20.1g,12356633,IN C&C : Munch,CHOCOLATE,F&B,448.0,11.7,9.901,42.56,12362696
12368953,MUNCH 4x4 16(28x22.1g) PR IPL IN,MUNCH 4X4 20.1g,12356633,IN C&C : Munch,CHOCOLATE,F&B,448.0,11.7,9.901,42.56,12368953
12383302,MUNCH 4x4 16(28x28.7g) IN,MUNCH 4X4 20.1g,12356633,IN C&C : Munch,CHOCOLATE,F&B,448.0,14.9,12.858,49.11,12383302
12383304,MUNCH 4x4 16(28x22.1g) PR ONAM IN,MUNCH 4X4 20.1g,12356633,IN C&C : Munch,CHOCOLATE,F&B,16.0,11.7,9.901,42.56,12383304
12396087,MUNCH 4x4 Box 6((38+2)x28.7g) PR IN,MUNCH 4X4 20.1g,12356633,IN C&C : Munch,CHOCOLATE,F&B,240.0,9.1,6.888,51.17,12396087
12396730,MUNCH 4x4 16(28x28.7g) Mojee IN,MUNCH 4X4 20.1g,12356633,IN C&C : Munch,CHOCOLATE,F&B,448.0,14.9,12.858,50.4,12396730
12406885,MUNCH 4x4 16(28x28.7g) PR Paytm IN,MUNCH 4X4 20.1g,12356633,IN C&C : Munch,CHOCOLATE,F&B,448.0,14.9,12.858,50.4,12406885
12417697,MUNCH 4x4 Container 12(30x25g) IN,MUNCH 4X4 20.1g,12356633,IN C&C : Munch,CHOCOLATE,F&B,360.0,12.4,9.0,65.604,12417697
12417710,MUNCH 4x4 Box 6((38+2)x25g) IN,MUNCH 4X4 20.1g,12356633,IN C&C : Munch,CHOCOLATE,F&B,240.0,8.17,6.0,51.17,12417710
12423354,MUNCH 4x4 16(28x28.7g) PR Onam IN,MUNCH 4X4 20.1g,12356633,IN C&C : Munch,CHOCOLATE,F&B,448.0,14.92,12.858,50.4,12423354
12434142,MUNCH 4x4 18(32x25g) IN,MUNCH 4X4 20.1g,12356633,IN C&C : Munch,CHOCOLATE,F&B,576.0,17.39,14.4,77.969,12434142
12439225,MUNCH 4x4 18(32x25g) 83 Movie IN,MUNCH 4X4 20.1g,12356633,IN C&C : Munch,CHOCOLATE,F&B,576.0,17.39,14.4,68.694,12439225
12445982,MUNCH 4x4 18(32x25g) PR Vishu IN,MUNCH 4X4 20.1g,12356633,IN C&C : Munch,CHOCOLATE,F&B,576.0,17.39,14.4,66.24,12445982
12449244,MUNCH 4x4 18(32x25g) Mojee IN,MUNCH 4X4 20.1g,12356633,IN C&C : Munch,CHOCOLATE,F&B,576.0,17.39,14.4,66.24,12449244
12476593,MUNCH 4x4 16(28x28.7g)PR 10% Extra IN,MUNCH 4X4 20.1g,12356633,IN C&C : Munch,CHOCOLATE,F&B,448.0,14.9,12.858,49.106,12476593
12478270,MUNCH 4x4 18((30+2)x25g) IN,MUNCH 4X4 20.1g,12356633,IN C&C : Munch,CHOCOLATE,F&B,576.0,17.39,14.4,88.723,12478270
12479608,MUNCH 4x4 18(32x25g) Hero Crnc IN,MUNCH 4X4 20.1g,12356633,IN C&C : Munch,CHOCOLATE,F&B,576.0,17.39,14.4,66.24,12479608
12473245,MUNCH 4x4 18(32x28.8g)PR 15% Extra IN,MUNCH 4X4 20.1g,12356633,IN C&C : Munch,CHOCOLATE,F&B,576.0,19.58,16.589,66.24,12473245
12451987,MUNCH 4x4 18(32x25g) PR Onam IN,MUNCH 4X4 20.1g,12356633,IN C&C : Munch,CHOCOLATE,F&B,576.0,17.39,14.4,66.24,12451987
12510941,MUNCH 4x4 18(32x25g) Maha Prize IN,MUNCH 4X4 20.1g,12356633,IN C&C : Munch,CHOCOLATE,F&B,576.0,17.39,14.4,88.723,12510941
12514677,MUNCH 4x4 18(32x25g) Maggi IN,MUNCH 4X4 20.1g,12356633,IN C&C : Munch,CHOCOLATE,F&B,576.0,17.39,14.4,88.723,12514677
12519205,MUNCH 4x4 18(32x25g) IPL 22 IN,MUNCH 4X4 20.1g,12356633,IN C&C : Munch,CHOCOLATE,F&B,576.0,17.39,14.4,88.723,12519205
12523558,MUNCH 4x4 18(35x21g) IN,MUNCH 4X4 20.1g,12356633,IN C&C : Munch,CHOCOLATE,F&B,630.0,16.13,13.23,88.723,12523558
12526798,MUNCH 4x4 18(35x21g) Maha Prizes IN,MUNCH 4X4 20.1g,12356633,IN C&C : Munch,CHOCOLATE,F&B,630.0,16.13,13.23,66.24,12526798
12529040,MUNCH 4x4 18(35x21g) Onakkodi IN,MUNCH 4X4 20.1g,12356633,IN C&C : Munch,CHOCOLATE,F&B,630.0,16.13,13.23,88.723,12529040
12536229,MUNCH 4x4 18(35x21g) 15% X IN,MUNCH 4X4 20.1g,12356633,IN C&C : Munch,CHOCOLATE,F&B,630.0,16.13,13.23,88.723,12536229
12536199,MUNCH 4x4 18(42x18g) Game IN,MUNCH 4X4 20.1g,12356633,IN C&C : Munch,CHOCOLATE,F&B,756.0,16.55,13.608,66.24,12536199
12534711,MUNCH 4x4 18(42x18g) IN,MUNCH 4X4 20.1g,12356633,IN C&C : Munch,CHOCOLATE,F&B,756.0,16.55,13.608,66.24,12534711
12550637,MUNCH 4x4 18(42x18g) My Pack IN,MUNCH 4X4 20.1g,12356633,IN C&C : Munch,CHOCOLATE,F&B,756.0,16.55,13.608,66.24,12550637
12554704,MUNCH Box 6((57+3)x18g) IN,MUNCH 4X4 20.1g,12356633,IN C&C : Munch,CHOCOLATE,F&B,360.0,8.11,6.48,34.56,12554704
12554951,MUNCH 4x4 18(42x18g) MAGGI IN,MUNCH 4X4 20.1g,12356633,IN C&C : Munch,CHOCOLATE,F&B,756.0,16.55,13.608,66.24,12554951
12559975,MUNCH 4x4 18(42x18g) IPL IN,MUNCH 4X4 20.1g,12356633,IN C&C : Munch,CHOCOLATE,F&B,756.0,16.55,13.608,66.24,12559975
12559982,MUNCH 4x4 18(35x21g) 15% X N1 IN,MUNCH 4X4 20.1g,12356633,IN C&C : Munch,CHOCOLATE,F&B,630.0,16.13,13.23,66.24,12559982
12559972,MUNCH 4x4 18(42x18g) N1 IN,MUNCH 4X4 20.1g,12356633,IN C&C : Munch,CHOCOLATE,F&B,756.0,16.55,13.608,66.24,12559972
12562953,MUNCH 4x4 18(42x18g) IPL 2 IN,MUNCH 4X4 20.1g,12356633,IN C&C : Munch,CHOCOLATE,F&B,756.0,16.55,13.608,66.24,12562953
12571210,MUNCH 4x4 16((27+1)x18g) Buzz IN,MUNCH 4X4 20.1g,12356633,IN C&C : Munch,CHOCOLATE,F&B,448.0,9.787,8.064,38.08,12571210
12562972,MUNCH 4x4 18(42x18g) Buzz IN,MUNCH 4X4 20.1g,12356633,IN C&C : Munch,CHOCOLATE,F&B,756.0,16.55,13.608,66.24,12562972
12571189,MUNCH 4x4 16((27+1)x18g) Onakkodi IN,MUNCH 4X4 20.1g,12356633,IN C&C : Munch,CHOCOLATE,F&B,448.0,9.787,8.064,38.08,12571189
12571188,MUNCH 4x4 16((27+1)x18g) IN,MUNCH 4X4 20.1g,12356633,IN C&C : Munch,CHOCOLATE,F&B,448.0,9.787,8.064,38.08,12571188
12559981,MUNCH Box 6((57+3)x18g) N1 IN,MUNCH 4X4 20.1g,12356633,IN C&C : Munch,CHOCOLATE,F&B,360.0,8.11,6.48,34.56,12559981
12575542,MUNCH 4x4 16(28x18g) Maggi IN,MUNCH 4X4 20.1g,12356633,IN C&C : Munch,CHOCOLATE,F&B,448.0,9.787,8.064,38.08,12575542
12574097,MUNCH 4x4 16(28x18g) IN,MUNCH 4X4 20.1g,12356633,IN C&C : Munch,CHOCOLATE,F&B,448.0,9.787,8.064,38.08,12574097
12577131,MUNCH 4x4 16(28x20g) PR 10% Extra IN,MUNCH 4X4 20.1g,12356633,IN C&C : Munch,CHOCOLATE,F&B,448.0,10.683,8.96,38.08,12577131
12569615,MUNCH 4x4 18(42x20g)PR 10% Extra IN,MUNCH 4X4 20.1g,12356633,IN C&C : Munch,CHOCOLATE,F&B,756.0,18.068,15.12,66.24,12569615
12579492,MUNCH 4x4 Jar 6((58+2)x18g) IN,MUNCH 4X4 20.1g,12356633,IN C&C : Munch,CHOCOLATE,F&B,360.0,8.395,6.48,61.605,12579492
12581372,MUNCH 4x4 24(28x18g) IN,MUNCH 4X4 20.1g,12356633,IN C&C : Munch,CHOCOLATE,F&B,672.0,14.772,12.096,55.76,12581372
12585618,MUNCH 4x4 24(28x18g) PR Chotu 6.3g Fr IN,MUNCH 4X4 20.1g,12356633,IN C&C : Munch,CHOCOLATE,F&B,672.0,14.772,12.096,55.76,12585618
12585636,MUNCH 4x4 18(42x18g) PR Chotu 6.3g Fr IN,MUNCH 4X4 20.1g,12356633,IN C&C : Munch,CHOCOLATE,F&B,756.0,16.55,13.608,66.24,12585636
12596759,MUNCH 4x4 18(42x18g) PR CASHBACK N1 IN,MUNCH 4X4 20.1g,12356633,IN C&C : Munch,CHOCOLATE,F&B,756.0,16.55,13.608,66.24,12596759
12603248,MUNCH 4x4 18(42x18g)PR ONAM N1 IN,MUNCH 4X4 20.1g,12356633,IN C&C : Munch,CHOCOLATE,F&B,756.0,16.556,13.608,66.24,12603248
12608621,MUNCH Twin Bar 12(42x17.8g) IN,MUNCH 4X4 20.1g,12356633,IN C&C : Munch,CHOCOLATE,F&B,504.0,11.385,8.971,43.733,12608621
12619134,MUNCH Twin Bar 12(42x17.4g) IN,MUNCH 4X4 20.1g,12356633,IN C&C : Munch,CHOCOLATE,F&B,504.0,11.183,8.77,43.733,12619134
12391074,MUNCH 4x4 Container 12(30x28.7g) IN,Munch 4x4 Container,12391074,IN C&C : Munch,CHOCOLATE,F&B,360.0,13.8,10.332,65.604,12391074
12351906,MUNCH 4X4 TIFFIN 16(24X20.1g) N2 IN,MUNCH 4x4 Tiffin Pack 20.1g,12351906,IN C&C : Munch,CHOCOLATE,F&B,384.0,10.771,7.718,54.896,12351906
12363134,MUNCH 4x4 Tiffin Pack 16(24x22.1g)10% IN,MUNCH 4x4 Tiffin Pack 20.1g,12351906,IN C&C : Munch,CHOCOLATE,F&B,384.0,11.5,8.486,54.896,12363134
12585703,MUNCH Brownie 18(20x40g) IN,MUNCH Brownie 40g,12585703,IN C&C : Munch,CHOCOLATE,F&B,756.0,16.128,14.4,66.24,12585703
12612134,MUNCH Brownie 18(20x37.5g) IN,MUNCH Brownie 40g,12585703,IN C&C : Munch,CHOCOLATE,F&B,360.0,16.208,13.5,63.475,12612134
12602350,MUNCH Butterscotch 18(20x40g) IN,MUNCH Butterscotch 40g,12602350,IN C&C : Munch Maxx,CHOCOLATE,F&B,360.0,16.128,14.4,62.373,12602350
12612203,MUNCH Butterscotch 18(20x37.5g) IN,MUNCH Butterscotch 40g,12602350,IN C&C : Munch Maxx,CHOCOLATE,F&B,360.0,16.208,13.5,63.475,12612203
12609743,MUNCH Cereal Choco Fills 32x100g IN,MUNCH Cereal Choco Fills 100g IN,12609743,IN CPW : Munch Choco Fills,BREAKFAST CEREAL,NBC,32.0,4.537,3.2,53.602,12609743
12616899,MUNCH Cereal Choco Fill 192x17gPR 2gX IN,MUNCH Cereal Choco Fills 19g,12616899,IN CPW : Munch Choco Fills,BREAKFAST CEREAL,NBC,192.0,4.901,3.264,82.485,12616899
12609760,MUNCH Cereal Choco Fills 144x30g IN,MUNCH Cereal Choco Fills 30g IN,12609760,IN CPW : Munch Choco Fills,BREAKFAST CEREAL,NBC,144.0,6.403,4.32,110.448,12609760
11340240,MUNCH CHOTU Enrobed Wafer Box16(55x7g)IN,MUNCH Chotu,12351879,IN C&C : Munch,CHOCOLATE,F&B,880.0,8.0,6.16,37.637,11340240
12097578,MUNCH CHOTU Wafer Box 16(55x6.1g) IN,MUNCH Chotu,12351879,IN C&C : Munch,CHOCOLATE,F&B,880.0,8.0,5.368,34.98,12097578
12158270,MUNCH CHOTU Wafer Box 16(55x5.7g) IN,MUNCH Chotu,12351879,IN C&C : Munch,CHOCOLATE,F&B,880.0,7.04,5.016,33.307,12158270
12177117,MUNCH CHOTU Wafer Box 16(55x5g) IN,MUNCH Chotu,12351879,IN C&C : Munch,CHOCOLATE,F&B,880.0,7.04,4.4,30.56,12177117
12209627,MUNCH Chotu 18(55 x 3.6g) IN,MUNCH Chotu,12351879,IN C&C : Munch,CHOCOLATE,F&B,990.0,5.7,3.564,27.39,12209627
12293484,MUNCH Chotu 18(55 x 3.6g) PR 5 Free IN,MUNCH Chotu,12351879,IN C&C : Munch,CHOCOLATE,F&B,990.0,5.7,3.564,27.39,12293484
12311619,MUNCH Chotu 18(60x3.6g) IN,MUNCH Chotu,12351879,IN C&C : Munch,CHOCOLATE,F&B,1080.0,6.04,3.888,27.39,12311619
12343671,MUNCH Chotu 30(60X3.6g) N1 IN,MUNCH Chotu,12351879,IN C&C : Munch,CHOCOLATE,F&B,1800.0,8.394,6.48,39.611,12343671
12351879,MUNCH Chotu 30(60X3.6g) N2 IN,MUNCH Chotu,12351879,IN C&C : Munch,CHOCOLATE,F&B,1800.0,8.4,6.48,39.611,12351879
12365309,MUNCH Chotu ((29+1)(60x3.6g) ) PR 1Fr IN,MUNCH Chotu,12351879,IN C&C : Munch,CHOCOLATE,F&B,1800.0,8.39,6.48,39.611,12365309
12374864,MUNCH Chotu 30((66+4)x3.6g) PR 4 Unit IN,MUNCH Chotu,12351879,IN C&C : Munch,CHOCOLATE,F&B,2100.0,9.7,7.56,48.819,12374864
12383295,MUNCH Chotu 30(60x5.3g) IN,MUNCH Chotu,12351879,IN C&C : Munch,CHOCOLATE,F&B,1800.0,13.65,9.54,64.828,12383295
12417699,MUNCH Chotu 30(60x4.4g) IN,MUNCH Chotu,12351879,IN C&C : Munch,CHOCOLATE,F&B,1800.0,10.6,7.92,57.938,12417699
12585700,MUNCH Chotu 24(28x6.3g)FrW 4x4 18g IN,MUNCH Chotu,12351879,IN C&C : Munch,CHOCOLATE,F&B,672.0,5.77,4.234,25.304,12585700
12585701,MUNCH Chotu 18(42x6.3g)FrW 4x4 18g IN,MUNCH Chotu,12351879,IN C&C : Munch,CHOCOLATE,F&B,756.0,6.3,4.763,29.68,12585701
12121206,MUNCH CHOTU Jar 12(55 x6.1g) IN,MUNCH Chotu Jar 335g,12121206,IN C&C : Munch,CHOCOLATE,F&B,660.0,6.5,4.026,42.723,12121206
12383305,MUNCH Chotu Jar 16(100x5.3g) IN,MUNCH Chotu Jar 335g,12121206,IN C&C : Munch,CHOCOLATE,F&B,1600.0,13.03,8.48,82.571,12383305
12410963,MUNCH Crisp-Pop 16(28x20.1g) IN,MUNCH Crisp-pop 20.1g,12437195,IN C&C : Munch,CHOCOLATE,F&B,448.0,10.8,9.005,41.951,12410963
12437898,MUNCH Crisp-Pop 16((26+2)x20.1g) IN,MUNCH Crisp-pop 20.1g,12437195,IN C&C : Munch,CHOCOLATE,F&B,448.0,10.8,9.005,42.56,12437898
12439228,MUNCH Crisp Pop 16(28x20.1g) 83 Movie IN,MUNCH Crisp-pop 20.1g,12437195,IN C&C : Munch,CHOCOLATE,F&B,448.0,10.8,9.005,42.56,12439228
12437220,MUNCH Crisp Pop Pouch 36(10x20.1g) IN,MUNCH Crisp-pop 20.1g,12437195,IN C&C : Munch,CHOCOLATE,F&B,36.0,8.8,7.236,50.801,12437220
12437195,MUNCH Crisp Pop Bucket 12(36x20.1g) IN,MUNCH Crisp-pop 20.1g,12437195,IN C&C : Munch,CHOCOLATE,F&B,432.0,10.78,8.683,64.974,12437195
12480573,MUNCH Crisp-Pop16(28x20.1g) Hero Crnc IN,MUNCH Crisp-pop 20.1g,12437195,IN C&C : Munch,CHOCOLATE,F&B,448.0,10.81,9.005,42.56,12480573
12516452,MUNCH Crisp-Pop 16(28x18.8g) IN,MUNCH Crisp-pop 20.1g,12437195,IN C&C : Munch,CHOCOLATE,F&B,448.0,10.3,8.422,41.951,12516452
12359865,MUNCH CRUNCH O NUTS 18(16x(16x2))g IN,MUNCH Crunch O Nuts 32g,12359865,IN C&C : Munch Nuts,CHOCOLATE,F&B,288.0,11.8,9.216,44.17,12359865
12397538,MUNCH CrunchONuts18(16x(16x2)g)PR StkrIN,MUNCH Crunch O Nuts 32g,12359865,IN C&C : Munch Nuts,CHOCOLATE,F&B,288.0,12.22,9.216,44.17,12397538
12417659,MUNCH CrunchONuts18(20x(16x2g)) IN,MUNCH Crunch O Nuts 32g,12359865,IN C&C : Munch Nuts,CHOCOLATE,F&B,360.0,14.3,11.52,52.241,12417659
12417669,MUNCH CrunchONuts18(20x(16x2g)Mojee IN,MUNCH Crunch O Nuts 32g,12359865,IN C&C : Munch Nuts,CHOCOLATE,F&B,360.0,14.3,11.52,54.023,12417669
12439204,MUNCH CrunchONuts18(20x(16x2g))83Mve IN,MUNCH Crunch O Nuts 32g,12359865,IN C&C : Munch Nuts,CHOCOLATE,F&B,360.0,14.3,11.52,54.023,12439204
12470616,MUNCH Fruit O Nuts 18(20x32g) IN,MUNCH Fruit O Nuts 32g,12470616,IN C&C : Munch Nuts,CHOCOLATE,F&B,360.0,14.38,11.52,54.023,12470616
12493940,MUNCH Fruit O Nuts 18(24x32g) IN,MUNCH Fruit O Nuts 32g,12470616,IN C&C : Munch Nuts,CHOCOLATE,F&B,432.0,16.58,13.824,54.648,12493940
12508026,MUNCH Fruit O Nuts 18(24x32g) Paytm IN,MUNCH Fruit O Nuts 32g,12470616,IN C&C : Munch Nuts,CHOCOLATE,F&B,432.0,16.58,13.824,54.648,12508026
12575033,MUNCH Fruity 18(24x30g) IN,MUNCH Fruity 30g,12575033,IN C&C : Munch,CHOCOLATE,F&B,432.0,15.721,12.96,55.638,12575033
12356667,MUNCH Gift Pack 40(20x7.2g) IN,MUNCH Gift Pack 7.2g,12356667,IN C&C : Munch,CHOCOLATE,F&B,40.0,9.857,5.76,56.918,12356667
12369696,MUNCH Mini Tiffin Pack 40(20x7.2g) IN,MUNCH Gift Pack 7.2g,12356667,IN C&C : Munch,CHOCOLATE,F&B,40.0,9.7,5.76,56.286,12369696
12372687,MUNCH Minis Gift Pack 80(10x7.2g) IN,MUNCH Gift Pack 7.2g,12356667,IN C&C : Munch,CHOCOLATE,F&B,80.0,10.7,5.76,62.108,12372687
12406142,MUNCH Greeting Pack 80(10x7.2g) IN,MUNCH Greeting Pack 7.2g,12406142,IN C&C : Munch,CHOCOLATE,F&B,80.0,10.8,5.76,65.293,12406142
12393292,MUNCH Home Box 16((2x12)x7.2g) IN,MUNCH Home Box 7.2g,12393292,IN C&C : Munch,CHOCOLATE,F&B,16.0,6.5,2.765,43.776,12393292
12370830,MUNCH IPL Orange 16(28x16.5g) IN,MUNCH IPL Orange 16.5g,12370830,IN C&C : Munch,CHOCOLATE,F&B,448.0,9.0,7.392,38.08,12370830
12070390,MUNCH Maha 24(24x16g) IN,MUNCH Maha,12311653,IN C&C : Munch,CHOCOLATE,F&B,576.0,11.3,9.216,42.793,12070390
12125293,MUNCH Maha Wafer 24(24x21g) PR 5g IN,MUNCH Maha,12311653,IN C&C : Munch,CHOCOLATE,F&B,576.0,15.3,12.096,44.928,12125293
12135506,MUNCH Maha 24(24x15g) IN,MUNCH Maha,12311653,IN C&C : Munch,CHOCOLATE,F&B,576.0,10.9,8.64,29.095,12135506
12167529,MUNCH Maha 24(24x13g) N1 IN,MUNCH Maha,12311653,IN C&C : Munch,CHOCOLATE,F&B,576.0,10.9,7.488,29.095,12167529
12167581,MUNCH Maha 24(24x13g) N2 IN,MUNCH Maha,12311653,IN C&C : Munch,CHOCOLATE,F&B,576.0,9.97,7.488,29.095,12167581
12167582,MUNCH Maha 12(48x13g) N1 IN,MUNCH Maha,12311653,IN C&C : Munch,CHOCOLATE,F&B,576.0,9.68,7.488,29.095,12167582
12167583,MUNCH Maha 12(48x13g) N2 IN,MUNCH Maha,12311653,IN C&C : Munch,CHOCOLATE,F&B,576.0,10.9,7.488,29.095,12167583
12167584,MUNCH Maha 24(24x15g) N2 IN,MUNCH Maha,12311653,IN C&C : Munch,CHOCOLATE,F&B,576.0,10.9,8.64,29.095,12167584
12177111,MUNCH Maha 12(48x11.5g) N1 IN,MUNCH Maha,12311653,IN C&C : Munch,CHOCOLATE,F&B,576.0,8.8,6.624,35.961,12177111
12177113,MUNCH Maha 12(48x11.5g) N2 IN,MUNCH Maha,12311653,IN C&C : Munch,CHOCOLATE,F&B,576.0,8.4,6.624,35.961,12177113
12177114,MUNCH Maha 24(24x11.5g) N2 IN,MUNCH Maha,12311653,IN C&C : Munch,CHOCOLATE,F&B,576.0,8.8,6.624,35.961,12177114
12177115,MUNCH Maha 24(24x11.5g) N1 IN,MUNCH Maha,12311653,IN C&C : Munch,CHOCOLATE,F&B,576.0,8.86,6.624,35.961,12177115
12199577,MUNCH Maha Onam 24(24x13g) IN,MUNCH Maha,12311653,IN C&C : Munch,CHOCOLATE,F&B,576.0,10.9,7.488,29.095,12199577
12217251,MUNCH 12(48*11.5g) PR 2units Fr N1 IN,MUNCH Maha,12311653,IN C&C : Munch,CHOCOLATE,F&B,576.0,8.39,6.624,35.961,12217251
12229988,MUNCH Maha Onam 24(24x11.5g) N1 IN,MUNCH Maha,12311653,IN C&C : Munch,CHOCOLATE,F&B,576.0,8.86,6.624,35.961,12229988
12263589,MUNCH Maha 12(48x10.1g) IN,MUNCH Maha,12311653,IN C&C : Munch,CHOCOLATE,F&B,576.0,7.82,5.818,33.0,12263589
12263784,MUNCH Maha 24(24x10.1g) IN,MUNCH Maha,12311653,IN C&C : Munch,CHOCOLATE,F&B,576.0,7.82,5.818,33.0,12263784
12286323,MUNCH Maha 24(24x10.1g) PR ONAM IN,MUNCH Maha,12311653,IN C&C : Munch,CHOCOLATE,F&B,576.0,7.82,5.818,33.0,12286323
12305208,MUNCH Maha 24(24x13.2g) PR 30% Extra IN,MUNCH Maha,12311653,IN C&C : Munch,CHOCOLATE,F&B,576.0,9.85,7.603,43.886,12305208
12311653,MUNCH Maha 32(24x10.1g) N1 IN,MUNCH Maha,12311653,IN C&C : Munch,CHOCOLATE,F&B,768.0,10.3,7.757,40.257,12311653
12311656,MUNCH Maha 12(48X10.1g)) N1 IN,MUNCH Maha,12311653,IN C&C : Munch,CHOCOLATE,F&B,576.0,7.82,5.818,32.788,12311656
12312412,MUNCH Maha 12((46+2)10.1g)PR 2Unit Fr IN,MUNCH Maha,12311653,IN C&C : Munch,CHOCOLATE,F&B,576.0,9.96,5.818,35.374,12312412
12318359,MUNCH Maha 32((24+1)x10.1g) N1 IN,MUNCH Maha,12311653,IN C&C : Munch,CHOCOLATE,F&B,800.0,11.9,8.08,43.886,12318359
12319074,MUNCH Maha 12((48+2)x10.1g) IN,MUNCH Maha,12311653,IN C&C : Munch,CHOCOLATE,F&B,600.0,7.8,6.06,32.788,12319074
12319704,MUNCH Maha 32(30x10.1g) PR ONAM IN,MUNCH Maha,12311653,IN C&C : Munch,CHOCOLATE,F&B,960.0,12.1,9.696,51.135,12319704
12332231,MUNCH Maha 32(24x12.1g) PR 20% Extra IN,MUNCH Maha,12311653,IN C&C : Munch,CHOCOLATE,F&B,768.0,11.828,9.293,40.257,12332231
12332376,MUNCH Maha 12(48x12.1g) PR 20% Extra IN,MUNCH Maha,12311653,IN C&C : Munch,CHOCOLATE,F&B,576.0,9.056,6.97,32.788,12332376
12337549,MUNCH Maha 12(50x10.1g) PR B1Ecl IN,MUNCH Maha,12311653,IN C&C : Munch,CHOCOLATE,F&B,600.0,7.71,6.06,32.788,12337549
12351900,MUNCH Maha 32(24x10.1g) N2 IN,MUNCH Maha,12311653,IN C&C : Munch,CHOCOLATE,F&B,768.0,9.934,7.757,40.257,12351900
12351902,MUNCH Maha 12(48X10.1g)) N2 IN,MUNCH Maha,12311653,IN C&C : Munch,CHOCOLATE,F&B,576.0,7.457,5.818,32.788,12351902
12351904,MUNCH Maha 32(30x10.1g) PR ONAM N2 IN,MUNCH Maha,12311653,IN C&C : Munch,CHOCOLATE,F&B,960.0,12.175,9.696,51.135,12351904
12356668,MUNCH Maha 18(48x10.1g) N2 IN,MUNCH Maha,12311653,IN C&C : Munch,CHOCOLATE,F&B,864.0,10.654,8.726,43.648,12356668
12360768,MUNCH Maha 32(24x11.1g) 10% Extra IN,MUNCH Maha,12311653,IN C&C : Munch,CHOCOLATE,F&B,768.0,10.7,8.525,40.257,12360768
12360769,MUNCH Maha 18(48x11.1g) 10% Extra IN,MUNCH Maha,12311653,IN C&C : Munch,CHOCOLATE,F&B,864.0,11.5,9.59,43.648,12360769
12382540,MUNCH Maha 32(30x11.1g) PR ONAM IN,MUNCH Maha,12311653,IN C&C : Munch,CHOCOLATE,F&B,32.0,13.2,10.656,52.29,12382540
12383114,MUNCH Maha 18((47+3)x11.1g) PR Crunch IN,MUNCH Maha,12311653,IN C&C : Munch,CHOCOLATE,F&B,900.0,11.9,9.99,43.648,12383114
12383115,MUNCH Maha 32(24x11.1g) PR Crunch IN,MUNCH Maha,12311653,IN C&C : Munch,CHOCOLATE,F&B,768.0,10.7,8.525,40.257,12383115
12383116,MUNCH Maha 32((23+1)x11.1g) PR Crunch IN,MUNCH Maha,12311653,IN C&C : Munch,CHOCOLATE,F&B,768.0,10.7,8.525,40.257,12383116
12383259,MUNCH Maha 18(48x11.1g) PR Crunch IN,MUNCH Maha,12311653,IN C&C : Munch,CHOCOLATE,F&B,864.0,11.5,9.59,43.648,12383259
12396773,MUNCH Maha 18(48x11.1g) Mojee IN,MUNCH Maha,12311653,IN C&C : Munch,CHOCOLATE,F&B,864.0,11.9,9.59,43.648,12396773
12396946,MUNCH Maha 32(24x11.1g) Mojee IN,MUNCH Maha,12311653,IN C&C : Munch,CHOCOLATE,F&B,768.0,10.92,8.525,40.257,12396946
12406143,MUNCH Maha18(48x12.1g)PR 20% Extra N1 IN,MUNCH Maha,12311653,IN C&C : Munch,CHOCOLATE,F&B,864.0,12.4,10.454,43.648,12406143
12406144,MUNCH Maha32(24x12.1g)PR 20% Extra N1 IN,MUNCH Maha,12311653,IN C&C : Munch,CHOCOLATE,F&B,768.0,11.8,9.293,40.257,12406144
12415658,MUNCH Maha 32((23+1)x11.1g)PR 10% Ext IN,MUNCH Maha,12311653,IN C&C : Munch,CHOCOLATE,F&B,768.0,10.7,8.525,40.257,12415658
12415665,MUNCH Maha 18(50x11.1g) IN,MUNCH Maha,12311653,IN C&C : Munch,CHOCOLATE,F&B,900.0,11.9,9.99,42.55,12415665
12422634,MUNCH Maha 18(50x11.1g) Mojee IN,MUNCH Maha,12311653,IN C&C : Munch,CHOCOLATE,F&B,900.0,11.9,9.99,43.648,12422634
12432835,MUNCH Maha 36(24x11.1g) 10% Extra IN,MUNCH Maha,12311653,IN C&C : Munch,CHOCOLATE,F&B,864.0,12.0,9.59,44.989,12432835
12434117,MUNCH Maha 36(24x13.2g) PR 30%Extra IN,MUNCH Maha,12311653,IN C&C : Munch,CHOCOLATE,F&B,864.0,14.0,11.405,45.414,12434117
12435578,MUNCH Maha 18(50x13.2g) PR 30% Extra IN,MUNCH Maha,12311653,IN C&C : Munch,CHOCOLATE,F&B,900.0,13.8,11.88,43.648,12435578
12439192,MUNCH Maha 36(24x11.1g) 83 Movie IN,MUNCH Maha,12311653,IN C&C : Munch,CHOCOLATE,F&B,864.0,12.0,9.59,44.243,12439192
12439222,MUNCH Maha 18(50x11.1g) 83 Movie IN,MUNCH Maha,12311653,IN C&C : Munch,CHOCOLATE,F&B,900.0,11.9,9.99,43.648,12439222
12446866,MUNCH Maha 36(23+1x11.1g)10% Extra N1 IN,MUNCH Maha,12311653,IN C&C : Munch,CHOCOLATE,F&B,864.0,12.0,9.59,45.414,12446866
12449245,MUNCH Maha 36(24x11.1g) Mojee IN,MUNCH Maha,12311653,IN C&C : Munch,CHOCOLATE,F&B,864.0,12.0,9.59,45.414,12449245
12457111,MUNCH Maha 36(24x11.1g)10% E PR Onam IN,MUNCH Maha,12311653,IN C&C : Munch,CHOCOLATE,F&B,864.0,12.0,9.59,47.557,12457111
12479609,MUNCH Maha 36(24x11.1g) Hero Crnc IN,MUNCH Maha,12311653,IN C&C : Munch,CHOCOLATE,F&B,864.0,12.0,9.59,45.414,12479609
12479615,MUNCH Maha 18(50x11.1g) Hero Crnc IN,MUNCH Maha,12311653,IN C&C : Munch,CHOCOLATE,F&B,900.0,11.94,9.99,43.648,12479615
12477450,MUNCH Maha Tin 4(200x11.1g) IN,MUNCH Maha,12311653,IN C&C : Munch,CHOCOLATE,F&B,800.0,12.56,8.88,48.18,12477450
12483214,MUNCH Maha 36((23+1)x11.1g) IN,MUNCH Maha,12311653,IN C&C : Munch,CHOCOLATE,F&B,864.0,12.0,9.59,44.989,12483214
12483208,MUNCH Maha 36(24x11.1g) IN,MUNCH Maha,12311653,IN C&C : Munch,CHOCOLATE,F&B,864.0,12.0,9.59,44.989,12483208
12453392,MUNCH Maha 18(50X10.4g)) IN,MUNCH Maha,12311653,IN C&C : Munch,CHOCOLATE,F&B,900.0,11.27,9.36,43.648,12453392
12453401,MUNCH Maha 36(24x10.4g) IN,MUNCH Maha,12311653,IN C&C : Munch,CHOCOLATE,F&B,864.0,11.38,8.986,51.51,12453401
12484805,MUNCH Maha 36(24x13.4g)PR 25% Extra IN,MUNCH Maha,12311653,IN C&C : Munch,CHOCOLATE,F&B,864.0,13.97,11.578,45.414,12484805
12484802,MUNCH Maha 18(50x13.4g)PR 25% Extra IN,MUNCH Maha,12311653,IN C&C : Munch,CHOCOLATE,F&B,900.0,13.97,12.06,43.648,12484802
12492943,MUNCH Maha Tin 4(200x10.4g) IN,MUNCH Maha,12311653,IN C&C : Munch,CHOCOLATE,F&B,800.0,12.0,8.32,48.18,12492943
12502932,MUNCH Maha 36((23+1)x10.4g) Festive IN,MUNCH Maha,12311653,IN C&C : Munch,CHOCOLATE,F&B,864.0,11.38,8.986,45.414,12502932
12509769,MUNCH Maha 36(24x13.4g)Festive 25% X IN,MUNCH Maha,12311653,IN C&C : Munch,CHOCOLATE,F&B,864.0,13.97,11.578,45.414,12509769
12351901,MUNCH Maha 12((48+2)x10.1g) N2 PR IN,MUNCH Maha,12311653,IN C&C : Munch,CHOCOLATE,F&B,600.0,7.71,6.06,32.788,12351901
12364525,MUNCH Maha 18((47+3)11.1g) 10% Extra IN,MUNCH Maha,12311653,IN C&C : Munch,CHOCOLATE,F&B,900.0,11.9,9.99,43.648,12364525
12482719,MUNCH Maha 18((48+2)x11.1g) N1 IN,MUNCH Maha,12311653,IN C&C : Munch,CHOCOLATE,F&B,900.0,11.9,9.99,43.648,12482719
12476602,MUNCH Maha 18x(48+2)x10.4g IN,MUNCH Maha,12311653,IN C&C : Munch,CHOCOLATE,F&B,900.0,11.27,9.36,43.648,12476602
12516450,MUNCH Maha 27(32x10.4g) IN,MUNCH Maha,12311653,IN C&C : Munch,CHOCOLATE,F&B,864.0,11.19,8.986,51.51,12516450
12519194,MUNCH Maha 27(32x10.4g) IPL 22 IN,MUNCH Maha,12311653,IN C&C : Munch,CHOCOLATE,F&B,864.0,11.19,8.986,45.414,12519194
12519204,MUNCH Maha 27(32x10.4g) IPL PJB IN,MUNCH Maha,12311653,IN C&C : Munch,CHOCOLATE,F&B,864.0,11.19,8.986,45.414,12519204
12529004,MUNCH Maha 27(32x10.4g) Festive IN,MUNCH Maha,12311653,IN C&C : Munch,CHOCOLATE,F&B,864.0,11.19,8.986,45.414,12529004
12549354,MUNCH Maha 27(32x8.9g) IN,MUNCH Maha,12311653,IN C&C : Munch,CHOCOLATE,F&B,864.0,9.93,7.69,45.872,12549354
12549366,MUNCH Maha 18(50x8.9g) IN,MUNCH Maha,12311653,IN C&C : Munch,CHOCOLATE,F&B,900.0,9.89,8.01,43.648,12549366
12559877,MUNCH Maha 27(32x8.9g) N1 IN,MUNCH Maha,12311653,IN C&C : Munch,CHOCOLATE,F&B,864.0,9.93,7.69,44.204,12559877
12559956,MUNCH Maha 18(50x8.9g) N1 IN,MUNCH Maha,12311653,IN C&C : Munch,CHOCOLATE,F&B,900.0,9.89,8.01,43.648,12559956
12582597,MUNCH Maha 27(32x10.4g)PR 15% Extra IN,MUNCH Maha,12311653,IN C&C : Munch,CHOCOLATE,F&B,864.0,11.19,8.986,51.51,12582597
12582613,MUNCH Maha 18(50x10.4g)PR 15% Extra IN,MUNCH Maha,12311653,IN C&C : Munch,CHOCOLATE,F&B,900.0,11.27,9.36,43.648,12582613
12580640,MUNCH Maha 27((31+1)x8.9g) IN,MUNCH Maha,12311653,IN C&C : Munch,CHOCOLATE,F&B,864.0,9.93,7.69,44.204,12580640
12593478,MUNCH Maha 27(32x8.9g) Ugadi Festive IN,MUNCH Maha,12311653,IN C&C : Munch,CHOCOLATE,F&B,864.0,9.93,7.69,44.204,12593478
12591638,MUNCH Maha 27(32x8.9g) REWARD IN,MUNCH Maha,12311653,IN C&C : Munch,CHOCOLATE,F&B,864.0,9.93,7.69,44.204,12591638
12591668,MUNCH Maha 18(50x8.9g) REWARD IN,MUNCH Maha,12311653,IN C&C : Munch,CHOCOLATE,F&B,900.0,9.89,8.01,43.648,12591668
12600871,MUNCH Maha 27(32x8.9g)PR Maha 8.9g Fr IN,MUNCH Maha,12311653,IN C&C : Munch,CHOCOLATE,F&B,864.0,9.93,7.69,44.204,12600871
12600838,MUNCH Maha 18(50x8.9g)PR Maha 8.9g Fr IN,MUNCH Maha,12311653,IN C&C : Munch,CHOCOLATE,F&B,900.0,9.89,8.01,43.648,12600838
12595878,MUNCH Maha 27(32x10.4g)PR 20% LONG IN,MUNCH Maha,12311653,IN C&C : Munch,CHOCOLATE,F&B,864.0,11.19,8.986,51.51,12595878
12595900,MUNCH Maha 18(50x10.4g)PR 20% LONG IN,MUNCH Maha,12311653,IN C&C : Munch,CHOCOLATE,F&B,900.0,11.27,9.36,43.648,12595900
12615608,MUNCH Maha 27(32x10.4g)Festive IN,MUNCH Maha,12311653,IN C&C : Munch,CHOCOLATE,F&B,864.0,11.19,8.986,51.51,12615608
12618848,MUNCH Maha 18(50x8.7g) IN,MUNCH Maha,12311653,IN C&C : Munch,CHOCOLATE,F&B,900.0,10.22,7.83,43.648,12618848
12619113,MUNCH Maha 27(32x8.7g) IN,MUNCH Maha,12311653,IN C&C : Munch,CHOCOLATE,F&B,864.0,9.763,7.517,49.216,12619113
12601026,MUNCH Maha 18(50x8.9g) FrW Maha 8.9g IN,MUNCH Maha 18(50x8.9g) FrW Maha 8.9g IN,12601026,IN C&C : Munch,CHOCOLATE,F&B,900.0,9.89,8.01,43.648,12601026
12600876,MUNCH Maha 27(32x8.9g) FrW Maha 8.9g IN,MUNCH Maha 27(32x8.9g) FrW Maha 8.9g IN,12600876,IN C&C : Munch,CHOCOLATE,F&B,864.0,9.93,7.69,44.204,12600876
12380855,MUNCH Maha Box 8((67+5)x11.1g) PR 5U IN,MUNCH Maha Box 11.1g,12380855,IN C&C : Munch,CHOCOLATE,F&B,576.0,8.54,6.394,44.06,12380855
12417702,MUNCH Maha Box 8((68+4)x11.1g) PR 4U IN,MUNCH Maha Box 11.1g,12380855,IN C&C : Munch,CHOCOLATE,F&B,576.0,8.2,6.394,44.064,12417702
12463288,MUNCH Maha Box 9((68+4)x11.1g) IN,MUNCH Maha Box 11.1g,12380855,IN C&C : Munch,CHOCOLATE,F&B,648.0,9.08,7.193,40.986,12463288
12460185,MUNCH Maha Box 9((68+4)x10.4g) IN,MUNCH Maha Box 11.1g,12380855,IN C&C : Munch,CHOCOLATE,F&B,648.0,8.63,6.739,40.986,12460185
12516453,MUNCH Maha Box 9((76+4)x10.4g IN,MUNCH Maha Box 11.1g,12380855,IN C&C : Munch,CHOCOLATE,F&B,720.0,9.4,7.488,45.414,12516453
12549382,MUNCH Macha 9((76+4)x8.9g) IN,MUNCH Maha Box 11.1g,12380855,IN C&C : Munch,CHOCOLATE,F&B,720.0,8.3,6.408,40.986,12549382
12554711,MUNCH Box 6((99+6)x8.9g) IN,MUNCH Maha Box 11.1g,12380855,IN C&C : Munch,CHOCOLATE,F&B,630.0,6.97,5.607,31.075,12554711
12586355,MUNCH Box 6((99+6)x10.4g)PR 20% LONG IN,MUNCH Maha Box 11.1g,12380855,IN C&C : Munch,CHOCOLATE,F&B,630.0,8.148,6.552,32.34,12586355
12070379,MUNCH Maha Home Pack 75x96g IN,MUNCH Maha Home,12351907,IN C&C : Munch,CHOCOLATE,F&B,75.0,10.3,7.2,43.469,12070379
12135447,MUNCH Maha Home Pack 75x90g IN,MUNCH Maha Home,12351907,IN C&C : Munch,CHOCOLATE,F&B,75.0,10.2,6.75,44.785,12135447
12177110,MUNCH Maha Home Pack 75x78g IN,MUNCH Maha Home,12351907,IN C&C : Munch,CHOCOLATE,F&B,75.0,10.9,5.85,42.9,12177110
12177116,MUNCH Maha Home (75x69g) IN,MUNCH Maha Home,12351907,IN C&C : Munch,CHOCOLATE,F&B,75.0,7.5,5.175,47.541,12177116
12262371,MUNCH Maha Home (75x69g) PR IN,MUNCH Maha Home,12351907,IN C&C : Munch,CHOCOLATE,F&B,75.0,7.5,5.175,48.195,12262371
12263550,MUNCH Home 75X(10x7.2g) IN,MUNCH Maha Home,12351907,IN C&C : Munch,CHOCOLATE,F&B,75.0,8.46,5.4,53.516,12263550
12273167,MUNCH Home 75(10x7.2g) PR Snapdeal IN,MUNCH Maha Home,12351907,IN C&C : Munch,CHOCOLATE,F&B,75.0,7.5,5.4,53.516,12273167
12280988,MUNCH Home 75(10x7.2g) PR Free IN,MUNCH Maha Home,12351907,IN C&C : Munch,CHOCOLATE,F&B,75.0,8.19,5.4,53.516,12280988
12286247,MUNCH Home 75(10x7.2g) PR 1 FREE IN,MUNCH Maha Home,12351907,IN C&C : Munch,CHOCOLATE,F&B,75.0,8.16,5.4,53.516,12286247
12311618,MUNCH Home 75(10x7.2g) N1 IN,MUNCH Maha Home,12351907,IN C&C : Munch,CHOCOLATE,F&B,75.0,8.1,5.4,57.38,12311618
12322207,MUNCH Home 75(10x7.2g) PR 1 Unit Free IN,MUNCH Maha Home,12351907,IN C&C : Munch,CHOCOLATE,F&B,75.0,8.1,5.4,57.38,12322207
12338745,MUNCH Party Pack 75(10x7.2g) PR Vishu IN,MUNCH Maha Home,12351907,IN C&C : Munch,CHOCOLATE,F&B,75.0,8.1,5.4,51.789,12338745
12342987,MUNCH Party Pack 100(10X7.2g) N1 IN,MUNCH Maha Home,12351907,IN C&C : Munch,CHOCOLATE,F&B,100.0,10.089,7.2,62.832,12342987
12351907,MUNCH Party Pack 100(10x7.2g) N2 IN,MUNCH Maha Home,12351907,IN C&C : Munch,CHOCOLATE,F&B,100.0,10.089,7.2,68.544,12351907
12395431,MUNCH Party Pack 100(10x7.2g) N3 IN,MUNCH Maha Home,12351907,IN C&C : Munch,CHOCOLATE,F&B,100.0,10.71,7.2,68.544,12395431
12409261,MUNCH Party Pack 100(10x6.3g) IN,MUNCH Maha Home,12351907,IN C&C : Munch,CHOCOLATE,F&B,100.0,9.24,6.3,75.81,12409261
12415755,MUNCH Party Pack 100(10X7.2g) N4 IN,MUNCH Maha Home,12351907,IN C&C : Munch,CHOCOLATE,F&B,100.0,10.1,7.2,68.544,12415755
12517658,MUNCH Home Pack 100(10x6.3g) N1 IN,MUNCH Maha Home,12351907,IN C&C : Munch,CHOCOLATE,F&B,100.0,9.24,6.3,75.81,12517658
12519197,MUNCH Home Pack 100(10x6.3g) Festive IN,MUNCH Maha Home,12351907,IN C&C : Munch,CHOCOLATE,F&B,100.0,9.24,6.3,75.81,12519197
12559991,MUNCH Home Pack 100(10x6.3g)N2 IN,MUNCH Maha Home,12351907,IN C&C : Munch,CHOCOLATE,F&B,100.0,9.24,6.3,75.81,12559991
12591063,MUNCH Home Pack100(10x6.3g)Rs5Off FestIN,MUNCH Maha Home,12351907,IN C&C : Munch,CHOCOLATE,F&B,100.0,9.24,6.3,75.81,12591063
12593696,MUNCH Home Pack 100(10x6.3g)PR Rs5Off IN,MUNCH Maha Home,12351907,IN C&C : Munch,CHOCOLATE,F&B,100.0,9.24,6.3,75.81,12593696
12190118,MUNCH Maha 6(70x13g) N1 PR JAR IN,MUNCH Maha Jar 10.1g,12351903,IN C&C : Munch,CHOCOLATE,F&B,420.0,7.43,5.46,47.616,12190118
12226763,MUNCH 6(90x11.5g) N1 PR JAR IN,MUNCH Maha Jar 10.1g,12351903,IN C&C : Munch,CHOCOLATE,F&B,540.0,8.1,6.21,47.616,12226763
12270946,NESTLE MUNCH 6(100x10.1g) N1 PR JAR IN,MUNCH Maha Jar 10.1g,12351903,IN C&C : Munch,CHOCOLATE,F&B,600.0,8.1,6.06,49.14,12270946
12280989,NESTLE MUNCH 6(100X10.1g) PR 2 Free IN,MUNCH Maha Jar 10.1g,12351903,IN C&C : Munch,CHOCOLATE,F&B,600.0,8.73,6.06,47.58,12280989
12320235,MUNCH Maha Jar 6(105X10.1g)PR Scratch IN,MUNCH Maha Jar 10.1g,12351903,IN C&C : Munch,CHOCOLATE,F&B,630.0,9.0,6.363,46.08,12320235
12322208,MUNCH Maha Jar 6(105x10.1g) PR 3Unit IN,MUNCH Maha Jar 10.1g,12351903,IN C&C : Munch,CHOCOLATE,F&B,630.0,9.04,6.363,46.08,12322208
12336192,MUNCH Maha Jar 6(105X10.1g) IN,MUNCH Maha Jar 10.1g,12351903,IN C&C : Munch,CHOCOLATE,F&B,630.0,8.64,6.363,60.225,12336192
12351903,MUNCH Maha Jar 6(105X10.1g) N2 IN,MUNCH Maha Jar 10.1g,12351903,IN C&C : Munch,CHOCOLATE,F&B,630.0,8.641,6.363,60.225,12351903
12363135,MUNCH Maha Jar 6(100+5x11.1g) 10%+5U IN,MUNCH Maha Jar 10.1g,12351903,IN C&C : Munch,CHOCOLATE,F&B,630.0,9.2,6.993,61.605,12363135
12369697,MUNCH Maha Jar6(105X11.1g)IPL Special IN,MUNCH Maha Jar 10.1g,12351903,IN C&C : Munch,CHOCOLATE,F&B,630.0,9.2,6.993,63.0,12369697
12396648,MUNCH Maha Jar 6((100+5)x11.1g) Mojee IN,MUNCH Maha Jar 10.1g,12351903,IN C&C : Munch,CHOCOLATE,F&B,630.0,9.5,6.993,61.605,12396648
12406196,MUNCH MahaJar6((100+5)x12.1g)PR20%ExtrIN,MUNCH Maha Jar 10.1g,12351903,IN C&C : Munch,CHOCOLATE,F&B,630.0,9.9,7.623,61.605,12406196
12427450,MUNCH Maha Jar 6(105x11.1g)PR Coupon IN,MUNCH Maha Jar 10.1g,12351903,IN C&C : Munch,CHOCOLATE,F&B,630.0,9.2,6.993,63.0,12427450
12434140,MUNCH Maha Jar 6((100+5)x13.2g) PR30% IN,MUNCH Maha Jar 10.1g,12351903,IN C&C : Munch,CHOCOLATE,F&B,630.0,10.3,8.316,61.605,12434140
12439205,MUNCH Maha Jar 6(100+5x11.1g) 83Movie IN,MUNCH Maha Jar 10.1g,12351903,IN C&C : Munch,CHOCOLATE,F&B,630.0,8.9,6.993,61.605,12439205
12479602,MUNCH Maha Jar 6(100+5x11.1g)HeroCrnc IN,MUNCH Maha Jar 10.1g,12351903,IN C&C : Munch,CHOCOLATE,F&B,630.0,9.2,6.993,61.605,12479602
12480995,MUNCH Maha Jar 6((100+5)x11.1g) IN,MUNCH Maha Jar 10.1g,12351903,IN C&C : Munch,CHOCOLATE,F&B,630.0,9.0,6.993,61.605,12480995
12453387,MUNCH Maha Jar 6((100+5)x10.4g) IN,MUNCH Maha Jar 10.1g,12351903,IN C&C : Munch,CHOCOLATE,F&B,630.0,8.51,6.552,61.605,12453387
12484810,MUNCH Maha Jar 6((100+5)x13.4g)PR25%X IN,MUNCH Maha Jar 10.1g,12351903,IN C&C : Munch,CHOCOLATE,F&B,630.0,10.45,8.442,61.605,12484810
12519196,MUNCH MahaJar 6((100+5)x10.4g) IPL 22 IN,MUNCH Maha Jar 10.1g,12351903,IN C&C : Munch,CHOCOLATE,F&B,630.0,8.51,6.552,61.605,12519196
12549377,MUNCH Jar 6((100+5)x8.9g) IN,MUNCH Maha Jar 10.1g,12351903,IN C&C : Munch,CHOCOLATE,F&B,630.0,7.53,5.607,61.605,12549377
12559964,MUNCH Jar 6((100+5)x8.9g) N1 IN,MUNCH Maha Jar 10.1g,12351903,IN C&C : Munch,CHOCOLATE,F&B,630.0,7.53,5.607,61.605,12559964
12575183,MUNCH Jar 6((100+5)x8.9g) N2 IN,MUNCH Maha Jar 10.1g,12351903,IN C&C : Munch,CHOCOLATE,F&B,630.0,7.53,5.607,61.605,12575183
12596612,MUNCH Jar6((100+5)x10.4g)PR 15% Extra IN,MUNCH Maha Jar 10.1g,12351903,IN C&C : Munch,CHOCOLATE,F&B,630.0,8.51,6.552,61.605,12596612
12612348,MUNCH Jar6((100+5)x10.4g)PR 20% LONG IN,MUNCH Maha Jar 10.1g,12351903,IN C&C : Munch,CHOCOLATE,F&B,630.0,8.51,6.552,61.605,12612348
12619050,MUNCH Jar 6((100+5)x8.7g) IN,MUNCH Maha Jar 10.1g,12351903,IN C&C : Munch,CHOCOLATE,F&B,630.0,7.444,5.481,61.605,12619050
12396084,MUNCH Maha Orange 32(24x10.1g) IN,MUNCH Maha Orange 10.1g,12396084,IN C&C : Munch,CHOCOLATE,F&B,768.0,10.1,7.757,40.257,12396084
12459225,MUNCH Maha 36(24x11.1g)PR10% Extra OT IN,MUNCH Maha OT GB 11.1g,12459225,IN C&C : Munch,CHOCOLATE,F&B,36.0,12.0,9.59,46.803,12459225
12437212,MUNCH Maha 30(30x11.1g) PR Chotu Free IN,MUNCH Maha PR,12437212,IN C&C : Munch,CHOCOLATE,F&B,900.0,12.3,9.99,49.761,12437212
12322702,NESTLE MUNCH Tin 6(150x10.1g) IN,MUNCH Maha Tin 10.1g,12356632,IN C&C : Munch,CHOCOLATE,F&B,900.0,14.3,9.09,55.353,12322702
12356632,MUNCH MAHA Tin 6(150x10.1g) N2 IN,MUNCH Maha Tin 10.1g,12356632,IN C&C : Munch,CHOCOLATE,F&B,900.0,13.104,9.09,55.353,12356632
12384851,MUNCH Maha Tin 6(150x11.1g) 10% Ext IN,MUNCH Maha Tin 10.1g,12356632,IN C&C : Munch,CHOCOLATE,F&B,900.0,14.0,9.99,55.353,12384851
12390950,MUNCH Maha Container 4(150x11.1g) IN,MUNCH Maha Tin 10.1g,12356632,IN C&C : Munch,CHOCOLATE,F&B,600.0,9.02,6.66,60.299,12390950
12322703,MUNCH Maha Trio 15(21x18g) IN,MUNCH Maha Trio 18g,12356750,IN C&C : Munch,CHOCOLATE,F&B,315.0,7.58,5.67,31.404,12322703
12332826,MUNCH Trio 15(21x21.6g) PR 20% Extra IN,MUNCH Maha Trio 18g,12356750,IN C&C : Munch,CHOCOLATE,F&B,315.0,8.72,6.804,31.404,12332826
12338661,MUNCH Maha Trio 15(21x18g) PR BB IN,MUNCH Maha Trio 18g,12356750,IN C&C : Munch,CHOCOLATE,F&B,315.0,7.58,5.67,31.404,12338661
12347422,NESTLE MUNCH TRIO 16(21X18g) PR Polo IN,MUNCH Maha Trio 18g,12356750,IN C&C : Munch,CHOCOLATE,F&B,336.0,8.032,6.048,34.398,12347422
12351908,MUNCH TRIO 15(21X18g) N2 IN,MUNCH Maha Trio 18g,12356750,IN C&C : Munch,CHOCOLATE,F&B,315.0,7.58,5.67,31.404,12351908
12356750,MUNCH TRIO 16(28X18g) N2 IN,MUNCH Maha Trio 18g,12356750,IN C&C : Munch,CHOCOLATE,F&B,448.0,9.728,8.064,38.08,12356750
12362975,MUNCH TRIO 16(28X19.8g) 10% Extra IN,MUNCH Maha Trio 18g,12356750,IN C&C : Munch,CHOCOLATE,F&B,448.0,10.5,8.87,38.08,12362975
12383714,MUNCH Trio 16(28x22.1g) IN,MUNCH Maha Trio 18g,12356750,IN C&C : Munch,CHOCOLATE,F&B,448.0,11.7,9.901,40.86,12383714
12422635,MUNCH Trio 16(28x22.1g) Mojee IN,MUNCH Maha Trio 18g,12356750,IN C&C : Munch,CHOCOLATE,F&B,448.0,11.7,9.901,42.56,12422635
12439227,MUNCH Trio 16(28x22.1g) 83 Movie IN,MUNCH Maha Trio 18g,12356750,IN C&C : Munch,CHOCOLATE,F&B,448.0,11.7,9.901,40.863,12439227
12480565,MUNCH Trio 16(28x20.9g) Hero Crnc IN,MUNCH Maha Trio 18g,12356750,IN C&C : Munch,CHOCOLATE,F&B,448.0,11.24,9.363,42.56,12480565
12470617,MUNCH Trio 16(28x20.9g) IN,MUNCH Maha Trio 18g,12356750,IN C&C : Munch,CHOCOLATE,F&B,448.0,11.24,9.363,46.816,12470617
12586739,MUNCH Double Choco Taste 18(42x14g) IN,MUNCH Maha Trio 18g,12356750,IN C&C : Munch,CHOCOLATE,F&B,756.0,13.419,10.584,60.48,12586739
12527971,MUNCH Maxx 12(24x42g) IN,MUNCH Maxx 42g,12527971,IN C&C : Munch Maxx,CHOCOLATE,F&B,288.0,14.46,12.096,45.414,12527971
12559990,MUNCH Maxx 12(24x42g)N1 IN,MUNCH Maxx 42g,12527971,IN C&C : Munch Maxx,CHOCOLATE,F&B,288.0,14.46,12.096,46.08,12559990
12570963,MUNCH Maxx 12(24x38.5g) IN,MUNCH Maxx 42g,12527971,IN C&C : Munch Maxx,CHOCOLATE,F&B,288.0,13.447,11.088,44.698,12570963
12594387,MUNCH Maxx 12(24x38.5g) PR Cashback IN,MUNCH Maxx 42g,12527971,IN C&C : Munch Maxx,CHOCOLATE,F&B,288.0,13.447,11.088,44.698,12594387
12603247,MUNCH Maxx 12(24x38.5g)PR ONAM IN,MUNCH Maxx 42g,12527971,IN C&C : Munch Maxx,CHOCOLATE,F&B,288.0,13.447,11.088,44.698,12603247
12605914,MUNCH Maxx Pillow Pack 40(3x38.5g) IN,MUNCH Maxx 42g-Ecom,12605914,IN C&C : Munch Maxx,CHOCOLATE,F&B,120.0,5.769,4.62,33.67,12605914
12611442,MUNCH Maxx 12(24x38.5g) iPhone IN,MUNCH Maxx 42g,12527971,IN C&C : Munch Maxx,CHOCOLATE,F&B,288.0,13.447,11.088,44.698,12611442
12341549,MUNCH Mxd Pouch 24(5x18g+10x7.2g) IN,MUNCH Mxd Pouch 5x18g+10x7.2g,12341549,IN C&C : Munch,CHOCOLATE,F&B,24.0,5.058,3.888,39.33,12341549
12351909,MUNCH Mxd Pouch 24(5x18g+10x7.2g) N2 IN,MUNCH Mxd Pouch 5x18g+10x7.2g,12341549,IN C&C : Munch,CHOCOLATE,F&B,24.0,5.058,3.888,39.33,12351909
12297164,NESTLE MUNCH Nuts 18(16x32g) IN,MUNCH Nuts 32g,12351910,IN C&C : Munch Nuts,CHOCOLATE,F&B,288.0,12.2,9.216,44.184,12297164
12339080,NESTLE MUNCH Nuts 18(16x32g) PR BB IN,MUNCH Nuts 32g,12351910,IN C&C : Munch Nuts,CHOCOLATE,F&B,288.0,12.649,9.216,53.392,12339080
12343670,NESTLE MUNCH Nuts 18(16x(16x2)g) N1 IN,MUNCH Nuts 32g,12351910,IN C&C : Munch Nuts,CHOCOLATE,F&B,288.0,11.842,9.216,44.62,12343670
12351910,NESTLE MUNCH Nuts 18(16x(16x2)g) N2 IN,MUNCH Nuts 32g,12351910,IN C&C : Munch Nuts,CHOCOLATE,F&B,288.0,11.842,9.216,44.62,12351910
12365453,MUNCH NUTS 18(16x(17.6x2))g 10%Extra IN,MUNCH Nuts 32g,12351910,IN C&C : Munch Nuts,CHOCOLATE,F&B,288.0,12.7,10.138,44.62,12365453
12368959,MUNCH Nuts 18(16x35.2g) PR IPL IN,MUNCH Nuts 32g,12351910,IN C&C : Munch Nuts,CHOCOLATE,F&B,288.0,12.7,10.138,44.62,12368959
12383257,MUNCH Nuts 18((19+1)x(17.6x2)g) IN,MUNCH Nuts 32g,12351910,IN C&C : Munch Nuts,CHOCOLATE,F&B,360.0,15.5,12.672,54.63,12383257
12383258,MUNCH Nuts 18(20x(17.6x2)g) IN,MUNCH Nuts 32g,12351910,IN C&C : Munch Nuts,CHOCOLATE,F&B,360.0,15.5,12.672,53.922,12383258
12396683,MUNCH Nuts 18(20x(17.6gx2)) PR Stkr IN,MUNCH Nuts 32g,12351910,IN C&C : Munch Nuts,CHOCOLATE,F&B,360.0,15.03,12.672,9.614,12396683
12417698,MUNCH Nuts 18(20x(17.6x2g)) Mojee IN,MUNCH Nuts 32g,12351910,IN C&C : Munch Nuts,CHOCOLATE,F&B,360.0,15.5,12.78,54.023,12417698
12428836,MUNCH Nuts 18(20x(17.6x2g)) PR Cash IN,MUNCH Nuts 32g,12351910,IN C&C : Munch Nuts,CHOCOLATE,F&B,360.0,15.5,12.672,54.023,12428836
12439212,MUNCH Nuts 18(20x(17.6gx2)) 83 Movie IN,MUNCH Nuts 32g,12351910,IN C&C : Munch Nuts,CHOCOLATE,F&B,360.0,15.5,12.672,52.668,12439212
12451359,MUNCH Nuts 18(20x(16gx2)) IN,MUNCH Nuts 32g,12351910,IN C&C : Munch Nuts,CHOCOLATE,F&B,360.0,14.38,11.52,54.023,12451359
12473253,MUNCH Nuts 18(20x(2x16g)) PR Paytm IN,MUNCH Nuts 32g,12351910,IN C&C : Munch Nuts,CHOCOLATE,F&B,360.0,14.38,11.52,54.023,12473253
12479595,MUNCH Nuts 18(20x(2x16g)) Hero Crch IN,MUNCH Nuts 32g,12351910,IN C&C : Munch Nuts,CHOCOLATE,F&B,360.0,16.58,11.52,54.648,12479595
12481888,MUNCH Nuts 18(24x(2x16g)) IN,MUNCH Nuts 32g,12351910,IN C&C : Munch Nuts,CHOCOLATE,F&B,432.0,16.58,13.824,54.648,12481888
12484803,MUNCH Nuts Cntnr 12(20(2x17.6g))10% X IN,MUNCH Nuts 32g,12351910,IN C&C : Munch Nuts,CHOCOLATE,F&B,240.0,11.01,8.448,54.249,12484803
12484804,MUNCH Nuts 18(20x(2x17.6g))PR10%Extra IN,MUNCH Nuts 32g,12351910,IN C&C : Munch Nuts,CHOCOLATE,F&B,360.0,15.54,12.672,54.023,12484804
12498678,MUNCH Nuts 18(24x(2x16g))PR Polo Free IN,MUNCH Nuts 32g,12351910,IN C&C : Munch Nuts,CHOCOLATE,F&B,432.0,16.58,13.824,54.648,12498678
12498576,MUNCH Nuts 18(24x(2x16g)) Avengers IN,MUNCH Nuts 32g,12351910,IN C&C : Munch Nuts,CHOCOLATE,F&B,432.0,16.58,13.824,54.648,12498576
12508031,MUNCH Nuts 18(24x(2x16)g Paytm IN,MUNCH Nuts 32g,12351910,IN C&C : Munch Nuts,CHOCOLATE,F&B,432.0,16.58,13.824,54.648,12508031
12516368,MUNCH Nuts 18(24x30g) IN,MUNCH Nuts 32g,12351910,IN C&C : Munch Nuts,CHOCOLATE,F&B,432.0,15.72,12.96,54.648,12516368
12611340,MUNCH Maxx Nuts 18(20x37.5g) IN,MUNCH Maxx Nuts 37.5g,12611340,IN C&C : Munch Maxx,CHOCOLATE,F&B,360.0,16.128,13.5,62.373,12611340
12444298,MUNCH Nuts Container 12(20x(17.6gx2)) IN,Munch Nuts Container 32g,12444298,IN C&C : Munch Nuts,CHOCOLATE,F&B,240.0,11.01,8.448,54.249,12444298
12451396,MUNCH Nuts Container 12(20x(2x16g)) IN,Munch Nuts Container 32g,12444298,IN C&C : Munch Nuts,CHOCOLATE,F&B,240.0,10.24,7.68,54.249,12451396
12339318,MUNCH NUTS Jar 24(5X32g) IN,MUNCH Nuts Jar 32g,12339318,IN C&C : Munch Nuts,CHOCOLATE,F&B,120.0,6.182,3.84,36.92,12339318
12343712,MUNCH NUTS Jar 24(5X32g) N1 IN,MUNCH Nuts Jar 32g,12339318,IN C&C : Munch Nuts,CHOCOLATE,F&B,24.0,6.182,3.84,36.92,12343712
12369612,MUNCH Nuts Jar 24(5x(17.6gx2)) IN,MUNCH Nuts Jar 32g,12339318,IN C&C : Munch Nuts,CHOCOLATE,F&B,24.0,6.5,4.224,36.92,12369612
12343599,MUNCH NUTS POUCH 16(15X16g) IN,MUNCH Nuts Pouch 16g,12351923,IN C&C : Munch Nuts,CHOCOLATE,F&B,16.0,4.978,3.84,38.955,12343599
12351923,MUNCH NUTS Pouch 16(15X16g) N2 IN,MUNCH Nuts Pouch 16g,12351923,IN C&C : Munch Nuts,CHOCOLATE,F&B,16.0,4.9,3.84,38.955,12351923
12368637,MUNCH Nuts Pouch16(15x17.6g) 10%Extra IN,MUNCH Nuts Pouch 16g,12351923,IN C&C : Munch Nuts,CHOCOLATE,F&B,16.0,5.3,4.224,38.955,12368637
12370831,MUNCH Nuts Pouch 16(15x17.6g) PR IPL IN,MUNCH Nuts Pouch 16g,12351923,IN C&C : Munch Nuts,CHOCOLATE,F&B,16.0,5.3,4.224,38.955,12370831
12382796,MUNCH Nuts Pch16(15x17.6g) IN,MUNCH Nuts Pouch 16g,12351923,IN C&C : Munch Nuts,CHOCOLATE,F&B,16.0,5.36,4.224,38.955,12382796
12415657,MUNCH Nuts Pch16(15x17.6g)N2PR 10%Ext IN,MUNCH Nuts Pouch 16g,12351923,IN C&C : Munch Nuts,CHOCOLATE,F&B,16.0,5.3,4.224,38.955,12415657
12439229,MUNCH Nuts Pouch 16(15x17.6g) 83Movie IN,MUNCH Nuts Pouch 16g,12351923,IN C&C : Munch Nuts,CHOCOLATE,F&B,16.0,5.3,4.224,38.955,12439229
12451397,MUNCH Nuts Pouch 16(15x16g) IN,MUNCH Nuts Pouch 16g,12351923,IN C&C : Munch Nuts,CHOCOLATE,F&B,16.0,4.99,3.84,39.804,12451397
12512897,MUNCH Nuts Pouch 16(9x16g) IN,MUNCH Nuts Pouch 16g,12351923,IN C&C : Munch Nuts,CHOCOLATE,F&B,16.0,3.27,2.304,39.804,12512897
12390909,MUNCH NUTS Pouch 16(5x35.2g) IN,MUNCH Nuts Pouch 35.2g,12390909,IN C&C : Munch Nuts,CHOCOLATE,F&B,16.0,3.72,2.816,33.278,12390909
12212368,MUNCH Pouch 28x172.5g IN,MUNCH Pouch 151.5g,12351920,IN C&C : Munch,CHOCOLATE,F&B,28.0,6.1,4.83,36.844,12212368
12264983,MUNCH Maha Pouch 28x151.5g IN,MUNCH Pouch 151.5g,12351920,IN C&C : Munch,CHOCOLATE,F&B,28.0,5.67,4.242,41.832,12264983
12273166,MUNCH Pouch 28x151.5g PR Snapdeal IN,MUNCH Pouch 151.5g,12351920,IN C&C : Munch,CHOCOLATE,F&B,28.0,5.262,4.242,32.805,12273166
12281081,MUNCH Pouch 28(20X10.1g) PR 2 Free IN,MUNCH Pouch 151.5g,12351920,IN C&C : Munch,CHOCOLATE,F&B,28.0,7.4,5.656,36.4,12281081
12306096,MUNCH Maha Share Bag 28x(20X10.1g) IN,MUNCH Pouch 151.5g,12351920,IN C&C : Munch,CHOCOLATE,F&B,28.0,7.42,5.656,32.975,12306096
12311725,MUNCH Pouch 28(20X10.1g) N1 PR 2 Free IN,MUNCH Pouch 151.5g,12351920,IN C&C : Munch,CHOCOLATE,F&B,28.0,7.4,5.656,36.4,12311725
12324860,MUNCH Maha Share Bag 28(20x10.1g) N1 IN,MUNCH Pouch 151.5g,12351920,IN C&C : Munch,CHOCOLATE,F&B,28.0,7.2,5.656,36.4,12324860
12338680,MUNCH Pouch 28(20X10.1g) N1 PR BB IN,MUNCH Pouch 151.5g,12351920,IN C&C : Munch,CHOCOLATE,F&B,28.0,7.4,5.656,36.4,12338680
12351920,MUNCH Maha Pouch 28x(20X10.1g) N2 IN,MUNCH Pouch 151.5g,12351920,IN C&C : Munch,CHOCOLATE,F&B,28.0,7.46,5.656,36.4,12351920
12368371,MUNCH Pouch 28(20x11.1g) 10% Extra IN,MUNCH Pouch 151.5g,12351920,IN C&C : Munch,CHOCOLATE,F&B,28.0,7.3,6.216,36.4,12368371
12371034,MUNCH Pouch 28(20x11.1g) PR IPL IN,MUNCH Pouch 151.5g,12351920,IN C&C : Munch,CHOCOLATE,F&B,28.0,7.3,6.216,36.4,12371034
12395430,MUNCH Pouch 28(20x11.1g) 10% Extra N1 IN,MUNCH Pouch 151.5g,12351920,IN C&C : Munch,CHOCOLATE,F&B,28.0,7.67,6.216,36.9,12395430
12415666,MUNCH Pouch 28(20x11.1g)N3 PR 10% Ext IN,MUNCH Pouch 151.5g,12351920,IN C&C : Munch,CHOCOLATE,F&B,28.0,7.4,6.216,34.715,12415666
12439211,MUNCH Pouch 28(20x11.1g) 83 Movie IN,MUNCH Pouch 151.5g,12351920,IN C&C : Munch,CHOCOLATE,F&B,28.0,7.3,6.216,36.4,12439211
12479593,MUNCH Pouch 28(20x11.1g) Hero Crnc IN,MUNCH Pouch 151.5g,12351920,IN C&C : Munch,CHOCOLATE,F&B,28.0,7.37,6.216,36.4,12479593
12483298,MUNCH Pouch 28(20x11.1g) IN,MUNCH Pouch 151.5g,12351920,IN C&C : Munch,CHOCOLATE,F&B,28.0,7.4,6.216,34.715,12483298
12453400,MUNCH Pouch 28(20x10.4g) IN,MUNCH Pouch 151.5g,12351920,IN C&C : Munch,CHOCOLATE,F&B,28.0,6.97,5.824,36.4,12453400
12516432,MUNCH Pouch 28(18x10.4g) IN,MUNCH Pouch 151.5g,12351920,IN C&C : Munch,CHOCOLATE,F&B,28.0,6.36,5.242,34.715,12516432
12549378,MUNCH Pouch 28(18x8.9g) IN,MUNCH Pouch 151.5g,12351920,IN C&C : Munch,CHOCOLATE,F&B,28.0,5.59,4.486,36.4,12549378
12559959,MUNCH Pouch 28(18x8.9g) N1 IN,MUNCH Pouch 151.5g,12351920,IN C&C : Munch,CHOCOLATE,F&B,28.0,5.59,4.486,36.4,12559959
12608783,MUNCH Pouch 28(17x8.9g) IN,MUNCH Pouch 151.5g,12351920,IN C&C : Munch,CHOCOLATE,F&B,28.0,5.334,4.236,36.4,12608783
12618893,MUNCH Pouch 28(17x8.7g) IN,MUNCH Pouch 151.5g,12351920,IN C&C : Munch,CHOCOLATE,F&B,28.0,5.238,4.141,30.94,12618893
12575308,MUNCH Strawberry 18((42x14g) IN,MUNCH Strawberry 14g,12575308,IN C&C : Munch,CHOCOLATE,F&B,756.0,13.419,10.584,60.48,12575308
12417668,MUNCH Trio Container 12(36x22.1g) IN,MUNCH Trio Contr 22.1g,12417668,IN C&C : Munch,CHOCOLATE,F&B,432.0,12.1,9.547,53.535,12417668
12585361,NAN EXCELLAPRO1 Tin 24x200g INNWPB056 IN,NAN EXCELLA PRO 1 Infant Formula Tin 200g,12585361,IN NSB : NAN EXCELLAPRO 1,INFANT NUTRITION,NN,24.0,8.539,4.8,43.329,12585361
12332957,NAN EXCELLA PRO1 Inf Form Tin 30x400g IN,NAN EXCELLA PRO 1 Infant Formula Tin 400g,12610365,IN NSB : NAN EXCELLAPRO 1,INFANT NUTRITION,NN,30.0,18.6,12.0,58.521,12332957
12385921,NAN EXCELLA PRO1 Tin15x400g NWH0312-1 IN,NAN EXCELLA PRO 1 Infant Formula Tin 400g,12610365,IN NSB : NAN EXCELLAPRO 1,INFANT NUTRITION,NN,15.0,9.9,6.0,41.496,12385921
12441425,NAN EXCELLA PRO1 Tin15x400g INNW079 IN,NAN EXCELLA PRO 1 Infant Formula Tin 400g,12610365,IN NSB : NAN EXCELLAPRO 1,INFANT NUTRITION,NN,15.0,9.9,6.0,65.734,12441425
12497652,NAN EXCELLA PRO1 Tin 15x400g INNW079 IN,NAN EXCELLA PRO 1 Infant Formula Tin 400g,12610365,IN NSB : NAN EXCELLAPRO 1,INFANT NUTRITION,NN,15.0,9.0,6.0,65.734,12497652
12455831,NAN EXCELLA PRO1 IF BIB 24x400g IN,NAN EXCELLA PRO 1 Infant Formula Tin 400g,12610365,IN NSB : NAN EXCELLAPRO 1,INFANT NUTRITION,NN,24.0,11.8,9.6,43.329,12455831
12519380,NAN EXCELLA PRO1 Tin 15x400g INNW175 IN,NAN EXCELLA PRO 1 Infant Formula Tin 400g,12610365,IN NSB : NAN EXCELLAPRO 1,INFANT NUTRITION,NN,15.0,9.1,6.0,35.105,12519380
12550660,NAN EXCELLAPRO1 15x400g INNWPB056 HMO IN,NAN EXCELLA PRO 1 Infant Formula Tin 400g,12610365,IN NSB : NAN EXCELLAPRO 1,INFANT NUTRITION,NN,15.0,9.0,6.0,35.105,12550660
12560242,NAN EXCELLAPRO1 BIB 24x400g INNWPB056 IN,NAN EXCELLA PRO 1 Infant Formula Tin 400g,12610365,IN NSB : NAN EXCELLAPRO 1,INFANT NUTRITION,NN,24.0,11.7,9.6,43.329,12560242
12610365,NAN EXCELLAPRO1 BIB 8(3x400g)INNWPB056IN,NAN EXCELLA PRO 1 Infant Formula Tin 1.2Kg,12610365,IN NSB : NAN EXCELLAPRO 1,INFANT NUTRITION,NN,8.0,11.82,9.6,43.329,12610365
12617852,NAN EXLAPRO1 5HMO Tin15x400gINNWPB309 IN,NAN EXCELLA PRO 1 Infant Formula Tin 400g,12610365,IN NSB : NAN EXCELLAPRO 1,INFANT NUTRITION,NN,15.0,9.0,6.0,35.105,12617852
12617851,NAN EXLAPRO1 5HMO BIB24x400gINNWPB309 IN,NAN EXCELLA PRO 1 Infant Formula Tin 400g,12610365,IN NSB : NAN EXCELLAPRO 1,INFANT NUTRITION,NN,24.0,11.7,9.6,43.329,12617851
12617857,NAN EXLAPRO1 5HMOBIB8(3x400g)INNWPB309IN,NAN EXCELLA PRO 1 Infant Formula Tin 1.2Kg,12610365,IN NSB : NAN EXCELLAPRO 1,INFANT NUTRITION,NN,8.0,11.82,9.6,43.329,12617857
12396212,NAN EXCELLA PRO2 FU BIB24x400g LW0030 IN,NAN EXCELLA PRO 2 Infant Formula BIB 400g,12396212,IN NSB : NAN EXCELLAPRO 2,INFANT NUTRITION,NN,24.0,11.8,9.6,43.329,12396212
12497612,NAN EXCELLA PRO2 BIB 24x400g LW0030-1 IN,NAN EXCELLA PRO 2 Infant Formula BIB 400g,12396212,IN NSB : NAN EXCELLAPRO 2,INFANT NUTRITION,NN,24.0,11.7,9.6,43.329,12497612
12518425,NAN EXCELLA PRO2 BIB 24x400g INLW071 IN,NAN EXCELLA PRO 2 Infant Formula BIB 400g,12396212,IN NSB : NAN EXCELLAPRO 2,INFANT NUTRITION,NN,24.0,11.7,9.6,43.329,12518425
12616549,NAN EXCELLAPRO2 BIB 8(3x400g)INLW071 IN,NAN EXCELLA PRO 2 Infant Formula BIB 1.2Kg,12616549,IN NSB : NAN EXCELLAPRO 2,INFANT NUTRITION,NN,8.0,11.82,9.6,43.329,12616549
12332956,NAN EXCELLA PRO2 Inf Form Tin 30x400g IN,NAN EXCELLA PRO 2 Infant Formula Tin 400g,12332956,IN NSB : NAN EXCELLAPRO 2,INFANT NUTRITION,NN,30.0,18.6,12.0,58.521,12332956
12396213,NAN EXCELLA PRO3 FU BIB24x400g JW0007 IN,NAN EXCELLA PRO 3 Infant Formula BIB 400g,12396213,IN NSB : NAN EXCELLAPRO 3,INFANT NUTRITION,NN,24.0,11.7,9.6,43.329,12396213
12497613,NAN EXCELLA PRO3 FU BIB24x400gINJW041 IN,NAN EXCELLA PRO 3 Infant Formula BIB 400g,12396213,IN NSB : NAN EXCELLAPRO 3,INFANT NUTRITION,NN,24.0,11.7,9.6,43.329,12497613
12363448,NAN OPTIPRO HA 1 NWHB233 6x800g IN,NAN HA 1 BL NWHB233 800G,12363448,IN NSB : NAN HA 1,INFANT NUTRITION,NN,6.0,6.2,4.8,18.753,12363448
12262700,NAN LO-LAC Infant Formula BIB 24X200g IN,NAN LO-LAC Infant Formula BIB 200g,12262700,IN NSB : NAN Lo-Lac,INFANT NUTRITION,NN,24.0,6.8,4.8,36.528,12262700
12511995,NAN LO-LAC Inf Form BIB24x200gDS505-4 IN,NAN LO-LAC Infant Formula BIB 200g,12262700,IN NSB : NAN Lo-Lac,INFANT NUTRITION,NN,24.0,6.8,4.8,36.528,12511995
12556491,NAN LO-LAC IF BIB 24x200g INNE003 IN,NAN LO-LAC Infant Formula BIB 200g,12262700,IN NSB : NAN Lo-Lac,INFANT NUTRITION,NN,24.0,6.8,4.8,36.528,12556491
12569170,NAN LO-LAC IF BIB 24x400g INNE003 IN,NAN LO-LAC Infant Formula BIB 400g,12569170,IN NSB : NAN Lo-Lac,INFANT NUTRITION,NN,24.0,11.7,9.6,43.702,12569170
12371421,NAN OPTIPRO HA 2 LWHB237 6x800g IN,NAN OPTIPRO HA 2 LWHB237 800g,12371421,IN NSB : NAN HA 2,INFANT NUTRITION,NN,6.0,6.2,4.8,18.753,12371421
12460896,NAN PRE HMF DSH001 6(51x1g) IN,NAN PRE HMF DSH001 51g,12460896,IN NSB : PreNAN Human Milk Fortifier,INFANT NUTRITION,NN,6.0,675.0,306.0,7.197,12460896
12067059,NAN 1 Infant Formula BIB 30x450g IN,NAN PRO 1 Infant Formula BIB 400g,12299904,IN NSB : NAN PRO 1,INFANT NUTRITION,NN,30.0,15.9,13.5,40.139,12067059
12139684,NAN PRO 1 INFANT FORMULA BIB 30x450g IN,NAN PRO 1 Infant Formula BIB 400g,12299904,IN NSB : NAN PRO 1,INFANT NUTRITION,NN,30.0,16.0,13.5,44.982,12139684
12199038,NAN PRO 1 INFANT FORMULA BIB 24x400g IN,NAN PRO 1 Infant Formula BIB 400g,12299904,IN NSB : NAN PRO 1,INFANT NUTRITION,NN,24.0,12.129,9.6,45.158,12199038
12299904,NAN PRO1 INFANT FORMULA BIB24x400g N1 IN,NAN PRO 1 Infant Formula BIB 400g,12299904,IN NSB : NAN PRO 1,INFANT NUTRITION,NN,24.0,11.9,9.6,45.349,12299904
12378871,NAN PRO1 Infant Formula BIB24x400g N2 IN,NAN PRO 1 Infant Formula BIB 400g,12299904,IN NSB : NAN PRO 1,INFANT NUTRITION,NN,24.0,11.8,9.6,43.329,12378871
12470350,NAN PRO 1 IF BIB 24x400g INNWB037 IN,NAN PRO 1 Infant Formula BIB 400g,12299904,IN NSB : NAN PRO 1,INFANT NUTRITION,NN,24.0,11.7,9.6,43.329,12470350
12497672,NAN PRO 1 IF BIB 24x400g INNWB174 NV IN,NAN PRO 1 Infant Formula BIB 400g,12299904,IN NSB : NAN PRO 1,INFANT NUTRITION,NN,24.0,11.7,9.6,43.329,12497672
12610392,NAN PRO1 BIB 8(3x400g)INNWB174 NV IN,NAN PRO 1 Infant Formula BIB 1.2Kg,12610392,IN NSB : NAN PRO 1,INFANT NUTRITION,NN,8.0,11.82,9.6,43.329,12610392
12525887,NAN PRO 1 IF Tin 24x200g INNWB174 NV IN,NAN PRO 1 Infant Formula Tin 200g,12525887,IN NSB : NAN PRO 1,INFANT NUTRITION,NN,30.0,8.539,4.8,51.625,12525887
12049307,NAN 1 Infant Formula Tin 30x450g IN,NAN PRO 1 Infant Formula Tin 400g,12182335,IN NSB : NAN PRO 1,INFANT NUTRITION,NN,30.0,17.5,13.5,50.439,12049307
12139680,NAN PRO 1 INFANT FORMULA Tin 30x450g IN,NAN PRO 1 Infant Formula Tin 400g,12182335,IN NSB : NAN PRO 1,INFANT NUTRITION,NN,30.0,17.5,13.5,50.439,12139680
12182335,NAN PRO 1 INFANT FORMULA Tin 30x400g IN,NAN PRO 1 Infant Formula Tin 400g,12182335,IN NSB : NAN PRO 1,INFANT NUTRITION,NN,30.0,15.8,12.0,48.531,12182335
12380957,NAN PRO 1 INFANT FORMULA Tin30x400g N2IN,NAN PRO 1 Infant Formula Tin 400g,12182335,IN NSB : NAN PRO 1,INFANT NUTRITION,NN,30.0,15.8,12.0,48.531,12380957
12489044,NAN PRO1 IF TIN 30x400g INNWB037 IN,NAN PRO 1 Infant Formula Tin 400g,12182335,IN NSB : NAN PRO 1,INFANT NUTRITION,NN,30.0,15.8,12.0,43.702,12489044
12498575,NAN PRO 1 IF Tin 15x400g INNWB037 IN,NAN PRO 1 Infant Formula Tin 400g,12182335,IN NSB : NAN PRO 1,INFANT NUTRITION,NN,15.0,9.0,6.0,35.105,12498575
12497675,NAN PRO 1 IF Tin 15x400g INNWB037 N1 IN,NAN PRO 1 Infant Formula Tin 400g,12182335,IN NSB : NAN PRO 1,INFANT NUTRITION,NN,15.0,8.858,6.0,43.702,12497675
12517666,NAN PRO 1 IF Tin 15x400g INNWB174 NV IN,NAN PRO 1 Infant Formula Tin 400g,12182335,IN NSB : NAN PRO 1,INFANT NUTRITION,NN,15.0,9.0,6.0,35.105,12517666
12067058,NAN 2 Follow-Up Formula BIB 30x450g IN,NAN PRO 2 FU Infant Formula BIB 400g,12299905,IN NSB : NAN PRO 2,INFANT NUTRITION,NN,30.0,16.0,13.5,40.139,12067058
12139683,NAN PRO 2 FU FORMULA BIB 30x450g IN,NAN PRO 2 FU Infant Formula BIB 400g,12299905,IN NSB : NAN PRO 2,INFANT NUTRITION,NN,30.0,16.0,13.5,44.982,12139683
12199202,NAN PRO 2 FU FORMULA BIB 24x400g IN,NAN PRO 2 FU Infant Formula BIB 400g,12299905,IN NSB : NAN PRO 2,INFANT NUTRITION,NN,24.0,12.129,9.6,45.158,12199202
12299905,NAN PRO2 FU FORMULA BIB24x400g N1 IN,NAN PRO 2 FU Infant Formula BIB 400g,12299905,IN NSB : NAN PRO 2,INFANT NUTRITION,NN,24.0,11.9,9.6,45.349,12299905
12396356,NAN PRO2 FU Form BIB 24x400g LE023-11 IN,NAN PRO 2 FU Infant Formula BIB 400g,12299905,IN NSB : NAN PRO 2,INFANT NUTRITION,NN,24.0,11.8,9.6,43.329,12396356
12476997,NAN PRO 2 IF BIB 24x400g LE023-12 IN,NAN PRO 2 FU Infant Formula BIB 400g,12299905,IN NSB : NAN PRO 2,INFANT NUTRITION,NN,24.0,11.8,9.6,43.329,12476997
12497615,NAN PRO2 FU Form BIB 24x400g LE023-14 IN,NAN PRO 2 FU Infant Formula BIB 400g,12299905,IN NSB : NAN PRO 2,INFANT NUTRITION,NN,24.0,11.7,9.6,43.329,12497615
12518426,NAN PRO2 FU Form BIB 24x400g INLW070 IN,NAN PRO 2 FU Infant Formula BIB 400g,12299905,IN NSB : NAN PRO 2,INFANT NUTRITION,NN,24.0,11.7,9.6,43.329,12518426
12616573,NAN PRO2 BIB 8(3x400g)INLW070 NV IN,NAN PRO 2 FU Infant Formula BIB 1.2Kg,12616573,IN NSB : NAN PRO 2,INFANT NUTRITION,NN,8.0,11.82,9.6,43.329,12616573
12139681,NAN PRO 3 FU FORMULA BIB 30x450g IN,NAN PRO 3 FU Infant Formula BIB 400g,12299906,IN NSB : NAN PRO 3,INFANT NUTRITION,NN,30.0,16.0,13.5,44.982,12139681
12199203,NAN PRO 3 FU FORMULA BIB 24x400g IN,NAN PRO 3 FU Infant Formula BIB 400g,12299906,IN NSB : NAN PRO 3,INFANT NUTRITION,NN,24.0,12.129,9.6,45.158,12199203
12299906,NAN PRO3 FU FORMULA BIB24x400g N1 IN,NAN PRO 3 FU Infant Formula BIB 400g,12299906,IN NSB : NAN PRO 3,INFANT NUTRITION,NN,24.0,11.9,9.6,45.349,12299906
12396357,NAN PRO3 FU Form BIB 24x400g LE049-9 IN,NAN PRO 3 FU Infant Formula BIB 400g,12299906,IN NSB : NAN PRO 3,INFANT NUTRITION,NN,24.0,11.8,9.6,43.329,12396357
12477034,NAN PRO 3 IF BIB 24x400g LE049-10 IN,NAN PRO 3 FU Infant Formula BIB 400g,12299906,IN NSB : NAN PRO 3,INFANT NUTRITION,NN,24.0,11.7,9.6,43.329,12477034
12497616,NAN PRO3 FU Form BIB24x400g INJE096 NVIN,NAN PRO 3 FU Infant Formula BIB 400g,12299906,IN NSB : NAN PRO 3,INFANT NUTRITION,NN,24.0,11.7,9.6,43.329,12497616
12578181,NAN PRO3 FU Form BIB24x400g INJE096-1 IN,NAN PRO 3 FU Infant Formula BIB 400g,12299906,IN NSB : NAN PRO 3,INFANT NUTRITION,NN,24.0,11.7,9.6,43.329,12578181
12178302,NAN PRO 4 FU FORMULA BIB 24x400g IN,NAN PRO 4 FU Infant Formula BIB 400g,12299907,IN NSB : NAN PRO 4,INFANT NUTRITION,NN,24.0,12.129,9.6,45.158,12178302
12299907,NAN PRO4 FU FORMULA BIB24x400g IN N1 IN,NAN PRO 4 FU Infant Formula BIB 400g,12299907,IN NSB : NAN PRO 4,INFANT NUTRITION,NN,24.0,11.9,9.6,62.62,12299907
12396367,NAN PRO4 FU Form BIB 24x400g LE113-2 IN,NAN PRO 4 FU Infant Formula BIB 400g,12299907,IN NSB : NAN PRO 4,INFANT NUTRITION,NN,24.0,11.8,9.6,43.329,12396367
12477027,NAN PRO 4 IF BIB 24x400g LE113-3 IN,NAN PRO 4 FU Infant Formula BIB 400g,12299907,IN NSB : NAN PRO 4,INFANT NUTRITION,NN,24.0,11.7,9.6,43.329,12477027
12497617,NAN PRO4 FU Form BIB24x400g INJE097 NVIN,NAN PRO 4 FU Infant Formula BIB 400g,12299907,IN NSB : NAN PRO 4,INFANT NUTRITION,NN,24.0,11.7,9.6,43.329,12497617
12578183,NAN PRO4 FU Form BIB24x400g INJE097-1 IN,NAN PRO 4 FU Infant Formula BIB 400g,12299907,IN NSB : NAN PRO 4,INFANT NUTRITION,NN,24.0,11.7,9.6,43.329,12578183
11340146,NESCAFE CLASSIC Bag In Box 12x500g IN,NCE CL CONTNR 500G,11340146,IN C&B : Nescafe Classic - FS,NP,NP,12.0,7.89,6.0,37.83,11340146
12471506,NESC Capp+Choco Mocha CP 16(2x(5x25g))IN,NESC Capp Choco Mocha CP 2x5x25g,12471506,IN C&B : Nescafe Cappuccino,BEVERAGES,F&B,16.0,7.63,4.0,50.874,12471506
12621942,NESC Choco Latte Cnd30x200ml FrW ChocoIN,NESC Choco Latte Cnd30x200ml FrW ChocoIN,12621942,IN SSD : Nescafe RTD Cold Coffee,DAIRY,F&B,30.0,6.83,6.18,19.849,12621942
12621960,NESC Clas Latte 30x200ml FrW ClasLatteIN,NESC Clas Latte 30x200ml FrW ClasLatteIN,12621960,IN SSD : Nescafe RTD Cold Coffee,DAIRY,F&B,30.0,6.83,6.18,19.849,12621960
12621939,NESC Crml Latte Cnd 30x200ml FrW Crml IN,NESC Crml Latte Cnd 30x200ml FrW Crml IN,12621939,IN SSD : Nescafe RTD Cold Coffee,DAIRY,F&B,30.0,6.83,6.18,19.849,12621939
12621938,NESC Iced Frappe 60x170ml FrW Frappe IN,NESC Iced Frappe 60x170ml FrW Frappe IN,12621938,IN SSD : Nescafe RTD Cold Coffee,DAIRY,F&B,60.0,11.56,10.5,24.26,12621938
12621937,NESC Iced Latte 60x170m FrW IcedLatte IN,NESC Iced Latte 60x170m FrW IcedLatte IN,12621937,IN SSD : Nescafe RTD Cold Coffee,DAIRY,F&B,60.0,11.56,10.506,24.26,12621937
12572863,NESC ROASTERY Dk Rst Can 6x95g IN,NESC ROASTERY Dk Rst Can 95g,12572863,IN C&B : Nescafe Gold - Retail,BEVERAGES,F&B,6.0,0.916,0.57,4.344,12572863
12617678,NESCAFE Roastery Dark Roast 12x95g N1 IN,NESC ROASTERY Dk Rst Can 95g,12572863,IN C&B : Nescafe Gold - Retail,BEVERAGES,F&B,12.0,2.87,1.14,20.743,12617678
12617688,NESCAFE Roastery MedRoast 12x95g N1 IN,NESC ROASTERY Med Rst Can 95g,12617688,IN C&B : Nescafe Gold - Retail,BEVERAGES,F&B,12.0,2.87,1.14,20.743,12617688
12609753,NESC Roastery MedRoast Giftbox 6x95g IN,NESC ROASTERY Medium Giftbox 95g,12609753,IN C&B : Nescafe Gold - Retail,BEVERAGES,F&B,6.0,5.465,0.57,57.35,12609753
12572905,NESC ROASTERY Medium Rst Can 6x95g IN,NESC ROASTERY Medium Rst Can 95g,12572905,IN C&B : Nescafe Gold - Retail,BEVERAGES,F&B,6.0,0.916,0.57,4.344,12572905
12517947,NESC RTD Hzn 30x180ml FrW NESC B3G1 IN,NESC RTD Hzn 30x180ml FrW NESC B3G1 IN,12517947,IN SSD : Nescafe RTD Cold Coffee,DAIRY,F&B,30.0,5.74,5.562,7.44,12517947
12517909,NESC RTD Int30x180ml FrW NESC B3G1 N1 IN,NESC RTD Int30x180ml FrW NESC B3G1 N1 IN,12517909,IN SSD : Nescafe RTD Cold Coffee,DAIRY,F&B,30.0,5.74,5.562,7.937,12517909
12481444,NESC RTD Latte 24x180ml FrW Maggi N1 IN,NESC RTD Latte 24x180ml FrW Maggi N1 IN,12481444,IN SSD : Nescafe RTD Cold Coffee,DAIRY,F&B,24.0,4.65,4.45,6.926,12481444
12517630,NESC RTD Latte 24x180ml FrW Maggi N2 IN,NESC RTD Latte 24x180ml FrW Maggi N2 IN,12517630,IN SSD : Nescafe RTD Cold Coffee,DAIRY,F&B,24.0,6.16,4.45,7.937,12517630
12562010,NESC RTD Latte 30x180ml FrW MAGGIATTA IN,NESC RTD Latte 30x180ml FrW MAGGIATTA IN,12562010,IN SSD : Nescafe RTD Cold Coffee,DAIRY,F&B,30.0,6.35,5.562,7.937,12562010
12586338,NESC RTD Latte 30x180ml FrW MAGKorean IN,NESC RTD Latte 30x180ml FrW MAGGIATTA IN,12562010,IN SSD : Nescafe RTD Cold Coffee,DAIRY,F&B,30.0,6.35,5.562,7.937,12586338
12517948,NESC RTD Latte 30x180ml FrW NESC B3G1 IN,NESC RTD Latte 30x180ml FrW NESC B3G1 IN,12517948,IN SSD : Nescafe RTD Cold Coffee,DAIRY,F&B,30.0,5.74,5.562,7.937,12517948
12506338,NESC RTD Latte 30x180ml FrW NESC B3G1 IN,NESC RTD Latte 30x180ml FrW NESC B3G1 IN,12506338,IN SSD : Nescafe RTD Cold Coffee,DAIRY,F&B,30.0,5.74,5.562,8.218,12506338
12277707,NESC SUNRISE Sac 26(48x4.5g) FrW SR IN,NESC SUNRISE Sac 26(48x4.5g) FrW SR IN,12277707,IN C&B : Nescafe Sunrise Small Packs,BEVERAGES,F&B,1248.0,6.91,5.616,46.332,12277707
12280091,NESC SUNRISE Sac 432x4.5g FrW SR IN,NESC SUNRISE Sac 432x4.5g FrW SR IN,12280091,IN C&B : Nescafe Sunrise Small Packs,BEVERAGES,F&B,432.0,2.862,1.944,25.644,12280091
12512882,NESCAFE All in1 Sharebag 48(10x16g) IN,NESCAFE All in 1 Sharebag 160g,12512882,IN C&B : Nescafe Redimix,BEVERAGES,F&B,48.0,10.11,7.68,84.695,12512882
12497750,NESCAFE All in1 Cup 112x16g IN,NESCAFE All in1 Cup 16g,12497750,IN C&B : Nescafe Redimix,BEVERAGES,F&B,112.0,3.98,1.792,60.399,12497750
12499432,NESCAFE All in1 Sac 10(48x16g)Hanger IN,NESCAFE All in1 Sac 16g,12499432,IN C&B : Nescafe Redimix,BEVERAGES,F&B,480.0,9.76,7.68,55.44,12499432
12618215,NESCAFE Allin1 Frappe Sac 60x28g FrW IN,NESCAFE Allin1 Frappe Sac 60x28g FrW IN,12618215,IN C&B : All in 1 Frappe,BEVERAGES,F&B,60.0,2.29,1.68,18.564,12618215
12555814,NESCAFE ALLin1 Sac Frappe 16(18x28g) IN,NESCAFE ALLin1 Sac Frappe 16(18x28g) IN,12555814,IN C&B : All in 1 Frappe,BEVERAGES,F&B,288.0,10.22,8.064,58.24,12555814
12587751,NESCAFE Allin1 FRAPPE Sac 10(30x28g) IN,NESCAFE ALLin1 Sac Frappe 16(18x28g) IN,12555814,IN C&B : All in 1 Frappe,BEVERAGES,F&B,300.0,10.015,8.4,72.072,12587751
12561851,NESCAFE All in1 FRAPPE Box 36(8x28g) IN,NESCAFE ALLin1 Sac Frappe 16(18x28g) IN,12555814,IN C&B : All in 1 Frappe,BEVERAGES,F&B,36.0,10.4,8.064,58.3,12561851
12601271,NESCAFE Allin1 FRAPPE Sac10(30x28g)N1 IN,NESCAFE ALLin1 Sac Frappe 16(18x28g) IN,12555814,IN C&B : All in 1 Frappe,BEVERAGES,F&B,300.0,10.015,8.4,72.072,12601271
12600727,NESCAFE Allin1 FRAPPE Box 36x224g N1 IN,NESCAFE ALLin1 Sac Frappe 16(18x28g) IN,12555814,IN C&B : All in 1 Frappe,BEVERAGES,F&B,36.0,10.4,8.064,58.3,12600727
12609894,NESCAFE Allin1 FRAPPE Sac10(30x28g N2 IN,NESCAFE ALLin1 Sac Frappe 16(18x28g) IN,12555814,IN C&B : All in 1 Frappe,BEVERAGES,F&B,300.0,10.3,8.4,72.072,12609894
12613122,NESCAFE Allin1 FRAPPE Box 36x224g N2 IN,NESCAFE ALLin1 Sac Frappe 16(18x28g) IN,12555814,IN C&B : All in 1 Frappe,BEVERAGES,F&B,36.0,10.4,8.064,58.3,12613122
12619478,NESCAFE Allin1 FRAPPE Sbg 48(5x28g) IN,NESCAFE ALLin1 Sac Frappe 16(18x28g) IN,12555814,IN C&B : All in 1 Frappe,BEVERAGES,F&B,48.0,9.18,6.72,74.307,12619478
12499550,NESCAFE Cafe Menu 19x250g IN,NESCAFE Cafe Menu 250g FS,12499550,IN C&B : Nescafe Cappuccino - FS,NP,NP,19.0,6.9,4.75,59.292,12499550
12564563,NESCAFE Cafe Menu Cold SP 120x25g IN,NESCAFE Cafe Menu 25g FS,12564563,IN C&B : Nescafe Cappuccino - FS,NP,NP,120.0,4.02,3.0,20.269,12564563
12517452,NESCAFE Café Menu Cold Coffee 24x500g IN,NESCAFE Cafe Menu 500g FS,12517452,IN C&B : Nescafe Cappuccino - FS,NP,NP,24.0,12.9,12.0,59.292,12517452
12325153,NESCAFE Cappuccino 48(5x20g) IN,NESCAFE Cappuccino 20g,12325153,IN C&B : Nescafe Cappuccino,BEVERAGES,F&B,48.0,6.7,4.8,36.234,12325153
12143655,NESCAFE Cappuccino (48x75g) IN,NESCAFE Cappuccino 75g,12202915,IN C&B : Nescafe Cappuccino,BEVERAGES,F&B,48.0,5.71,3.6,22.126,12143655
12202915,NESCAFE Cappuccino (48X75g) N1 IN,NESCAFE Cappuccino 75g,12202915,IN C&B : Nescafe Cappuccino,BEVERAGES,F&B,48.0,5.61,3.6,33.589,12202915
12604758,NESCAFE Cappuccino 48(5x25g) IN,NESCAFE Cappuccino 75g,12202915,IN C&B : Nescafe Cappuccino,BEVERAGES,F&B,48.0,8.54,6.0,49.126,12604758
12610096,NESCAFE Caramel Latte Cnd 30x200ml IN,NESCAFE Caramel Latte Cnd 30x200ml IN,12610096,IN SSD : Nescafe RTD Cold Coffee,DAIRY,F&B,30.0,7.3,6.18,19.849,12610096
12617847,NESC Crml Latte Cnd 30x200ml PR B3G1 IN,NESCAFE Caramel Latte Cnd 30x200ml IN,12610096,IN SSD : Nescafe RTD Cold Coffee,DAIRY,F&B,30.0,6.83,6.18,19.849,12617847
12610093,NESCAFE Choco Latte Cnd 30x200ml IN,NESCAFE Choco Latte Cnd 30x200ml IN,12610093,IN SSD : Nescafe RTD Cold Coffee,DAIRY,F&B,30.0,7.3,6.18,19.849,12610093
12617873,NESC Choco Latte Cnd 30x200ml PR B3G1 IN,NESCAFE Choco Latte Cnd 30x200ml IN,12610093,IN SSD : Nescafe RTD Cold Coffee,DAIRY,F&B,30.0,6.83,6.18,19.849,12617873
12143656,NESCAFE Choco Mocha (48x75g) IN,NESCAFE Choco Mocha 75g,12325155,IN C&B : Nescafe Cappuccino,BEVERAGES,F&B,48.0,5.43,3.6,22.126,12143656
12202916,NESCAFE Choco Mocha (48X75g) N1 IN,NESCAFE Choco Mocha 75g,12325155,IN C&B : Nescafe Cappuccino,BEVERAGES,F&B,48.0,5.64,3.6,33.589,12202916
12325155,NESCAFE Choco Mocha 48(5x20g) IN,NESCAFE Choco Mocha 75g,12325155,IN C&B : Nescafe Cappuccino,BEVERAGES,F&B,48.0,6.7,4.8,36.96,12325155
12604761,NESCAFE Choco Mocha 48(5x25g) IN,NESCAFE Choco Mocha 75g,12325155,IN C&B : Nescafe Cappuccino,BEVERAGES,F&B,48.0,8.5,6.0,49.126,12604761
12553886,NESCAFE Clas StickHanger28((23+1)x11g)IN,NESCAFE Clas StickHanger28((23+1)x11g)IN,12553886,IN C&B : Nescafe Classic Small Packs,BEVERAGES,F&B,672.0,9.32,7.392,72.079,12553886
12548911,NESCAFE Clas Stick 80(96x1.1g) Hanger IN,NESCAFE Clas StickHanger28((23+1)x11g)IN,12553886,IN C&B : Nescafe Classic Small Packs,BEVERAGES,F&B,7680.0,12.74,8.448,100.418,12548911
12472991,NESCAFE CLASSIC 224x18g PR 5 Rs Off IN,NESCAFE CLASSIC 18g,12472991,IN C&B : Nescafe Classic Large Packs,BEVERAGES,F&B,224.0,5.7,4.032,66.088,12472991
12118490,NESCAFE CLASSIC BIB 12x600g PR 100g F IN,NESCAFE Classic Bag In Box 500g FS,12266195,IN C&B : Nescafe Classic - FS,NP,NP,12.0,9.25,7.2,38.238,12118490
12146624,NESCAFE CLASSIC Bag In Box 12x500g N1 IN,NESCAFE Classic Bag In Box 500g FS,12266195,IN C&B : Nescafe Classic - FS,NP,NP,12.0,7.7,6.0,37.83,12146624
12150420,NESCAFE CLASSIC BIB12x550g PR 50g F IN,NESCAFE Classic Bag In Box 500g FS,12266195,IN C&B : Nescafe Classic - FS,NP,NP,12.0,7.89,6.6,37.83,12150420
12180428,NESCAFE CLASSIC BIB12x540g PR 40g F IN,NESCAFE Classic Bag In Box 500g FS,12266195,IN C&B : Nescafe Classic - FS,NP,NP,12.0,7.89,6.48,37.83,12180428
12216862,NESCAFE CLASSIC BIB12x500g PR 50 OFF IN,NESCAFE Classic Bag In Box 500g FS,12266195,IN C&B : Nescafe Classic - FS,NP,NP,12.0,7.89,6.0,37.83,12216862
12266195,NESCAFE CLASSIC Bag Stabilo 12x500g IN,NESCAFE Classic Bag In Box 500g FS,12266195,IN C&B : Nescafe Classic - FS,NP,NP,12.0,6.9,6.0,46.08,12266195
12329197,NESCAFE CLASSIC Container 6(2x500g) IN,NESCAFE Classic Bag In Box 500g FS,12266195,IN C&B : Nescafe Classic - FS,NP,NP,6.0,9.4,6.0,64.325,12329197
12358912,NESCAFE CLASSIC Stabilo 12x500g PR LD IN,NESCAFE Classic Bag In Box 500g FS,12266195,IN C&B : Nescafe Classic - FS,NP,NP,12.0,6.69,6.0,46.332,12358912
12516510,NESCAFE Clas Bag Stabilo 12x500g CM IN,NESCAFE Classic Bag In Box 500g FS,12266195,IN C&B : Nescafe Classic - FS,NP,NP,12.0,6.7,6.0,46.08,12516510
12616079,NESCAFE Clas Bag Stabilo 12x500g N1 IN,NESCAFE Classic Bag In Box 500g FS,12266195,IN C&B : Nescafe Classic - FS,NP,NP,12.0,6.7,6.0,46.078,12616079
12615453,NESCAFE Black Roast 400(2x1.5g) IN,NESCAFE Classic BR 1.5g,12615453,IN C&B : Nescafe Classic Large Packs,BEVERAGES,F&B,800.0,3.183,1.2,84.6,12615453
12469758,NESCAFE CLAS Black Roast Jar 18x100g IN,NESCAFE Classic BR Jar 100g,12469758,IN C&B : Nescafe Classic Large Packs,BEVERAGES,F&B,18.0,7.2,1.8,16.9,12469758
12532080,NESCAFE Clas Black Roast Jar 24x95g IN,NESCAFE Classic BR Jar 100g,12469758,IN C&B : Nescafe Classic Large Packs,BEVERAGES,F&B,24.0,9.4,2.28,8.238,12532080
12576462,NESCAFE Clas Black Roast Jar 24x90g IN,NESCAFE Classic BR Jar 100g,12469758,IN C&B : Nescafe Classic Large Packs,BEVERAGES,F&B,24.0,9.282,2.16,20.719,12576462
12597375,NESC CLAS Blk Roast 24x90gPR Rs25 Off IN,NESCAFE Classic BR Jar 100g,12469758,IN C&B : Nescafe Classic Large Packs,BEVERAGES,F&B,24.0,9.282,2.16,20.719,12597375
12614471,NESCAFE Black Roast 24x90g PR25Off NR IN,NESCAFE Classic BR Jar 100g,12469758,IN C&B : Nescafe Classic Large Packs,BEVERAGES,F&B,24.0,9.282,2.16,20.719,12614471
12532072,NESCAFE Clas Black Roast Jar 12x200g IN,NESCAFE Classic BR Jar 200g,12532072,IN C&B : Nescafe Classic Large Packs,BEVERAGES,F&B,12.0,8.15,2.4,8.238,12532072
12567911,NESCAFE Clas Black Roast Jar 12x190g IN,NESCAFE Classic BR Jar 200g,12532072,IN C&B : Nescafe Classic Large Packs,BEVERAGES,F&B,12.0,8.03,2.28,24.024,12567911
12363388,NESCAFE First Harvest Dawn Jar 24x50g IN,NESCAFE Classic First Harvest Jar 50g,12363388,IN C&B : Nescafe Classic Large Packs,BEVERAGES,F&B,24.0,4.9,1.2,8.238,12363388
12014108,NESCAFE CLASSIC Asean Jar 24x100g IN,NESCAFE Classic Jar 100g,12256341,IN C&B : Nescafe Classic Large Packs,BEVERAGES,F&B,24.0,8.6,2.4,19.843,12014108
12084940,NESCAFE CLASSIC Value Pack 24x100g IN,NESCAFE Classic Jar 100g,12256341,IN C&B : Nescafe Classic Large Packs,BEVERAGES,F&B,24.0,10.8,2.4,76.926,12084940
12143633,NESCAFE CLASSIC Jar 24x100g N1 IN,NESCAFE Classic Jar 100g,12256341,IN C&B : Nescafe Classic Large Packs,BEVERAGES,F&B,24.0,8.7,2.4,19.843,12143633
12149700,NESCAFE CLASSIC Jar 24x100gPR Red Mug IN,NESCAFE Classic Jar 100g,12256341,IN C&B : Nescafe Classic Large Packs,BEVERAGES,F&B,24.0,8.6,2.4,19.843,12149700
12156892,NESCAFE CLAS Jar 24x100g N1 PR Bourbo IN,NESCAFE Classic Jar 100g,12256341,IN C&B : Nescafe Classic Large Packs,BEVERAGES,F&B,24.0,8.7,2.4,19.843,12156892
12160960,NESCAFE CLASSIC Jar 24x95g IN,NESCAFE Classic Jar 100g,12256341,IN C&B : Nescafe Classic Large Packs,BEVERAGES,F&B,24.0,8.7,2.28,19.843,12160960
12180627,NESCAFE CLASSIC Jar 24x95g PR Red Mug IN,NESCAFE Classic Jar 100g,12256341,IN C&B : Nescafe Classic Large Packs,BEVERAGES,F&B,24.0,8.7,2.28,19.843,12180627
12205578,NESCAFE Classic Dawn Jar 18x100g IN,NESCAFE Classic Jar 100g,12256341,IN C&B : Nescafe Classic Large Packs,BEVERAGES,F&B,18.0,7.2,1.8,16.9,12205578
12235949,NESCAFE CLAS Dawn 12(1x100g) PR R.Mug IN,NESCAFE Classic Jar 100g,12256341,IN C&B : Nescafe Classic Large Packs,BEVERAGES,F&B,12.0,8.1,1.2,52.964,12235949
12256341,NESCAFE CLASSIC Dawn Jar 18x100g N1 IN,NESCAFE Classic Jar 100g,12256341,IN C&B : Nescafe Classic Large Packs,BEVERAGES,F&B,18.0,7.2,1.8,16.9,12256341
12278797,NESCAFE CLASSIC Jar 15x100g PR KK S IN,NESCAFE Classic Jar 100g,12256341,IN C&B : Nescafe Classic Large Packs,BEVERAGES,F&B,15.0,6.175,1.5,14.297,12278797
12319957,NESCAFE CLAS Jar 12x100g PR 50g Sac IN,NESCAFE Classic Jar 100g,12256341,IN C&B : Nescafe Classic Large Packs,BEVERAGES,F&B,12.0,4.95,1.8,29.393,12319957
12355909,NESCAFE CLAS Jar 18x100g MugPot Combo IN,NESCAFE Classic Jar 100g,12256341,IN C&B : Nescafe Classic Large Packs,BEVERAGES,F&B,18.0,7.2,1.8,16.9,12355909
12381552,NESCAFE Clas Dawn Jar6x100gPR StrdKit IN,NESCAFE Classic Jar 100g,12256341,IN C&B : Nescafe Classic Large Packs,BEVERAGES,F&B,6.0,9100.0,600.0,55.275,12381552
12425380,NESCAFE CLAS Dawn12(1x100g)N1 PR R_MugIN,NESCAFE Classic Jar 100g,12256341,IN C&B : Nescafe Classic Large Packs,BEVERAGES,F&B,12.0,8.1,1.2,52.964,12425380
12425381,NESCAFE CLASSIC Dawn Jar 18x100g N2 IN,NESCAFE Classic Jar 100g,12256341,IN C&B : Nescafe Classic Large Packs,BEVERAGES,F&B,18.0,7.2,1.8,16.9,12425381
12469757,NESCAFE CLAS 18x100g PR Mason Jar IN,NESCAFE Classic Jar 100g,12256341,IN C&B : Nescafe Classic Large Packs,BEVERAGES,F&B,18.0,7.2,1.8,16.9,12469757
12488526,NESCAFE CLASSIC Jar 18x100g NR 21 IN,NESCAFE Classic Jar 100g,12256341,IN C&B : Nescafe Classic Large Packs,BEVERAGES,F&B,18.0,7.2,1.8,16.9,12488526
12503336,NESCAFE CLASSIC Dawn Jar 24x100g IN,NESCAFE Classic Jar 100g,12256341,IN C&B : Nescafe Classic Large Packs,BEVERAGES,F&B,24.0,9.8,2.4,20.719,12503336
12517844,NESC Clas 12x100g Jar PR MasonJar Kit IN,NESCAFE Classic Jar 100g,12256341,IN C&B : Nescafe Classic Large Packs,BEVERAGES,F&B,12.0,12.29,1.2,52.964,12517844
12526328,NESCAFE CLASSIC Dawn Jar 24x95g IN,NESCAFE Classic Jar 100g,12256341,IN C&B : Nescafe Classic Large Packs,BEVERAGES,F&B,24.0,9.4,2.28,20.719,12526328
12549356,NESCAFE CLASSIC Dawn Jar 24x95g N1 IN,NESCAFE Classic Jar 100g,12256341,IN C&B : Nescafe Classic Large Packs,BEVERAGES,F&B,24.0,9.4,2.28,20.719,12549356
12549975,NESCAFE CLAS Dawn Jar 24x95g PR MAGGI IN,NESCAFE Classic Jar 100g,12256341,IN C&B : Nescafe Classic Large Packs,BEVERAGES,F&B,24.0,9.4,2.28,20.719,12549975
12568542,NESCAFE CLASSIC Dawn Jar 24x90g IN,NESCAFE Classic Jar 100g,12256341,IN C&B : Nescafe Classic Large Packs,BEVERAGES,F&B,24.0,9.28,2.16,20.719,12568542
12584334,NESCAFE CLAS Dawn Jar 24x90g N1 IN,NESCAFE Classic Jar 100g,12256341,IN C&B : Nescafe Classic Large Packs,BEVERAGES,F&B,24.0,9.282,2.16,20.719,12584334
12597386,NESCAFE CLAS Jar 24x90g PR Rs 25 Off IN,NESCAFE Classic Jar 100g,12256341,IN C&B : Nescafe Classic Large Packs,BEVERAGES,F&B,24.0,9.282,2.16,20.719,12597386
12577763,NESCAFE CLAS Dawn Jar 24x90g PR Maggi IN,NESCAFE Classic Jar 100g,12256341,IN C&B : Nescafe Classic Large Packs,BEVERAGES,F&B,24.0,9.282,2.16,20.719,12577763
12606106,NESCAFE CLASSIC Dawn Jar 24x90g NR IN,NESCAFE Classic Jar 100g,12256341,IN C&B : Nescafe Classic Large Packs,BEVERAGES,F&B,24.0,9.282,2.16,20.719,12606106
12607454,NESCAFE CLAS Jar 24x90g PR Maggi NR IN,NESCAFE Classic Jar 100g,12256341,IN C&B : Nescafe Classic Large Packs,BEVERAGES,F&B,24.0,9.282,2.16,20.719,12607454
12614482,NESCAFE Classic Jar 24x90g PR 25OffNR IN,NESCAFE Classic Jar 100g,12256341,IN C&B : Nescafe Classic Large Packs,BEVERAGES,F&B,24.0,9.282,2.16,20.719,12614482
12396666,NESC Clas Jar6x100g PR HomeBaristkit IN ,NESCAFE Classic Jar 100g PR ECOM,12396666,IN C&B : Nescafe Classic Large Packs,BEVERAGES,F&B,6.0,9100.0,600.0,31.951,12396666
12414494,NESCAFE CLAS Jar 6x100g PR Frappe IN ,NESCAFE Classic Jar 100g PR ECOM,12396666,IN C&B : Nescafe Classic Large Packs,BEVERAGES,F&B,6.0,8.3,0.6,54.87,12414494
12430967,NESC Clas Jar 6x100g PR UCKDiwaliKit IN ,NESCAFE Classic Jar 100g PR ECOM,12396666,IN C&B : Nescafe Classic Large Packs,BEVERAGES,F&B,6.0,9100.0,600.0,31.951,12430967
12443299,NESCAFE Clas 6x100g PR Ultm Coff Kit IN,NESCAFE Classic Jar 100g PR ECOM,12396666,IN C&B : Nescafe Classic Large Packs,BEVERAGES,F&B,6.0,9.1,0.6,31.951,12443299
12446282,NESCAFE CLASSIC 6x100g PR Frappe IN,NESCAFE Classic Jar 100g PR ECOM,12396666,IN C&B : Nescafe Classic Large Packs,BEVERAGES,F&B,6.0,7.36,0.6,48.675,12446282
12333320,NESCAFE CLASSIC Dawn Jar 12x200g IN,NESCAFE Classic Jar 200g,12333320,IN C&B : Nescafe Classic Large Packs,BEVERAGES,F&B,12.0,8.1,2.4,24.024,12333320
12341666,NESCAFE Classic Jar 10x200g PR S.Pot IN,NESCAFE Classic Jar 200g,12333320,IN C&B : Nescafe Classic Large Packs,BEVERAGES,F&B,10.0,7.24,2.0,46.778,12341666
12440815,NESCAFE CLAS 6x200g PR Mug Spoon Kit IN,NESCAFE Classic Jar 200g,12333320,IN C&B : Nescafe Classic Large Packs,BEVERAGES,F&B,6.0,7.5,1.2,31.8,12440815
12471276,NESCAFE Clas 6x200g PR Cheeky Zombie IN,NESCAFE Classic Jar 200g,12333320,IN C&B : Nescafe Classic Large Packs,BEVERAGES,F&B,6.0,7.5,1.2,43.61,12471276
12471280,NESCAFE Clas 6x200g PR Cheeky Grouch IN,NESCAFE Classic Jar 200g,12333320,IN C&B : Nescafe Classic Large Packs,BEVERAGES,F&B,6.0,7.5,1.2,43.61,12471280
12471441,NESCAFE Clas 6x200g PR Cheeky Rusher IN,NESCAFE Classic Jar 200g,12333320,IN C&B : Nescafe Classic Large Packs,BEVERAGES,F&B,6.0,7.5,1.2,43.61,12471441
12471452,NESCAFE Clas 6x200g PR Cheeky Riser IN,NESCAFE Classic Jar 200g,12333320,IN C&B : Nescafe Classic Large Packs,BEVERAGES,F&B,6.0,7.5,1.2,43.61,12471452
12471553,NESCAFE Clas 6x200g PR Thero Mug IN,NESCAFE Classic Jar 200g,12333320,IN C&B : Nescafe Classic Large Packs,BEVERAGES,F&B,6.0,5.28,1.2,27.456,12471553
12469825,NESCAFE CLAS 6x200g PR Frother IN,NESCAFE Classic Jar 200g,12333320,IN C&B : Nescafe Classic Large Packs,BEVERAGES,F&B,6.0,6.0,1.2,33.726,12469825
12531881,NESCAFE CLASSIC Dawn Jar 6(2x200g) IN,NESCAFE Classic Jar 200g,12333320,IN C&B : Nescafe Classic Large Packs,BEVERAGES,F&B,6.0,9.12,2.4,20.719,12531881
12522774,NESCAFE CLAS Jar 6x200g PR SS Shaker IN,NESCAFE Classic Jar 200g,12333320,IN C&B : Nescafe Classic Large Packs,BEVERAGES,F&B,6.0,6.0,1.2,24.024,12522774
12559891,NESCAFE Clas Jar 6x200g PR Gls CoasterIN,NESCAFE Classic Jar 200g,12333320,IN C&B : Nescafe Classic Large Packs,BEVERAGES,F&B,6.0,7.95,1.2,33.12,12559891
12568524,NESCAFE CLASSIC 6x190g PR Red Mug IN,NESCAFE Classic Jar 200g,12333320,IN C&B : Nescafe Classic Large Packs,BEVERAGES,F&B,6.0,7.64,1.14,33.188,12568524
12568988,NESCAFE CLASSIC Dawn Jar 6(2x190g) IN,NESCAFE Classic Jar 200g,12333320,IN C&B : Nescafe Classic Large Packs,BEVERAGES,F&B,6.0,10.41,2.28,40.878,12568988
12555164,NESCAFE CLASSIC Dawn Jar 12x190g IN,NESCAFE Classic Jar 200g,12333320,IN C&B : Nescafe Classic Large Packs,BEVERAGES,F&B,12.0,8.03,2.28,24.024,12555164
12584351,NESCAFE CLAS Dawn Jar 12x190g N1 IN,NESCAFE Classic Jar 200g,12333320,IN C&B : Nescafe Classic Large Packs,BEVERAGES,F&B,12.0,8.032,2.28,24.024,12584351
12588314,NESCAFE CLAS 6x190g PR Cold Coff Gls IN,NESCAFE Classic Jar 200g,12333320,IN C&B : Nescafe Classic Large Packs,BEVERAGES,F&B,6.0,7.89,1.14,33.12,12588314
12602921,NESCAFE CLAS Dawn Jar 12x180g IN,NESCAFE Classic Jar 200g,12333320,IN C&B : Nescafe Classic Large Packs,BEVERAGES,F&B,12.0,6.832,2.16,24.024,12602921
12604077,NESCAFE CLASSIC 6x180g PR Red Mug IN,NESCAFE Classic Jar 200g,12333320,IN C&B : Nescafe Classic Large Packs,BEVERAGES,F&B,6.0,7.46,1.08,37.17,12604077
12606755,NESCAFE CLASSIC Dawn Jar 12x180g NR IN,NESCAFE Classic Jar 200g,12333320,IN C&B : Nescafe Classic Large Packs,BEVERAGES,F&B,12.0,8.0,2.16,24.024,12606755
12606782,NESCAFE CLASSIC 6x180g PR Red Mug NR IN,NESCAFE Classic Jar 200g,12333320,IN C&B : Nescafe Classic Large Packs,BEVERAGES,F&B,6.0,7.46,1.08,37.17,12606782
12616733,NESCAFE CLAS 6x180g PR Cold Coff Gls IN,NESCAFE Classic Jar 200g,12333320,IN C&B : Nescafe Classic Large Packs,BEVERAGES,F&B,6.0,7.46,1.08,37.17,12616733
11340127,NESCAFE CLASSIC Jar 24x25g IN,NESCAFE Classic Jar 25g,12256160,IN C&B : Nescafe Classic Large Packs,BEVERAGES,F&B,24.0,3.0,0.6,4.925,11340127
12143636,NESCAFE CLASSIC Jar 24x25g N1 IN,NESCAFE Classic Jar 25g,12256160,IN C&B : Nescafe Classic Large Packs,BEVERAGES,F&B,24.0,2900.0,600.0,4.925,12143636
12256160,NESCAFE CLASSIC Jar 24x25g N2 IN,NESCAFE Classic Jar 25g,12256160,IN C&B : Nescafe Classic Large Packs,BEVERAGES,F&B,24.0,2820.0,600.0,5.97,12256160
12319959,NESCAFE CLASS Jar 24x25gPR 2U Munch IN,NESCAFE Classic Jar 25g,12256160,IN C&B : Nescafe Classic Large Packs,BEVERAGES,F&B,24.0,2.8,0.6,7.42,12319959
12347665,NESCAFE CLASSIC Jar 24x25g PR Maggi IN,NESCAFE Classic Jar 25g,12256160,IN C&B : Nescafe Classic Large Packs,BEVERAGES,F&B,24.0,2.6,0.6,7.42,12347665
12396366,NESCAFE CLAS Dawn Jar 24x25g PR Spoon IN,NESCAFE Classic Jar 25g,12256160,IN C&B : Nescafe Classic Large Packs,BEVERAGES,F&B,24.0,2800.0,600.0,6.62,12396366
12425396,NESCAFE CLASSIC Jar 24x25g N3 IN,NESCAFE Classic Jar 25g,12256160,IN C&B : Nescafe Classic Large Packs,BEVERAGES,F&B,24.0,2820.0,600.0,6.912,12425396
12443726,NESCAFE Clas Jar 24x25g PR Spec Mas IN,NESCAFE Classic Jar 25g,12256160,IN C&B : Nescafe Classic Large Packs,BEVERAGES,F&B,24.0,2.8,0.6,7.42,12443726
12503328,NESCAFE CLASSIC Jar 36x25g IN,NESCAFE Classic Jar 25g,12256160,IN C&B : Nescafe Classic Large Packs,BEVERAGES,F&B,36.0,4.43,0.9,8.813,12503328
12530529,NESCAFE CLASSIC Jar 36x24g IN,NESCAFE Classic Jar 25g,12256160,IN C&B : Nescafe Classic Large Packs,BEVERAGES,F&B,36.0,4.3,0.864,8.813,12530529
12607462,NESCAFE CLASSIC Jar 36x24g NR IN,NESCAFE Classic Jar 25g,12256160,IN C&B : Nescafe Classic Large Packs,BEVERAGES,F&B,36.0,4.268,0.864,8.813,12607462
11340148,NESCAFE CLASSIC Jar 24x50g IN,NESCAFE Classic Jar 50g,12256161,IN C&B : Nescafe Classic Large Packs,BEVERAGES,F&B,24.0,4.59,1.2,11.372,11340148
12125646,NESCAFE CLASSIC Jar 24x50g PRChoc Fr IN,NESCAFE Classic Jar 50g,12256161,IN C&B : Nescafe Classic Large Packs,BEVERAGES,F&B,24.0,4.8,1.2,11.372,12125646
12142638,NESCAFE CLASSIC Jar 24x50g PR Item F IN,NESCAFE Classic Jar 50g,12256161,IN C&B : Nescafe Classic Large Packs,BEVERAGES,F&B,24.0,5.6,1.2,11.372,12142638
12143635,NESCAFE CLASSIC Jar 24x50g N1 IN,NESCAFE Classic Jar 50g,12256161,IN C&B : Nescafe Classic Large Packs,BEVERAGES,F&B,24.0,5.3,1.2,11.372,12143635
12160961,NESCAFE CLASSIC Jar 24x47g IN,NESCAFE Classic Jar 50g,12256161,IN C&B : Nescafe Classic Large Packs,BEVERAGES,F&B,24.0,5.3,1.128,11.372,12160961
12205168,NESCAFE CLASSIC Jar 24x47g PR Cold IN,NESCAFE Classic Jar 50g,12256161,IN C&B : Nescafe Classic Large Packs,BEVERAGES,F&B,24.0,5.3,1.128,11.372,12205168
12205428,NESCAFE Classic Dawn Jar 24x50g IN,NESCAFE Classic Jar 50g,12256161,IN C&B : Nescafe Classic Large Packs,BEVERAGES,F&B,24.0,5.1,1.2,9.36,12205428
12233228,NESCAFE Classic Dawn 18 x 50g PR KK4F IN,NESCAFE Classic Jar 50g,12256161,IN C&B : Nescafe Classic Large Packs,BEVERAGES,F&B,18.0,5.1,0.9,12.34,12233228
12244170,NESCAFE Clas Dawn 21x50g PR HUNGROO F IN,NESCAFE Classic Jar 50g,12256161,IN C&B : Nescafe Classic Large Packs,BEVERAGES,F&B,21.0,5.7,1.05,9.085,12244170
12256161,NESCAFE Classic Dawn Jar 24x50g N1 IN,NESCAFE Classic Jar 50g,12256161,IN C&B : Nescafe Classic Large Packs,BEVERAGES,F&B,24.0,5.303,1.2,9.36,12256161
12274868,NESCAFE Classic Jar 24x50g PR MAG NDL IN,NESCAFE Classic Jar 50g,12256161,IN C&B : Nescafe Classic Large Packs,BEVERAGES,F&B,24.0,5.3,1.2,9.36,12274868
12299909,NESCAFE Classic Jar 24x50g PR BISCUIT IN,NESCAFE Classic Jar 50g,12256161,IN C&B : Nescafe Classic Large Packs,BEVERAGES,F&B,24.0,5.303,1.2,9.36,12299909
12310600,NESCAFE CLASSIC Jar 24x50g PR Paytm IN,NESCAFE Classic Jar 50g,12256161,IN C&B : Nescafe Classic Large Packs,BEVERAGES,F&B,24.0,5.3,1.2,12.34,12310600
12325926,NESCAFE CLASSIC Jar24x50gPR Dbl Maggi IN,NESCAFE Classic Jar 50g,12256161,IN C&B : Nescafe Classic Large Packs,BEVERAGES,F&B,24.0,5.3,1.2,9.36,12325926
12365452,NESC Clas Dawn Jar24x50g PR Shaker N1 IN,NESCAFE Classic Jar 50g,12256161,IN C&B : Nescafe Classic Large Packs,BEVERAGES,F&B,24.0,11.2,1.2,54.27,12365452
12394191,NESCAFE Classic Jar24x50g PR LatteSac IN,NESCAFE Classic Jar 50g,12256161,IN C&B : Nescafe Classic Large Packs,BEVERAGES,F&B,24.0,5.0,1.2,8.238,12394191
12425375,NESCAFE Classic Dawn Jar 24x50g N2 IN,NESCAFE Classic Jar 50g,12256161,IN C&B : Nescafe Classic Large Packs,BEVERAGES,F&B,24.0,5.303,1.2,9.36,12425375
12433802,NESCAFE Clas Dawn 24x50g PR Maggi 70g IN,NESCAFE Classic Jar 50g,12256161,IN C&B : Nescafe Classic Large Packs,BEVERAGES,F&B,24.0,4.96,1.2,8.238,12433802
12445964,NESCAFE CLASSIC 24x50g PR Shaker N2 IN,NESCAFE Classic Jar 50g,12256161,IN C&B : Nescafe Classic Large Packs,BEVERAGES,F&B,24.0,11.2,1.2,54.274,12445964
12503337,NESCAFE Classic Dawn Jar 30x50g IN,NESCAFE Classic Jar 50g,12256161,IN C&B : Nescafe Classic Large Packs,BEVERAGES,F&B,30.0,6.6,1.5,8.238,12503337
12530534,NESCAFE Classic Dawn Jar 30x48g IN,NESCAFE Classic Jar 50g,12256161,IN C&B : Nescafe Classic Large Packs,BEVERAGES,F&B,30.0,6.33,1.44,8.238,12530534
12549379,NESCAFE Classic Dawn Jar 30x48g N1 IN,NESCAFE Classic Jar 50g,12256161,IN C&B : Nescafe Classic Large Packs,BEVERAGES,F&B,30.0,6.6,1.44,8.238,12549379
12568381,NESCAFE Classic Dawn Jar 30x45g IN,NESCAFE Classic Jar 50g,12256161,IN C&B : Nescafe Classic Large Packs,BEVERAGES,F&B,30.0,6.47,1.35,8.238,12568381
12588204,NESCAFE Classic Dawn Jar 30x45g N1 IN,NESCAFE Classic Jar 50g,12256161,IN C&B : Nescafe Classic Large Packs,BEVERAGES,F&B,30.0,6.247,1.35,8.238,12588204
12597347,NESCAFE CLAS Jar 30x45g PR Rs15 Off IN,NESCAFE Classic Jar 50g,12256161,IN C&B : Nescafe Classic Large Packs,BEVERAGES,F&B,30.0,6.247,1.35,8.238,12597347
12606197,NESCAFE CLASSIC Dawn Jar 30x45g NR IN,NESCAFE Classic Jar 50g,12256161,IN C&B : Nescafe Classic Large Packs,BEVERAGES,F&B,30.0,6.5,1.35,11.145,12606197
12617431,NESCAFE CLASSIC Jar 30x45g PR Frappe IN,NESCAFE Classic Jar 50g,12256161,IN C&B : Nescafe Classic Large Packs,BEVERAGES,F&B,30.0,6.247,1.35,11.145,12617431
12355017,NESCAFE CLAS Travel Kit Black 8x200g IN,NESCAFE Classic Jar Travel Kit Black 200g,12377110,IN C&B : Nescafe Classic Large Packs,BEVERAGES,F&B,8.0,7.3,1.6,39.404,12355017
12377110,NESCAFE CLAS Trvl Kit Black 8x200g N1 IN,NESCAFE Classic Jar Travel Kit Black 200g,12377110,IN C&B : Nescafe Classic Large Packs,BEVERAGES,F&B,8.0,7.3,1.6,39.404,12377110
12355195,NESCAFE CLAS Travel Kit Red 8x200g IN,NESCAFE Classic Jar Travel Kit Red 200g,12355195,IN C&B : Nescafe Classic Large Packs,BEVERAGES,F&B,8.0,7.3,1.6,39.404,12355195
12377059,NESCAFE CLAS Travel Kit Red 8x200g N1 IN,NESCAFE Classic Jar Travel Kit Red 200g,12355195,IN C&B : Nescafe Classic Large Packs,BEVERAGES,F&B,8.0,7.3,1.6,43.992,12377059
12610095,NESCAFE Classic Latte Cnd 30x200ml IN,NESCAFE Classic Latte Cnd 30x200ml IN,12610095,IN SSD : Nescafe RTD Cold Coffee,DAIRY,F&B,30.0,7.3,6.18,19.849,12610095
12617856,NESC Clas Latte Cnd 30x200ml PR B3G1 IN,NESCAFE Classic Latte Cnd 30x200ml IN,12610095,IN SSD : Nescafe RTD Cold Coffee,DAIRY,F&B,30.0,6.83,6.18,19.849,12617856
12074755,NESCAFE CLASSIC Sachet MP 14(240x0.8g)IN,NESCAFE Classic Sachet 1.5g FS,12257212,IN C&B : Nescafe Classic - FS,NP,NP,3360.0,5.63,2.688,48.1,12074755
12149406,NESCAFE CLASSIC Sachet MP 24(120x0.8g)IN,NESCAFE Classic Sachet 1.5g FS,12257212,IN C&B : Nescafe Classic - FS,NP,NP,24.0,4.7,2.304,48.1,12149406
12241057,NESCAFE CLASSIC Sachet MP 24(120x1g)IN,NESCAFE Classic Sachet 1.5g FS,12257212,IN C&B : Nescafe Classic - FS,NP,NP,24.0,5.0,2.88,48.1,12241057
12257212,NESCAFE CLASSIC Sachet MP 40(60x1.5g) IN,NESCAFE Classic Sachet 1.5g FS,12257212,IN C&B : Nescafe Classic - FS,NP,NP,40.0,5.65,3.6,47.64,12257212
12274869,NESCAFE CLASSIC 40(60x1.5g) PR 2+1 IN,NESCAFE Classic Sachet 1.5g FS,12257212,IN C&B : Nescafe Classic - FS,NP,NP,40.0,5.65,3.6,46.332,12274869
12287752,NESCAFE CLASSIC 40(60x1.5g) PR 1+1 IN,NESCAFE Classic Sachet 1.5g FS,12257212,IN C&B : Nescafe Classic - FS,NP,NP,40.0,5.65,3.6,46.332,12287752
12426833,NESCAFE Classic Sac 56(50x1.5g) IN,NESCAFE Classic Sachet 1.5g FS,12257212,IN C&B : Nescafe Classic - FS,NP,NP,56.0,6.3,4.2,46.332,12426833
12472296,NESCAFE Classic Stickpack 56(50x1.5g) IN,NESCAFE Classic Sachet 1.5g FS,12257212,IN C&B : Nescafe Classic - FS,NP,NP,56.0,6.0,4.2,55.1,12472296
12522907,NESCAFE Classic Stickpack 60(50x1.4g) IN,NESCAFE Classic Sachet 1.5g FS,12257212,IN C&B : Nescafe Classic - FS,NP,NP,60.0,6.82,4.2,55.1,12522907
12550633,NESCAFE Classic Stickpack 60(50x1.1g) IN,NESCAFE Classic Sachet 1.5g FS,12257212,IN C&B : Nescafe Classic - FS,NP,NP,60.0,5.55,3.3,54.054,12550633
12578474,NESCAFE Classic Stickpack 60(60x1g) IN,NESCAFE Classic Sachet 1.5g FS,12257212,IN C&B : Nescafe Classic - FS,NP,NP,60.0,5.753,3.6,54.054,12578474
12606063,NESCAFE Classic Stickpack 60(60x0.9g) IN,NESCAFE Classic Sachet 1.5g FS,12257212,IN C&B : Nescafe Classic - FS,NP,NP,60.0,5.34,3.24,120.0,12606063
12613450,NESCAFE Clas Stickpack 60(60x0.9g)N1 IN,NESCAFE Classic Sachet 1.5g FS,12257212,IN C&B : Nescafe Classic - FS,NP,NP,60.0,5.386,3.24,50.5,12613450
11340131,NESCAFE CLASSIC Sachet 96x50g IN,NESCAFE Classic Sachet 50g,12256340,IN C&B : Nescafe Classic Large Packs,BEVERAGES,F&B,96.0,6.09,4.8,37.83,11340131
12097836,NESCAFE CLAS Sac96x50g PR W Shaker Fr IN,NESCAFE Classic Sachet 50g,12256340,IN C&B : Nescafe Classic Large Packs,BEVERAGES,F&B,96.0,6.09,4.8,37.83,12097836
12122363,NESCAFE CLASSIC Sac96x50g PR 15g Free IN,NESCAFE Classic Sachet 50g,12256340,IN C&B : Nescafe Classic Large Packs,BEVERAGES,F&B,96.0,7.5,6.24,36.411,12122363
12143634,NESCAFE CLASSIC Sachet 96x50g N1 IN,NESCAFE Classic Sachet 50g,12256340,IN C&B : Nescafe Classic Large Packs,BEVERAGES,F&B,96.0,6.0,4.8,37.83,12143634
12143707,NESCAFE CLASSIC Sac 96x50g PR KK4F F IN,NESCAFE Classic Sachet 50g,12256340,IN C&B : Nescafe Classic Large Packs,BEVERAGES,F&B,96.0,6.09,4.8,37.83,12143707
12150291,NESCAFE CLAS Sac 96x50g PR 20% Free IN,NESCAFE Classic Sachet 50g,12256340,IN C&B : Nescafe Classic Large Packs,BEVERAGES,F&B,96.0,6.18,5.76,37.83,12150291
12170377,NESCAFE CLASSIC Tumbler 24x42g,NESCAFE Classic Sachet 50g,12256340,IN C&B : Nescafe Classic Large Packs,BEVERAGES,F&B,24.0,4.59,1.008,11.372,12170377
12180626,NESCAFE CLASSIC Sac96x50g PR 15% IN,NESCAFE Classic Sachet 50g,12256340,IN C&B : Nescafe Classic Large Packs,BEVERAGES,F&B,96.0,6.09,5.52,37.83,12180626
12193774,NESCAFE CLASSIC Sac 96x50g PR Pce off IN,NESCAFE Classic Sachet 50g,12256340,IN C&B : Nescafe Classic Large Packs,BEVERAGES,F&B,96.0,6.09,4.8,37.83,12193774
12205084,NESCAFE CLASSIC Sac 96x50g PR Tumbler IN,NESCAFE Classic Sachet 50g,12256340,IN C&B : Nescafe Classic Large Packs,BEVERAGES,F&B,96.0,6.09,4.8,37.83,12205084
12213153,NESCAFE CLASSIC Sac 96x50g PR Rs7 off IN,NESCAFE Classic Sachet 50g,12256340,IN C&B : Nescafe Classic Large Packs,BEVERAGES,F&B,96.0,6.09,4.8,37.83,12213153
12221955,NESCAFE CLASSIC SAC 48x50g PR Shaker IN,NESCAFE Classic Sachet 50g,12256340,IN C&B : Nescafe Classic Large Packs,BEVERAGES,F&B,48.0,6.09,2.4,49.104,12221955
12225646,NESCAFE CLASSIC Sac 96x50g PR 10 Off IN,NESCAFE Classic Sachet 50g,12256340,IN C&B : Nescafe Classic Large Packs,BEVERAGES,F&B,96.0,6.09,4.8,37.83,12225646
12256340,NESCAFE CLASSIC Sachet 96x50g N2 IN,NESCAFE Classic Sachet 50g,12256340,IN C&B : Nescafe Classic Large Packs,BEVERAGES,F&B,96.0,5.75,4.8,33.589,12256340
12278053,NESCAFE CLASSIC Sachet 96x50g PR Oats IN,NESCAFE Classic Sachet 50g,12256340,IN C&B : Nescafe Classic Large Packs,BEVERAGES,F&B,96.0,6.0,4.8,35.568,12278053
12281914,NESCAFE CLAS Sac 72x50g PR ClipNSpoon IN,NESCAFE Classic Sachet 50g,12256340,IN C&B : Nescafe Classic Large Packs,BEVERAGES,F&B,72.0,5.496,3.6,38.354,12281914
12310559,NESCAFE CLASSIC Sac 96x50g PR Paytm IN,NESCAFE Classic Sachet 50g,12256340,IN C&B : Nescafe Classic Large Packs,BEVERAGES,F&B,96.0,5.3,4.8,12.34,12310559
12312891,NESCAFE CLAS Sac 48x50g PR Str Cntnr IN,NESCAFE Classic Sachet 50g,12256340,IN C&B : Nescafe Classic Large Packs,BEVERAGES,F&B,48.0,9.7,2.4,87.213,12312891
12334526,NESCAFE CLASSIC 24x50g PR Shaker IN,NESCAFE Classic Sachet 50g,12256340,IN C&B : Nescafe Classic Large Packs,BEVERAGES,F&B,24.0,5.6,1.2,69.825,12334526
12394232,NESCAFE Classic Sachet 8(12x50g) IN,NESCAFE Classic Sachet 50g,12256340,IN C&B : Nescafe Classic Large Packs,BEVERAGES,F&B,96.0,5.8,4.8,40.25,12394232
12481104,NESCAFE CLASSIC Sac 96x50g PR NESPLUS IN,NESCAFE Classic Sachet 50g,12256340,IN C&B : Nescafe Classic Large Packs,BEVERAGES,F&B,96.0,6.0,4.8,35.195,12481104
12509524,NESCAFE CLASSIC Sachet 96x50g N4 IN,NESCAFE Classic Sachet 50g,12256340,IN C&B : Nescafe Classic Large Packs,BEVERAGES,F&B,96.0,5.75,4.8,33.589,12509524
12558015,NESCAFE CLASSIC Sachet 96x50g N5 IN,NESCAFE Classic Sachet 50g,12256340,IN C&B : Nescafe Classic Large Packs,BEVERAGES,F&B,96.0,5.73,4.8,35.195,12558015
12568599,NESCAFE CLASSIC Sachet 96x45g IN,NESCAFE Classic Sachet 50g,12256340,IN C&B : Nescafe Classic Large Packs,BEVERAGES,F&B,96.0,5.14,4.32,33.589,12568599
12588210,NESCAFE CLASSIC Sachet 96x45g N2 IN,NESCAFE Classic Sachet 50g,12256340,IN C&B : Nescafe Classic Large Packs,BEVERAGES,F&B,96.0,4.906,4.32,33.589,12588210
12607472,NESCAFE CLASSIC Sachet 96x45g NR IN,NESCAFE Classic Sachet 50g,12256340,IN C&B : Nescafe Classic Large Packs,BEVERAGES,F&B,96.0,5.14,4.32,35.195,12607472
12010249,NESCAFE CLASSIC 360x8.5g IN,NESCAFE Classic Sachet Rs 10,12367970,IN C&B : Nescafe Classic Small Packs,BEVERAGES,F&B,360.0,4.6,3.06,0.491,12010249
12047970,NESCAFE CLASSIC Sachet 432x8.0g IN,NESCAFE Classic Sachet Rs 10,12367970,IN C&B : Nescafe Classic Small Packs,BEVERAGES,F&B,432.0,5.4,3.456,49.062,12047970
12137492,NESCAFE CLASSIC Sac 8(48x8g)PR Ctnr F IN,NESCAFE Classic Sachet Rs 10,12367970,IN C&B : Nescafe Classic Small Packs,BEVERAGES,F&B,384.0,4.8,3.072,48.682,12137492
12143637,NESCAFE CLASSIC Sachet 432x8.0g N1 IN,NESCAFE Classic Sachet Rs 10,12367970,IN C&B : Nescafe Classic Small Packs,BEVERAGES,F&B,432.0,5.4,3.456,49.062,12143637
12160962,NESCAFE CLASSIC Sachet 432x7.0g IN,NESCAFE Classic Sachet Rs 10,12367970,IN C&B : Nescafe Classic Small Packs,BEVERAGES,F&B,432.0,5.4,3.024,49.062,12160962
12179819,NESCAFE CLASSIC Sac(432x7g)PR NCE 1.5gIN,NESCAFE Classic Sachet Rs 10,12367970,IN C&B : Nescafe Classic Small Packs,BEVERAGES,F&B,432.0,5.4,3.024,49.062,12179819
12217890,NESCAFE CLASSIC Sac 36(17x7.0g) IN,NESCAFE Classic Sachet Rs 10,12367970,IN C&B : Nescafe Classic Small Packs,BEVERAGES,F&B,612.0,5.8,4.284,42.389,12217890
12229019,NESCAFE CLASSIC Sachet (576x7g) IN,NESCAFE Classic Sachet Rs 10,12367970,IN C&B : Nescafe Classic Small Packs,BEVERAGES,F&B,576.0,5.7,4.032,29.027,12229019
12234350,NESCAFE CLAS Sac 4(48x7g) PR Cont IN,NESCAFE Classic Sachet Rs 10,12367970,IN C&B : Nescafe Classic Small Packs,BEVERAGES,F&B,192.0,3.035,1.344,49.761,12234350
12255559,NESCAFE CLASSIC Sac 30(36x4.5g) IN,NESCAFE Classic Sachet Rs 10,12367970,IN C&B : Nescafe Classic Small Packs,BEVERAGES,F&B,1080.0,6.97,4.86,46.332,12255559
12259442,NESCAFE CLASSIC Sac 8(60x4.5g) Hbag IN,NESCAFE Classic Sachet Rs 10,12367970,IN C&B : Nescafe Classic Small Packs,BEVERAGES,F&B,480.0,4.437,2.16,40.021,12259442
12282244,NESCAFE CLAS Sac 16(72x4.5g) PR 1.5g IN,NESCAFE Classic Sachet Rs 10,12367970,IN C&B : Nescafe Classic Small Packs,BEVERAGES,F&B,1152.0,6.94,5.184,46.332,12282244
12308014,NESCAFE CLASSIC Sac 80((16+1) X 5g) IN,NESCAFE Classic Sachet Rs 10,12367970,IN C&B : Nescafe Classic Small Packs,BEVERAGES,F&B,1360.0,7.5,6.8,57.68,12308014
12312890,NESCAFE CLASSIC Sac 30(36x6g) IN,NESCAFE Classic Sachet Rs 10,12367970,IN C&B : Nescafe Classic Small Packs,BEVERAGES,F&B,1080.0,8.35,6.48,46.926,12312890
12321866,NESC CLASSIC Sac28(36x7.5g) PR 1.5gFr IN,NESCAFE Classic Sachet Rs 10,12367970,IN C&B : Nescafe Classic Small Packs,BEVERAGES,F&B,1008.0,9.4,7.56,58.806,12321866
12330977,NESCAFE CLASSIC 8(48x6g) Container IN,NESCAFE Classic Sachet Rs 10,12367970,IN C&B : Nescafe Classic Small Packs,BEVERAGES,F&B,384.0,4.1,2.304,37.284,12330977
12355243,NESCAFE CLASSIC Sac 24(48x6g) IN,NESCAFE Classic Sachet Rs 10,12367970,IN C&B : Nescafe Classic Small Packs,BEVERAGES,F&B,1152.0,9.495,6.912,57.544,12355243
12357944,NESCAFE CLASSIC 8(60x6g) Container IN,NESCAFE Classic Sachet Rs 10,12367970,IN C&B : Nescafe Classic Small Packs,BEVERAGES,F&B,480.0,5.0,2.88,42.35,12357944
12360164,NESCAFE CLASSIC Sac 24x(48x6g+6x1.5g) IN,NESCAFE Classic Sachet Rs 10,12367970,IN C&B : Nescafe Classic Small Packs,BEVERAGES,F&B,24.0,9.4,7.128,57.544,12360164
12367879,NESC CLAS Sac 24((48x6.5g)+(6x1.5g)) IN,NESCAFE Classic Sachet Rs 10,12367970,IN C&B : Nescafe Classic Small Packs,BEVERAGES,F&B,24.0,10.2,7.704,60.0,12367879
12367970,NESCAFE CLASSIC Sac 24(48x6.5g) IN,NESCAFE Classic Sachet Rs 10,12367970,IN C&B : Nescafe Classic Small Packs,BEVERAGES,F&B,1152.0,9.8,7.488,60.0,12367970
12383885,NESCAFE CLASSIC Sac 24(48x7.5g) IN,NESCAFE Classic Sachet Rs 10,12367970,IN C&B : Nescafe Classic Small Packs,BEVERAGES,F&B,1152.0,11.2,8.64,61.58,12383885
12384041,NESC CLAS Sac 24((48x7.5g)+(6x1.5g)) IN,NESCAFE Classic Sachet Rs 10,12367970,IN C&B : Nescafe Classic Small Packs,BEVERAGES,F&B,24.0,11.5,8.856,65.55,12384041
12422876,NESCAFE CLAS Sac 24(48x7.5g) Hanger IN,NESCAFE Classic Sachet Rs 10,12367970,IN C&B : Nescafe Classic Small Packs,BEVERAGES,F&B,1152.0,11.2,8.64,65.55,12422876
12427211,NESCAFE CLAS Sac 9(54x7.5g) PR Cntnr IN,NESCAFE Classic Sachet Rs 10,12367970,IN C&B : Nescafe Classic Small Packs,BEVERAGES,F&B,486.0,6.7,3.645,45.375,12427211
12449604,NESCAFE CLASSIC Sac 30(48x7.5g) IN,NESCAFE Classic Sachet Rs 10,12367970,IN C&B : Nescafe Classic Small Packs,BEVERAGES,F&B,1440.0,13.3,10.8,64.935,12449604
12477371,NESCAFE CLASSIC Sac 1440x7.5g IN,NESCAFE Classic Sachet Rs 10,12367970,IN C&B : Nescafe Classic Small Packs,BEVERAGES,F&B,1440.0,13.3,10.8,64.935,12477371
12508599,NESCAFE CLAS Sac 6(72x7.5g) PR Tin IN,NESCAFE Classic Sachet Rs 10,12367970,IN C&B : Nescafe Classic Small Packs,BEVERAGES,F&B,432.0,7.38,3.24,45.375,12508599
12580467,NESCAFE Classic Stick 32(60x4g) IN,NESCAFE Classic Sachet Rs 10,12367970,IN C&B : Nescafe Classic Small Packs,BEVERAGES,F&B,1920.0,10.217,7.68,58.275,12580467
12601323,NESCAFE Clas Stick Hanger 32(60x3.5g) IN,NESCAFE Classic Sachet Rs 10,12367970,IN C&B : Nescafe Classic Small Packs,BEVERAGES,F&B,1920.0,9.29,6.72,64.935,12601323
12608513,NESCAFE Clas Stick Hanger 32(60x3.2g) IN,NESCAFE Classic Sachet Rs 10,12367970,IN C&B : Nescafe Classic Small Packs,BEVERAGES,F&B,1920.0,8.715,6.144,64.935,12608513
12616924,NESCAFE Clas Stick 32(72x3.2g) IN,NESCAFE Classic Sachet Rs 10,12367970,IN C&B : Nescafe Classic Small Packs,BEVERAGES,F&B,2304.0,11.04,7.373,96.0,12616924
12187399,NESCAFE CLASSIC Sachet 864x3.5g IN,NESCAFE Classic Sachet Rs 2,12355244,IN C&B : Nescafe Classic Small Packs,BEVERAGES,F&B,864.0,3.62,3.024,44.064,12187399
12216996,NESCAFE CLAS Sac32(24x3g)PR MU5F Hbag IN,NESCAFE Classic Sachet Rs 2,12355244,IN C&B : Nescafe Classic Small Packs,BEVERAGES,F&B,768.0,4.02,2.304,42.389,12216996
12220282,NESCAFE CLAS Sac 36(27x3g) Hbag IN,NESCAFE Classic Sachet Rs 2,12355244,IN C&B : Nescafe Classic Small Packs,BEVERAGES,F&B,972.0,4.5,2.916,42.389,12220282
12227171,NESCAFE CLASSIC Sachet 36(26x3g) Hbag IN,NESCAFE Classic Sachet Rs 2,12355244,IN C&B : Nescafe Classic Small Packs,BEVERAGES,F&B,936.0,4.53,2.808,42.389,12227171
12233229,NESCAFE CLAS Sac 36(28x3g) Hbag IN,NESCAFE Classic Sachet Rs 2,12355244,IN C&B : Nescafe Classic Small Packs,BEVERAGES,F&B,1008.0,5.1,3.024,42.389,12233229
12234997,NESCAFE CLAS Sac 78((24+2) x3g) Hbag IN,NESCAFE Classic Sachet Rs 2,12355244,IN C&B : Nescafe Classic Small Packs,BEVERAGES,F&B,2028.0,8.869,6.084,53.908,12234997
12240366,NESCAFE CLAS Sac 60((24+2)x3g))Hanger IN,NESCAFE Classic Sachet Rs 2,12355244,IN C&B : Nescafe Classic Small Packs,BEVERAGES,F&B,1560.0,8.03,4.68,53.908,12240366
12244355,NESCAFE CLAS Sac 48(24x3g) PR MUNRs5F IN,NESCAFE Classic Sachet Rs 2,12355244,IN C&B : Nescafe Classic Small Packs,BEVERAGES,F&B,1152.0,5.38,3.456,46.332,12244355
12256332,NESCAFE CLASSIC Sac 24(96x1.5g) IN,NESCAFE Classic Sachet Rs 2,12355244,IN C&B : Nescafe Classic Small Packs,BEVERAGES,F&B,2304.0,5.489,3.456,46.332,12256332
12271280,NESCAFE CLASSIC 96(24x1.5g) IN,NESCAFE Classic Sachet Rs 2,12355244,IN C&B : Nescafe Classic Small Packs,BEVERAGES,F&B,2304.0,5.489,3.456,46.332,12271280
12271518,NESCAFE CLASSIC 96(24x1.5g) PR 2+1 IN,NESCAFE Classic Sachet Rs 2,12355244,IN C&B : Nescafe Classic Small Packs,BEVERAGES,F&B,2304.0,5.489,3.456,46.332,12271518
12271673,NESCAFE CLASSIC 96((24+2)x1.5g) IN,NESCAFE Classic Sachet Rs 2,12355244,IN C&B : Nescafe Classic Small Packs,BEVERAGES,F&B,2496.0,5.489,3.744,46.332,12271673
12287801,NESCAFE CLASSIC 96(24x1.5g) PR 1+1 IN,NESCAFE Classic Sachet Rs 2,12355244,IN C&B : Nescafe Classic Small Packs,BEVERAGES,F&B,2304.0,5.489,3.456,46.332,12287801
12305294,NESCAFE CLASSIC 92(24(2x1.5g)PR100%Ex IN,NESCAFE Classic Sachet Rs 2,12355244,IN C&B : Nescafe Classic Small Packs,BEVERAGES,F&B,2208.0,9.85,6.624,59.87,12305294
12310329,NESCAFE CLASSIC 80(48x1.5g) IN,NESCAFE Classic Sachet Rs 2,12355244,IN C&B : Nescafe Classic Small Packs,BEVERAGES,F&B,3840.0,6.55,5.76,57.68,12310329
12323214,NESCAFE CLASSIC 80((48+2)x1.5g) IN,NESCAFE Classic Sachet Rs 2,12355244,IN C&B : Nescafe Classic Small Packs,BEVERAGES,F&B,4000.0,8.6,6.0,57.68,12323214
12355244,NESCAFE CLASSIC Sac 80(60x1.5g) IN,NESCAFE Classic Sachet Rs 2,12355244,IN C&B : Nescafe Classic Small Packs,BEVERAGES,F&B,4800.0,9.7,7.2,54.16,12355244
12361864,NESCAFE CLAS Sac 80(60+3x1.5g) Hanger IN,NESCAFE Classic Sachet Rs 2,12355244,IN C&B : Nescafe Classic Small Packs,BEVERAGES,F&B,5040.0,9.7,7.56,87.848,12361864
12381955,NESCAFE CLAS Sac86((24+1)x1.5g)Hanger IN,NESCAFE Classic Sachet Rs 2,12355244,IN C&B : Nescafe Classic Small Packs,BEVERAGES,F&B,2150.0,7.3,3.225,60.0,12381955
12424556,NESCAFE CLAS Stick 60(64x1.5g) Hanger IN,NESCAFE Classic Sachet Rs 2,12355244,IN C&B : Nescafe Classic Small Packs,BEVERAGES,F&B,3840.0,10.22,5.76,81.375,12424556
12426135,NESCAFE CLAS Stick 60(64x1.5g) IN,NESCAFE Classic Sachet Rs 2,12355244,IN C&B : Nescafe Classic Small Packs,BEVERAGES,F&B,3840.0,10.22,5.76,81.375,12426135
12431540,NESCAFE Classic Stick 84(64x1.5g) IN,NESCAFE Classic Sachet Rs 2,12355244,IN C&B : Nescafe Classic Small Packs,BEVERAGES,F&B,5376.0,13.8,8.064,105.0,12431540
12431817,NESCAFE Clas Stick84(64x1.5g)PR HangerIN,NESCAFE Classic Sachet Rs 2,12355244,IN C&B : Nescafe Classic Small Packs,BEVERAGES,F&B,5376.0,14.6,8.064,105.0,12431817
12433474,NESCAFE CLAS Stk 84(61+3x1.5g)PR Hang IN,NESCAFE Classic Sachet Rs 2,12355244,IN C&B : Nescafe Classic Small Packs,BEVERAGES,F&B,5376.0,14.6,8.064,105.0,12433474
12433481,NESCAFE CLAS Stick 84(61+3x1.5g) IN,NESCAFE Classic Sachet Rs 2,12355244,IN C&B : Nescafe Classic Small Packs,BEVERAGES,F&B,5376.0,13.8,8.064,105.0,12433481
12477370,NESCAFE Classic Stick 5376x1.5g IN,NESCAFE Classic Sachet Rs 2,12355244,IN C&B : Nescafe Classic Small Packs,BEVERAGES,F&B,5376.0,13.8,8.064,105.0,12477370
12493952,NESCAFE Classic Stick 96(64x1.5g) IN,NESCAFE Classic Sachet Rs 2,12355244,IN C&B : Nescafe Classic Small Packs,BEVERAGES,F&B,6144.0,13.87,9.216,111.0,12493952
12506048,NESCAFE Clas Stick96(64x1.5g)PR HangerIN,NESCAFE Classic Sachet Rs 2,12355244,IN C&B : Nescafe Classic Small Packs,BEVERAGES,F&B,6144.0,15.5,9.216,114.66,12506048
12584113,NESCAFE Classic Stick 96(120x1g) IN,NESCAFE Classic Sachet Rs 2,12355244,IN C&B : Nescafe Classic Small Packs,BEVERAGES,F&B,11520.0,17.39,11.52,108.0,12584113
12613073,NESCAFE Clas 96(144x0.9g)N2 NR IN,NESCAFE Classic Sachet Rs 2,12355244,IN C&B : Nescafe Classic Small Packs,BEVERAGES,F&B,13824.0,18.665,12.442,108.0,12613073
12619007,NESCAFE Clas 96(144x0.9g)NR N2 IN,NESCAFE Classic Sachet Rs 2,12355244,IN C&B : Nescafe Classic Small Packs,BEVERAGES,F&B,13824.0,18.665,12.442,108.0,12619007
12619820,NESCAFE Clas Stick 60(72x0.9g) Ecom IN,NESCAFE Classic Sachet Rs 2,12355244,IN C&B : Nescafe Classic Small Packs,BEVERAGES,F&B,4320.0,6.274,3.888,49.228,12619820
11340510,NESCAFE CLASSIC Bag In Box 30x200g IN,NESCAFE Classic Stabilo 200g,12327543,IN C&B : Nescafe Classic Large Packs,BEVERAGES,F&B,30.0,8.1,6.0,41.811,11340510
12143708,NESCAFE CLASSIC BIB 30x200g N1 IN,NESCAFE Classic Stabilo 200g,12327543,IN C&B : Nescafe Classic Large Packs,BEVERAGES,F&B,30.0,7.9,6.0,41.811,12143708
12150258,NESCAFE CLAS BIB 30x220g PR 10% Free IN,NESCAFE Classic Stabilo 200g,12327543,IN C&B : Nescafe Classic Large Packs,BEVERAGES,F&B,30.0,8.6,6.6,41.811,12150258
12180628,NESCAFE CLASSIC BIB 30x200g PR 15g FR IN,NESCAFE Classic Stabilo 200g,12327543,IN C&B : Nescafe Classic Large Packs,BEVERAGES,F&B,30.0,8.1,6.45,41.811,12180628
12217108,NESCAFE CLASSIC BIB 30x200g PR 25 off IN,NESCAFE Classic Stabilo 200g,12327543,IN C&B : Nescafe Classic Large Packs,BEVERAGES,F&B,30.0,8.1,6.0,41.811,12217108
12239152,NESCAFE CLAS BIB 24x200g PR MM400g F IN,NESCAFE Classic Stabilo 200g,12327543,IN C&B : Nescafe Classic Large Packs,BEVERAGES,F&B,24.0,6.28,4.8,25.935,12239152
12256309,NESCAFE CLASSIC Stabilo 24x200g IN,NESCAFE Classic Stabilo 200g,12327543,IN C&B : Nescafe Classic Large Packs,BEVERAGES,F&B,24.0,5.916,4.8,38.127,12256309
12270947,NESCAFE CLASSIC Stabilo 32x200g IN,NESCAFE Classic Stabilo 200g,12327543,IN C&B : Nescafe Classic Large Packs,BEVERAGES,F&B,32.0,7.593,6.4,40.083,12270947
12295344,NESCAFE CLASSIC 32x200g PR R.Mug IN,NESCAFE Classic Stabilo 200g,12327543,IN C&B : Nescafe Classic Large Packs,BEVERAGES,F&B,32.0,7.6,6.4,42.038,12295344
12300808,NESCAFE CLASSIC Stabilo 32x200g N1 IN,NESCAFE Classic Stabilo 200g,12327543,IN C&B : Nescafe Classic Large Packs,BEVERAGES,F&B,32.0,7.6,6.4,42.038,12300808
12308261,NESCAFE CLASSIC Stabilo36x200gPR Cont IN,NESCAFE Classic Stabilo 200g,12327543,IN C&B : Nescafe Classic Large Packs,BEVERAGES,F&B,36.0,14.502,7.2,121.554,12308261
12312869,NESCAFE CLASSIC Stabilo16x200g PR Pot IN,NESCAFE Classic Stabilo 200g,12327543,IN C&B : Nescafe Classic Large Packs,BEVERAGES,F&B,16.0,10.8,3.2,81.591,12312869
12327543,NESCAFE CLASSIC Stabilo 36x200g IN,NESCAFE Classic Stabilo 200g,12327543,IN C&B : Nescafe Classic Large Packs,BEVERAGES,F&B,36.0,8.39,7.2,37.44,12327543
12558018,NESCAFE CLASSIC Stabilo 36x200g N1 IN,NESCAFE Classic Stabilo 200g,12327543,IN C&B : Nescafe Classic Large Packs,BEVERAGES,F&B,36.0,8.12,7.2,34.823,12558018
12608327,NESCAFE CLASSIC Stabilo 36x200g NR IN,NESCAFE Classic Stabilo 200g,12327543,IN C&B : Nescafe Classic Large Packs,BEVERAGES,F&B,36.0,8.126,7.2,34.823,12608327
12300058,NESCAFE CLASSIC Vend STABILO 12x500g IN,NESCAFE Classic Vend Stabilo 500g FS,12300058,IN C&B : NESCAFE Vend Coffee - FS,NP,NP,12.0,6.964,6.0,42.83,12300058
12520457,NESCAFE Classic Vend 12x500g IN,NESCAFE Classic Vend Stabilo 500g FS,12300058,IN C&B : NESCAFE Vend Coffee - FS,NP,NP,12.0,7.11,6.0,42.83,12520457
12613431,NESCAFE Classic Vend 12x500g N1 IN,NESCAFE Classic Vend Stabilo 500g FS,12300058,IN C&B : NESCAFE Vend Coffee - FS,NP,NP,12.0,7.11,6.0,46.53,12613431
12493185,NESCAFE E Machine 6x900g Black N1 IN,NESCAFE E Machine 6x900g Black N1 IN,12493185,IN C&B : Nescafe Classic Large Packs,BEVERAGES,F&B,6.0,8.37,5.4,34.999,12493185
12525765,NESCAFE Forte 15x1kg IN,NESCAFE Forte 15x1kg IN,12525765,IN C&B : NESCAFE Grande WRB - FS,NP,NP,15.0,16.45,15.0,53.779,12525765
12049302,NESCAFE FRAPPE Premix 24x500g IN,NESCAFE Frappe Premix 500g FS,12312522,IN C&B : Nescafe Frappe Premix - FS,NP,NP,24.0,13.2,12.0,35.314,12049302
12312522,NESCAFE ICE PREMIX 24x500g N1 IN,NESCAFE Frappe Premix 500g FS,12312522,IN C&B : Nescafe Frappe Premix - FS,NP,NP,24.0,13.2,12.0,35.314,12312522
12200588,NESCAFE Cappuccino 240x15g IN,NESCAFE GOLD Cappuccino 15g FS,12409263,IN C&B : Nescafe Cappuccino - FS,NP,NP,240.0,4.36,3.6,33.589,12200588
12409263,NESCAFE GOLD Cappuccino 240x15g IN,NESCAFE GOLD Cappuccino 15g FS,12409263,IN C&B : Nescafe Cappuccino - FS,NP,NP,240.0,4.5,3.6,27.641,12409263
12396246,NESCAFE Gold Cappuccino 48(5x25g) IN,NESCAFE GOLD Cappuccino 25g,12396246,IN C&B : Nescafe Cappuccino,BEVERAGES,F&B,240.0,8.5,6.0,49.126,12396246
12412927,NESCAFE Gold Capp BIB 48(5x25g) N1 IN,NESCAFE GOLD Cappuccino 25g,12396246,IN C&B : Nescafe Cappuccino,BEVERAGES,F&B,48.0,8.9,6.0,51.79,12412927
12441444,NESCAFE Gold Cappuccino48(5x25g) IN,NESCAFE GOLD Cappuccino 25g,12396246,IN C&B : Nescafe Cappuccino,BEVERAGES,F&B,48.0,8.54,6.0,49.126,12441444
12306746,NESCAFE Cappuccino 240x22g IN,NESCAFE GOLD Cappuccino 25g FS,12409264,IN C&B : Nescafe Cappuccino - FS,NP,NP,240.0,6.2,5.28,32.6,12306746
12409264,NESCAFE GOLD Cappuccino 240x25g IN,NESCAFE GOLD Cappuccino 25g FS,12409264,IN C&B : Nescafe Cappuccino - FS,NP,NP,240.0,7.14,6.0,32.555,12409264
12578410,NESCAFE GOLD Cappuccino 24x250g IN,NESCAFE GOLD Cappuccino 25g FS,12409264,IN C&B : Nescafe Cappuccino - FS,NP,NP,24.0,8.369,6.0,48.663,12578410
12584748,NESCAFE GOLD Cappuccino 24x125g IN,NESCAFE GOLD Cappuccino 25g FS,12409264,IN C&B : Nescafe Cappuccino - FS,NP,NP,240.0,4.635,3.0,49.126,12584748
12406194,NESCAFE Gold Cappuccino Delite 240x22gIN,NESCAFE GOLD Cappuccino Delite 22g,12406194,IN C&B : Nescafe Cappuccino - FS,NP,NP,240.0,6.0,5.28,32.321,12406194
12396245,NESCAFE Gold Choco Mocha48(5x25g)NR INÂ ,NESCAFE GOLD Choco Mocha 25g ,12396245,IN C&B : Nescafe Cappuccino,BEVERAGES,F&B,48.0,8.5,6.0,49.126,12396245
12441434,NESCAFE Gold Choco Mocha 48(5x25g)NR IN,NESCAFE GOLD Choco Mocha 25g ,12396245,IN C&B : Nescafe Cappuccino,BEVERAGES,F&B,48.0,8.5,6.0,49.126,12441434
12470627,NESCAFE Gold Crml Latte BIB 48(5x25g) IN,NESCAFE Gold Crml Latte BIB 25g,12470627,IN C&B : Nescafe Cappuccino,BEVERAGES,F&B,48.0,8.54,6.0,49.126,12470627
12391186,NESCAFE GOLDDecaffeinated Int5 12x100gIN,NESCAFE GOLD Decaffeinated 100g,12391186,IN C&B : Nescafe Gold - Retail,BEVERAGES,F&B,12.0,4.32,1.2,9.455,12391186
12373659,NESC GOLD Doy Bag 15x150g IN,NESCAFE GOLD Doy Bag 150g,12373659,IN C&B : Nescafe Gold - Retail,BEVERAGES,F&B,15.0,3.41,0.0,39.962,12373659
12208826,NESCAFE GOLD Eden Jar 12x100g IN,NESCAFE Gold Eden Jar 100g,12208826,IN C&B : Nescafe Gold,BEVERAGES,F&B,12.0,5.07,1.2,10.441,12208826
12208827,NESCAFE GOLD Eden Jar 12x50g IN,NESCAFE GOLD Eden Jar 50g,12208827,IN C&B : Nescafe Gold,BEVERAGES,F&B,12.0,3070.0,600.0,5.695,12208827
12391188,NESCAFE GOLD Original Int5 12x100g IN,NESCAFE GOLD Original Int5 100g,12391188,IN C&B : Nescafe Gold - Retail,BEVERAGES,F&B,12.0,4.32,0.0,9.455,12391188
12441214,NESCAFE Gold Jar 16x100g PR Mug IN ,NESCAFE GOLD Original Int5 100g,12391188,IN C&B : Nescafe Gold - Retail,BEVERAGES,F&B,16.0,13.72,1.6,65.148,12441214
12458968,NESCAFE GOLD Blend Int5 12x100g N1 IN,NESCAFE GOLD Original Int5 100g,12391188,IN C&B : Nescafe Gold - Retail,BEVERAGES,F&B,12.0,4.32,1.2,9.455,12458968
12469139,NESCAFE Eden Gold Jar 12x100g PR Mug IN,NESCAFE GOLD Original Int5 100g,12391188,IN C&B : Nescafe Gold - Retail,BEVERAGES,F&B,12.0,10.98,1.2,52.56,12469139
12482209,NESCAFE Gold Jar 12x100g PR Mug IN,NESCAFE GOLD Original Int5 100g,12391188,IN C&B : Nescafe Gold - Retail,BEVERAGES,F&B,12.0,10.58,1.2,51.731,12482209
12550526,NESCAFE GOLD Original Int5 12x95g N1 IN,NESCAFE GOLD Original Int5 100g,12391188,IN C&B : Nescafe Gold - Retail,BEVERAGES,F&B,12.0,4.26,1.14,9.455,12550526
12572428,NESCAFE GOLD Blend Int5 12x90g IN,NESCAFE GOLD Original Int5 100g,12391188,IN C&B : Nescafe Gold - Retail,BEVERAGES,F&B,12.0,4.26,1.08,9.455,12572428
12598245,NESCAFE Gold Jar 12x90g PR Mug IN,NESCAFE GOLD Original Int5 100g,12391188,IN C&B : Nescafe Gold - Retail,BEVERAGES,F&B,12.0,10.46,1.08,51.731,12598245
12606046,NESCAFE Gold Jar 20x90g Trnsp IN,NESCAFE GOLD Original Int5 100g,12391188,IN C&B : Nescafe Gold - Retail,BEVERAGES,F&B,20.0,10.4,1.8,17.748,12606046
12615654,NESCAFE Gold Jar 12x100g PR Mug Promo IN,NESCAFE GOLD Original Int5 100g,12391188,IN C&B : Nescafe Gold - Retail,BEVERAGES,F&B,12.0,10.58,1.2,51.731,12615654
12615478,NESCAFE Gold Jar 20x100g N1 IN,NESCAFE GOLD Original Int5 100g,12391188,IN C&B : Nescafe Gold - Retail,BEVERAGES,F&B,20.0,10.6,2.0,17.748,12615478
12391187,NESCAFE GOLD Original Int5 6x200g IN,NESCAFE GOLD Original Int5 200g,12391187,IN C&B : Nescafe Gold - Retail,BEVERAGES,F&B,6.0,4.0,0.0,9.124,12391187
12421610,NESCAFE Gold Jar 6x200g PR Mug IN ,NESCAFE GOLD Original Int5 200g,12391187,IN C&B : Nescafe Gold - Retail,BEVERAGES,F&B,6.0,7.9,1.2,33.4,12421610
12447453,NESCAFE Gold Jar 6x200g PR CeramicMug IN,NESCAFE GOLD Original Int5 200g,12391187,IN C&B : Nescafe Gold - Retail,BEVERAGES,F&B,6.0,8.01,1.2,33.829,12447453
12458983,NESCAFE GOLD Blend Int5 6x200g N1 IN,NESCAFE GOLD Original Int5 200g,12391187,IN C&B : Nescafe Gold - Retail,BEVERAGES,F&B,6.0,4.0,1.2,9.124,12458983
12464364,NESCAFE GOLD BLEND Sgnt Jar 6x200g IN,NESCAFE GOLD Original Int5 200g,12391187,IN C&B : Nescafe Gold - Retail,BEVERAGES,F&B,6.0,3.9,1.2,8.824,12464364
12484806,NESCAFE Gold Ritual Kit 8x200g IN,NESCAFE GOLD Original Int5 200g,12391187,IN C&B : Nescafe Gold - Retail,BEVERAGES,F&B,8.0,8.09,1.6,54.81,12484806
12493783,NESCAFE GOLD Original 6x200g Festive IN,NESCAFE GOLD Original Int5 200g,12391187,IN C&B : Nescafe Gold - Retail,BEVERAGES,F&B,6.0,4.0,1.2,9.124,12493783
12531787,NESCAFE Gold Jar 8(2x200g) IN,NESCAFE GOLD Original Int5 200g,12391187,IN C&B : Nescafe Gold - Retail,BEVERAGES,F&B,8.0,12.38,3.2,9.124,12531787
12551942,NESCAFE Gold Jar6x200g PR GlassMug Fr IN,NESCAFE GOLD Original Int5 200g,12391187,IN C&B : Nescafe Gold - Retail,BEVERAGES,F&B,6.0,8.01,1.2,33.829,12551942
12550531,NESCAFE GOLD Original Int5 6x190g N1 IN,NESCAFE GOLD Original Int5 200g,12391187,IN C&B : Nescafe Gold - Retail,BEVERAGES,F&B,6.0,3.94,1.14,9.124,12550531
12559615,NESCAFE GOLD 6x190g PR Cold Premia IN,NESCAFE GOLD Original Int5 200g,12391187,IN C&B : Nescafe Gold - Retail,BEVERAGES,F&B,6.0,8.65,1.14,44.215,12559615
12567906,NESCAFE Gold Jar 6x190g PR Sgnt Mug FrIN,NESCAFE GOLD Original Int5 200g,12391187,IN C&B : Nescafe Gold - Retail,BEVERAGES,F&B,6.0,8.65,1.14,44.215,12567906
12572451,NESCAFE GOLD Blend Int5 6x185g IN,NESCAFE GOLD Original Int5 200g,12391187,IN C&B : Nescafe Gold - Retail,BEVERAGES,F&B,6.0,3.94,1.11,9.124,12572451
12580468,NESCAFE Gold Jar 6x185g PR SgntMug Fr IN,NESCAFE GOLD Original Int5 200g,12391187,IN C&B : Nescafe Gold - Retail,BEVERAGES,F&B,6.0,8.62,1.11,44.215,12580468
12586029,NESCAFE Gold Blend Jar 8(2x185g) IN,NESCAFE GOLD Original Int5 200g,12391187,IN C&B : Nescafe Gold - Retail,BEVERAGES,F&B,8.0,12.14,2.96,63.438,12586029
12587379,NESCAFE GOLD Original Int5 12x185g IN,NESCAFE GOLD Original Int5 200g,12391187,IN C&B : Nescafe Gold - Retail,BEVERAGES,F&B,12.0,8.62,2.22,24.57,12587379
12615463,NESCAFE Gold Jar 12x200g N1 IN,NESCAFE GOLD Original Int5 200g,12391187,IN C&B : Nescafe Gold - Retail,BEVERAGES,F&B,12.0,8.8,2.4,29.25,12615463
12615618,NESCAFE Gold Jar 6x200g PR Mug Promo IN,NESCAFE GOLD Original Int5 200g,12391187,IN C&B : Nescafe Gold - Retail,BEVERAGES,F&B,6.0,9.82,1.2,44.215,12615618
12392474,NESCAFE GOLD Jar Sgnt 12x50g IN,NESCAFE GOLD Sgnt Jar 50g,12392474,IN C&B : Nescafe Gold - Retail,BEVERAGES,F&B,12.0,2622.0,600.0,5.098,12392474
12396069,NESCAFE GOLD Original Int5 12x50g IN,NESCAFE GOLD Sgnt Jar 50g,12392474,IN C&B : Nescafe Gold - Retail,BEVERAGES,F&B,12.0,2.7,0.6,5.268,12396069
12458982,NESCAFE GOLD Blend Int5 12x50g N1 IN,NESCAFE GOLD Sgnt Jar 50g,12392474,IN C&B : Nescafe Gold - Retail,BEVERAGES,F&B,12.0,2.7,0.6,5.268,12458982
12373692,NESC Gold Stick 20(10x1.5g) IN,NESCAFE GOLD Stick 1.5g,12373692,IN C&B : Nescafe Gold - Retail,BEVERAGES,F&B,200.0,1.2,0.3,10.731,12373692
12412197,NESCAFE Gold Stick 4(5(10x1.5g)) N1 IN,NESCAFE GOLD Stick 1.5g,12373692,IN C&B : Nescafe Gold - Retail,BEVERAGES,F&B,20.0,1200.0,300.0,11.016,12412197
12413054,NESCAFE Gold Stick 20(10x1.5g) IN,NESCAFE GOLD Stick 1.5g,12373692,IN C&B : Nescafe Gold - Retail,BEVERAGES,F&B,20.0,1.2,0.3,10.731,12413054
12452249,NESCAFE Gold Stick Sbg 20(10x1.5g) IN,NESCAFE GOLD Stick 1.5g,12373692,IN C&B : Nescafe Gold - Retail,BEVERAGES,F&B,20.0,1.028,0.3,16.663,12452249
12536078,NESCAFE Classic Stick 96(96x1.1g) IN,NESCAFE GOLD Stick 1.5g,12373692,IN C&B : Nescafe Gold - Retail,BEVERAGES,F&B,9216.0,16.0,10.138,125.58,12536078
12456355,NESCAFE Grande 15x1kg IN,NESCAFE Grande 1kg FS,12456355,IN C&B : NESCAFE Grande WRB - FS,NP,NP,15.0,16.45,15.0,53.779,12456355
12616580,NESCAFE Ice Roast 32(48x2g) PR B5G1 IN,NESCAFE Ice Roast 2g IN,12591613,IN C&B : Nescafe Classic Large Packs,BEVERAGES,F&B,1536.0,3.536,3.072,34.404,12616580
12591613,NESCAFE Ice Roast 24x90g IN,NESCAFE Ice Roast 90g IN,12591613,IN C&B : Nescafe Classic Large Packs,BEVERAGES,F&B,24.0,9.282,2.16,20.719,12591613
12456360,NESCAFE Intenso 15x1kg IN,NESCAFE Intenso 1kg FS,12456360,IN C&B : NESCAFE Intenso WRB - FS,NP,NP,15.0,16.79,15.0,53.779,12456360
12532623,NESCAFE Intenso Ground 24x300g IN,NESCAFE Intenso Ground 300g ,12532623,IN C&B : NESCAFE Intenso R&B - FS,NP,NP,16.0,4.338,7.2,80.04,12532623
12317917,NESCAFE Latte Xpress 32(5x25g) IN,NESCAFE Latte Xpress 25g,12317917,IN C&B : Nescafe Redimix,BEVERAGES,F&B,32.0,5.9,4.0,43.342,12317917
12362498,NESCAFE Latte 48x(5x25g) IN,NESCAFE Latte Xpress 25g,12317917,IN C&B : Nescafe Redimix,NP,NP,48.0,7.94,6.0,39.06,12362498
12369324,NESCAFE Latte 48x(5x25g) N1 IN,NESCAFE Latte Xpress 25g,12317917,IN C&B : Nescafe Redimix,NP,NP,48.0,7.9,6.0,39.06,12369324
12378192,NESCAFE Latte 48(5x25g) N2 IN,NESCAFE Latte Xpress 25g,12317917,IN C&B : Nescafe Redimix,NP,NP,48.0,7.9,6.0,39.06,12378192
12317422,NESCAFE Latte Xpress Cup 36x25g IN,NESCAFE Latte Xpress Cup 25g,12338876,IN C&B : Nescafe Redimix,NP,NP,36.0,2.2,0.9,31.444,12317422
12338876,NESCAFE Latte Cup 60x25g IN,NESCAFE Latte Xpress Cup 25g,12338876,IN C&B : Nescafe Redimix,NP,NP,60.0,2.6,1.5,34.304,12338876
12369323,NESCAFE Latte Cup 60x25g N1 IN,NESCAFE Latte Xpress Cup 25g,12338876,IN C&B : Nescafe Redimix,NP,NP,60.0,2.6,1.5,34.304,12369323
12379031,NESCAFE Latte Cup 60x25g N2 IN,NESCAFE Latte Xpress Cup 25g,12338876,IN C&B : Nescafe Redimix,NP,NP,60.0,3.0,1.5,32.886,12379031
11340156,NESCAFE Vending Mix 16x1kg IN,NESCAFE Premix Vending Mix 1kg FS,12277526,IN C&B : Nescafe Premix - FS,NP,NP,16.0,17.4,16.0,42.208,11340156
12277526,NESCAFE Premix Signature Blend 16X1Kg IN,NESCAFE Premix Vending Mix 1kg FS,12277526,IN C&B : Nescafe Premix - FS,NP,NP,16.0,16.8,16.0,44.51,12277526
12508391,NESCAFE Signature Blend 16x1Kg N1 IN,NESCAFE Premix Vending Mix 1kg FS,12277526,IN C&B : Nescafe Premix - FS,NP,NP,16.0,17.31,16.0,44.51,12508391
12592074,NESCAFE Signature Blend 16x1Kg N2 IN,NESCAFE Premix Vending Mix 1kg FS,12277526,IN C&B : Nescafe Premix - FS,NP,NP,16.0,16.998,16.0,44.55,12592074
12551953,NESCAFE RTD Cappuccino Cnd 30x180ml IN,NESCAFE RTD Cappuccino Cnd 180ml,12551953,IN SSD : Nescafe RTD Cold Coffee,DAIRY,F&B,30.0,5.76,5.562,13.824,12551953
12393417,NESCAFE RTD Gift Pack 8(6x180ml) IN,NESCAFE RTD Gift Pack 6X180ml,12393417,IN SSD : Nescafe RTD Cold Coffee,DAIRY,F&B,8.0,9.8,8.88,36.013,12393417
12316334,NESCAFE RTD Hazelnut 30x180 ml IN,NESCAFE RTD Hazelnut 180ml,12316334,IN SSD : Nescafe RTD Cold Coffee,DAIRY,F&B,30.0,6.35,5.562,7.44,12316334
12371039,NESCAFE RTD Hazelnut 30x180ml PR Rs.5 IN,NESCAFE RTD Hazelnut 180ml,12316334,IN SSD : Nescafe RTD Cold Coffee,DAIRY,F&B,30.0,5.7,5.562,7.937,12371039
12450810,NESCAFE RTD Hzn 30x180ml PR CashBack IN,NESCAFE RTD Hazelnut 180ml,12316334,IN SSD : Nescafe RTD Cold Coffee,DAIRY,F&B,30.0,5.74,5.562,7.937,12450810
12476305,NESCAFE RTD Hazelnut30x180ml PR Vtine IN,NESCAFE RTD Hazelnut 180ml,12316334,IN SSD : Nescafe RTD Cold Coffee,DAIRY,F&B,30.0,5.74,5.562,7.937,12476305
12476311,NESCAFE RTD Hzn 30x180ml PR Rs5 Off IN,NESCAFE RTD Hazelnut 180ml,12316334,IN SSD : Nescafe RTD Cold Coffee,DAIRY,F&B,30.0,5.74,5.562,7.937,12476311
12487083,NESCAFE RTD Hzn 30x180ml Paper Strw IN,NESCAFE RTD Hazelnut 180ml,12316334,IN SSD : Nescafe RTD Cold Coffee,DAIRY,F&B,30.0,5.74,5.562,7.937,12487083
12512868,NESCAFE RTD Hazelnut 30x180ml Dreams IN,NESCAFE RTD Hazelnut 180ml,12316334,IN SSD : Nescafe RTD Cold Coffee,DAIRY,F&B,30.0,6.35,5.562,7.44,12512868
12517953,NESCAFE RTD Hazelnut 30x180ml B3G1 N1 IN,NESCAFE RTD Hazelnut 180ml,12316334,IN SSD : Nescafe RTD Cold Coffee,DAIRY,F&B,30.0,6.35,5.562,7.44,12517953
12516490,NESCAFE RTD Hzn30x180ml Paper Strw N1 IN,NESCAFE RTD Hazelnut 180ml,12316334,IN SSD : Nescafe RTD Cold Coffee,DAIRY,F&B,30.0,6.35,5.562,7.44,12516490
12531365,NESCAFE RTD Hazelnut 30x180ml NR IN,NESCAFE RTD Hazelnut 180ml,12316334,IN SSD : Nescafe RTD Cold Coffee,DAIRY,F&B,30.0,6.24,5.562,7.44,12531365
12506350,NESCAFE RTD Int30x180ml FrW NESC B3G1 IN,NESCAFE RTD Int30x180ml FrW NESC B3G1 IN,12506350,IN SSD : Nescafe RTD Cold Coffee,DAIRY,F&B,30.0,5.74,5.562,8.218,12506350
12316335,NESCAFE RTD Intense Cafe 30x180ml IN,NESCAFE RTD Intense Cafe 180ml,12316335,IN SSD : Nescafe RTD Cold Coffee,DAIRY,F&B,30.0,5.74,5.562,8.22,12316335
12371038,NESCAFE RTD Intense30x180ml PR Rs5off IN,NESCAFE RTD Intense Cafe 180ml,12316335,IN SSD : Nescafe RTD Cold Coffee,DAIRY,F&B,30.0,5.7,5.562,7.937,12371038
12450798,NESCAFE RTD Int 30x180ml PR CashBack IN,NESCAFE RTD Intense Cafe 180ml,12316335,IN SSD : Nescafe RTD Cold Coffee,DAIRY,F&B,30.0,5.74,5.562,7.937,12450798
12476294,NESCAFE RTD Intense 30x180ml PR Vtine IN,NESCAFE RTD Intense Cafe 180ml,12316335,IN SSD : Nescafe RTD Cold Coffee,DAIRY,F&B,30.0,5.74,5.562,7.937,12476294
12476309,NESCAFE RTD Intnse30x180ml PR Rs5 Off IN,NESCAFE RTD Intense Cafe 180ml,12316335,IN SSD : Nescafe RTD Cold Coffee,DAIRY,F&B,30.0,5.74,5.562,7.937,12476309
12487060,NESCAFE RTD Int 30x180ml Paper Strw IN,NESCAFE RTD Intense Cafe 180ml,12316335,IN SSD : Nescafe RTD Cold Coffee,DAIRY,F&B,30.0,5.74,5.562,7.937,12487060
12427728,NESCAFE RTD Intense 30x180ml N1 IN,NESCAFE RTD Intense Cafe 180ml,12316335,IN SSD : Nescafe RTD Cold Coffee,DAIRY,F&B,30.0,5.74,5.562,7.937,12427728
12502566,NESCAFE RTD Intense 30x180ml PR B3G1 IN,NESCAFE RTD Intense Cafe 180ml,12316335,IN SSD : Nescafe RTD Cold Coffee,DAIRY,F&B,30.0,5.74,5.562,7.937,12502566
12499431,NESCAFE RTD Intense 30x180ml NR IN,NESCAFE RTD Intense Cafe 180ml,12316335,IN SSD : Nescafe RTD Cold Coffee,DAIRY,F&B,30.0,6.35,5.562,7.937,12499431
12512871,NESCAFE RTD Intense 30x180ml Dreams IN,NESCAFE RTD Intense Cafe 180ml,12316335,IN SSD : Nescafe RTD Cold Coffee,DAIRY,F&B,30.0,6.35,5.562,7.937,12512871
12517951,NESCAFE RTD Int 30x180ml NR B3G1 N1 IN,NESCAFE RTD Intense Cafe 180ml,12316335,IN SSD : Nescafe RTD Cold Coffee,DAIRY,F&B,30.0,6.35,5.562,7.937,12517951
12516486,NESC RTD Int 30x180ml NR PaperStrw N1 IN,NESCAFE RTD Intense Cafe 180ml,12316335,IN SSD : Nescafe RTD Cold Coffee,DAIRY,F&B,30.0,6.35,5.562,7.937,12516486
12374164,NESCAFE RTD Intense Cnd 30x180ml IN,NESCAFE RTD Intense Cafe Cnd 180ml,12374164,IN SSD : Nescafe RTD Cold Coffee,DAIRY,F&B,30.0,6.4,5.562,14.5,12374164
12462571,NESCAFE RTD Int Cnd 30x180ml PR B2G1 IN,NESCAFE RTD Intense Cafe Cnd 180ml,12374164,IN SSD : Nescafe RTD Cold Coffee,DAIRY,F&B,30.0,6.4,5.562,14.497,12462571
12491993,NESCAFE RTD Int Cnd 30x180ml PR B3G1 IN,NESCAFE RTD Intense Cafe Cnd 180ml,12374164,IN SSD : Nescafe RTD Cold Coffee,DAIRY,F&B,30.0,5.76,5.562,13.824,12491993
12513403,NESCAFE RTD Int Cnd 30x180ml IN,NESCAFE RTD Intense Cafe Cnd 180ml,12374164,IN SSD : Nescafe RTD Cold Coffee,DAIRY,F&B,30.0,6.55,5.562,13.824,12513403
12560284,NESCAFE RTD Intense Cnd 60x180ml IN,NESCAFE RTD Intense Cafe Cnd 180ml,12374164,IN SSD : Nescafe RTD Cold Coffee,DAIRY,F&B,60.0,12.8,11.124,24.26,12560284
12612231,NESCAFE Iced Frappe Cnd 30x170ml IN,NESCAFE Iced Frappe Cnd 170ml,12374164,IN SSD : Nescafe RTD Cold Coffee,DAIRY,F&B,30.0,6.0,5.253,12.78,12612231
12616932,NESCAFE Iced Frappe Cnd 60x170ml IN,NESCAFE Iced Frappe Cnd 170ml,12374164,IN SSD : Nescafe RTD Cold Coffee,DAIRY,F&B,60.0,12.04,10.506,24.26,12616932
12618599,NESCAFE Iced Frappe 60x170ml PR B3G1 IN,NESCAFE Iced Frappe Cnd 170ml,12374164,IN SSD : Nescafe RTD Cold Coffee,DAIRY,F&B,60.0,11.56,10.5,24.26,12618599
12319278,NESCAFE RTD Latte 30x180ml N1 IN,NESCAFE RTD Latte 180ml,12316381,IN SSD : Nescafe RTD Cold Coffee,DAIRY,F&B,30.0,5.74,5.562,7.937,12319278
12319279,NESCAFE RTD Latte 30x180ml N2 IN,NESCAFE RTD Latte 180ml,12316381,IN SSD : Nescafe RTD Cold Coffee,DAIRY,NP,30.0,5.74,5.562,7.937,12319279
12316381,NESCAFE RTD Latte 30x180 ml IN,NESCAFE RTD Latte 180ml,12316381,IN SSD : Nescafe RTD Cold Coffee,DAIRY,F&B,30.0,5.74,5.562,8.22,12316381
12371037,NESCAFE RTD Latte 30x180ml PR Rs5 Off IN,NESCAFE RTD Latte 180ml,12316381,IN SSD : Nescafe RTD Cold Coffee,DAIRY,F&B,30.0,5.7,5.562,7.937,12371037
12450797,NESCAFE RTD Latte30x180ml PR CashBack IN,NESCAFE RTD Latte 180ml,12316381,IN SSD : Nescafe RTD Cold Coffee,DAIRY,F&B,30.0,5.74,5.562,7.937,12450797
12476298,NESCAFE RTD Latte 30x180ml PR Vtine IN,NESCAFE RTD Latte 180ml,12316381,IN SSD : Nescafe RTD Cold Coffee,DAIRY,F&B,30.0,5.74,5.562,7.937,12476298
12476312,NESC RTD Latte 30x180ml PR Rs5 Off N1 IN,NESCAFE RTD Latte 180ml,12316381,IN SSD : Nescafe RTD Cold Coffee,DAIRY,F&B,30.0,5.74,5.562,7.937,12476312
12487075,NESCAFE RTD Latte 30x180ml Paper Strw IN,NESCAFE RTD Latte 180ml,12316381,IN SSD : Nescafe RTD Cold Coffee,DAIRY,F&B,30.0,5.74,5.562,7.937,12487075
12428045,NESC RTD Latte 30x180ml N1 IN,NESCAFE RTD Latte 180ml,12316381,IN SSD : Nescafe RTD Cold Coffee,DAIRY,F&B,30.0,5.74,5.562,7.937,12428045
12502574,NESCAFE RTD Latte 30x180ml PR B3G1 IN,NESCAFE RTD Latte 180ml,12316381,IN SSD : Nescafe RTD Cold Coffee,DAIRY,F&B,30.0,5.74,5.562,7.937,12502574
12502621,NESCAFE RTD Latte 30x180ml NR IN,NESCAFE RTD Latte 180ml,12316381,IN SSD : Nescafe RTD Cold Coffee,DAIRY,F&B,30.0,6.35,5.562,7.937,12502621
12512867,NESCAFE RTD Latte 30x180ml Dreams IN,NESCAFE RTD Latte 180ml,12316381,IN SSD : Nescafe RTD Cold Coffee,DAIRY,F&B,30.0,6.35,5.562,7.937,12512867
12517952,NESCAFE RTD Latte30x180ml NR B3G1 N1 IN,NESCAFE RTD Latte 180ml,12316381,IN SSD : Nescafe RTD Cold Coffee,DAIRY,F&B,30.0,6.35,5.562,7.937,12517952
12516484,NESC RTD Latte30x180ml NRPaperStrw N1 IN,NESCAFE RTD Latte 180ml,12316381,IN SSD : Nescafe RTD Cold Coffee,DAIRY,F&B,30.0,6.35,5.562,7.937,12516484
12343410,NESCAFE RTD Latte MP 5(6x180ml) IN,NESCAFE RTD Latte 180ml 5PK,12343410,IN SSD : Nescafe RTD Cold Coffee,DAIRY,F&B,5.0,6.15,5.6,7.937,12343410
12457074,NESCAFE RTD Latte 12x1L IN,NESCAFE RTD Latte 1L,12457074,IN SSD : Nescafe RTD Cold Coffee,DAIRY,F&B,12.0,13.12,12.6,16.811,12457074
12374202,NESCAFE RTD Latte Cnd 30x180ml IN,NESCAFE RTD Latte Cnd 180ml,12374202,IN SSD : Nescafe RTD Cold Coffee,DAIRY,F&B,30.0,6.9,5.562,14.5,12374202
12462562,NESCAFE RTD Latte Cnd30x180ml PR B2G1 IN,NESCAFE RTD Latte Cnd 180ml,12374202,IN SSD : Nescafe RTD Cold Coffee,DAIRY,F&B,30.0,6.9,5.562,14.497,12462562
12491994,NESCAFE RTD Latte Cnd30x180ml PR B3G1 IN,NESCAFE RTD Latte Cnd 180ml,12374202,IN SSD : Nescafe RTD Cold Coffee,DAIRY,F&B,30.0,5.76,5.562,13.824,12491994
12513954,NESCAFE RTD Latte Cnd 30x180ml N1 IN,NESCAFE RTD Latte Cnd 180ml,12374202,IN SSD : Nescafe RTD Cold Coffee,DAIRY,F&B,30.0,6.55,5.562,14.5,12513954
12610098,NESCAFE Iced Latte Cnd 30x170ml IN,NESCAFE Iced Latte Cnd 170ml,12374202,IN SSD : Nescafe RTD Cold Coffee,DAIRY,F&B,30.0,6.0,5.253,24.26,12610098
12616941,NESCAFE Iced Latte Cnd 60x170ml IN,NESCAFE Iced Latte Cnd 170ml,12374202,IN SSD : Nescafe RTD Cold Coffee,DAIRY,F&B,60.0,12.04,10.506,24.26,12616941
12618603,NESC Iced Latte Cnd 60x170ml PR B3G1 IN,NESCAFE Iced Latte Cnd 170ml,12374202,IN SSD : Nescafe RTD Cold Coffee,DAIRY,F&B,60.0,11.56,10.506,24.26,12618603
12619867,NESCAFE Iced latte Can 8(4x170ml) IN,NESCAFE Iced Latte Cnd 170ml,12374202,IN SSD : Nescafe RTD Cold Coffee,DAIRY,F&B,32.0,6.42,5.603,13.748,12619867
12499422,NESCAFE RTD Mochaccino 30x180ml IN,NESCAFE RTD Mochaccino 30x180ml IN,12499422,IN SSD : Nescafe RTD Cold Coffee,DAIRY,F&B,30.0,6.35,5.562,7.937,12499422
12417184,NESCAFE RTD Rich Creme Cnd 30x180ml IN,NESCAFE RTD Rich Creme 180ml,12417184,IN SSD : Nescafe RTD Cold Coffee,DAIRY,F&B,30.0,5.7,5.562,7.937,12417184
12603495,NESCAFE RTD Vanilla latte 30x180ml IN,NESCAFE RTD Vanilla latte 180ml,12603495,IN SSD : Nescafe RTD Cold Coffee,DAIRY,F&B,30.0,6.24,5.562,7.914,12603495
12590522,NESCAFE SR 576x2.1g FrW Ndls70g APKT IN,NESCAFE SR 576x2.1g FrW Ndls70g APKT IN,12590522,IN C&B : Nescafe Sunrise Small Packs,BEVERAGES,F&B,576.0,1.95,1.21,15.75,12590522
12565220,NESCAFE SR 576x2.2g FrW Ndls 70g APKT IN,NESCAFE SR 576x2.2g FrW Ndls 70g APKT IN,12565220,IN C&B : Nescafe Sunrise Small Packs,BEVERAGES,F&B,576.0,2.16,1.267,15.75,12565220
12585348,NESCAFE SR 576x2.2g N1 APKNT IN,NESCAFE SR 576x2.2g N1 APKNT IN,12585348,IN C&B : Nescafe Sunrise Small Packs,BEVERAGES,F&B,576.0,2.16,1.267,15.75,12585348
12452404,NESCAFE SR Liquid decoction 48x240ml IN,NESCAFE SR Liquid Decoction 240ml,12452404,IN C&B : Nescafe Sunrise Large Packs,BEVERAGES,F&B,48.0,14.5,12.096,28.374,12452404
12519871,NESC SR Liquid Decoction 48x240ml NR7 IN,NESCAFE SR Liquid Decoction 240ml,12452404,IN C&B : Nescafe Sunrise Large Packs,BEVERAGES,F&B,48.0,13.29,12.096,49.02,12519871
12533727,NESCAFE SR MP 28(24x5g+6x10g)PR10 Off IN,NESCAFE SR MP 180g,12533727,IN C&B : Nescafe Sunrise Small Packs,BEVERAGES,F&B,28.0,6.93,5.04,64.935,12533727
12558758,NESC SR28(96x2.2g+12x5g+6x10g)MultiTN IN,NESCAFE SR MP 180g,12533727,IN C&B : Nescafe Sunrise Small Packs,BEVERAGES,F&B,28.0,12.25,9.274,64.935,12558758
12618408,NESCAFE SR Sac 576x2g FrW Ndls70g TN IN,NESCAFE SR Sac 576x2g FrW Ndls70g TN IN,12618408,IN C&B : Nescafe Sunrise Small Packs,BEVERAGES,F&B,576.0,1.741,1.152,14.144,12618408
12502940,NESCAFE SR Str 12(2x200g) PR Tin IN,NESCAFE SR Stong 200g FS,12502940,IN C&B : Sunrise Extra - FS,NP,NP,12.0,7.8,4.8,49.02,12502940
12506388,NESCAFE SR Stong 12(2x200g)PR Eng Tin IN,NESCAFE SR Stong 200g FS,12502940,IN C&B : Sunrise Extra - FS,NP,NP,12.0,7.89,4.8,49.02,12506388
12504027,NESCAFE SR Strong Smpl Sac 1080x10g IN,NESCAFE SR Strong Smpl Sac 1080x10g IN,12504027,IN C&B : Sunrise Extra - FS,NP,NP,1080.0,13.9,10.8,98.98,12504027
12410284,NESCAFE SUNRISE Cntnr 24(96x2.2g) NR IN,NESCAFE SUNRISE Sachet Rs 2 ROTN,12410284,IN C&B : Nescafe Sunrise Small Packs,BEVERAGES,F&B,2304.0,9.1,5.069,75.348,12410284
12324596,SUNRISE EXTRA 48X200g IN,NESCAFE SUNRISE Extra Sachet 200g CP,12332897,IN C&B : Sunrise Extra - FS,NP,NP,48.0,10.6,9.6,46.332,12324596
12327430,SUNRISE EXTRA 48X200g PR Sugar Free IN,NESCAFE SUNRISE Extra Sachet 200g CP,12332897,IN C&B : Sunrise Extra - FS,NP,NP,48.0,10.6,9.6,46.332,12327430
12332897,SUNRISE EXTRA 48X200g N1 IN,NESCAFE SUNRISE Extra Sachet 200g CP,12332897,IN C&B : Sunrise Extra - FS,NP,NP,48.0,10.6,9.6,46.332,12332897
12359005,SUNRISE EXTRA 48X200g N1 PR MB IN,NESCAFE SUNRISE Extra Sachet 200g CP,12332897,IN C&B : Sunrise Extra - FS,NP,NP,48.0,10.6,9.6,46.332,12359005
12433235,SUNRISE Extra 48x200g PR Good Day IN,NESCAFE SUNRISE Extra Sachet 200g CP,12332897,IN C&B : Sunrise Extra - FS,NP,NP,48.0,9.9,9.6,50.0,12433235
12027355,SUNRISE EXTRA Sac 6x1.2kg PR200g F IN,NESCAFE SUNRISE Extra Pouch 1kg FS,12199144,IN C&B : Sunrise Extra - FS,NP,NP,6.0,8.6,7.2,79.62,12027355
12081203,SUNRISE EXTRA Pouch 12x1.25kg IN,NESCAFE SUNRISE Extra Pouch 1kg FS,12199144,IN C&B : Sunrise Extra - FS,NP,NP,12.0,16.7,15.0,57.399,12081203
12122998,SUNRISE EXTRA Pouch12x1.375kg PR125g FIN,NESCAFE SUNRISE Extra Pouch 1kg FS,12199144,IN C&B : Sunrise Extra - FS,NP,NP,12.0,18.2,16.5,59.28,12122998
12134982,SUNRISE EXTRA Pouch12x1.25kg PR25 off IN,NESCAFE SUNRISE Extra Pouch 1kg FS,12199144,IN C&B : Sunrise Extra - FS,NP,NP,12.0,16.7,15.0,57.399,12134982
12199143,SUNRISE EXTRA Pouch12x1kg PR 25 off IN,NESCAFE SUNRISE Extra Pouch 1kg FS,12199144,IN C&B : Sunrise Extra - FS,NP,NP,12.0,13.7,12.0,46.332,12199143
12199144,SUNRISE EXTRA Pouch 12x1kg IN,NESCAFE SUNRISE Extra Pouch 1kg FS,12199144,IN C&B : Sunrise Extra - FS,NP,NP,12.0,13.7,12.0,46.332,12199144
12316053,SUNRISE EXTRA Sachet12x1Kg PR 50 off IN,NESCAFE SUNRISE Extra Pouch 1kg FS,12199144,IN C&B : Sunrise Extra - FS,NP,NP,12.0,13.7,12.0,46.332,12316053
12327431,SUNRISE EXTRA 12X1kg PR Sugar Free IN,NESCAFE SUNRISE Extra Pouch 1kg FS,12199144,IN C&B : Sunrise Extra - FS,NP,NP,12.0,12.1,12.0,46.332,12327431
12042029,SUNRISE EXTRA Pouch 24x400g IN,NESCAFE SUNRISE Extra Pouch 400g FS,12199208,IN C&B : Sunrise Extra - FS,NP,NP,24.0,10.8,9.6,50.09,12042029
12199208,SUNRISE EXTRA Pouch 24x500g IN,NESCAFE SUNRISE Extra Pouch 400g FS,12199208,IN C&B : Sunrise Extra - FS,NP,NP,24.0,13.6,12.0,58.806,12199208
12255272,SUNRISE EXTRA Pouch 24x500g PR SugarF IN,NESCAFE SUNRISE Extra Pouch 400g FS,12199208,IN C&B : Sunrise Extra - FS,NP,NP,24.0,13.6,12.0,49.062,12255272
12081205,SUNRISE EXTRA Sachet 6(6x200g) IN,NESCAFE SUNRISE Extra Sachet 200g ,12200583,IN C&B : Sunrise Extra - FS,NP,NP,6.0,8.6,7.2,79.626,12081205
12118496,SUNRISE EXTRA Pouch 6(7X200g)PR200g F IN,NESCAFE SUNRISE Extra Sachet 200g ,12200583,IN C&B : Sunrise Extra - FS,NP,NP,6.0,9.46,8.4,38.238,12118496
12150438,SUNRISE EXTRA 6(6x220g) PR 10% Free IN,NESCAFE SUNRISE Extra Sachet 200g ,12200583,IN C&B : Sunrise Extra - FS,NP,NP,6.0,8.6,7.92,79.626,12150438
12200583,SUNRISE EXTRA Sachet 12(5x200g) IN,NESCAFE SUNRISE Extra Sachet 200g ,12200583,IN C&B : Sunrise Extra - FS,NP,NP,12.0,13.11,12.0,56.6,12200583
12200586,SUNRISE EXTRA Sachet 12(5x200g) PR 25 IN,NESCAFE SUNRISE Extra Sachet 200g ,12200583,IN C&B : Sunrise Extra - FS,NP,NP,12.0,13.11,12.0,58.806,12200586
12249099,SUNRISE EXTRA 12(5x200g) PR Eclr Fr IN,NESCAFE SUNRISE Extra Sachet 200g ,12200583,IN C&B : Sunrise Extra - FS,NP,NP,12.0,13.1,12.0,56.43,12249099
12300466,SUNRISE EXTRA 12(4x250g) PR 100 OFF IN,NESCAFE SUNRISE Extra Sachet 200g ,12200583,IN C&B : Sunrise Extra - FS,NP,NP,12.0,13.11,12.0,58.806,12300466
12303388,SUNRISE EXTRA Sachet 12(5x200g) PR 50 IN,NESCAFE SUNRISE Extra Sachet 200g ,12200583,IN C&B : Sunrise Extra - FS,NP,NP,12.0,13.11,12.0,58.212,12303388
12327483,SUNRISE EXTRA 12(5x200g)PR Sugar Fr IN,NESCAFE SUNRISE Extra Sachet 200g ,12200583,IN C&B : Sunrise Extra - FS,NP,NP,12.0,13.4,12.0,46.332,12327483
12359021,SUNRISE EXTRA Sachet 12(5x200g) PR MB IN,NESCAFE SUNRISE Extra Sachet 200g ,12200583,IN C&B : Sunrise Extra - FS,NP,NP,12.0,13.56,12.0,58.806,12359021
12381609,SUNRISE EXTRA 12(5x200g) PR Maggi IN,NESCAFE SUNRISE Extra Sachet 200g ,12200583,IN C&B : Sunrise Extra - FS,NP,NP,12.0,12.8,12.0,50.0,12381609
12430895,SUNRISE Extra 12(5x200g) PR Good Day IN,NESCAFE SUNRISE Extra Sachet 200g ,12200583,IN C&B : Sunrise Extra - FS,NP,NP,12.0,12.8,12.0,50.0,12430895
12613131,SUNRISE EXTRA Sachet 12(5x200g)N1 IN,NESCAFE SUNRISE Extra Sachet 200g ,12200583,IN C&B : Sunrise Extra - FS,NP,NP,12.0,13.11,12.0,56.595,12613131
12307934,NESCAFE Sunrise Insta Filter 12X100g IN,NESCAFE SUNRISE Insta Filter 100g,12307934,IN C&B : Sunrise Insta-Filter,BEVERAGES,F&B,12.0,3.36,1.2,21.214,12307934
12312818,NESCAFE SR Insta filter 32(15x1.6g) IN,NESCAFE SUNRISE Insta Filter 24g,12312818,IN C&B : Sunrise Insta-Filter,BEVERAGES,F&B,480.0,1730.0,768.0,25.364,12312818
12318568,NESCAFE SUNRISE Insta Filter 32x24g IN,NESCAFE SUNRISE Insta Filter 24g,12312818,IN C&B : Sunrise Insta-Filter,BEVERAGES,F&B,32.0,1730.0,768.0,22.38,12318568
12425795,NESCAFE SR Jar CP 6x200g NR IN,NESCAFE SUNRISE Jar 200g,12451879,IN C&B : Nescafe Sunrise Large Packs,BEVERAGES,F&B,6.0,8.8,1.2,38.558,12425795
12470706,NESC Sunrise Jar Festive Kit 6x200gNR IN,NESCAFE SUNRISE Jar 200g,12451879,IN C&B : Nescafe Sunrise Large Packs,BEVERAGES,F&B,6.0,8.8,1.2,38.558,12470706
12488525,NESCAFE SR Dawn Jar 12x200g NR 7 IN,NESCAFE SUNRISE Jar 200g,12451879,IN C&B : Nescafe Sunrise Large Packs,BEVERAGES,F&B,12.0,8.15,2.4,24.024,12488525
12488534,NESCAFE SR Jar CP 6x200g NR 7 IN,NESCAFE SUNRISE Jar 200g,12451879,IN C&B : Nescafe Sunrise Large Packs,BEVERAGES,F&B,6.0,8.78,1.2,38.558,12488534
12517474,NESCAFE SR Jar 6x200g PR Mug NR7 IN,NESCAFE SUNRISE Jar 200g,12451879,IN C&B : Nescafe Sunrise Large Packs,BEVERAGES,F&B,6.0,6.5,1.2,32.783,12517474
12451879,NESCAFE SUNRISE Dawn Jar 12x200g NR IN,NESCAFE SUNRISE Jar 200g,12451879,IN C&B : Nescafe Sunrise Large Packs,BEVERAGES,F&B,12.0,8.15,2.4,24.024,12451879
12561715,NESCAFE SR Dawn Jar 12x200g PriceOff IN,NESCAFE SUNRISE Jar 200g,12451879,IN C&B : Nescafe Sunrise Large Packs,BEVERAGES,F&B,12.0,8.15,2.4,24.024,12561715
12565418,NESCAFE SR Dawn Jar 12x190g NR7 IN,NESCAFE SUNRISE Jar 200g,12451879,IN C&B : Nescafe Sunrise Large Packs,BEVERAGES,F&B,12.0,8.03,2.28,24.024,12565418
12569596,NESCAFE SR Jar 6x190g PR Mug Free IN,NESCAFE SUNRISE Jar 200g,12451879,IN C&B : Nescafe Sunrise Large Packs,BEVERAGES,F&B,6.0,5.86,1.14,30.139,12569596
12569616,NESCAFE SR Jar 6x190g PR Couple Pack IN,NESCAFE SUNRISE Jar 200g,12451879,IN C&B : Nescafe Sunrise Large Packs,BEVERAGES,F&B,6.0,8.72,1.14,38.558,12569616
12596351,NESCAFE SR Jar 6x190gPR CouplePack N1 IN,NESCAFE SUNRISE Jar 200g,12451879,IN C&B : Nescafe Sunrise Large Packs,BEVERAGES,F&B,6.0,8.72,1.14,38.558,12596351
12596352,NESCAFE SR Jar 6x190g PR Mug Free N1 IN,NESCAFE SUNRISE Jar 200g,12451879,IN C&B : Nescafe Sunrise Large Packs,BEVERAGES,F&B,6.0,5.86,1.14,30.139,12596352
12596309,NESCAFE SR Dawn Jar 12x190g NR7 N1 IN,NESCAFE SUNRISE Jar 200g,12451879,IN C&B : Nescafe Sunrise Large Packs,BEVERAGES,F&B,12.0,8.03,2.28,24.024,12596309
12577773,NESCAFE SR Dawn Jar 12x190g Farmer IN,NESCAFE SUNRISE Jar 200g,12451879,IN C&B : Nescafe Sunrise Large Packs,BEVERAGES,F&B,12.0,8.032,2.28,24.024,12577773
12602243,NESCAFE SR Dawn Jar 12x190g Farmer NR IN,NESCAFE SUNRISE Jar 200g,12451879,IN C&B : Nescafe Sunrise Large Packs,BEVERAGES,F&B,12.0,8.032,2.28,24.024,12602243
12602711,NESCAFE SR Dawn Jar 12x190g TN NR IN,NESCAFE SUNRISE Jar 200g,12451879,IN C&B : Nescafe Sunrise Large Packs,BEVERAGES,F&B,12.0,8.032,2.28,24.024,12602711
12602667,NESC SR DawnJar 6x190g PR MugFr TN NR IN,NESCAFE SUNRISE Jar 200g,12451879,IN C&B : Nescafe Sunrise Large Packs,BEVERAGES,F&B,6.0,5.868,1.14,30.139,12602667
12602712,NESC SR Dawn Jar 6x190gCouplePk TN NR IN,NESCAFE SUNRISE Jar 200g,12451879,IN C&B : Nescafe Sunrise Large Packs,BEVERAGES,F&B,6.0,8.72,1.14,38.558,12602712
12179335,SUNRISE PREMIUM Jar 24x100g N1 IN,NESCAFE SUNRISE Premium Jar 100g,12332898,IN C&B : Nescafe Sunrise Large Packs,BEVERAGES,F&B,24.0,8.7,2.4,19.843,12179335
12229575,SUNRISE PRMUM Dawn Jar 18x100g N1 IN,NESCAFE SUNRISE Premium Jar 100g,12332898,IN C&B : Nescafe Sunrise Large Packs,BEVERAGES,F&B,18.0,7.5,1.8,16.9,12229575
12332898,NESCAFE SUNRISE Dawn Jar 18x100g NR IN,NESCAFE SUNRISE Premium Jar 100g,12332898,IN C&B : Nescafe Sunrise Large Packs,BEVERAGES,F&B,18.0,7.2,1.8,16.9,12332898
12348534,NESCAFE SUNRISE Jar 18x100g PR Mug IN,NESCAFE SUNRISE Premium Jar 100g,12332898,IN C&B : Nescafe Sunrise Large Packs,BEVERAGES,F&B,18.0,7.2,1.8,16.9,12348534
12383985,NESC SUNRISE 12x100g NR PR Orange Mug IN,NESCAFE SUNRISE Premium Jar 100g,12332898,IN C&B : Nescafe Sunrise Large Packs,BEVERAGES,F&B,12.0,9.5,1.2,37.733,12383985
12440825,NESC SR 12x100g NR PR Pongal OrngMug IN,NESCAFE SUNRISE Premium Jar 100g,12332898,IN C&B : Nescafe Sunrise Large Packs,BEVERAGES,F&B,12.0,9.5,1.2,37.733,12440825
12458523,NESC SUNRISE 12x100gNR N1 PR Orng Mug IN,NESCAFE SUNRISE Premium Jar 100g,12332898,IN C&B : Nescafe Sunrise Large Packs,BEVERAGES,F&B,12.0,9.5,1.2,37.733,12458523
12488532,NESCAFE SR 12x100g PR Orng Mug NR7 IN,NESCAFE SUNRISE Premium Jar 100g,12332898,IN C&B : Nescafe Sunrise Large Packs,BEVERAGES,F&B,12.0,9.11,1.2,43.788,12488532
12488531,NESCAFE SR Dawn Jar 24x100g NR7 IN,NESCAFE SUNRISE Premium Jar 100g,12332898,IN C&B : Nescafe Sunrise Large Packs,BEVERAGES,F&B,24.0,9.83,2.4,20.719,12488531
12530533,NESCAFE SUNRISE Dawn Jar 24x95g IN,NESCAFE SUNRISE Premium Jar 100g,12332898,IN C&B : Nescafe Sunrise Large Packs,BEVERAGES,F&B,24.0,9.4,2.28,20.719,12530533
12553357,NESCAFE SR Dawn Jar 24x95gPR Rs15 Off IN,NESCAFE SUNRISE Premium Jar 100g,12332898,IN C&B : Nescafe Sunrise Large Packs,BEVERAGES,F&B,24.0,9.4,2.28,20.719,12553357
12569152,NESCAFE SUNRISE Dawn Jar 24x90g IN,NESCAFE SUNRISE Premium Jar 100g,12332898,IN C&B : Nescafe Sunrise Large Packs,BEVERAGES,F&B,24.0,9.28,2.16,20.719,12569152
12569161,NESC SR Dawn Jar 24x90g PR Spec Price IN,NESCAFE SUNRISE Premium Jar 100g,12332898,IN C&B : Nescafe Sunrise Large Packs,BEVERAGES,F&B,24.0,9.28,2.16,20.719,12569161
12586706,NESCAFE SR Dawn Jar 24x90g PR Spoon IN,NESCAFE SUNRISE Premium Jar 100g,12332898,IN C&B : Nescafe Sunrise Large Packs,BEVERAGES,F&B,24.0,9.282,2.16,20.719,12586706
12587260,NESCAFE SR Jar 4(6x90g)Shelf Ready U IN,NESCAFE SUNRISE Premium Jar 100g,12332898,IN C&B : Nescafe Sunrise Large Packs,BEVERAGES,F&B,24.0,11.0,2.16,29.97,12587260
12598022,NESCAFE SUNRISE Dawn Jar 24x90g AP IN,NESCAFE SUNRISE Premium Jar 100g,12332898,IN C&B : Nescafe Sunrise Large Packs,BEVERAGES,F&B,24.0,9.282,2.16,20.719,12598022
12596370,NESCAFE SUNRISE Dawn Jar 24x90g N1 IN,NESCAFE SUNRISE Premium Jar 100g,12332898,IN C&B : Nescafe Sunrise Large Packs,BEVERAGES,F&B,24.0,9.28,2.16,20.719,12596370
12577756,NESCAFE SR Dawn Jar 24x90g Farmer IN,NESCAFE SUNRISE Premium Jar 100g,12332898,IN C&B : Nescafe Sunrise Large Packs,BEVERAGES,F&B,24.0,9.282,2.16,20.719,12577756
12601685,NESCAFE SR Jar 12x90g PR Mug Free IN,NESCAFE SUNRISE Premium Jar 100g,12332898,IN C&B : Nescafe Sunrise Large Packs,BEVERAGES,F&B,12.0,8.456,1.08,43.788,12601685
12602271,NESCAFE SR Dawn Jar 24x90g Frm APKNT IN,NESCAFE SUNRISE Premium Jar 100g,12332898,IN C&B : Nescafe Sunrise Large Packs,BEVERAGES,F&B,24.0,9.282,2.16,20.719,12602271
12602687,NESCAFE SUNRISE DAWN Jar 24x90g TN NR IN,NESCAFE SUNRISE Premium Jar 100g,12332898,IN C&B : Nescafe Sunrise Large Packs,BEVERAGES,F&B,24.0,9.282,2.16,20.719,12602687
12602272,NESCAFE SR Dawn Jar 24x90g Frm NR TN IN,NESCAFE SUNRISE Premium Jar 100g,12332898,IN C&B : Nescafe Sunrise Large Packs,BEVERAGES,F&B,24.0,9.282,2.16,20.719,12602272
12603952,NESC SR Dawn Jar24x90g PRSpoonTN NRN1 IN,NESCAFE SUNRISE Premium Jar 100g,12332898,IN C&B : Nescafe Sunrise Large Packs,BEVERAGES,F&B,24.0,9.282,2.16,20.719,12603952
12612434,NESC SR Dawn Jar24x90gPRSpoonAPKNT NR IN,NESCAFE SUNRISE Premium Jar 100g,12332898,IN C&B : Nescafe Sunrise Large Packs,BEVERAGES,F&B,24.0,9.282,2.16,20.719,12612434
12062588,SUNRISE PREMIUM Asean Jar 24x50g IN,NESCAFE SUNRISE Premium Jar 50g,12324861,IN C&B : Nescafe Sunrise Large Packs,BEVERAGES,F&B,24.0,4.6,1.2,10.693,12062588
12144648,SUNRISE PREMIUM Asean Jar 24x50g N1 IN,NESCAFE SUNRISE Premium Jar 50g,12324861,IN C&B : Nescafe Sunrise Large Packs,BEVERAGES,F&B,24.0,4.6,1.2,10.693,12144648
12226890,SUNRISE PRMUM Dawn Jar 24x50g N1 IN,NESCAFE SUNRISE Premium Jar 50g,12324861,IN C&B : Nescafe Sunrise Large Packs,BEVERAGES,F&B,24.0,5.1,1.2,9.36,12226890
12229627,SR PRMUM Dawn Jar 24x50g N1 PR 6 off IN,NESCAFE SUNRISE Premium Jar 50g,12324861,IN C&B : Nescafe Sunrise Large Packs,BEVERAGES,F&B,24.0,5.4,1.2,7.546,12229627
12242787,NESC SR Prem 24X50g N1 PR Mag Atta Fr IN,NESCAFE SUNRISE Premium Jar 50g,12324861,IN C&B : Nescafe Sunrise Large Packs,BEVERAGES,F&B,24.0,5.1,1.2,7.546,12242787
12250164,SUNRISE Prm Jar 21X50g PR MaggiHungFr IN,NESCAFE SUNRISE Premium Jar 50g,12324861,IN C&B : Nescafe Sunrise Large Packs,BEVERAGES,F&B,21.0,5.7,1.05,9.085,12250164
12313877,SR PRMUM Dawn Jar 24x50g PR Rs20 off IN,NESCAFE SUNRISE Premium Jar 50g,12324861,IN C&B : Nescafe Sunrise Large Packs,BEVERAGES,F&B,24.0,5.3,1.2,12.34,12313877
12324861,NESCAFE SUNRISE Dawn Jar 24x50g NR IN,NESCAFE SUNRISE Premium Jar 50g,12324861,IN C&B : Nescafe Sunrise Large Packs,BEVERAGES,F&B,24.0,5.3,1.2,12.34,12324861
12488530,NESCAFE SR Dawn Jar 30x50g NR7 IN,NESCAFE SUNRISE Premium Jar 50g,12324861,IN C&B : Nescafe Sunrise Large Packs,BEVERAGES,F&B,30.0,6.6,1.5,8.238,12488530
12530540,NESCAFE SUNRISE Dawn Jar 30x48g IN,NESCAFE SUNRISE Premium Jar 50g,12324861,IN C&B : Nescafe Sunrise Large Packs,BEVERAGES,F&B,30.0,6.58,1.44,8.238,12530540
12568390,NESCAFE SUNRISE Dawn Jar 30x45g IN,NESCAFE SUNRISE Premium Jar 50g,12324861,IN C&B : Nescafe Sunrise Large Packs,BEVERAGES,F&B,30.0,6.24,1.35,8.238,12568390
12597946,NESCAFE SUNRISE Dawn Jar 30x45g AP IN,NESCAFE SUNRISE Premium Jar 50g,12324861,IN C&B : Nescafe Sunrise Large Packs,BEVERAGES,F&B,30.0,6.247,1.35,8.238,12597946
12596337,NESCAFE SUNRISE Dawn Jar 30x45g N1 IN,NESCAFE SUNRISE Premium Jar 50g,12324861,IN C&B : Nescafe Sunrise Large Packs,BEVERAGES,F&B,30.0,6.24,1.35,8.238,12596337
12602710,NESCAFE SUNRISE Dawn Jar 30x45g TN NR IN,NESCAFE SUNRISE Premium Jar 50g,12324861,IN C&B : Nescafe Sunrise Large Packs,BEVERAGES,F&B,30.0,6.5,1.35,8.238,12602710
11340680,SUNRISE PREMIUM Pouch 12x500g IN,NESCAFE SUNRISE Premium Pouch 500g FS,12276650,IN C&B : Sunrise Premium - FS,NP,NP,12.0,7.12,6.0,37.83,11340680
12146625,SUNRISE PREMIUM Pouch 12x500g N1 IN,NESCAFE SUNRISE Premium Pouch 500g FS,12276650,IN C&B : Sunrise Premium - FS,NP,NP,12.0,7.12,6.0,38.127,12146625
12276650,SUNRISE PREMIUM Stabilo 12x500g IN,NESCAFE SUNRISE Premium Pouch 500g FS,12276650,IN C&B : Sunrise Premium - FS,NP,NP,12.0,7.1,6.0,46.332,12276650
12324338,NESCAFE SUNRISE Stabilo 12x500g IN,NESCAFE SUNRISE Premium Pouch 500g FS,12276650,IN C&B : Sunrise Premium - FS,NP,NP,12.0,6.95,6.0,44.45,12324338
12509927,NESCAFE Sunrise Pouch 12x500g IN,NESCAFE SUNRISE Premium Pouch 500g FS,12276650,IN C&B : Sunrise Premium - FS,NP,NP,12.0,7.76,6.0,44.45,12509927
12243926,SUNRISE PRMUM Sac 72X100g N1 IN,NESCAFE SUNRISE Premium Sachet 100g,12320611,IN C&B : Nescafe Sunrise Large Packs,BEVERAGES,F&B,72.0,8.39,7.2,58.806,12243926
12244628,SUNRISE PRMUM Sac 72X100g N1 PR TBLR IN,NESCAFE SUNRISE Premium Sachet 100g,12320611,IN C&B : Nescafe Sunrise Large Packs,BEVERAGES,F&B,72.0,8.39,7.2,58.806,12244628
12251815,SUNRISE PRMUM Sac 84X100g PRHungrooFr IN,NESCAFE SUNRISE Premium Sachet 100g,12320611,IN C&B : Nescafe Sunrise Large Packs,BEVERAGES,F&B,84.0,9.39,8.4,65.34,12251815
12296190,SUNRISE PRMUM Sac 72X100g N1 PR Mug IN,NESCAFE SUNRISE Premium Sachet 100g,12320611,IN C&B : Nescafe Sunrise Large Packs,BEVERAGES,F&B,72.0,8.39,7.2,58.806,12296190
12302843,SUNRISE PRM Sac 72X100g N1 PR Biscuit IN,NESCAFE SUNRISE Premium Sachet 100g,12320611,IN C&B : Nescafe Sunrise Large Packs,BEVERAGES,F&B,72.0,8.39,7.2,58.806,12302843
12312176,SUNRISE PREMIUM Sac 36X100g PR Cont IN,NESCAFE SUNRISE Premium Sachet 100g,12320611,IN C&B : Nescafe Sunrise Large Packs,BEVERAGES,F&B,36.0,10.5,3.6,105.576,12312176
12320611,NESCAFE SUNRISE Sachet 72x100g NR IN,NESCAFE SUNRISE Premium Sachet 100g,12320611,IN C&B : Nescafe Sunrise Large Packs,BEVERAGES,F&B,72.0,8.3,7.2,58.806,12320611
12371613,NESCAFE SUNRISE Stabilo 80x100g NR IN,NESCAFE SUNRISE Premium Sachet 100g,12320611,IN C&B : Nescafe Sunrise Large Packs,BEVERAGES,F&B,80.0,9.3,8.0,60.0,12371613
12371614,NESCAFE SUNRISE 80x100g NR PR Barone IN,NESCAFE SUNRISE Premium Sachet 100g,12320611,IN C&B : Nescafe Sunrise Large Packs,BEVERAGES,F&B,80.0,9.3,8.0,60.0,12371614
12457862,NESCAFE SUNRISE Stabilo 80x100g NR N1 IN,NESCAFE SUNRISE Premium Sachet 100g,12320611,IN C&B : Nescafe Sunrise Large Packs,BEVERAGES,F&B,80.0,9.3,8.0,60.0,12457862
12492607,NESCAFE SUNRISE Pouch 80x100g NR7 IN,NESCAFE SUNRISE Premium Sachet 100g,12320611,IN C&B : Nescafe Sunrise Large Packs,BEVERAGES,F&B,80.0,9.3,8.0,60.0,12492607
12597506,NESCAFE SUNRISE Stabilo 80x100g AP IN,NESCAFE SUNRISE Premium Sachet 100g,12320611,IN C&B : Nescafe Sunrise Large Packs,BEVERAGES,F&B,80.0,9.3,8.0,60.0,12597506
12597849,NESCAFE SUNRISE Stabilo 80x90g AP IN,NESCAFE SUNRISE Premium Sachet 100g,12320611,IN C&B : Nescafe Sunrise Large Packs,BEVERAGES,F&B,80.0,8.5,7.2,60.0,12597849
12603818,NESCAFE SUNRISE Stabilo 80x90g TN NR IN,NESCAFE SUNRISE Premium Sachet 100g,12320611,IN C&B : Nescafe Sunrise Large Packs,BEVERAGES,F&B,80.0,8.5,7.2,60.0,12603818
12616545,NESC SR Stabilo 80x90g AP PR MAGGI Fr IN,NESCAFE SUNRISE Premium Sachet 100g,12320611,IN C&B : Nescafe Sunrise Large Packs,BEVERAGES,F&B,80.0,8.5,7.2,60.0,12616545
12616527,NESC SR Stabilo 80x90g TN PR MAGGI Fr IN,NESCAFE SUNRISE Premium Sachet 100g,12320611,IN C&B : Nescafe Sunrise Large Packs,BEVERAGES,F&B,80.0,8.5,7.2,60.0,12616527
12015209,SUNRISE PREMIUM Stabilo 24x200g IN,NESCAFE SUNRISE Premium Stabilo 200g,12271811,IN C&B : Nescafe Sunrise Large Packs,BEVERAGES,F&B,24.0,6.2,4.8,31.977,12015209
12093329,SUNRISE PREMIUM 24x200g PR TiffinBox IN,NESCAFE SUNRISE Premium Stabilo 200g,12271811,IN C&B : Nescafe Sunrise Large Packs,BEVERAGES,F&B,24.0,14.5,4.8,85.334,12093329
12139248,SUNRISE PREMIUM Stabilo 24x200g N1 IN,NESCAFE SUNRISE Premium Stabilo 200g,12271811,IN C&B : Nescafe Sunrise Large Packs,BEVERAGES,F&B,24.0,6.2,4.8,31.977,12139248
12176965,SUNRISE PRMUM 24x200g PR TiffinBox N1 IN,NESCAFE SUNRISE Premium Stabilo 200g,12271811,IN C&B : Nescafe Sunrise Large Packs,BEVERAGES,F&B,24.0,9.0,4.8,61.803,12176965
12216097,SUNRISE PRMUM 24x200g N1 PR Movie Tkt IN,NESCAFE SUNRISE Premium Stabilo 200g,12271811,IN C&B : Nescafe Sunrise Large Packs,BEVERAGES,F&B,24.0,6.2,4.8,31.977,12216097
12240506,SR PRMUM Stabilo 24x200g PR SRP50 Fr IN,NESCAFE SUNRISE Premium Stabilo 200g,12271811,IN C&B : Nescafe Sunrise Large Packs,BEVERAGES,F&B,24.0,6.2,4.8,31.977,12240506
12251816,SUNRISE PRMUM Sac 24X200g PR Rs20off IN,NESCAFE SUNRISE Premium Stabilo 200g,12271811,IN C&B : Nescafe Sunrise Large Packs,BEVERAGES,F&B,24.0,6.2,4.8,30.096,12251816
12264150,SUNRISE PREMUM Sac 24x200g PR 2 TBLRs IN,NESCAFE SUNRISE Premium Stabilo 200g,12271811,IN C&B : Nescafe Sunrise Large Packs,BEVERAGES,F&B,24.0,5.92,4.8,38.127,12264150
12271811,SUNRISE PRMUM Stabilo 32x200g IN,NESCAFE SUNRISE Premium Stabilo 200g,12271811,IN C&B : Nescafe Sunrise Large Packs,BEVERAGES,F&B,32.0,7.59,6.4,42.038,12271811
12301919,SUNRISE PRMUM Stabilo 32x200g PR Mug IN,NESCAFE SUNRISE Premium Stabilo 200g,12271811,IN C&B : Nescafe Sunrise Large Packs,BEVERAGES,F&B,32.0,7.6,6.4,42.038,12301919
12324862,NESCAFE SUNRISE Stabilo 32x200g NR IN,NESCAFE SUNRISE Premium Stabilo 200g,12271811,IN C&B : Nescafe Sunrise Large Packs,BEVERAGES,F&B,32.0,7.59,6.4,40.083,12324862
12372247,NESCAFE SUNRISE Stabilo 36x200g NR N1 IN,NESCAFE SUNRISE Premium Stabilo 200g,12271811,IN C&B : Nescafe Sunrise Large Packs,BEVERAGES,F&B,36.0,8.2,7.2,40.0,12372247
12378191,NESCAFE SUNRISE Stabilo 36x200g NR N2 IN,NESCAFE SUNRISE Premium Stabilo 200g,12271811,IN C&B : Nescafe Sunrise Large Packs,BEVERAGES,F&B,36.0,8.2,7.2,36.88,12378191
12492609,NESCAFE SUNRISE Pouch 36x200g NR7 IN,NESCAFE SUNRISE Premium Stabilo 200g,12271811,IN C&B : Nescafe Sunrise Large Packs,BEVERAGES,F&B,36.0,8.22,7.2,42.0,12492609
12597998,NESCAFE SUNRISE Stabilo 36x200g AP IN,NESCAFE SUNRISE Premium Stabilo 200g,12271811,IN C&B : Nescafe Sunrise Large Packs,BEVERAGES,F&B,36.0,8.126,7.2,34.823,12597998
12597530,NESCAFE SUNRISE Stabilo 36x190g AP IN,NESCAFE SUNRISE Premium Stabilo 200g,12271811,IN C&B : Nescafe Sunrise Large Packs,BEVERAGES,F&B,36.0,8.126,6.84,34.823,12597530
12603840,NESCAFE SUNRISE Stabilo 36x190g TN NR IN,NESCAFE SUNRISE Premium Stabilo 200g,12271811,IN C&B : Nescafe Sunrise Large Packs,BEVERAGES,F&B,36.0,8.126,6.84,34.823,12603840
12374165,NESCAFE SUNRISE PREMIX 12(18x12.5g) IN,NESCAFE SUNRISE Premix 12.5g FS,12374165,IN C&B : Sunrise Redimix - FS,NP,NP,216.0,3.5,2.7,17.36,12374165
11340168,SUNRISE PREMIUM Sachet 96x50g IN,NESCAFE SUNRISE Sachet 50g,12395749,IN C&B : Nescafe Sunrise Large Packs,BEVERAGES,F&B,96.0,6.0,4.8,38.61,11340168
12034371,SUNRISE PRMUM Sac96x50g PR Marie100gF IN,NESCAFE SUNRISE Sachet 50g,12395749,IN C&B : Nescafe Sunrise Large Packs,BEVERAGES,F&B,96.0,6.0,4.8,0.386,12034371
12084046,SUNRISE PREMIUM Sac (96x50g) PR 10g F IN,NESCAFE SUNRISE Sachet 50g,12395749,IN C&B : Nescafe Sunrise Large Packs,BEVERAGES,F&B,96.0,7.0,5.76,38.61,12084046
12131906,SUNRISE PRMUM Sac 96x50g PR Gift Free IN,NESCAFE SUNRISE Sachet 50g,12395749,IN C&B : Nescafe Sunrise Large Packs,BEVERAGES,F&B,96.0,6.0,4.8,38.61,12131906
12139049,SUNRISE PRMUM Sac 96x50g PRMaggi Free,NESCAFE SUNRISE Sachet 50g,12395749,IN C&B : Nescafe Sunrise Large Packs,BEVERAGES,F&B,96.0,6.1,4.8,38.61,12139049
12139246,SUNRISE PREMIUM Sachet 96x50g N1 IN,NESCAFE SUNRISE Sachet 50g,12395749,IN C&B : Nescafe Sunrise Large Packs,BEVERAGES,F&B,96.0,6.1,4.8,33.589,12139246
12149325,SUNRISE Premium 96x50g PR Munch Free IN,NESCAFE SUNRISE Sachet 50g,12395749,IN C&B : Nescafe Sunrise Large Packs,BEVERAGES,F&B,96.0,6.0,4.8,38.61,12149325
12166689,SUNRISE PRMUM Sac 36(2x50g) PR Cntnr IN,NESCAFE SUNRISE Sachet 50g,12395749,IN C&B : Nescafe Sunrise Large Packs,BEVERAGES,F&B,36.0,7.6,3.6,61.2,12166689
12170123,SUNRISE PRMUM Sac 96x50g N1 PR 7.5gFr IN,NESCAFE SUNRISE Sachet 50g,12395749,IN C&B : Nescafe Sunrise Large Packs,BEVERAGES,F&B,96.0,6.34,5.52,33.393,12170123
12177622,SUNRISE PRMUM 96x50g N1 PR Mag Free IN,NESCAFE SUNRISE Sachet 50g,12395749,IN C&B : Nescafe Sunrise Large Packs,BEVERAGES,F&B,96.0,6.1,4.8,33.393,12177622
12177626,SUNRISE PRMUM 96x50g N1 PR Nestea Fr IN,NESCAFE SUNRISE Sachet 50g,12395749,IN C&B : Nescafe Sunrise Large Packs,BEVERAGES,F&B,96.0,6.1,4.8,33.393,12177626
12191795,SUNRISE PRMUM 96x50g N1 PR Rs 5 Off IN,NESCAFE SUNRISE Sachet 50g,12395749,IN C&B : Nescafe Sunrise Large Packs,BEVERAGES,F&B,96.0,6.1,4.8,33.393,12191795
12216098,SUNRISE PRMUM Sac 96X50g PR Movie Fr IN,NESCAFE SUNRISE Sachet 50g,12395749,IN C&B : Nescafe Sunrise Large Packs,BEVERAGES,F&B,96.0,6.1,4.8,33.393,12216098
12227266,SUNRISE PRMUM Sac 84X50g N1 PRHungroo IN,NESCAFE SUNRISE Sachet 50g,12395749,IN C&B : Nescafe Sunrise Large Packs,BEVERAGES,F&B,84.0,4.98,4.2,30.925,12227266
12231217,SUNRSE PREM Sac 96x50g PR Mg DBL Fr IN,NESCAFE SUNRISE Sachet 50g,12395749,IN C&B : Nescafe Sunrise Large Packs,BEVERAGES,F&B,96.0,6.1,4.8,38.61,12231217
12251487,SUNRISE Premum Sac 96X50g PR Rs10 off IN,NESCAFE SUNRISE Sachet 50g,12395749,IN C&B : Nescafe Sunrise Large Packs,BEVERAGES,F&B,96.0,6.1,4.8,38.61,12251487
12264263,SUNRISE PREMUM Sac 108x50g PR KK Fr IN,NESCAFE SUNRISE Sachet 50g,12395749,IN C&B : Nescafe Sunrise Large Packs,BEVERAGES,F&B,108.0,6.03,5.4,34.22,12264263
12282871,SUNRISE PRMUM Sac 96X50g N1 PR TBLR IN,NESCAFE SUNRISE Sachet 50g,12395749,IN C&B : Nescafe Sunrise Large Packs,BEVERAGES,F&B,96.0,5.42,4.8,33.589,12282871
12313878,SUNRISE PRMUM Sac 96x50g PR Rs10 off IN,NESCAFE SUNRISE Sachet 50g,12395749,IN C&B : Nescafe Sunrise Large Packs,BEVERAGES,F&B,96.0,5.7,4.8,33.589,12313878
12320507,NESCAFE SUNRISE Sachet 96x50g NR IN,NESCAFE SUNRISE Sachet 50g,12395749,IN C&B : Nescafe Sunrise Large Packs,BEVERAGES,F&B,96.0,5.7,4.8,33.589,12320507
12375147,NESCAFE SUNRISE Sachet 96x50g NR N1 IN,NESCAFE SUNRISE Sachet 50g,12395749,IN C&B : Nescafe Sunrise Large Packs,BEVERAGES,F&B,96.0,5.7,4.8,30.62,12375147
12395749,NESCAFE SUNRISE Sachet 8(12x50g) NR IN,NESCAFE SUNRISE Sachet 50g,12395749,IN C&B : Nescafe Sunrise Large Packs,BEVERAGES,F&B,96.0,5.8,4.8,42.966,12395749
12422593,NESCAFE SR Sachet 96x50g NR PR Maggi IN,NESCAFE SUNRISE Sachet 50g,12395749,IN C&B : Nescafe Sunrise Large Packs,BEVERAGES,F&B,96.0,5.73,4.8,35.195,12422593
12441871,NESC SR Sachet 96x50g NR PR SpecMaggi IN,NESCAFE SUNRISE Sachet 50g,12395749,IN C&B : Nescafe Sunrise Large Packs,BEVERAGES,F&B,96.0,5.73,4.8,35.195,12441871
12450404,NESC SR Sac 96x50g NR PR Rs10 Off OT IN,NESCAFE SUNRISE Sachet 50g,12395749,IN C&B : Nescafe Sunrise Large Packs,BEVERAGES,F&B,96.0,5.73,4.8,35.195,12450404
12507961,NESCAFE SUNRISE Sachet 96x50g NR7 IN,NESCAFE SUNRISE Sachet 50g,12395749,IN C&B : Nescafe Sunrise Large Packs,BEVERAGES,F&B,96.0,5.62,4.8,20.719,12507961
12597532,NESCAFE SUNRISE Sac 96x50g AP IN,NESCAFE SUNRISE Sachet 50g,12395749,IN C&B : Nescafe Sunrise Large Packs,BEVERAGES,F&B,96.0,5.67,4.8,35.195,12597532
12597539,NESCAFE SUNRISE Sac 96x45g AP IN,NESCAFE SUNRISE Sachet 50g,12395749,IN C&B : Nescafe Sunrise Large Packs,BEVERAGES,F&B,96.0,5.14,4.32,35.195,12597539
12603829,NESCAFE SUNRISE Sac 96x45g TN NR IN,NESCAFE SUNRISE Sachet 50g,12395749,IN C&B : Nescafe Sunrise Large Packs,BEVERAGES,F&B,96.0,5.25,4.32,35.195,12603829
12616534,NESC SR Sac 96x50g AP NR PR MAGGI Fr IN,NESCAFE SUNRISE Sachet 50g,12395749,IN C&B : Nescafe Sunrise Large Packs,BEVERAGES,F&B,96.0,5.62,4.8,35.195,12616534
12616512,NESCAFE SR Sac 96x45g TN PR MAGGI Fr IN,NESCAFE SUNRISE Sachet 50g,12395749,IN C&B : Nescafe Sunrise Large Packs,BEVERAGES,F&B,96.0,5.25,4.32,35.195,12616512
12616528,NESCAFE SR Sac 96x45g AP PR MAGGI Fr IN,NESCAFE SUNRISE Sachet 50g,12395749,IN C&B : Nescafe Sunrise Large Packs,BEVERAGES,F&B,96.0,5.14,4.32,35.195,12616528
12170419,NESCAFÉ SUNRISE Sachet 360x11.5g IN,NESCAFE SUNRISE Sachet Rs 10,12367454,IN C&B : Nescafe Sunrise Small Packs,BEVERAGES,F&B,360.0,5.18,4.14,34.884,12170419
12177648,NESCAFE SUNRISE Sachet 360x10g IN,NESCAFE SUNRISE Sachet Rs 10,12367454,IN C&B : Nescafe Sunrise Small Packs,BEVERAGES,F&B,360.0,4.05,3.6,29.027,12177648
12177651,NESCAFE SUNRISE Sac 20((24+1)X10g) IN,NESCAFE SUNRISE Sachet Rs 10,12367454,IN C&B : Nescafe Sunrise Small Packs,BEVERAGES,F&B,500.0,6.63,5.0,42.389,12177651
12223638,NESCAFE SUNRISE Sachet 432x10g IN,NESCAFE SUNRISE Sachet Rs 10,12367454,IN C&B : Nescafe Sunrise Small Packs,BEVERAGES,F&B,432.0,5.4,4.32,29.027,12223638
12223639,NESCAFE SUNRISE Sac 18(36+1)X10g IN,NESCAFE SUNRISE Sachet Rs 10,12367454,IN C&B : Nescafe Sunrise Small Packs,BEVERAGES,F&B,666.0,8.46,6.66,42.389,12223639
12231214,NESCAFE SUNRISE Sac 4(60X10g) PR Cont IN,NESCAFE SUNRISE Sachet Rs 10,12367454,IN C&B : Nescafe Sunrise Small Packs,BEVERAGES,F&B,240.0,4.3,2.4,49.761,12231214
12243924,NESC SR Sac 576x10g PR Munch Fr IN,NESCAFE SUNRISE Sachet Rs 10,12367454,IN C&B : Nescafe Sunrise Small Packs,BEVERAGES,F&B,576.0,7.11,5.76,35.937,12243924
12251489,SUNRISE Sac 576x12.5g PR Fr 2.5g IN,NESCAFE SUNRISE Sachet Rs 10,12367454,IN C&B : Nescafe Sunrise Small Packs,BEVERAGES,F&B,576.0,8.52,7.2,40.293,12251489
12259081,NESC SUNRISE Sac 504x10g PR Chotu Fr IN,NESCAFE SUNRISE Sachet Rs 10,12367454,IN C&B : Nescafe Sunrise Small Packs,BEVERAGES,F&B,504.0,6.23,5.04,35.937,12259081
12274663,NESCAFE SUNRISE Sachet 432x8.5g IN,NESCAFE SUNRISE Sachet Rs 10,12367454,IN C&B : Nescafe Sunrise Small Packs,BEVERAGES,F&B,432.0,4.17,3.672,32.126,12274663
12274776,NESC SUNRISE Sac 420x10g PR MB Choo IN,NESCAFE SUNRISE Sachet Rs 10,12367454,IN C&B : Nescafe Sunrise Small Packs,BEVERAGES,F&B,420.0,5.2,4.2,31.581,12274776
12279361,NESC SUNRISE Sac 4(60X8.5g) PR Cont IN,NESCAFE SUNRISE Sachet Rs 10,12367454,IN C&B : Nescafe Sunrise Small Packs,BEVERAGES,F&B,240.0,3.675,2.04,48.461,12279361
12279796,NESC SUNRISE Sac 432x8.5g PR SR Fr IN,NESCAFE SUNRISE Sachet Rs 10,12367454,IN C&B : Nescafe Sunrise Small Packs,BEVERAGES,F&B,432.0,4.17,3.672,32.126,12279796
12304759,NESCAFE SUNRISE Sac 432x8.5g PR 1+1 IN,NESCAFE SUNRISE Sachet Rs 10,12367454,IN C&B : Nescafe Sunrise Small Packs,BEVERAGES,F&B,432.0,4.17,3.672,31.581,12304759
12314584,NESC SUNRISE Sac 384x8.5g NR PR MagFr IN,NESCAFE SUNRISE Sachet Rs 10,12367454,IN C&B : Nescafe Sunrise Small Packs,BEVERAGES,F&B,384.0,4.4,3.264,33.589,12314584
12315278,NESCAFE SUNRISE Sachet 432x8.5g NR IN,NESCAFE SUNRISE Sachet Rs 10,12367454,IN C&B : Nescafe Sunrise Small Packs,BEVERAGES,F&B,432.0,4.83,3.672,45.268,12315278
12332151,NESC SUNRISE 432x8.5g NR PR 3.3g Fr IN,NESCAFE SUNRISE Sachet Rs 10,12367454,IN C&B : Nescafe Sunrise Small Packs,BEVERAGES,F&B,432.0,4.83,3.672,45.268,12332151
12348039,NESC SUNRISE Sac 8(60x8.5g) PR Cont IN,NESCAFE SUNRISE Sachet Rs 10,12367454,IN C&B : Nescafe Sunrise Small Packs,BEVERAGES,F&B,480.0,6.2,4.08,42.35,12348039
12358728,NESC SUNR Sac 8(60X8.5g) NR PR Cont IN,NESCAFE SUNRISE Sachet Rs 10,12367454,IN C&B : Nescafe Sunrise Small Packs,BEVERAGES,F&B,480.0,6.2,4.08,42.35,12358728
12367453,NESCAFE SUNRISE Sachet 432x9g NR IN,NESCAFE SUNRISE Sachet Rs 10,12367454,IN C&B : Nescafe Sunrise Small Packs,BEVERAGES,F&B,432.0,4.8,3.888,45.268,12367453
12367454,NESCAFE SUNRISE Sachet 432x9g IN,NESCAFE SUNRISE Sachet Rs 10,12367454,IN C&B : Nescafe Sunrise Small Packs,BEVERAGES,F&B,432.0,4.85,3.888,33.75,12367454
12367480,NESC SUNRISE Sac 8(60x9g) PR Cont IN,NESCAFE SUNRISE Sachet Rs 10,12367454,IN C&B : Nescafe Sunrise Small Packs,BEVERAGES,F&B,480.0,6.4,4.32,42.35,12367480
12367482,NESC SUNR Sac 8(60X9g) NR PR Cont IN,NESCAFE SUNRISE Sachet Rs 10,12367454,IN C&B : Nescafe Sunrise Small Packs,BEVERAGES,F&B,480.0,6.4,4.32,42.35,12367482
12371423,NESCAFE SUNRISE Sac 25(36x9g) NR IN,NESCAFE SUNRISE Sachet Rs 10,12367454,IN C&B : Nescafe Sunrise Small Packs,BEVERAGES,F&B,900.0,10.0,8.1,42.0,12371423
12372263,NESCAFE SUNRISE Sac 25(36x9g) IN,NESCAFE SUNRISE Sachet Rs 10,12367454,IN C&B : Nescafe Sunrise Small Packs,BEVERAGES,F&B,900.0,10.0,8.1,42.0,12372263
12384853,NESC SUNRISE Sac 8(48x11g)NR PR Cntnr IN,NESCAFE SUNRISE Sachet Rs 10,12367454,IN C&B : Nescafe Sunrise Small Packs,BEVERAGES,F&B,384.0,6.4,4.224,42.35,12384853
12384854,NESC SUNRISE Sac 8(48x10g) PR Cntnr IN,NESCAFE SUNRISE Sachet Rs 10,12367454,IN C&B : Nescafe Sunrise Small Packs,BEVERAGES,F&B,384.0,5.9,3.84,42.35,12384854
12390944,NESCAFE SUNRISE Sac 25(36x11g) NR IN,NESCAFE SUNRISE Sachet Rs 10,12367454,IN C&B : Nescafe Sunrise Small Packs,BEVERAGES,F&B,900.0,11.9,9.9,58.806,12390944
12391263,NESCAFE SUNRISE Sac 25(36x10g) IN,NESCAFE SUNRISE Sachet Rs 10,12367454,IN C&B : Nescafe Sunrise Small Packs,BEVERAGES,F&B,900.0,11.0,9.0,61.64,12391263
12402634,NESCAFE SUNRISE Sac 28((35+1)x11g) NR IN,NESCAFE SUNRISE Sachet Rs 10,12367454,IN C&B : Nescafe Sunrise Small Packs,BEVERAGES,F&B,1008.0,12.9,11.088,65.448,12402634
12433783,NESCAFE SUNRISE Sac 6(72x9g) PR Cont IN,NESCAFE SUNRISE Sachet Rs 10,12367454,IN C&B : Nescafe Sunrise Small Packs,BEVERAGES,F&B,432.0,7.95,3.888,90.312,12433783
12449898,NESCAFE SUNRISE Sachet 30(36x9g) IN,NESCAFE SUNRISE Sachet Rs 10,12367454,IN C&B : Nescafe Sunrise Small Packs,BEVERAGES,F&B,1080.0,13.7,9.72,64.935,12449898
12450238,NESCAFE Sunrise 6(96x9g) Tin IN,NESCAFE SUNRISE Sachet Rs 10,12367454,IN C&B : Nescafe Sunrise Small Packs,BEVERAGES,F&B,576.0,7.9,5.184,39.512,12450238
12455424,NESCAFE SUNRISE Sac 30(36x11g) NR IN,NESCAFE SUNRISE Sachet Rs 10,12367454,IN C&B : Nescafe Sunrise Small Packs,BEVERAGES,F&B,1080.0,14.71,11.88,64.935,12455424
12468268,NESCAFE SUNRISE 30(36x11g)PR 340p KNT IN,NESCAFE SUNRISE Sachet Rs 10,12367454,IN C&B : Nescafe Sunrise Small Packs,BEVERAGES,F&B,1080.0,13.96,11.88,64.935,12468268
12468295,NESCAFE SUNRISE 30(36x11g) PR 340p AP IN,NESCAFE SUNRISE Sachet Rs 10,12367454,IN C&B : Nescafe Sunrise Small Packs,BEVERAGES,F&B,1080.0,13.96,11.88,64.935,12468295
12494259,NESCAFE SUNRISE 6(60x11g) Container IN,NESCAFE SUNRISE Sachet Rs 10,12367454,IN C&B : Nescafe Sunrise Small Packs,BEVERAGES,F&B,360.0,7.42,3.96,94.284,12494259
12495003,NESCAFE SUNRISE 30(36x11g) PR 340p TN IN,NESCAFE SUNRISE Sachet Rs 10,12367454,IN C&B : Nescafe Sunrise Small Packs,BEVERAGES,F&B,1080.0,13.96,11.88,64.935,12495003
12503847,NESCAFE SUNRISE Sac 6(72x9g) PR Tin IN,NESCAFE SUNRISE Sachet Rs 10,12367454,IN C&B : Nescafe Sunrise Small Packs,BEVERAGES,F&B,432.0,8.9,3.888,90.312,12503847
12496806,NESCAFE SUNRISE Sac 30(36x11g) NR7 IN,NESCAFE SUNRISE Sachet Rs 10,12367454,IN C&B : Nescafe Sunrise Small Packs,BEVERAGES,F&B,1080.0,14.71,11.88,64.935,12496806
12522786,NESCAFE SUNRISE Sac 1080x10g NR7 IN,NESCAFE SUNRISE Sachet Rs 10,12367454,IN C&B : Nescafe Sunrise Small Packs,BEVERAGES,F&B,1080.0,12.96,10.8,64.935,12522786
12522784,NESCAFE SR Sac 1080x10g NR7 TN MvM PR IN,NESCAFE SUNRISE Sachet Rs 10,12367454,IN C&B : Nescafe Sunrise Small Packs,BEVERAGES,F&B,1080.0,12.96,10.8,64.935,12522784
12533761,NESCAFE SUNRISE Sac 1080x10g NR7 Met IN,NESCAFE SUNRISE Sachet Rs 10,12367454,IN C&B : Nescafe Sunrise Small Packs,BEVERAGES,F&B,1080.0,12.96,10.8,64.935,12533761
12551453,NESCAFE SUNRISE Sac 30(36x10g) N1 IN,NESCAFE SUNRISE Sachet Rs 10,12367454,IN C&B : Nescafe Sunrise Small Packs,BEVERAGES,F&B,1080.0,12.96,10.8,64.935,12551453
12562490,NESCAFE SUNRISE Sac 30(36x9g)Rec PV IN,NESCAFE SUNRISE Sachet Rs 10,12367454,IN C&B : Nescafe Sunrise Small Packs,BEVERAGES,F&B,1080.0,11.76,9.72,64.935,12562490
12585381,NESCAFE SUNRISE Sac 30((46+2)x8g) IN,NESCAFE SUNRISE Sachet Rs 10,12367454,IN C&B : Nescafe Sunrise Small Packs,BEVERAGES,F&B,1440.0,14.405,11.52,94.5,12585381
12597863,NESCAFE SUNRISE Sac 30(48x8g) AP IN,NESCAFE SUNRISE Sachet Rs 10,12367454,IN C&B : Nescafe Sunrise Small Packs,BEVERAGES,F&B,1440.0,14.293,11.52,79.957,12597863
12598052,NESCAFE SUNRISE Sac 30(48x8g) TN IN,NESCAFE SUNRISE Sachet Rs 10,12367454,IN C&B : Nescafe Sunrise Small Packs,BEVERAGES,F&B,1440.0,14.293,11.52,79.957,12598052
12597108,NESCAFE SR Sac 30(48x7g)AP IN,NESCAFE SUNRISE Sachet Rs 10,12367454,IN C&B : Nescafe Sunrise Small Packs,BEVERAGES,F&B,1440.0,13.757,10.08,74.1,12597108
12597117,NESCAFE SR Sac 30((46+2)x7g)APKNT IN,NESCAFE SUNRISE Sachet Rs 10,12367454,IN C&B : Nescafe Sunrise Small Packs,BEVERAGES,F&B,1440.0,13.757,10.08,74.1,12597117
12597518,NESCAFE SUNRISE Sac 30(48x7g) TN IN,NESCAFE SUNRISE Sachet Rs 10,12367454,IN C&B : Nescafe Sunrise Small Packs,BEVERAGES,F&B,1440.0,13.11,10.08,74.1,12597518
12601058,NESCAFE SUNRISE Sac 30x(46+2)x7g TN IN,NESCAFE SUNRISE Sachet Rs 10,12367454,IN C&B : Nescafe Sunrise Small Packs,BEVERAGES,F&B,1440.0,13.717,10.08,79.957,12601058
12603850,NESCAFE SUNRISE Sac 30(48x7g) NR TN IN,NESCAFE SUNRISE Sachet Rs 10,12367454,IN C&B : Nescafe Sunrise Small Packs,BEVERAGES,F&B,1440.0,13.76,10.08,79.957,12603850
12606581,NESCAFE SR 6(120x3.2g) PR Cont NW IN,NESCAFE SUNRISE Sachet Rs 10,12367454,IN C&B : Nescafe Sunrise Small Packs,BEVERAGES,F&B,720.0,4.782,2.304,46.245,12606581
12619061,NESCAFE SR Sac 30(48x7g)NR TN N1 IN,NESCAFE SUNRISE Sachet Rs 10,12367454,IN C&B : Nescafe Sunrise Small Packs,BEVERAGES,F&B,1440.0,13.16,10.08,76.798,12619061
12603938,NESCAFE SR Sac 30((46+2)x7g) NR TN IN,NESCAFE SUNRISE Sachet Rs 10,12367454,IN C&B : Nescafe Sunrise Small Packs,BEVERAGES,F&B,1440.0,12.853,10.08,79.957,12603938
12619062,NESCAFE SR Sac 30(48x7g)AP N2 IN,NESCAFE SUNRISE Sachet Rs 10,12367454,IN C&B : Nescafe Sunrise Small Packs,BEVERAGES,F&B,1440.0,13.757,10.08,74.1,12619062
12170418,NESCAFÉ SUNRISE Sac 12((144+8)x2.8g) IN,NESCAFE SUNRISE Sachet Rs 2 TN,12328727,IN C&B : Nescafe Sunrise Small Packs,BEVERAGES,F&B,1824.0,5.81,5.107,39.043,12170418
12177649,NESCAFE SUNRISE Sac 14((144+8)x2.6g) IN,NESCAFE SUNRISE Sachet Rs 2 TN,12328727,IN C&B : Nescafe Sunrise Small Packs,BEVERAGES,F&B,2128.0,7.77,5.533,48.549,12177649
12240690,NESC SR Sac 14((144+8)x2.4g) IN,NESCAFE SUNRISE Sachet Rs 2 TN,12328727,IN C&B : Nescafe Sunrise Small Packs,BEVERAGES,F&B,2128.0,7.77,5.107,57.68,12240690
12258082,NESC SUNRISE Sac 18(144x2.4g) IN,NESCAFE SUNRISE Sachet Rs 2 TN,12328727,IN C&B : Nescafe Sunrise Small Packs,BEVERAGES,F&B,2592.0,8.43,6.221,57.68,12258082
12260328,NESC SUNRISE Sac 18((144+4)x2.4g) IN,NESCAFE SUNRISE Sachet Rs 2 TN,12328727,IN C&B : Nescafe Sunrise Small Packs,BEVERAGES,F&B,2664.0,8.65,6.394,57.68,12260328
12266351,NESC SUNRISE Sac18((144+4)x2g) IN,NESCAFE SUNRISE Sachet Rs 2 TN,12328727,IN C&B : Nescafe Sunrise Small Packs,BEVERAGES,F&B,2664.0,6.98,5.328,57.68,12266351
12266376,NESC SUNRISE Sac 18(144x2g) IN,NESCAFE SUNRISE Sachet Rs 2 TN,12328727,IN C&B : Nescafe Sunrise Small Packs,BEVERAGES,F&B,2592.0,6.8,5.184,57.68,12266376
12274662,NESCAFE SUNRISE Sachet 24((144+4)x2g) IN,NESCAFE SUNRISE Sachet Rs 2 TN,12328727,IN C&B : Nescafe Sunrise Small Packs,BEVERAGES,F&B,3552.0,9.1,7.104,57.68,12274662
12274664,NESCAFE SUNRISE Sac 44(48x1.8g) IN,NESCAFE SUNRISE Sachet Rs 2 ROTN,12328727,IN C&B : Nescafe Sunrise Small Packs,BEVERAGES,F&B,2112.0,5.28,3.802,57.68,12274664
12277222,NESCAFE SUNRISE Sac 60((48+2)x1.8g) IN,NESCAFE SUNRISE Sachet Rs 2 ROTN,12328727,IN C&B : Nescafe Sunrise Small Packs,BEVERAGES,F&B,3000.0,7.18,5.4,57.68,12277222
12299518,NESC SR Sac 24((144x2.4g+2x4.5g) PR20%IN,NESCAFE SUNRISE Sachet Rs 2 TN,12328727,IN C&B : Nescafe Sunrise Small Packs,BEVERAGES,F&B,24.0,11.272,8.51,57.68,12299518
12315276,NESC SUNRISE Sac24(144x2.2g+5x3.3g)NR IN,NESCAFE SUNRISE Sachet Rs 2 TN,12328727,IN C&B : Nescafe Sunrise Small Packs,BEVERAGES,F&B,24.0,11.0,7.999,57.68,12315276
12319752,NESC SUNRISE Sac 24(144+12)X 2.2g) NR IN,NESCAFE SUNRISE Sachet Rs 2 TN,12328727,IN C&B : Nescafe Sunrise Small Packs,BEVERAGES,F&B,3744.0,11.0,8.237,57.68,12319752
12328727,NESC SUNRISE Sac24((144+12)2.2g)NR N1 IN,NESCAFE SUNRISE Sachet Rs 2 TN,12328727,IN C&B : Nescafe Sunrise Small Packs,BEVERAGES,F&B,3744.0,11.3,8.237,57.68,12328727
12333210,NESCAFE SUNRISE Sachet 60((48+2)x2g) IN,NESCAFE SUNRISE Sachet Rs 2 ROTN,12328727,IN C&B : Nescafe Sunrise Small Packs,BEVERAGES,F&B,3000.0,8.3,6.0,58.806,12333210
12422401,NESC SR Sac 24((144+12)2.2g)NR Hanger IN,NESCAFE SUNRISE Sachet Rs 2 TN,12328727,IN C&B : Nescafe Sunrise Small Packs,BEVERAGES,F&B,3744.0,11.3,8.237,57.68,12422401
12431541,NESC SUNRISE Sac30((144+12)2.2g)NR N2 IN,NESCAFE SUNRISE Sachet Rs 2 TN,12328727,IN C&B : Nescafe Sunrise Small Packs,BEVERAGES,F&B,4680.0,13.17,10.296,64.935,12431541
12449924,NESCAFE SUNRISE Sachet 30((144+4)x2g) IN,NESCAFE SUNRISE Sachet Rs 2 TN,12328727,IN C&B : Nescafe Sunrise Small Packs,BEVERAGES,F&B,4440.0,12.24,8.88,64.935,12449924
12477368,NESCAFE SUNRISE Sac 4680x2.2g NR IN,NESCAFE SUNRISE Sachet Rs 2 TN,12328727,IN C&B : Nescafe Sunrise Small Packs,BEVERAGES,F&B,4680.0,13.17,10.296,64.935,12477368
12477804,NESCAFE SUNRISE Sac 30((148+8)2.2g)NR IN,NESCAFE SUNRISE Sachet Rs 2 TN,12328727,IN C&B : Nescafe Sunrise Small Packs,BEVERAGES,F&B,4680.0,14.45,10.296,92.4,12477804
12480223,NESC SR Sac 52((68+4)x2.2g) PR 50pKNT IN,NESCAFE SUNRISE Sachet Rs 2 ROTN,12328727,IN C&B : Nescafe Sunrise Small Packs,BEVERAGES,F&B,3744.0,11.4,8.237,64.178,12480223
12480353,NESC SR Sac 52((68+4)x2.2g) PR 50p AP IN,NESCAFE SUNRISE Sachet Rs 2 ROTN,12328727,IN C&B : Nescafe Sunrise Small Packs,BEVERAGES,F&B,3744.0,11.4,8.237,64.178,12480353
12481950,NESCAFE SR Sac 30((148+8)2.2g)NR N1 IN,NESCAFE SUNRISE Sachet Rs 2 TN,12328727,IN C&B : Nescafe Sunrise Small Packs,BEVERAGES,F&B,4680.0,14.29,10.296,92.4,12481950
12481105,NESCAFE SUNRISE Sac 52((68+4)2.2g) IN,NESCAFE SUNRISE Sachet Rs 2 ROTN,12328727,IN C&B : Nescafe Sunrise Small Packs,BEVERAGES,F&B,3744.0,11.4,8.237,64.178,12481105
12481781,NESCAFE SUNRISE SAC 60((48+2)x2g IN,NESCAFE SUNRISE Sachet Rs 2 ROTN,12328727,IN C&B : Nescafe Sunrise Small Packs,BEVERAGES,F&B,3000.0,8.3,6.0,58.806,12481781
12484301,NESCAFE SR Sac 30((148+8)2.2g) NR7 IN,NESCAFE SUNRISE Sachet Rs 2 TN,12328727,IN C&B : Nescafe Sunrise Small Packs,BEVERAGES,F&B,4680.0,14.5,10.296,64.935,12484301
12494421,NESCAFE SR Sac 65((68+4)2.2g) NR7 IN,NESCAFE SUNRISE Sachet Rs 2 ROTN,12328727,IN C&B : Nescafe Sunrise Small Packs,BEVERAGES,F&B,4680.0,14.05,10.296,64.935,12494421
12516503,NESC SR Sac65((68+4)2.2g)NR7HangerKNT IN,NESCAFE SUNRISE Sachet Rs 2 ROTN,12328727,IN C&B : Nescafe Sunrise Small Packs,BEVERAGES,F&B,4680.0,14.05,10.296,64.935,12516503
12519870,NESC SR Sac 65((68+4)2.2g)NR7HangerAP IN,NESCAFE SUNRISE Sachet Rs 2 ROTN,12328727,IN C&B : Nescafe Sunrise Small Packs,BEVERAGES,F&B,4680.0,14.05,10.296,64.935,12519870
12521538,NESCAFE SR Sac 30((151+5)2.2g) NR7 IN,NESCAFE SUNRISE Sachet Rs 2 ROTN,12328727,IN C&B : Nescafe Sunrise Small Packs,BEVERAGES,F&B,4680.0,14.5,10.296,64.935,12521538
12521551,NESCAFE SR Sac 65((70+2)2.2g) NR7 IN,NESCAFE SUNRISE Sachet Rs 2 ROTN,12328727,IN C&B : Nescafe Sunrise Small Packs,BEVERAGES,F&B,4680.0,14.45,10.296,64.935,12521551
12534712,NESC SR Sac65((70+2)2.2g)NR7 HangerAP IN,NESCAFE SUNRISE Sachet Rs 2 ROTN,12328727,IN C&B : Nescafe Sunrise Small Packs,BEVERAGES,F&B,4680.0,14.05,10.296,64.935,12534712
12534720,NESC SR Sac 65((70+2)2.2g)NR7HangerKNTIN,NESCAFE SUNRISE Sachet Rs 2 ROTN,12328727,IN C&B : Nescafe Sunrise Small Packs,BEVERAGES,F&B,4680.0,14.05,10.296,64.935,12534720
12521389,NESCAFE SUNRISE Sachet 30(144x1.8g) IN,NESCAFE SUNRISE Sachet Rs 2 TN,12328727,IN C&B : Nescafe Sunrise Small Packs,BEVERAGES,F&B,4320.0,11.13,7.776,64.935,12521389
12551444,NESCAFE SUNRISE Sac 65(70+2)2.2g N1 IN,NESCAFE SUNRISE Sachet Rs 2 ROTN,12328727,IN C&B : Nescafe Sunrise Small Packs,BEVERAGES,F&B,4680.0,13.88,10.296,94.905,12551444
12559645,NESC SR Sac30((151+5)2.2g)Uni BLR NR7 IN,NESCAFE SUNRISE Sachet Rs 2 ROTN,12328727,IN C&B : Nescafe Sunrise Small Packs,BEVERAGES,F&B,4680.0,14.68,10.296,114.21,12559645
12553327,NESCAFE SUNRISE Sac 65(72x1.8g) IN,NESCAFE SUNRISE Sachet Rs 2 ROTN,12328727,IN C&B : Nescafe Sunrise Small Packs,BEVERAGES,F&B,4680.0,12.38,8.424,64.935,12553327
12567907,NESCAFE SUNRISE Sac 30((151+5)2.1g) IN,NESCAFE SUNRISE Sachet Rs 2 ROTN,12328727,IN C&B : Nescafe Sunrise Small Packs,BEVERAGES,F&B,4680.0,14.03,9.828,64.935,12567907
12569179,NESCAFE Sunrise 65((70+2)2.1g)Uni IN,NESCAFE SUNRISE Sachet Rs 2 ROTN,12328727,IN C&B : Nescafe Sunrise Small Packs,BEVERAGES,F&B,4680.0,13.41,9.828,94.905,12569179
12569178,NESC SR Sac30((151+5)2.1g)Uni BLR NR7 IN,NESCAFE SUNRISE Sachet Rs 2 ROTN,12328727,IN C&B : Nescafe Sunrise Small Packs,BEVERAGES,F&B,4680.0,13.92,9.828,114.21,12569178
12574718,NESCAFE SUNRISE Sac 30(156x2.1g) IN,NESCAFE SUNRISE Sachet Rs 2 TN,12328727,IN C&B : Nescafe Sunrise Small Packs,BEVERAGES,F&B,4680.0,14.032,9.828,64.935,12574718
12575705,NESCAFE SUNRISE Sac 65(72x2.1g) IN,NESCAFE SUNRISE Sachet Rs 2 ROTN,12328727,IN C&B : Nescafe Sunrise Small Packs,BEVERAGES,F&B,4680.0,10.41,9.828,94.905,12575705
12573180,NESCAFE Clas Stick Hanger 80(96x1g)N1 IN,NESCAFE SUNRISE Sachet Rs 2 ROTN,12328727,IN C&B : Nescafe Sunrise Small Packs,BEVERAGES,F&B,7680.0,11.932,7.68,100.418,12573180
12577492,NESCAFE SR Sac30(156x2.1g)Uni BLR NR7 IN,NESCAFE SUNRISE Sachet Rs 2 ROTN,12328727,IN C&B : Nescafe Sunrise Small Packs,BEVERAGES,F&B,4680.0,13.922,9.828,114.21,12577492
12585182,NESCAFE SR Sac 65(72x2.1g)Stick APKNT IN,NESCAFE SUNRISE Sachet Rs 2 ROTN,12328727,IN C&B : Nescafe Sunrise Small Packs,BEVERAGES,F&B,4680.0,13.314,9.828,90.0,12585182
12597380,NESCAFE Sunrise Sac 65(72x2g) APKT IN,NESCAFE SUNRISE Sachet Rs 2 ROTN,12328727,IN C&B : Nescafe Sunrise Small Packs,BEVERAGES,F&B,4680.0,13.979,9.36,90.0,12597380
12598780,NESCAFE Sunrise 576x2.1g AP IN,NESCAFE SUNRISE Sachet Rs 2 ROTN,12328727,IN C&B : Nescafe Sunrise Small Packs,BEVERAGES,F&B,576.0,1.95,1.21,15.75,12598780
12601673,NESCAFE Sunrise Sac 65(72x1.8g) AP IN,NESCAFE SUNRISE Sachet Rs 2 ROTN,12328727,IN C&B : Nescafe Sunrise Small Packs,BEVERAGES,F&B,4680.0,13.043,8.424,90.0,12601673
12595266,NESCAFE SR Sac 30(156x2g)TPBLR N1 IN,NESCAFE SUNRISE Sachet Rs 2 ROTN,12328727,IN C&B : Nescafe Sunrise Small Packs,BEVERAGES,F&B,4680.0,13.372,9.36,114.21,12595266
12601774,NESCAFE SR Sac 30(156x1.8gTPBLR AP IN,NESCAFE SUNRISE Sachet Rs 2 ROTN,12328727,IN C&B : Nescafe Sunrise Small Packs,BEVERAGES,F&B,4680.0,12.795,8.424,64.286,12601774
12602692,NESCAFE SUNRISE Sac 30(156x2.1g) TN IN,NESCAFE SUNRISE Sachet Rs 2 TN,12328727,IN C&B : Nescafe Sunrise Small Packs,BEVERAGES,F&B,4680.0,14.032,9.828,64.935,12602692
12605218,NESCAFE SR Sac 40(120x1.8g) AP IN,NESCAFE SUNRISE Sachet Rs 2 ROTN,12328727,IN C&B : Nescafe Sunrise Small Packs,BEVERAGES,F&B,4800.0,11.372,8.64,124.608,12605218
12610206,NESCAFE SUNRISE Sac 30(156x2g) TN IN,NESCAFE SUNRISE Sachet Rs 2 TN,12328727,IN C&B : Nescafe Sunrise Small Packs,BEVERAGES,F&B,4680.0,13.15,9.36,64.286,12610206
12610820,NESCAFE SR Sac 40(120x1.6g)Uni APKNT IN,NESCAFE SUNRISE Sachet Rs 2 ROTN,12328727,IN C&B : Nescafe Sunrise Small Packs,BEVERAGES,F&B,4800.0,10.412,7.68,124.608,12610820
12610949,NESCAFE SUNRISE 30(156x1.6g)TPBLR IN,NESCAFE SUNRISE Sachet Rs 2 ROTN,12328727,IN C&B : Nescafe Sunrise Small Packs,BEVERAGES,F&B,4680.0,11.252,7.488,64.286,12610949
12611102,NESCAFE SUNRISE Sac 30(156x2.1g) N1 IN,NESCAFE SUNRISE Sachet Rs 2 TN,12328727,IN C&B : Nescafe Sunrise Small Packs,BEVERAGES,F&B,4680.0,14.032,9.828,70.0,12611102
12611159,NESCAFE SR Sac 40(120x1.8g)AP N1 IN,NESCAFE SUNRISE Sachet Rs 2 ROTN,12328727,IN C&B : Nescafe Sunrise Small Packs,BEVERAGES,F&B,4800.0,11.372,8.64,140.76,12611159
12611139,NESC SUNRISE Sac 30(156x2.1g) TN N1 IN,NESCAFE SUNRISE Sachet Rs 2 TN,12328727,IN C&B : Nescafe Sunrise Small Packs,BEVERAGES,F&B,4680.0,14.032,9.828,64.935,12611139
12611158,NESCAFE SR Sac 30(156x1.8g)TPBLRAP N1 IN,NESCAFE SUNRISE Sachet Rs 2 ROTN,12328727,IN C&B : Nescafe Sunrise Small Packs,BEVERAGES,F&B,4680.0,12.795,8.424,68.34,12611158
12610197,NESCAFE SR Sac 40(120x1.6g)TP AP IN,NESCAFE SUNRISE Sachet Rs 2 ROTN,12328727,IN C&B : Nescafe Sunrise Small Packs,BEVERAGES,F&B,4800.0,10.412,7.68,64.286,12610197
12612435,NESCAFE SUNRISE Sac 30(156x2g)SN IN,NESCAFE SUNRISE Sachet Rs 2 TN,12328727,IN C&B : Nescafe Sunrise Small Packs,BEVERAGES,F&B,4680.0,13.731,9.36,64.286,12612435
12617195,NESCAFE SR Sac 30(156x1.5g)TP APKNT IN,NESCAFE SUNRISE Sachet Rs 2 ROTN,12328727,IN C&B : Nescafe Sunrise Small Packs,BEVERAGES,F&B,4680.0,10.784,7.02,64.286,12617195
12617432,NESCAFE SR Sac 40(120x1.5g)UP APKNT IN,NESCAFE SUNRISE Sachet Rs 2 ROTN,12328727,IN C&B : Nescafe Sunrise Small Packs,BEVERAGES,F&B,4800.0,9.932,7.2,124.608,12617432
12617263,NESCAFE SR Sac 40(120x1.5g)TP APKNT IN,NESCAFE SUNRISE Sachet Rs 2 ROTN,12328727,IN C&B : Nescafe Sunrise Small Packs,BEVERAGES,F&B,4800.0,10.412,7.2,69.3,12617263
12617407,NESCAFE Sunrise Sac 30(156x1.4g)TPBLR IN,NESCAFE SUNRISE Sachet Rs 2 ROTN,12328727,IN C&B : Nescafe Sunrise Small Packs,BEVERAGES,F&B,4680.0,10.316,6.552,64.286,12617407
12617911,NESCAFE Sunrise 40(120x1.4g)UP APKNT IN,NESCAFE SUNRISE Sachet Rs 2 ROTN,12328727,IN C&B : Nescafe Sunrise Small Packs,BEVERAGES,F&B,4800.0,10.412,6.72,132.3,12617911
12617105,NESCAFE SR Sac 30(156x1.9g) TN IN,NESCAFE SUNRISE Sachet Rs 2 TN,12328727,IN C&B : Nescafe Sunrise Small Packs,BEVERAGES,F&B,4680.0,12.15,8.892,64.286,12617105
12100133,SUNRISE SPECIAL Sachet 30(48x3g) IN,NESCAFE SUNRISE Sachet Rs 2 ROTN,12357936,IN C&B : Nescafe Sunrise Small Packs,BEVERAGES,F&B,1440.0,10.71,4.32,50.098,12100133
12324780,NESC SUNRISE Sac 60((48+4)x2.2g) NR IN,NESCAFE SUNRISE Sachet Rs 2 ROTN,12357936,IN C&B : Nescafe Sunrise Small Packs,BEVERAGES,F&B,3120.0,10.9,6.864,58.806,12324780
12333840,NESC SUNRISE Sac 60((48+4)x2.2g)NR N1 IN,NESCAFE SUNRISE Sachet Rs 2 ROTN,12357936,IN C&B : Nescafe Sunrise Small Packs,BEVERAGES,F&B,3120.0,8.7,6.864,46.926,12333840
12357936,NESC SR 60((48+4)x2.2g) NR PR 50p Off IN,NESCAFE SUNRISE Sachet Rs 2 ROTN,12357936,IN C&B : Nescafe Sunrise Small Packs,BEVERAGES,F&B,3120.0,8.7,6.864,46.926,12357936
12379573,NESCAFE SR 70((48+4)x2.2g) PR 50p Off IN,NESCAFE SUNRISE Sachet Rs 2 ROTN,12357936,IN C&B : Nescafe Sunrise Small Packs,BEVERAGES,F&B,3640.0,10.6,8.008,61.138,12379573
12397288,NESCAFE SR 52((66+6)x2.2g) PR 50p AP IN,NESCAFE SUNRISE Sachet Rs 2 ROTN,12357936,IN C&B : Nescafe Sunrise Small Packs,BEVERAGES,F&B,3744.0,11.4,8.237,64.8,12397288
12406932,NESCAFE SR 52((66+6)x2.2g) NR IN,NESCAFE SUNRISE Sachet Rs 2 ROTN,12357936,IN C&B : Nescafe Sunrise Small Packs,BEVERAGES,F&B,3744.0,11.4,8.237,64.8,12406932
12455434,NESCAFE SUNRISE 65((66+6)x2.2g) NR IN,NESCAFE SUNRISE Sachet Rs 2 ROTN,12357936,IN C&B : Nescafe Sunrise Small Packs,BEVERAGES,F&B,4680.0,14.02,10.296,64.935,12455434
12584910,NESCAFE SR 30(156x2.1g)Brit Promo TN IN,NESCAFE SUNRISE Sachet Rs 2 -Brit,12584910,IN C&B : Nescafe Sunrise Small Packs,BEVERAGES,F&B,4680.0,13.67,9.828,64.935,12584910
12612760,NESC SUNRISE Sac(4680x2g)PR TN Brit IN,NESCAFE SUNRISE Sachet Rs 2 -Brit,12584910,IN C&B : Nescafe Sunrise Small Packs,BEVERAGES,F&B,4680.0,12.78,9.36,64.286,12612760
12612559,NESCAFE SR Sac(4680x1.6g)PR TPAP Brit IN,NESCAFE SUNRISE Sachet Rs 2 -Brit,12584910,IN C&B : Nescafe Sunrise Small Packs,BEVERAGES,F&B,4680.0,10.59,7.488,64.286,12612559
12612442,NESCAFE SUNRISE Sac 4680x2g SNBrit PR IN,NESCAFE SUNRISE Sachet Rs 2 -Brit,12584910,IN C&B : Nescafe Sunrise Small Packs,BEVERAGES,F&B,4680.0,13.731,9.36,64.286,12612442
12399451,NESCAFE SR 52((66+6)x2.2g) PR 50p KTK IN,NESCAFE SUNRISE Sachet Rs 2 ROTN,12399451,IN C&B : Nescafe Sunrise Small Packs,BEVERAGES,F&B,3744.0,11.4,8.237,64.8,12399451
12207609,NESCAFE SUNRISE Sac 30(48x4g) PR IN,NESCAFE SUNRISE Sachet Rs 3,12308262,IN C&B : Nescafe Sunrise Small Packs,BEVERAGES,F&B,1440.0,8.0,5.76,58.368,12207609
12209561,NESCAFE SUNRISE Sac 16((96+4) x 4g) IN,NESCAFE SUNRISE Sachet Rs 3,12308262,IN C&B : Nescafe Sunrise Small Packs,BEVERAGES,F&B,1600.0,8.55,6.4,70.112,12209561
12227383,NESCAFE SUNRISE Sac 27(96+8)x3.6g) IN,NESCAFE SUNRISE Sachet Rs 3,12308262,IN C&B : Nescafe Sunrise Small Packs,BEVERAGES,F&B,2808.0,12.917,10.109,53.908,12227383
12240691,NESC SR Sac 39((48+4)x3.2g) IN,NESCAFE SUNRISE Sachet Rs 3,12308262,IN C&B : Nescafe Sunrise Small Packs,BEVERAGES,F&B,2028.0,8.675,6.49,57.68,12240691
12240839,NESCAFE SR Sac 39((48+4)x3.6g) N1 IN,NESCAFE SUNRISE Sachet Rs 3,12308262,IN C&B : Nescafe Sunrise Small Packs,BEVERAGES,F&B,2028.0,9.66,7.301,57.68,12240839
12244139,NESC SR Sac 39((48+4)x3.68g) PR.48gFr IN,NESCAFE SUNRISE Sachet Rs 3,12308262,IN C&B : Nescafe Sunrise Small Packs,BEVERAGES,F&B,2028.0,9.66,7.463,57.68,12244139
12308262,NESCAFE SUNRISE Sac 24(48+3)3.3g) NR IN,NESCAFE SUNRISE Sachet Rs 3,12308262,IN C&B : Nescafe Sunrise Small Packs,BEVERAGES,F&B,1224.0,5.83,4.039,38.127,12308262
12177647,NESCAFE SUNRISE Sac 24((36+1)X6g) IN,NESCAFE SUNRISE Sachet Rs 5,12367459,IN C&B : Nescafe Sunrise Small Packs,BEVERAGES,F&B,888.0,7.4,5.328,48.379,12177647
12264266,NESC SUNRISE Sachet 26(48x6g) PR 2+1 IN,NESCAFE SUNRISE Sachet Rs 5,12367459,IN C&B : Nescafe Sunrise Small Packs,BEVERAGES,F&B,1248.0,8.83,7.488,46.332,12264266
12274665,NESCAFE SUNRISE Sac 24((36+1)X4.5g) IN,NESCAFE SUNRISE Sachet Rs 5,12367459,IN C&B : Nescafe Sunrise Small Packs,BEVERAGES,F&B,888.0,4.99,3.996,46.332,12274665
12274775,NESC SUNRISE Sac 26(48x4.5g) PR 2+1 IN,NESCAFE SUNRISE Sachet Rs 5,12367459,IN C&B : Nescafe Sunrise Small Packs,BEVERAGES,F&B,1248.0,6.91,5.616,57.68,12274775
12291889,NESC SUNRISE Sac 4(72X4.5g) PR Cont IN,NESCAFE SUNRISE Sachet Rs 5,12367459,IN C&B : Nescafe Sunrise Small Packs,BEVERAGES,F&B,288.0,2.356,1.296,48.461,12291889
12305621,NESC SUNRISE 26(48x4.5g+1.5g)PR 33%Fr IN,NESCAFE SUNRISE Sachet Rs 5,12367459,IN C&B : Nescafe Sunrise Small Packs,BEVERAGES,F&B,1248.0,9.614,7.488,46.57,12305621
12315277,NESC SUNRISE Sac 24((24+1)X4.5g) NR IN,NESCAFE SUNRISE Sachet Rs 5,12367459,IN C&B : Nescafe Sunrise Small Packs,BEVERAGES,F&B,600.0,3.28,2.7,33.589,12315277
12316219,NESCAFE SUNRISE Sac 24(48X4.5g)PR 1+1 IN,NESCAFE SUNRISE Sachet Rs 5,12367459,IN C&B : Nescafe Sunrise Small Packs,BEVERAGES,F&B,1152.0,7.04,5.184,46.926,12316219
12320720,NESC SUNRISE Sac 26(48x4.5g)NR PR 2+1 IN,NESCAFE SUNRISE Sachet Rs 5,12367459,IN C&B : Nescafe Sunrise Small Packs,BEVERAGES,F&B,1248.0,6.91,5.616,57.68,12320720
12325086,NESC SUNRISE Sac 24(48X4.5g)NR PR 1+1 IN,NESCAFE SUNRISE Sachet Rs 5,12367459,IN C&B : Nescafe Sunrise Small Packs,BEVERAGES,F&B,1152.0,7.0,5.184,46.926,12325086
12332872,NESCAFE SUNRISE Sac 24((24+1)x5g) NR IN,NESCAFE SUNRISE Sachet Rs 5,12367459,IN C&B : Nescafe Sunrise Small Packs,BEVERAGES,F&B,600.0,4.8,3.0,33.589,12332872
12360263,NESC SUNRISE 24(24X5g) PR 2.2g NR IN,NESCAFE SUNRISE Sachet Rs 5,12367459,IN C&B : Nescafe Sunrise Small Packs,BEVERAGES,F&B,576.0,4.8,2.88,33.589,12360263
12367455,NESC SUNRISE 24(24X5.4g) PR 2.2g NR IN,NESCAFE SUNRISE Sachet Rs 5,12367459,IN C&B : Nescafe Sunrise Small Packs,BEVERAGES,F&B,576.0,4.8,3.11,52.14,12367455
12367459,NESCAFE SUNRISE Sac 24((24+1)x5.4g)NR IN,NESCAFE SUNRISE Sachet Rs 5,12367459,IN C&B : Nescafe Sunrise Small Packs,BEVERAGES,F&B,600.0,5.0,3.24,52.14,12367459
12370809,NESCAFE SUNRISE 288x5.4gFrW Oats NDLS IN,NESCAFE SUNRISE Sachet Rs 5,12367459,IN C&B : Nescafe Sunrise Small Packs,BEVERAGES,F&B,288.0,2.2,1.555,21.285,12370809
12377933,NESCAFE SUNRISE 24(24x5.4g)PR 2.2g N1 IN,NESCAFE SUNRISE Sachet Rs 5,12367459,IN C&B : Nescafe Sunrise Small Packs,BEVERAGES,F&B,576.0,4.8,3.11,52.14,12377933
12383717,NESC SUNRISE 24(24x5.5g) NR PR AP2.2g IN,NESCAFE SUNRISE Sachet Rs 5,12367459,IN C&B : Nescafe Sunrise Small Packs,BEVERAGES,F&B,576.0,5.1,3.168,52.14,12383717
12384026,NESCAFE SUNRISE Sac 24((24+1)x5.5g)NR IN,NESCAFE SUNRISE Sachet Rs 5,12367459,IN C&B : Nescafe Sunrise Small Packs,BEVERAGES,F&B,600.0,5.1,3.3,52.14,12384026
12384027,NESC SUNRISE 24(24x5.5g)NR PR KTK2.2g IN,NESCAFE SUNRISE Sachet Rs 5,12367459,IN C&B : Nescafe Sunrise Small Packs,BEVERAGES,F&B,576.0,4.9,3.168,52.14,12384027
12385969,NESCAFE SR24(24x5.5g)NR PR Rs1.50 Off IN,NESCAFE SUNRISE Sachet Rs 5,12367459,IN C&B : Nescafe Sunrise Small Packs,BEVERAGES,F&B,576.0,4.9,3.168,52.14,12385969
12406553,NESCAFE SUNRISE Sac 60((23+1)x5.5g)NR IN,NESCAFE SUNRISE Sachet Rs 5,12367459,IN C&B : Nescafe Sunrise Small Packs,BEVERAGES,F&B,1440.0,12.0,7.92,64.8,12406553
12406930,NESC SR60((23+1)x5.5g)NR PR AP168pOff IN,NESCAFE SUNRISE Sachet Rs 5,12367459,IN C&B : Nescafe Sunrise Small Packs,BEVERAGES,F&B,1440.0,11.7,7.92,64.8,12406930
12406931,NESC SR 60((23+1)x5.5g)NR PR KNT 168p IN,NESCAFE SUNRISE Sachet Rs 5,12367459,IN C&B : Nescafe Sunrise Small Packs,BEVERAGES,F&B,1440.0,11.7,7.92,64.8,12406931
12424873,NESCAFE SR 12(72x5.5g) NR PR Cntnr IN,NESCAFE SUNRISE Sachet Rs 5,12367459,IN C&B : Nescafe Sunrise Small Packs,BEVERAGES,F&B,864.0,8.4,4.752,76.383,12424873
12434645,NESC SUNRISE 12(48x5.5g)NR PR Cntnr IN,NESCAFE SUNRISE Sachet Rs 5,12367459,IN C&B : Nescafe Sunrise Small Packs,BEVERAGES,F&B,576.0,5.78,3.168,47.621,12434645
12450657,NESCAFE SUNRISE Sac 72((23+1)x5.5g)NR IN,NESCAFE SUNRISE Sachet Rs 5,12367459,IN C&B : Nescafe Sunrise Small Packs,BEVERAGES,F&B,1728.0,12.41,9.504,64.935,12450657
12484300,NESCAFE SR Sac 72((23+1)x5.5g)NR Band IN,NESCAFE SUNRISE Sachet Rs 5,12367459,IN C&B : Nescafe Sunrise Small Packs,BEVERAGES,F&B,1728.0,12.31,9.504,64.935,12484300
12484303,NESCAFE SUNRISE Sac 72(23+1)x5.5g NR7 IN,NESCAFE SUNRISE Sachet Rs 5,12367459,IN C&B : Nescafe Sunrise Small Packs,BEVERAGES,F&B,1728.0,12.49,9.504,64.935,12484303
12513738,NESC SR Sac 72(23+1)x5.5g AP PR NR7 IN,NESCAFE SUNRISE Sachet Rs 5,12367459,IN C&B : Nescafe Sunrise Small Packs,BEVERAGES,F&B,1728.0,12.49,9.504,64.935,12513738
12513739,NESC SR Sac 72(23+1)x5.5g KNT PR NR7 IN,NESCAFE SUNRISE Sachet Rs 5,12367459,IN C&B : Nescafe Sunrise Small Packs,BEVERAGES,F&B,1728.0,12.49,9.504,64.935,12513739
12522785,NESCAFE SUNRISE Sac 72(24x5g) NR7 IN,NESCAFE SUNRISE Sachet Rs 5,12367459,IN C&B : Nescafe Sunrise Small Packs,BEVERAGES,F&B,1728.0,11.17,8.64,64.935,12522785
12524969,NESCAFE SUNRISE Sac 48(36x5g) NR7 IN,NESCAFE SUNRISE Sachet Rs 5,12367459,IN C&B : Nescafe Sunrise Small Packs,BEVERAGES,F&B,1728.0,11.17,8.64,70.656,12524969
12533734,NESCAFE SUNRISE Sac 72(24x5g) NR7 Met IN,NESCAFE SUNRISE Sachet Rs 5,12367459,IN C&B : Nescafe Sunrise Small Packs,BEVERAGES,F&B,1728.0,11.17,8.64,70.656,12533734
12565179,NESCAFE Sunrise Sac 24((57+3)x5g)Poly IN,NESCAFE SUNRISE Sachet Rs 5,12367459,IN C&B : Nescafe Sunrise Small Packs,BEVERAGES,F&B,1440.0,9.46,7.2,52.256,12565179
12568349,NESCAFE SR Sac 24((57+3)x4.5g)WS Poly IN,NESCAFE SUNRISE Sachet Rs 5,12367459,IN C&B : Nescafe Sunrise Small Packs,BEVERAGES,F&B,1440.0,8.74,6.48,52.256,12568349
12576705,NESCAFE SR Sac 24((57+3)x4g) Poly N1 IN,NESCAFE SUNRISE Sachet Rs 5,12367459,IN C&B : Nescafe Sunrise Small Packs,BEVERAGES,F&B,1440.0,8.01,5.76,52.256,12576705
12586687,NESCAFE SUNRISE 6(120x4g) PR Cont IN,NESCAFE SUNRISE Sachet Rs 5,12367459,IN C&B : Nescafe Sunrise Small Packs,BEVERAGES,F&B,720.0,5.772,2.88,45.788,12586687
12597107,NESCAFE SR Sac 24x60x4g NR1 TN IN,NESCAFE SUNRISE Sachet Rs 5,12367459,IN C&B : Nescafe Sunrise Small Packs,BEVERAGES,F&B,1440.0,8.01,5.76,53.889,12597107
12597116,NESCAFE SR Sac 24(60x4g)NR1 AP IN,NESCAFE SUNRISE Sachet Rs 5,12367459,IN C&B : Nescafe Sunrise Small Packs,BEVERAGES,F&B,1440.0,7.997,5.76,53.889,12597116
12597106,NESCAFE SR Sac 24(60x3.5g)NR1 APKT IN,NESCAFE SUNRISE Sachet Rs 5,12367459,IN C&B : Nescafe Sunrise Small Packs,BEVERAGES,F&B,1440.0,7.709,5.04,53.889,12597106
12597115,NESCAFE SR Sac 24(60x3.5g)NR1 TN IN,NESCAFE SUNRISE Sachet Rs 5,12367459,IN C&B : Nescafe Sunrise Small Packs,BEVERAGES,F&B,1440.0,7.722,5.04,53.889,12597115
12571535,NESCAFE SUNRISE Sac 30(36x5g) RecPV IN,NESCAFE SUNRISE Sachet Rs 5,12367459,IN C&B : Nescafe Sunrise Small Packs,BEVERAGES,F&B,1080.0,7.5,5.4,64.935,12571535
12590371,NESCAFE SR Sac 24((57+3)x4g)NR1 AP IN,NESCAFE SUNRISE Sachet Rs 5,12367459,IN C&B : Nescafe Sunrise Small Packs,BEVERAGES,F&B,1440.0,7.888,5.76,46.299,12590371
12596923,NESCAFE SR Sac 24((57+3)x3.5g)NR1APKT IN,NESCAFE SUNRISE Sachet Rs 5,12367459,IN C&B : Nescafe Sunrise Small Packs,BEVERAGES,F&B,1440.0,7.709,5.04,53.889,12596923
12602255,NESCAFE SUNRISE Sac 30(36x3.2g) RecPV IN,NESCAFE SUNRISE Sachet Rs 5,12367459,IN C&B : Nescafe Sunrise Small Packs,BEVERAGES,F&B,1080.0,6.36,3.456,48.42,12602255
12602354,NESCAFE SR Sac 24((57+3)x3.5g) TN NR IN,NESCAFE SUNRISE Sachet Rs 5,12367459,IN C&B : Nescafe Sunrise Small Packs,BEVERAGES,F&B,1440.0,7.277,5.472,53.889,12602354
12602370,NESCAFE SR Sac 24(60x3.5g) TN NR IN,NESCAFE SUNRISE Sachet Rs 5,12367459,IN C&B : Nescafe Sunrise Small Packs,BEVERAGES,F&B,1440.0,7.277,5.04,53.889,12602370
12611138,NESCAFE SR Sac 24(60x3.5g)NR1 APKT N1 IN,NESCAFE SUNRISE Sachet Rs 5,12367459,IN C&B : Nescafe Sunrise Small Packs,BEVERAGES,F&B,1440.0,7.709,5.04,53.889,12611138
12611156,NESCAFE SR Sac 24(60x3.5g)NR1 TN N1 IN,NESCAFE SUNRISE Sachet Rs 5,12367459,IN C&B : Nescafe Sunrise Small Packs,BEVERAGES,F&B,1440.0,7.722,5.04,53.889,12611156
12554119,NESCAFE SR Sac 1728x5g PR Britannia IN,NESCAFE SUNRISE Sachet Rs 5 -Brit,12554119,IN C&B : Nescafe Sunrise Small Packs,BEVERAGES,F&B,1728.0,10.89,8.64,64.935,12554119
12499541,NESCAFE SUNRISE Strong 48x200g IN,NESCAFE SUNRISE Strong 200g FS,12499541,IN C&B : Sunrise Extra - FS,NP,NP,48.0,10.7,9.6,46.332,12499541
12503335,NESCAFE SR Strong48x200gm EnglishPack IN,NESCAFE SUNRISE Strong 200g FS,12499541,IN C&B : Sunrise Extra - FS,NP,NP,48.0,10.7,9.6,46.332,12503335
12499557,NESCAFE SUNRISE Strong 12(5x200g) IN,NESCAFE SUNRISE Strong 200g FS,12499541,IN C&B : Sunrise Extra - FS,NP,NP,12.0,13.52,12.0,58.806,12499557
12442716,NESC SR Tin CP 12(20x11g+40x5.5g) NR IN,NESCAFE SUNRISE Tin Multi Pack,12442716,IN C&B : Nescafe Sunrise Small Packs,BEVERAGES,F&B,12.0,9.62,5.28,49.02,12442716
11340157,SUNRISE Vending Mix16x1kg IN,NESCAFE SUNRISE Vending Mix 1kg FS,12315817,IN C&B : Sunrise Premix - FS,NP,NP,16.0,17.5,16.0,42.208,11340157
12315817,SUNRISE VENDING MIX 16X1Kg N1 IN,NESCAFE SUNRISE Vending Mix 1kg FS,12315817,IN C&B : Sunrise Premix - FS,NP,NP,16.0,16.1,16.0,42.5,12315817
12445796,NESCAFE SUNRISE PREMIX 16x1Kg IN,NESCAFE SUNRISE Vending Mix 1kg FS,12315817,IN C&B : Sunrise Premix - FS,NP,NP,16.0,16.99,16.0,43.066,12445796
12508385,NESCAFE SUNRISE PREMIX 16x1Kg N1 IN,NESCAFE SUNRISE Vending Mix 1kg FS,12315817,IN C&B : Sunrise Premix - FS,NP,NP,16.0,17.25,16.0,43.066,12508385
12380282,NESPLUS KOKOS CerBr Dspl 30(16x25g)N8 IN,NESPLUS Bar Kokos Cereal 25g,12380282,IN CPW : Bars,BREAKFAST CEREAL,NBC,480.0,15.3,12.0,82.32,12380282
12398478,NESPLUS KOKOS CerBr Dspl 30(16x25g)N9 IN,NESPLUS Bar Kokos Cereal 25g,12380282,IN CPW : Bars,BREAKFAST CEREAL,NBC,480.0,15.3,12.0,82.32,12398478
12434683,KOKO KRUNCH CerBr Dspl 30(16x25g)N0 IN,NESPLUS Bar Kokos Cereal 25g,12380282,IN CPW : Bars,BREAKFAST CEREAL,NBC,480.0,15.3,12.0,82.32,12434683
12437457,KOKO KRUNCH CerBr Dspl 30(16x25g)N02 IN,NESPLUS Bar Kokos Cereal 25g,12380282,IN CPW : Bars,BREAKFAST CEREAL,NBC,480.0,15.3,12.0,82.32,12437457
12378960,NESPLUS Choco Fillows 15x250g IN,NESPLUS Fillows Choco 250g,12378960,IN CPW : Fillows,BREAKFAST CEREAL,NBC,15.0,8.6,3.75,44.41,12378960
12428371,KOKO KRUNCH Maxx Choc 15x250g IN,NESPLUS Fillows Choco 250g,12378960,IN CPW : Fillows,BREAKFAST CEREAL,NBC,15.0,8.6,3.75,45.183,12428371
12379026,NESPLUS Choco Fillows 80x30g IN,NESPLUS Fillows Choco 30g,12379026,IN CPW : Fillows,BREAKFAST CEREAL,NBC,80.0,3.4,2.4,43.89,12379026
12403266,NESPLUS Choco Fillows 96x30g IN,NESPLUS Fillows Choco 30g,12379026,IN CPW : Fillows,BREAKFAST CEREAL,NBC,96.0,4.3,2.88,35.31,12403266
12428372,KOKO KRUNCH Maxx Choc 96x35g IN,NESPLUS Fillows Choco 30g,12379026,IN CPW : Fillows,BREAKFAST CEREAL,NBC,96.0,4.8,3.36,44.688,12428372
12464054,KOKO KRUNCH Maxx Choc 144x35g IN,NESPLUS Fillows Choco 30g,12379026,IN CPW : Fillows,BREAKFAST CEREAL,NBC,144.0,7.13,5.04,72.384,12464054
12378974,NESPLUS Choco Fillows 16x500g IN,NESPLUS Fillows Choco 500g,12378974,IN CPW : Fillows,BREAKFAST CEREAL,NBC,16.0,10.2,8.0,97.95,12378974
12428357,KOKO KRUNCH Maxx Choc 18x500g IN,NESPLUS Fillows Choco 500g,12378974,IN CPW : Fillows,BREAKFAST CEREAL,NBC,18.0,11.1,9.0,66.432,12428357
12504643,KOKO KRUNCH Maxx Choc 18x500g N1 IN,NESPLUS Fillows Choco 500g,12378974,IN CPW : Fillows,BREAKFAST CEREAL,NBC,18.0,11.1,9.0,66.432,12504643
12379025,NESPLUS Strawberry Fillows 80x30g IN,NESPLUS Fillows Strawberry 30g,12379025,IN CPW : Fillows,BREAKFAST CEREAL,NBC,80.0,3.4,2.4,44.688,12379025
12403268,NESPLUS Strawberry Fillows 96x30g IN,NESPLUS Fillows Strawberry 30g,12379025,IN CPW : Fillows,BREAKFAST CEREAL,NBC,96.0,4.3,2.88,35.31,12403268
12428356,KOKO KRUNCH Maxx Strawberry 96x35g IN,NESPLUS Fillows Strawberry 30g,12379025,IN CPW : Fillows,BREAKFAST CEREAL,NBC,96.0,4.8,3.36,44.688,12428356
12464067,KOKO KRUNCH Maxx Strawberry 144x35g IN,NESPLUS Fillows Strawberry 30g,12379025,IN CPW : Fillows,BREAKFAST CEREAL,NBC,144.0,7.13,5.04,72.384,12464067
12378973,NESPLUS Strawberry Fillows 16x500g IN,NESPLUS Fillows Strawberry 500g,12378973,IN CPW : Fillows,BREAKFAST CEREAL,NBC,16.0,10.2,8.0,60.4,12378973
12378919,NESPLUS Strawberry Fillows 15x250g IN,NESPLUS Fillows Strawberry250g,12378919,IN CPW : Fillows,BREAKFAST CEREAL,NBC,15.0,8.6,3.75,46.87,12378919
12428354,KOKO KRUNCH Maxx Strawberry 15x250g IN,NESPLUS Fillows Strawberry250g,12378919,IN CPW : Fillows,BREAKFAST CEREAL,NBC,15.0,8.6,3.75,45.183,12428354
12481089,KOKO KRUNCH Maxx Strawberry15x250g N1 IN,NESPLUS Fillows Strawberry250g,12378919,IN CPW : Fillows,BREAKFAST CEREAL,NBC,15.0,8.6,3.75,45.183,12481089
12378962,NESPLUS Flakes Classic 32x100g IN,NESPLUS Flakes Classic 100g,12378962,IN CPW : Flakes,BREAKFAST CEREAL,NBC,32.0,4.5,3.2,27.44,12378962
12378961,NESPLUS Flakes Classic 16x250g IN,NESPLUS Flakes Classic 250g,12378961,IN CPW : Flakes,BREAKFAST CEREAL,NBC,16.0,4.8,4.0,31.66,12378961
12434152,NESPLUS Crunchy Flakes 18x250g IN,NESPLUS Flakes Classic 250g,12378961,IN CPW : Flakes,BREAKFAST CEREAL,NBC,18.0,7.0,4.5,66.432,12434152
12499099,NESTLE GOLD Crunchy Flakes 18x250g N1 IN,NESPLUS Flakes Classic 250g,12378961,IN CPW : Flakes,BREAKFAST CEREAL,NBC,18.0,7.0,4.5,66.432,12499099
12524767,NESTLE GOLD Crunchy Flakes 18x230g IN,NESPLUS Flakes Classic 250g,12378961,IN CPW : Flakes,BREAKFAST CEREAL,NBC,18.0,5.14,4.14,66.432,12524767
12558022,NESTLE GOLD Crunchy Flakes 18x230g N1 IN,NESPLUS Flakes Classic 250g,12378961,IN CPW : Flakes,BREAKFAST CEREAL,NBC,18.0,5.41,4.14,54.72,12558022
12378975,NESPLUS Flakes 16x500g IN,NESPLUS Flakes Classic 500g,12378975,IN CPW : Flakes,BREAKFAST CEREAL,NBC,16.0,10.2,8.0,59.9,12378975
12430813,NESPLUS Crunchy Flakes 12x475g IN,NESPLUS Flakes Classic 500g,12378975,IN CPW : Flakes,BREAKFAST CEREAL,NBC,12.0,8.5,5.7,88.603,12430813
12451385,NESPLUS Cnchy Flakes 12x570g PR 20% X IN,NESPLUS Flakes Classic 500g,12378975,IN CPW : Flakes,BREAKFAST CEREAL,NBC,12.0,9.7,6.84,87.15,12451385
12497747,NESTLE GOLD Crunchy Flakes 12x475g IN,NESPLUS Flakes Classic 500g,12378975,IN CPW : Flakes,BREAKFAST CEREAL,NBC,12.0,8.5,5.7,68.005,12497747
12378972,NESPLUS Choco Caramel Granola 16x115g IN,NESPLUS Granola Choco Caramel 115g,12378972,IN CPW : Granola,BREAKFAST CEREAL,NBC,16.0,2.5,1.84,24.534,12378972
12379030,NESPLUS Choco Caramel Granola 18x215g IN,NESPLUS Granola Choco Caramel 215g,12379030,IN CPW : Granola,BREAKFAST CEREAL,NBC,18.0,7.5,3.87,42.75,12379030
12379029,NESPLUS Choco Caramel Granola 12x425g IN,NESPLUS Granola Choco Caramel 425g,12379029,IN CPW : Granola,BREAKFAST CEREAL,NBC,12.0,6.0,5.1,45.183,12379029
12379028,NESPLUS Nutty Honey Granola 18x235g IN,NESPLUS Granola Nutty Honey 235g,12379028,IN CPW : Granola,BREAKFAST CEREAL,NBC,18.0,8.1,4.23,44.74,12379028
12431508,NESPLUS Cnchy Nutty Hny Gnla 18x235g IN,NESPLUS Granola Nutty Honey 235g,12379028,IN CPW : Granola,BREAKFAST CEREAL,NBC,18.0,8.12,4.23,43.945,12431508
12379027,NESPLUS Nutty Honey Granola 12x475g IN,NESPLUS Granola Nutty Honey 475g,12379027,IN CPW : Granola,BREAKFAST CEREAL,NBC,12.0,6.6,5.7,46.872,12379027
12431513,NESPLUS Crunchy Nutty Hny Gnla12x475g IN,NESPLUS Granola Nutty Honey 475g,12379027,IN CPW : Granola,BREAKFAST CEREAL,NBC,12.0,15.4,5.7,45.183,12431513
12499088,NESTLE GOLD Crunchy Granola 12x475g IN,NESPLUS Granola Nutty Honey 475g,12379027,IN CPW : Granola,BREAKFAST CEREAL,NBC,12.0,7.0,5.7,45.183,12499088
12532606,NESTLE GOLD Crunchy Granola 20x475g IN,NESPLUS Granola Nutty Honey 475g,12379027,IN CPW : Granola,BREAKFAST CEREAL,NBC,20.0,11.0,9.5,45.183,12532606
12379023,NESPLUS Kokos 16x135g IN,NESPLUS Kokos 135g,12379023,IN CPW : Kokos,BREAKFAST CEREAL,NBC,16.0,4.5,2.16,24.01,12379023
12428358,KOKO KRUNCH 16x135g IN,NESPLUS Kokos 135g,12379023,IN CPW : Kokos,BREAKFAST CEREAL,NBC,16.0,4.4,2.16,24.534,12428358
12466937,KOKO KRUNCH 32x135g IN,NESPLUS Kokos 135g,12379023,IN CPW : Kokos,BREAKFAST CEREAL,NBC,32.0,5.9,4.32,67.585,12466937
12521079,KOKO KRUNCH 5x1kg IN,NESPLUS Kokos 1Kg,12521079,IN CPW : Kokos,BREAKFAST CEREAL,NBC,5.0,7.7,5.0,44.688,12521079
12379024,NESPLUS Kokos 80x26g IN,NESPLUS Kokos 26g,12379024,IN CPW : Kokos,BREAKFAST CEREAL,NBC,80.0,2.4,2.08,44.688,12379024
12403267,NESPLUS Kokos 96x26g IN,NESPLUS Kokos 26g,12379024,IN CPW : Kokos,BREAKFAST CEREAL,NBC,96.0,4.0,2.496,35.31,12403267
12428272,KOKO KRUNCH 96x26g IN,NESPLUS Kokos 26g,12379024,IN CPW : Kokos,BREAKFAST CEREAL,NBC,96.0,4.0,2.496,44.688,12428272
12464132,KOKO KRUNCH 144x20g IN,NESPLUS Kokos 26g,12379024,IN CPW : Kokos,BREAKFAST CEREAL,NBC,144.0,4.7,2.88,63.84,12464132
12504637,KOKO KRUNCH 144x20g N1 IN,NESPLUS Kokos 26g,12379024,IN CPW : Kokos,BREAKFAST CEREAL,NBC,144.0,4.7,2.88,63.84,12504637
12513402,KOKO KRUNCH 144x26g PR 30% Extra IN,NESPLUS Kokos 26g,12379024,IN CPW : Kokos,BREAKFAST CEREAL,NBC,144.0,5.5,3.744,66.432,12513402
12523515,KOKO KRUNCH 192x20g PR Jurassic World IN,NESPLUS Kokos 26g,12379024,IN CPW : Kokos,BREAKFAST CEREAL,NBC,192.0,5.0,3.84,63.84,12523515
12523506,KOKO KRUNCH 192x20g IN,NESPLUS Kokos 26g,12379024,IN CPW : Kokos,BREAKFAST CEREAL,NBC,192.0,5.0,3.84,63.84,12523506
12528062,KOKO KRUNCH 192x26g PR 30% Extra IN,NESPLUS Kokos 26g,12379024,IN CPW : Kokos,BREAKFAST CEREAL,NBC,192.0,5.3,4.992,63.84,12528062
12540189,KOKO KRUNCH 192x20g PR Avatar IN,NESPLUS Kokos 26g,12379024,IN CPW : Kokos,BREAKFAST CEREAL,NBC,192.0,5.0,3.84,74.76,12540189
12542269,KOKO KRUNCH 192x18g IN,NESPLUS Kokos 26g,12379024,IN CPW : Kokos,BREAKFAST CEREAL,NBC,192.0,5.3,3.456,81.636,12542269
12531332,KOKO KRUNCH 192x25g PR 40% Extra IN,NESPLUS Kokos 26g,12379024,IN CPW : Kokos,BREAKFAST CEREAL,NBC,192.0,7.0,4.8,82.344,12531332
12562117,KOKO KRUNCH 192x18g PR Superman IN,NESPLUS Kokos 26g,12379024,IN CPW : Kokos,BREAKFAST CEREAL,NBC,192.0,5.39,3.456,82.485,12562117
12562118,KOKO KRUNCH 192x18g PR Batman IN,NESPLUS Kokos 26g,12379024,IN CPW : Kokos,BREAKFAST CEREAL,NBC,192.0,5.39,3.456,82.485,12562118
12379022,NESPLUS Kokos 16x350g IN,NESPLUS Kokos 350g,12379022,IN CPW : Kokos,BREAKFAST CEREAL,NBC,16.0,7.8,5.6,605.86,12379022
12422764,NESPLUS Kokos 16x350g PR Paytm IN,NESPLUS Kokos 350g,12379022,IN CPW : Kokos,BREAKFAST CEREAL,NBC,16.0,7.8,5.6,59.9,12422764
12428364,KOKO KRUNCH 18x350g IN,NESPLUS Kokos 350g,12379022,IN CPW : Kokos,BREAKFAST CEREAL,NBC,18.0,8.4,6.3,66.432,12428364
12446043,AAKOKO KRUNCH 10x350g PR Bowl IN,NESPLUS Kokos 350g,12379022,IN CPW : Kokos,BREAKFAST CEREAL,NBC,10.0,6.2,3.5,60.625,12446043
12449602,KOKO KRUNCH 12x350g PR Bowl IN,NESPLUS Kokos 350g,12379022,IN CPW : Kokos,BREAKFAST CEREAL,NBC,12.0,7.26,4.2,68.73,12449602
12467130,KOKO KRUNCH 18x350g PR Bar Free IN,NESPLUS Kokos 350g,12379022,IN CPW : Kokos,BREAKFAST CEREAL,NBC,18.0,8.86,6.3,66.432,12467130
12471804,KOKO KRUNCH 18x350g PR Spoon Free IN,NESPLUS Kokos 350g,12379022,IN CPW : Kokos,BREAKFAST CEREAL,NBC,18.0,9.2,6.3,66.432,12471804
12497605,KOKO KRUNCH 18x350g PR Book Free IN,NESPLUS Kokos 350g,12379022,IN CPW : Kokos,BREAKFAST CEREAL,NBC,18.0,10.05,6.3,69.02,12497605
12498599,KOKO KRUNCH Cookie 18x330g IN,NESPLUS Kokos 350g,12379022,IN CPW : Kokos,BREAKFAST CEREAL,NBC,18.0,8.45,5.94,69.703,12498599
12504108,KOKO KRUNCH 18x350g N1 IN,NESPLUS Kokos 350g,12379022,IN CPW : Kokos,BREAKFAST CEREAL,NBC,18.0,8.4,6.3,66.432,12504108
12524980,KOKO KRUNCH 8x350g PR Jurassic World IN,NESPLUS Kokos 350g,12379022,IN CPW : Kokos,BREAKFAST CEREAL,NBC,8.0,5.0,2.8,63.84,12524980
12536230,KOKO KRUNCH 18x350g PR Avatar IN,NESPLUS Kokos 350g,12379022,IN CPW : Kokos,BREAKFAST CEREAL,NBC,18.0,8.4,6.3,66.432,12536230
12556906,KOKO KRUNCH 18x350g N2 IN,NESPLUS Kokos 350g,12379022,IN CPW : Kokos,BREAKFAST CEREAL,NBC,18.0,7.61,6.3,63.27,12556906
12567614,KOKO KRUNCH 8x350g PR Batman IN,NESPLUS Kokos 350g,12379022,IN CPW : Kokos,BREAKFAST CEREAL,NBC,8.0,4.3,2.8,47.328,12567614
12567650,KOKO KRUNCH 8x350g PR Superman IN,NESPLUS Kokos 350g,12379022,IN CPW : Kokos,BREAKFAST CEREAL,NBC,8.0,4.3,2.8,47.328,12567650
12508324,KOKO KRUNCH Multi Pack 24x175gPR B5G2 IN,NESPLUS Kokos MP 175g,12508324,IN CPW : Kokos,BREAKFAST CEREAL,NBC,24.0,6.01,4.2,58.464,12508324
12015250,NESQUIK Choc Drink Premix 24x500g IN,NESQUIK Choc Drink Premix 500g FS,12015250,IN C&B : Nesquik - FS,NP,NP,24.0,13.1,12.0,35.314,12015250
12464448,NESTLE NESQUIK 24x500g IN,NESQUIK Choc Drink Premix 500g FS,12015250,IN C&B : Nesquik - FS,NP,NP,24.0,13.25,12.0,35.314,12464448
12368817,NESTEA Cardamom Gold 16x1Kg IN,NESTEA Cardamom Gold 1Kg FS,12368817,IN C&B : Cardamom Tea Premix - FS,NP,NP,16.0,16.6,16.0,42.5,12368817
12374862,NESTEA Cardamom Premix 12(18x12.5g) IN,NESTEA Cardamom Premix 12.5g FS,12374862,IN C&B : NESTEA - FS,NP,NP,216.0,3.5,2.7,18.816,12374862
12561562,NESTEA Chai Life 12x250g IN,NESTEA Chai Life 12x250g IN,12561562,IN C&B : NESTEA Brewed Tea - FS,NP,NP,12.0,3.63,3.0,14.85,12561562
12318588,NESTEA GrTe PF Mngo Papp 12(6x100g) IN,NESTEA GrTe PF Mngo Papp 100g,12318588,IN C&B : Instant Tea,BEVERAGES,F&B,72.0,8.5,7.2,37.999,12318588
12338977,NESTEA GrTe PF Mngo Papp 12(6x100g)N1 IN,NESTEA GrTe PF Mngo Papp 100g,12318588,IN C&B : Instant Tea,BEVERAGES,F&B,72.0,8.824,7.2,38.19,12338977
12329993,NESTEA GrTe PF Mngo Papp 12(18x12.5g) IN,NESTEA GrTe PF Mngo Papp 12.5g,12329993,IN C&B : Instant Tea,BEVERAGES,F&B,216.0,3.5,2.7,22.848,12329993
12318731,NESTEA GrTe Wtrm Ccnt 12(6x100g) IN,NESTEA GrTe Wtrm Ccnt 100g,12318731,IN C&B : Instant Tea,BEVERAGES,F&B,72.0,8.5,7.2,37.999,12318731
12338976,NESTEA GrTe Wtrm Ccnt 12(6x100g) N1 IN,NESTEA GrTe Wtrm Ccnt 100g,12318731,IN C&B : Instant Tea,BEVERAGES,F&B,72.0,8.824,7.2,38.19,12338976
12329994,NESTEA GrTe Wtrm Ccnt 12(18x12.5g) IN,NESTEA GrTe Wtrm Ccnt 12.5g,12329994,IN C&B : Instant Tea,BEVERAGES,F&B,216.0,3.5,2.7,22.848,12329994
12499268,NESTEA Iced Tea GreenTea Mint 30x400g IN,NESTEA Iced Tea GreenTea Mint 400g,12499268,IN C&B : Instant Tea,BEVERAGES,F&B,30.0,12.75,12.0,36.66,12499268
12075184,NESTEA Instant Iced Tea Lemon 24x500g IN,NESTEA Iced Tea Lemon 400g,12362851,IN C&B : Instant Tea,BEVERAGES,F&B,24.0,13.2,12.0,35.604,12075184
12131260,NESTEA Iced Tea Lemon 24x500gPR Cont IN,NESTEA Iced Tea Lemon 400g,12362851,IN C&B : Instant Tea,BEVERAGES,F&B,24.0,13.2,12.0,38.628,12131260
12208205,NESTEA Iced Tea Lemon 24x500g PR Pazz IN,NESTEA Iced Tea Lemon 400g,12362851,IN C&B : Instant Tea,BEVERAGES,F&B,24.0,13.2,12.0,38.628,12208205
12232029,NESTEA Iced Tea Lmn 24x500g PR MgNdlD IN,NESTEA Iced Tea Lemon 400g,12362851,IN C&B : Instant Tea,BEVERAGES,F&B,24.0,13.2,12.0,38.628,12232029
12236360,NESTEA ICED TEA LEMON Zpbg 16X500g IN,NESTEA Iced Tea Lemon 400g,12362851,IN C&B : Instant Tea,BEVERAGES,F&B,16.0,13.07,8.0,39.02,12236360
12274529,NESTEA Instant Iced Tea Lemon 30x400g IN,NESTEA Iced Tea Lemon 400g,12362851,IN C&B : Instant Tea,BEVERAGES,F&B,30.0,12.2,12.0,39.48,12274529
12275415,NESTEA ICED TEA LEMON 30x400g PR Sip IN,NESTEA Iced Tea Lemon 400g,12362851,IN C&B : Instant Tea,BEVERAGES,F&B,30.0,12.2,12.0,39.48,12275415
12341264,NESTEA Lemon 30x500g PR 25% Extra IN,NESTEA Iced Tea Lemon 400g,12362851,IN C&B : Instant Tea,BEVERAGES,F&B,30.0,15.767,15.0,36.309,12341264
12362851,NESTEA Iced TeaLemon 30x400g N1 IN,NESTEA Iced Tea Lemon 400g,12362851,IN C&B : Instant Tea,BEVERAGES,F&B,30.0,12.7,12.0,37.67,12362851
12365033,NESTEA ICED TEA LEMON30x400gPR Sip N1 IN,NESTEA Iced Tea Lemon 400g,12362851,IN C&B : Instant Tea,BEVERAGES,F&B,30.0,12.7,12.0,34.48,12365033
12425168,NESTEA Iced Tea Lemon 30x400g NR IN,NESTEA Iced Tea Lemon 400g,12362851,IN C&B : Instant Tea,BEVERAGES,F&B,30.0,13.49,12.0,36.66,12425168
12440816,NESTEA Iced Tea Lemon 30x400g PR Sipr IN,NESTEA Iced Tea Lemon 400g,12362851,IN C&B : Instant Tea,BEVERAGES,F&B,30.0,12.75,12.0,36.66,12440816
12486582,NESTEA Iced Tea Lemon30x400gPR PlaSip IN,NESTEA Iced Tea Lemon 400g,12362851,IN C&B : Instant Tea,BEVERAGES,F&B,30.0,12.75,12.0,36.66,12486582
12537563,NESTEA IcedTea Lemon 30x400g PR MAGGI IN,NESTEA Iced Tea Lemon 400g,12362851,IN C&B : Instant Tea,BEVERAGES,F&B,30.0,12.75,12.0,36.66,12537563
12554130,NESTEA IcedTea Lemon 24x400g PR MAGGI IN,NESTEA Iced Tea Lemon 400g,12362851,IN C&B : Instant Tea,BEVERAGES,F&B,24.0,10.65,9.6,30.4,12554130
12615890,NTEA Iced Tea Lemon 30x400g PR FoodVR IN,NESTEA Iced Tea Lemon 400g,12362851,IN C&B : Instant Tea,BEVERAGES,F&B,30.0,13.49,12.0,36.66,12615890
12615895,NTEA Iced Tea Peach 30x400g PR FoodVR IN,NESTEA Iced Tea Lemon 400g,12362851,IN C&B : Instant Tea,BEVERAGES,F&B,30.0,13.49,12.0,36.66,12615895
12515470,NESTEA Instant Iced Tea Lemon 16x750g IN,NESTEA Iced Tea Lemon 750g,12515470,IN C&B : Instant Tea,BEVERAGES,F&B,16.0,12.9,12.0,36.66,12515470
12517671,NESTEA IcedTea Lemon 16x750g PR SipperIN,NESTEA Iced Tea Lemon 750g,12515470,IN C&B : Instant Tea,BEVERAGES,F&B,16.0,12.9,12.0,36.66,12517671
12615877,NESTEA Iced Tea Lmn 16x750g Sipper Fr IN,NESTEA Iced Tea Lemon 750g,12515470,IN C&B : Instant Tea,BEVERAGES,F&B,16.0,12.9,12.0,31.176,12615877
12167438,NESTEA Ice Tea Premix Lmn Pch 16x750g IN,NESTEA Iced Tea Lemon 750g FS,12167438,IN C&B : Iced Tea Premix - FS,NP,NP,16.0,13.3,12.0,27.52,12167438
12368630,NESTEA Iced Tea Lemon (16x750g) IN,NESTEA Iced Tea Lemon 750g FS,12167438,IN C&B : Iced Tea Premix - FS,NP,NP,16.0,12.9,12.0,30.89,12368630
12445802,NESTEA Iced Tea Lemon 16x1Kg IN,NESTEA Iced Tea Lemon 750g FS,12167438,IN C&B : Iced Tea Premix - FS,NP,NP,16.0,17.02,16.0,43.196,12445802
12201903,NESTEA Iced Tea Lemon Hang 12(10x100g)IN,NESTEA Iced Tea Lemon 75g,12339049,IN C&B : Instant Tea,BEVERAGES,F&B,120.0,13.8,12.0,61.104,12201903
12248144,NESTEA Iced Tea Lemon 12(10x100g) IN,NESTEA Iced Tea Lemon 75g,12339049,IN C&B : Instant Tea,BEVERAGES,F&B,120.0,13.8,12.0,56.682,12248144
12274867,NESTEA Iced Tea Lemon 10(16x75g) IN,NESTEA Iced Tea Lemon 75g,12339049,IN C&B : Instant Tea,BEVERAGES,F&B,160.0,12.5,12.0,58.809,12274867
12339049,NESTEA Iced Tea Lemon 12(6x100g) IN,NESTEA Iced Tea Lemon 75g,12339049,IN C&B : Instant Tea,BEVERAGES,F&B,72.0,8.824,7.2,38.19,12339049
12414156,NESTEA Iced Tea Lemon RTD 12x1L IN,NESTEA Iced Tea Lemon RTD 1L,12414156,IN C&B : NESTEA RTD COLD,BEVERAGES,F&B,12.0,13.1,12.36,16.811,12414156
12445983,NESTEA Iced Tea Lemon RTD 12x1L N1 IN,NESTEA Iced Tea Lemon RTD 1L,12414156,IN C&B : NESTEA RTD COLD,BEVERAGES,F&B,12.0,13.15,12.36,16.811,12445983
12487453,NESTEA Iced Tea Lemon RTD 4(2x1L) IN,NESTEA Iced Tea Lemon RTD 1L,12414156,IN C&B : NESTEA RTD COLD,BEVERAGES,F&B,4.0,9.75,8.24,21.632,12487453
12559070,NESTEA Lemon RTD 12x1L Sticker IN,NESTEA Iced Tea Lemon RTD 1L,12414156,IN C&B : NESTEA RTD COLD,BEVERAGES,F&B,12.0,13.12,12.36,16.811,12559070
12414197,NESTEA Iced Tea Lemon RTD 30x200ml IN,NESTEA Iced Tea Lemon RTD 200ml,12414197,IN C&B : NESTEA RTD COLD,BEVERAGES,F&B,30.0,6.5,6.18,7.937,12414197
12441295,NESTEA Iced Tea Lemon RTD 30x200ml N1 IN,NESTEA Iced Tea Lemon RTD 200ml,12414197,IN C&B : NESTEA RTD COLD,BEVERAGES,F&B,30.0,6.5,6.18,7.937,12441295
12448239,NESTEA Iced Tea Lemon RTD 30x200ml N3 IN,NESTEA Iced Tea Lemon RTD 200ml,12414197,IN C&B : NESTEA RTD COLD,BEVERAGES,F&B,30.0,7.0,6.18,7.937,12448239
12077010,NESTEA Instant Iced Tea Peach 24x500g IN,NESTEA Iced Tea Peach 400g,12170120,IN C&B : Instant Tea,BEVERAGES,F&B,24.0,13.2,12.0,34.056,12077010
12155468,NESTEA Instant Iced Tea Peach 24x475g IN,NESTEA Iced Tea Peach 400g,12170120,IN C&B : Instant Tea,BEVERAGES,F&B,24.0,13.2,11.4,30.503,12155468
12170120,NESTEA Instant Iced Tea Peach 24x450g IN,NESTEA Iced Tea Peach 400g,12170120,IN C&B : Instant Tea,BEVERAGES,F&B,24.0,12.0,10.8,29.05,12170120
12401900,NESTEA Instant Iced Tea Peach 30x400g IN,NESTEA Iced Tea Peach 400g,12170120,IN C&B : Instant Tea,BEVERAGES,F&B,30.0,12.7,12.0,36.66,12401900
12425400,NESTEA Iced Tea Peach 30x400g NR IN,NESTEA Iced Tea Peach 400g,12170120,IN C&B : Instant Tea,BEVERAGES,F&B,30.0,12.7,12.0,36.66,12425400
12583577,NESTEA ICED Tea Peach 30x400G NR N1 IN,NESTEA Iced Tea Peach 400g,12170120,IN C&B : Instant Tea,BEVERAGES,F&B,30.0,12.7,12.0,36.66,12583577
12414198,NESTEA Iced Tea Peach RTD 12x1L IN,NESTEA Iced Tea Peach RTD 1L,12414198,IN C&B : NESTEA RTD COLD,BEVERAGES,F&B,12.0,13.1,12.36,16.811,12414198
12428982,NESTEA Iced Tea Peach RTD 12x1L N1 IN,NESTEA Iced Tea Peach RTD 1L,12414198,IN C&B : NESTEA RTD COLD,BEVERAGES,F&B,12.0,13.1,12.36,16.811,12428982
12414205,NESTEA Iced Tea Peach RTD 30x200ml IN,NESTEA Iced Tea Peach RTD 200ml,12414205,IN C&B : NESTEA RTD COLD,BEVERAGES,F&B,30.0,6.5,6.18,7.937,12414205
12428980,NESTEA Iced Tea Peach RTD 30x200ml N1 IN,NESTEA Iced Tea Peach RTD 200ml,12414205,IN C&B : NESTEA RTD COLD,BEVERAGES,F&B,30.0,6.5,6.18,7.937,12428980
12445089,NESTEA Iced Tea Peach RTD 30x200ml N3 IN,NESTEA Iced Tea Peach RTD 200ml,12414205,IN C&B : NESTEA RTD COLD,BEVERAGES,F&B,30.0,6.52,6.18,7.937,12445089
12319284,NESTEA Iced Tea Rose 12(6x100g) IN,NESTEA Iced Tea Rose 100g,12319284,IN C&B : Instant Tea,BEVERAGES,F&B,72.0,8.5,7.2,37.999,12319284
12338978,NESTEA Iced Tea Rose 12(6x100g) N1 IN,NESTEA Iced Tea Rose 100g,12319284,IN C&B : Instant Tea,BEVERAGES,F&B,72.0,8.824,7.2,38.19,12338978
12329992,NESTEA Iced Tea Rose 12(18x12.5g) IN,NESTEA Iced Tea Rose 12.5g,12329992,IN C&B : Instant Tea,BEVERAGES,F&B,216.0,3.5,2.7,22.848,12329992
12499552,NESTEA Instant Green Tea Powder12x50g IN,NESTEA Instant Green Tea Powder 50g FS,12499552,IN C&B Green Tea- FS,NP,NP,12.0,2.5,0.6,10.54,12499552
12553969,NESTEA Lemon RTD 30x200ml FrW MAGGI IN,NESTEA Lemon RTD 30x200ml FrW MAGGI IN,12553969,IN C&B : NESTEA RTD COLD,BEVERAGES,F&B,30.0,7.0,6.18,7.937,12553969
12340337,NESTEA MASALA GOLD 12(18x12.5g) IN,NESTEA Masala Gold 12.5g FS,12340337,IN C&B : NESTEA - FS,NP,NP,12.0,3.52,2.7,22.848,12340337
12373897,NESTEA MASALA GOLD 12(18x12.5g) N1 IN,NESTEA Masala Gold 12.5g FS,12340337,IN C&B : NESTEA - FS,NP,NP,216.0,3.5,2.7,17.36,12373897
12319753,NESTEA MASALA GOLD 16x1Kg IN,NESTEA Masala Gold 1Kg FS,12319753,IN C&B : Cardamom Tea Premix - FS,NP,NP,16.0,16.99,16.0,40.37,12319753
12319534,NESTEA MASALA GOLD 240x21g IN,NESTEA MASALA GOLD 21g,12319534,IN C&B : NESTEA - FS,NP,NP,240.0,6.47,5.04,41.365,12319534
12160802,NESTEA Premium Cardamom 16x1kg IN,NESTEA Premium Cardamom 1kg FS,12160802,IN C&B : Cardamom Tea Premix - FS,NP,NP,16.0,17.3,16.0,37.17,12160802
12463609,NESTEA Cardamom Tea 16x1Kg IN,NESTEA Premium Cardamom 1kg FS,12160802,IN C&B : Cardamom Tea Premix - FS,NP,NP,16.0,16.99,16.0,43.066,12463609
11340214,NESTEA TPrmx For VendM Plain Pch16x1kgIN,NESTEA TPrmx For VendM Plain Pch 1kg FS,11340214,IN C&B : Cardamom Tea Premix - FS,NP,NP,16.0,17.24,16.0,42.208,11340214
12464453,NESTEA Plain Tea Premix 16x1kg IN,NESTEA TPrmx For VendM Plain Pch 1kg FS,11340214,IN C&B : Cardamom Tea Premix - FS,NP,NP,16.0,16.99,16.0,43.066,12464453
12371036,NESTLE a+ Curd 50x175g IN,NESTLE A+ CURD 175G,12371036,IN FD : Curds,DAIRY,F&B,50.0,10.3,8.75,30.6,12371036
12307983,NESTLE a+ Greek Ygt Blueberry 36x100g IN,NESTLE a+ Greek Yoghurt Blueberry 100g,12307983,IN FD : Yoghurt,DAIRY,F&B,36.0,4.22,3.6,16.913,12307983
12525296,NESTLE a+ Greek Ygt Blueberry 36x90g IN,NESTLE a+ Greek Yoghurt Blueberry 100g,12307983,IN FD : Yoghurt,DAIRY,F&B,36.0,3.85,3.24,27.225,12525296
12569622,NESTLE a+ Greek Ygt Blub 36x90g N1 IN,NESTLE a+ Greek Yoghurt Blueberry 100g,12307983,IN FD : Yoghurt,DAIRY,F&B,36.0,3.85,3.24,17.483,12569622
12323400,NESTLE a+ Grekyo ClassicPlain 36x100g IN,NESTLE a+ Greek Yoghurt ClassPlain 100g,12323400,IN FD : Yoghurt,DAIRY,F&B,36.0,4.2,3.6,16.913,12323400
12335857,NESTLE a+ Grekyo Greek Dahi 24x300g IN,NESTLE a+ Greek Yoghurt Greek Dahi 300g,12335857,IN FD : Yoghurt,DAIRY,F&B,24.0,7.95,7.2,24.966,12335857
12342494,NESTLE a+ Grekyo Litchi 36x100g IN,NESTLE a+ Greek Yoghurt Litchi 100g,12342494,IN FD : Yoghurt,DAIRY,F&B,36.0,4.22,3.6,16.913,12342494
12307441,NESTLE a+ Greek Yoghurt Mango 36x100g IN,NESTLE a+ Greek Yoghurt Mango 100g,12307441,IN FD : Yoghurt,DAIRY,F&B,36.0,4.22,3.6,16.913,12307441
12315551,NESTLE A+ Greek Ygt Mango 36x100g IN,NESTLE a+ Greek Yoghurt Mango 100g,12307441,IN FD : Yoghurt,DAIRY,F&B,36.0,4.12,3.6,14.85,12315551
12327725,NESTLE a+ Grekyo Mango 36x85g IN,NESTLE a+ Greek Yoghurt Mango 100g,12307441,IN FD : Yoghurt,DAIRY,F&B,36.0,3.56,3.06,14.19,12327725
12525305,NESTLE a+ Greek Ygt Mango 36x90g IN,NESTLE a+ Greek Yoghurt Mango 100g,12307441,IN FD : Yoghurt,DAIRY,F&B,36.0,3.85,3.24,13.613,12525305
12569621,NESTLE a+ Greek Ygt Mango 36x90g N2 IN,NESTLE a+ Greek Yoghurt Mango 100g,12307441,IN FD : Yoghurt,DAIRY,F&B,36.0,3.85,3.24,17.483,12569621
12569945,NESTLE a+ Greek Ygt Mango 36x70g N1 IN,NESTLE a+ Greek Yoghurt Mango 100g,12307441,IN FD : Yoghurt,DAIRY,F&B,36.0,3.26,2.52,13.613,12569945
12538594,NESTLE a+ Greek Ygt Mango 36x70g IN,NESTLE a+ Greek Yoghurt Mango 100g,12307441,IN FD : Yoghurt,DAIRY,F&B,36.0,3.26,2.52,14.19,12538594
12590109,NESTLE a+ Greek Ygt Mango 36x90g N3 IN,NESTLE a+ Greek Yoghurt Mango 100g,12307441,IN FD : Yoghurt,DAIRY,F&B,36.0,3.67,3.24,11.262,12590109
12590294,NESTLE a+ Greek Ygt Mango 36x90g N2 IN,NESTLE a+ Greek Yoghurt Mango 100g,12307441,IN FD : Yoghurt,DAIRY,F&B,36.0,3.85,3.24,17.483,12590294
12307446,NESTLE a+ Greek Ygt Orange 36x100g IN,NESTLE a+ Greek Yoghurt Orange 100g,12307446,IN FD : Yoghurt,DAIRY,F&B,36.0,4.22,3.6,16.913,12307446
12307445,NESTLE a+ Greek Ygt Pineapple 36x100g IN,NESTLE a+ Greek Yoghurt Pineapple 100g,12307445,IN FD : Yoghurt,DAIRY,F&B,36.0,4.32,3.6,16.913,12307445
12307444,NESTLE a+ Greek YgtStrawberry 36x100g IN,NESTLE a+ Greek Yoghurt Strawberry 100g,12307444,IN FD : Yoghurt,DAIRY,F&B,36.0,4.41,3.6,16.913,12307444
12315552,NESTLE a+ Greek Ygt Straw 36x100g IN,NESTLE a+ Greek Yoghurt Strawberry 100g,12307444,IN FD : Yoghurt,DAIRY,F&B,36.0,4.2,3.6,14.85,12315552
12327724,NESTLE a+ Grekyo Strawberry 36x85g IN,NESTLE a+ Greek Yoghurt Strawberry 100g,12307444,IN FD : Yoghurt,DAIRY,F&B,36.0,3.56,3.06,14.19,12327724
12502927,NESTLE a+ Greek Ygt Strw 36x100g N1 IN,NESTLE a+ Greek Yoghurt Strawberry 100g,12307444,IN FD : Yoghurt,DAIRY,F&B,36.0,4.22,3.6,27.225,12502927
12525217,NESTLE a+ Greek Ygt Strawberry 36x90g IN,NESTLE a+ Greek Yoghurt Strawberry 100g,12307444,IN FD : Yoghurt,DAIRY,F&B,36.0,3.85,3.24,16.913,12525217
12569617,NESTLE a+ Greek Ygt Strw 36x90g N1 IN,NESTLE a+ Greek Yoghurt Strawberry 100g,12307444,IN FD : Yoghurt,DAIRY,F&B,36.0,3.85,3.24,17.483,12569617
12569606,NESTLE a+ Greek Ygt Strw 36x70g N1 IN,NESTLE a+ Greek Yoghurt Strawberry 100g,12307444,IN FD : Yoghurt,DAIRY,F&B,36.0,3.26,2.52,13.613,12569606
12538595,NESTLE a+ Greek Ygt Strawberry 36x70g IN,NESTLE a+ Greek Yoghurt Strawberry 100g,12307444,IN FD : Yoghurt,DAIRY,F&B,36.0,3.26,2.52,14.19,12538595
12590295,NESTLE a+ Greek Ygt Strw 36x90g N3 IN,NESTLE a+ Greek Yoghurt Strawberry 100g,12307444,IN FD : Yoghurt,DAIRY,F&B,36.0,3.85,3.24,17.483,12590295
11340015,NESTLE a+ Milk Tetra Brik 12x1L N1 IN,NESTLE a+ Milk Tetra Brik 1L,12360436,IN SSD : UHT Milk - Toned,DAIRY,F&B,12.0,12.85,12.36,14.205,11340015
11340508,NESTLE a+ Milk Tetra Brik 12x1L IN,NESTLE a+ Milk Tetra Brik 1L,12360436,IN SSD : UHT Milk - Toned,DAIRY,F&B,12.0,12.8,12.36,14.205,11340508
12285812,NESTLE a+ Milk TetraBrik12x1L N1 PR IN,NESTLE a+ Milk Tetra Brik 1L,12360436,IN SSD : UHT Milk - Toned,DAIRY,F&B,12.0,12.85,12.36,14.06,12285812
12296249,NESTLE a+ Milk TetraBrik12x1L N7 PR IN,NESTLE a+ Milk Tetra Brik 1L,12360436,IN SSD : UHT Milk - Toned,DAIRY,F&B,12.0,12.9,12.36,14.489,12296249
12296325,NESTLE a+ Milk Tetra Brik 12x1L N6 IN,NESTLE a+ Milk Tetra Brik 1L,12360436,IN SSD : UHT Milk - Toned,DAIRY,F&B,12.0,12.9,12.36,14.489,12296325
12296326,NESTLE a+ Milk Tetra Brik 12x1L N5 IN,NESTLE a+ Milk Tetra Brik 1L,12360436,IN SSD : UHT Milk - Toned,DAIRY,F&B,12.0,12.9,12.36,14.489,12296326
12298261,NESTLE a+ Milk TetraBrik12x1L PR SpPr IN,NESTLE a+ Milk Tetra Brik 1L,12360436,IN SSD : UHT Milk - Toned,DAIRY,F&B,12.0,12.8,12.36,14.489,12298261
12298492,NESTLE a+ Milk TBrik 12x1L PR NE180ml IN,NESTLE a+ Milk Tetra Brik 1L,12360436,IN SSD : UHT Milk - Toned,DAIRY,F&B,12.0,12.8,12.36,14.489,12298492
12327948,NESTLE a+ Mlk Tbrik12x1L PR InstaFltr IN,NESTLE a+ Milk Tetra Brik 1L,12360436,IN SSD : UHT Milk - Toned,DAIRY,F&B,12.0,13.0,12.36,14.719,12327948
12337029,NESTLE a+Milk 12x1L PR Fr ProGrow ROI IN,NESTLE a+ Milk Tetra Brik 1L,12360436,IN SSD : UHT Milk - Toned,DAIRY,F&B,12.0,13.0,12.36,14.719,12337029
12337192,NESTLE a+Milk 12x1L PR Fr ProGrowSpPr IN,NESTLE a+ Milk Tetra Brik 1L,12360436,IN SSD : UHT Milk - Toned,DAIRY,F&B,12.0,13.0,12.36,14.719,12337192
12357488,NESTLE A+ Milk 12x1L PR MILO Fr IN,NESTLE a+ Milk Tetra Brik 1L,12360436,IN SSD : UHT Milk - Toned,DAIRY,F&B,12.0,13.0,12.36,14.489,12357488
12360436,NESTLE a+ Milk TBrik Vit Fort 12x1L IN,NESTLE a+ Milk Tetra Brik 1L,12360436,IN SSD : UHT Milk - Toned,DAIRY,F&B,12.0,13.01,12.36,13.98,12360436
12360906,NESTLE a+ Milk TBrk Vit Fort 12x1L N1 IN,NESTLE a+ Milk Tetra Brik 1L,12360436,IN SSD : UHT Milk - Toned,DAIRY,F&B,12.0,13.01,12.36,14.06,12360906
12362650,NESTLE a+ Milk TBrik 12x1L N9 IN,NESTLE a+ Milk Tetra Brik 1L,12360436,IN SSD : UHT Milk - Toned,DAIRY,F&B,12.0,12.9,12.36,14.489,12362650
12423408,NESTLE a+ Milk 12x1L N1 IN,NESTLE a+ Milk Tetra Brik 1L,12360436,IN SSD : UHT Milk - Toned,DAIRY,F&B,12.0,13.15,12.36,14.719,12423408
12448951,NESTLE a+ Milk 12x1L PR Spec Price IN,NESTLE a+ Milk Tetra Brik 1L,12360436,IN SSD : UHT Milk - Toned,DAIRY,F&B,12.0,13.15,12.36,14.719,12448951
12476009,NESTLE a+ Milk 12x1L N1 PR Spec Price IN,NESTLE a+ Milk Tetra Brik 1L,12360436,IN SSD : UHT Milk - Toned,DAIRY,F&B,12.0,13.01,12.36,14.719,12476009
12495387,NESTLE a+ Milk 12x1L N2 IN,NESTLE a+ Milk Tetra Brik 1L,12360436,IN SSD : UHT Milk - Toned,DAIRY,F&B,12.0,13.15,12.36,16.811,12495387
12512905,NESTLE a+ Milk 12x1L PR Rs 10 Off IN,NESTLE a+ Milk Tetra Brik 1L,12360436,IN SSD : UHT Milk - Toned,DAIRY,F&B,12.0,13.15,12.36,14.719,12512905
12562440,NESTLE a+ Milk 12x1L NR IN,NESTLE a+ Milk Tetra Brik 1L,12360436,IN SSD : UHT Milk - Toned,DAIRY,F&B,12.0,13.01,12.36,14.719,12562440
12375466,NESTLE a+ Milk ((11+1)x1L) PR 1L Free IN,NESTLE a+ Milk Tetra Brik 1L PR,12375466,IN SSD : UHT Milk - Toned,DAIRY,F&B,12.0,13.0,12.36,14.719,12375466
12575830,NESTLE a+ Mas Millet Tom 16x240g IN,NESTLE a+ Millet Tom 240g,12575830,IN SSD : ADULT_NUTRI,DAIRY,F&B,16.0,5.8,3.84,56.293,12575830
12595686,NESTLE a+ Millet Tom 16x240g SpecP IN,NESTLE a+ Millet Tom 240g,12575830,IN SSD : ADULT_NUTRI,DAIRY,F&B,16.0,5.8,3.84,56.293,12595686
12570666,NESTLE a+ Mas Millet Tom 12(12x40g) IN,NESTLE a+ Millet Tom 40g,12570666,IN SSD : ADULT_NUTRI,DAIRY,F&B,144.0,7.16,5.76,47.348,12570666
12595678,NESTLE a+ Millet Tom 12(12x40g)SpecP IN,NESTLE a+ Millet Tom 40g,12570666,IN SSD : ADULT_NUTRI,DAIRY,F&B,144.0,7.16,5.76,47.348,12595678
12579845,NESTLE a+ Mas Millet Tom 12(12x40g)N1 IN,NESTLE a+ Millet Tom 40g,12570666,IN SSD : ADULT_NUTRI,DAIRY,F&B,144.0,7.16,5.76,47.348,12579845
12575808,NESTLE a+ Mas Millet Veggie 16x240g IN,NESTLE a+ Millet Veggie 240g,12575808,IN SSD : ADULT_NUTRI,DAIRY,F&B,16.0,5.8,3.84,56.293,12575808
12595679,NESTLE a+ Millet Veg 16x240g SpecP IN,NESTLE a+ Millet Veggie 240g,12575808,IN SSD : ADULT_NUTRI,DAIRY,F&B,16.0,5.8,3.84,56.293,12595679
12570622,NESTLE a+ Mas Millet Veggie 12(12x40g)IN,NESTLE a+ Millet Veggie 40g,12570622,IN SSD : ADULT_NUTRI,DAIRY,F&B,144.0,7.16,5.76,47.348,12570622
12595694,NESTLE a+ Millet Veg 12(12x40g)SpecP IN,NESTLE a+ Millet Veggie 40g,12570622,IN SSD : ADULT_NUTRI,DAIRY,F&B,144.0,7.16,5.76,47.348,12595694
12579885,NESTLE a+ Mas Mllt Veggie12(12x40g)N1 IN,NESTLE a+ Millet Veggie 40g,12570622,IN SSD : ADULT_NUTRI,DAIRY,F&B,144.0,7.16,5.76,47.348,12579885
12382565,NESTLE a+ Mishti Doi 36x80g IN,NESTLE a+ Mishti Doi 80g,12382565,IN FD : Value Added Dahi,DAIRY,F&B,36.0,3.5,2.88,13.613,12382565
11340479,NESTLE a+ dahi 24x200g IN,NESTLE a+ Nourish dahi 200g,11340479,IN FD : Dahi_Regular,DAIRY,F&B,24.0,5.42,4.8,14.025,11340479
12276751,NESTLÉ a+ Nourish dahi 24x200g N1 IN,NESTLE a+ Nourish dahi 200g,11340479,IN FD : Dahi_Regular,DAIRY,F&B,24.0,5.4,4.8,13.86,12276751
12360142,NESTLE a+ Nourish Dahi 36x150g IN,NESTLE a+ Nourish dahi 200g,11340479,IN FD : Dahi_Regular,DAIRY,F&B,36.0,6.5,5.4,21.284,12360142
12513411,NESTLE a+ dahi 24x180g IN,NESTLE a+ Nourish dahi 200g,11340479,IN FD : Dahi_Regular,DAIRY,F&B,24.0,4.964,4.32,13.86,12513411
12583245,NESTLE a+ dahi 24x180g N1 IN,NESTLE a+ Nourish dahi 200g,11340479,IN FD : Dahi_Regular,DAIRY,F&B,24.0,4.964,4.32,24.966,12583245
12590527,NESTLE a+ Dahi 36x180g IN,NESTLE a+ Nourish dahi 200g,11340479,IN FD : Dahi_Regular,DAIRY,F&B,36.0,7.15,6.48,20.879,12590527
12077995,NESTLE a+ dahi 24x400g IN,NESTLE a+ Nourish dahi 400g,12077995,IN FD : Dahi_Regular,DAIRY,F&B,24.0,10.5,9.6,25.124,12077995
12135565,NESTLE a+ dahi 24x400g N1 IN,NESTLE a+ Nourish dahi 400g,12077995,IN FD : Dahi_Regular,DAIRY,F&B,24.0,10.5,9.6,25.124,12135565
12249323,NESTLE a+ Dahi 24x400g PR Raita185g IN,NESTLE a+ Nourish dahi 400g,12077995,IN FD : Dahi_Regular,DAIRY,F&B,24.0,10.5,9.6,25.124,12249323
12276758,NESTLE a+ Nourish dahi 24x400g N2 IN,NESTLE a+ Nourish dahi 400g,12077995,IN FD : Dahi_Regular,DAIRY,F&B,24.0,10.3,9.6,24.966,12276758
12279483,NESTLE a+ Nourish Dahi 24x450g PR N1 IN,NESTLE a+ Nourish dahi 400g,12077995,IN FD : Dahi_Regular,DAIRY,F&B,24.0,11.2,10.8,27.612,12279483
12281307,NESTLE a+ Nourish dahi 24x400g PR1 IN,NESTLE a+ Nourish dahi 400g,12077995,IN FD : Dahi_Regular,DAIRY,F&B,24.0,10.3,9.6,24.966,12281307
12342574,NESTLE a+ Nourish Dahi24(400+50)gPR N1IN,NESTLE a+ Nourish dahi 400g,12077995,IN FD : Dahi_Regular,DAIRY,F&B,24.0,12.0,10.8,26.054,12342574
12342758,NESTLE a+ Nourish Dahi24(400+50)gPR N2IN,NESTLE a+ Nourish dahi 400g,12077995,IN FD : Dahi_Regular,DAIRY,F&B,24.0,12.0,10.8,26.054,12342758
12342759,NESTLE a+ Nourish Dahi24(400+50)gPR N3IN,NESTLE a+ Nourish dahi 400g,12077995,IN FD : Dahi_Regular,DAIRY,F&B,24.0,12.0,10.8,26.054,12342759
12360396,NESTLE a+ Dahi 24x400g PR Grekyo Fr IN,NESTLE a+ Nourish dahi 400g,12077995,IN FD : Dahi_Regular,DAIRY,F&B,24.0,10.4,9.6,24.966,12360396
12368956,NESTLE a+ Dahi24x400g N1 PR Grekyo Fr IN,NESTLE a+ Nourish dahi 400g,12077995,IN FD : Dahi_Regular,DAIRY,F&B,24.0,10.5,9.6,25.124,12368956
12368958,NESTLE a+ Dahi24x400g N2 PR Grekyo Fr IN,NESTLE a+ Nourish dahi 400g,12077995,IN FD : Dahi_Regular,DAIRY,F&B,24.0,10.4,9.6,24.966,12368958
12371035,NESTLE a+ Curd 25x400g IN,NESTLE a+ Nourish dahi 400g,12077995,IN FD : Curds,DAIRY,F&B,25.0,11.5,10.0,30.6,12371035
12470412,NESTLE a+ Dahi 24x400g PR Spec Price IN,NESTLE a+ Nourish dahi 400g,12077995,IN FD : Dahi_Regular,DAIRY,F&B,24.0,10.35,9.6,33.429,12470412
12279559,NESTLE a+ Nourish TBrik 30x180ml IN,NESTLE a+ Nourish Milk 180ml,12279559,IN SSD : UHT Milk - Toned,DAIRY,F&B,30.0,5.74,5.4,7.937,12279559
12362852,NESTLE a+ Milk TBrk Vit Fort 30x180ml IN,NESTLE a+ Nourish Milk 180ml,12279559,IN SSD : UHT Milk - Toned,DAIRY,F&B,30.0,5.74,5.55,8.12,12362852
12423407,NESTLE a+ Milk 30x180ml N1 IN,NESTLE a+ Nourish Milk 180ml,12279559,IN SSD : UHT Milk - Toned,DAIRY,F&B,30.0,6.35,5.55,7.937,12423407
12318558,NESTLE a+ ProGrow Milk Choco 30x180ml IN,NESTLE a+ ProGrow Milk Choco 180ml,12318558,IN SSD : PROGROW,DAIRY,F&B,30.0,5.92,5.562,7.937,12318558
12318560,NESTLE a+ Pro Grow Milk Vanilla 12x1L IN,NESTLE a+ ProGrow Milk Vanilla 1L,12318560,IN SSD : PROGROW,DAIRY,F&B,12.0,13.0,12.36,14.06,12318560
12318559,NESTLE a+ ProGrow Vnla Milk 30x180ml IN,NESTLE a+ ProGrow Vnla Milk 180ml,12318559,IN SSD : PROGROW,DAIRY,F&B,30.0,5.92,5.562,7.937,12318559
12362798,NESTLE a+ Raita Bhuna Jeera 36x80g IN,NESTLE a+ Raita Bhuna Jeera 80g,12362798,IN FD : Value Added Dahi,DAIRY,F&B,36.0,3.5,2.88,13.613,12362798
12577653,NESTLE a+ Raita Bhuna Jeera 36x80g N2 IN,NESTLE a+ Raita Bhuna Jeera 80g,12362798,IN FD : Value Added Dahi,DAIRY,F&B,36.0,3.5,2.88,13.613,12577653
12382797,NESTLE a+ Raita Karela 36x80g IN,NESTLE a+ Raita Karela 80g,12382797,IN FD : Value Added Dahi,DAIRY,F&B,36.0,3.5,2.88,13.613,12382797
11340017,NESTLE SLIM Skimmed Milk TBrik 12x1L IN,NESTLE a+ Slim Milk TBrik 1L,12296327,IN SSD : UHT Milk - Slim,DAIRY,F&B,12.0,12.85,12.36,14.205,11340017
11340018,NESTLE SLIM Skmd Milk TBrik 12x1L N1 IN,NESTLE a+ Slim Milk TBrik 1L,12296327,IN SSD : UHT Milk - Slim,DAIRY,F&B,12.0,12.85,12.36,14.205,11340018
12296324,NESTLE SLIM Skmd Milk TBrik 12x1L N6 IN,NESTLE a+ Slim Milk TBrik 1L,12296327,IN SSD : UHT Milk - Slim,DAIRY,F&B,12.0,12.9,12.36,14.489,12296324
12296327,NESTLE SLIM Skmd Milk TBrik 12x1L N5 IN,NESTLE a+ Slim Milk TBrik 1L,12296327,IN SSD : UHT Milk - Slim,DAIRY,F&B,12.0,12.9,12.36,13.98,12296327
12297165,NESTLE SlMlk TBrik 12x1L PR 200ml RoI IN,NESTLE a+ Slim Milk TBrik 1L,12296327,IN SSD : UHT Milk - Slim,DAIRY,F&B,12.0,12.9,12.36,14.489,12297165
12298493,NESTLE a+SlMlk TBrik 12x1L PR NE200ml IN,NESTLE a+ Slim Milk TBrik 1L,12296327,IN SSD : UHT Milk - Slim,DAIRY,F&B,12.0,12.8,12.36,14.489,12298493
12312671,NESTLE A+ SlMlk TBrik 12x1L PR SpecP IN,NESTLE a+ Slim Milk TBrik 1L,12296327,IN SSD : UHT Milk - Slim,DAIRY,F&B,12.0,14.0,12.36,14.06,12312671
12343672,NESTLE A+ SLIM Milk 12x1L PR Oats Fr IN,NESTLE a+ Slim Milk TBrik 1L,12296327,IN SSD : UHT Milk - Slim,DAIRY,F&B,12.0,12.9,12.36,14.719,12343672
12377996,NESTLE a+ SLIM Milk 12x1L PR Watch IN,NESTLE a+ Slim Milk TBrik 1L,12296327,IN SSD : UHT Milk - Slim,DAIRY,F&B,12.0,13.0,12.36,14.719,12377996
12396772,NESTLE a+ SLIM Milk ((10+2)x1L) PR 2U IN,NESTLE a+ Slim Milk TBrik 1L PR,12396772,IN SSD : UHT Milk - Slim,DAIRY,F&B,12.0,13.0,12.36,14.719,12396772
12079070,NESTLE ActiPlus Dahi 24x400g IN,NESTLE Active Plus Dahi 400g,12079070,IN FD : Value Added Dahi,DAIRY,F&B,24.0,10.5,9.6,25.124,12079070
12569153,NESTLE a+ Actiplus Dahi 24x380g IN,NESTLE Active Plus Dahi 400g,12079070,IN FD : Value Added Dahi,DAIRY,F&B,24.0,10.5,9.12,25.124,12569153
12583261,NESTLE a+ Actiplus Dahi 24x380g N1 IN,NESTLE Active Plus Dahi 400g,12079070,IN FD : Value Added Dahi,DAIRY,F&B,24.0,10.5,9.12,25.124,12583261
12319512,NESTLE ALPINO 48(6x23g) IN,NESTLE ALPINO 12B 23g,12331513,IN C&C : Alpino,CHOCOLATE,F&B,288.0,14.0,6.624,77.126,12319512
12331513,NESTLE ALPINO 48(6x23g) N1 IN,NESTLE ALPINO 12B 23g,12331513,IN C&C : Alpino,CHOCOLATE,F&B,48.0,11.6,6.624,77.126,12331513
12358021,NESTLE ALPINO Tin 24(4x23g) IN,NESTLE ALPINO 23G,12358021,IN C&C : Alpino,CHOCOLATE,F&B,24.0,10.274,2.208,55.09,12358021
12319511,NESTLE ALPINO 12(16x23g) IN,NESTLE ALPINO 2B 23g,12366616,IN C&C : Alpino,CHOCOLATE,F&B,192.0,7.5,4.416,38.694,12319511
12330350,NESTLE ALPINO 12(16x23g) N1 IN,NESTLE ALPINO 2B 23g,12366616,IN C&C : Alpino,CHOCOLATE,F&B,192.0,7.56,4.416,38.694,12330350
12366616,NESTLE ALPINO 12(16x23g) N2 IN,NESTLE ALPINO 2B 23g,12366616,IN C&C : Alpino,CHOCOLATE,F&B,192.0,7.5,4.416,38.694,12366616
12319650,NESTLE ALPINO 8(12x57.5g) IN,NESTLE ALPINO 5B 57.5g,12319650,IN C&C : Alpino,CHOCOLATE,F&B,96.0,10.0,5.52,47.629,12319650
12192058,NESTLE ASSORTED PACK (48*142.8g) IN,NESTLE Assorted Delights 102.9g,12317532,IN C&C : Chocolate Gift packs,CHOCOLATE,F&B,48.0,12.2,6.854,67.924,12192058
12285789,NESTLE ASSORTED DELIGHTS(38x103.6g) IN ,NESTLE Assorted Delights 102.9g,12317532,IN C&C : Chocolate Gift packs,CHOCOLATE,F&B,38.0,7.12,3.937,46.755,12285789
12317532,NESTLE ASSORTED DELIGHTS (54x102.9g) IN,NESTLE Assorted Delights 102.9g,12317532,IN C&C : Chocolate Gift packs,CHOCOLATE,F&B,54.0,10.6,5.557,68.043,12317532
12199548,NESTLE ASSORTED PACK (24x228.2g) IN,NESTLE Assorted Delights 112.6g,12345804,IN C&C : Chocolate Gift packs,CHOCOLATE,F&B,24.0,9.7,5.477,41.065,12199548
12285788,NESTLE ASSORTED DELIGHTS (32x223.8g) IN,NESTLE Assorted Delights 112.6g,12345804,IN C&C : Chocolate Gift packs,CHOCOLATE,F&B,32.0,13.26,7.162,57.883,12285788
12317530,NESTLE ASSORTED DELIGHTS (42x212.6g) IN,NESTLE Assorted Delights 112.6g,12345804,IN C&C : Chocolate Gift packs,CHOCOLATE,F&B,42.0,16.5,8.929,108.67,12317530
12345804,NESTLE ASSORTED DELIGHTS (40x210.2g) IN,NESTLE Assorted Delights 112.6g,12345804,IN C&C : Chocolate Gift packs,CHOCOLATE,F&B,40.0,14.5,8.408,101.035,12345804
12346682,NESTLE Assorted Delights(40x210.2g)N1 IN,NESTLE Assorted Delights 112.6g,12345804,IN C&C : Chocolate Gift packs,CHOCOLATE,F&B,40.0,14.5,8.408,101.035,12346682
12192059,NESTLE ASSORTED PACK (36x185.8g) IN,NESTLE Assorted Delights 143.7g,12346684,IN C&C : Chocolate Gift packs,CHOCOLATE,F&B,36.0,11.3,6.689,61.401,12192059
12285810,NESTLE ASSORTED DELIGHTS (38x139.6g) IN,NESTLE Assorted Delights 143.7g,12346684,IN C&C : Chocolate Gift packs,CHOCOLATE,F&B,38.0,9.87,5.305,78.326,12285810
12317531,NESTLE ASSORTED DELIGHTS (48x143.7g) IN,NESTLE Assorted Delights 143.7g,12346684,IN C&C : Chocolate Gift packs,CHOCOLATE,F&B,48.0,11.8,6.898,65.19,12317531
12345803,NESTLE ASSORTED DELIGHTS (60x138.7g) IN,NESTLE Assorted Delights 143.7g,12346684,IN C&C : Chocolate Gift packs,CHOCOLATE,F&B,60.0,14.3,8.322,78.648,12345803
12346684,NESTLE Assorted Delights(60x138.7g)N1 IN,NESTLE Assorted Delights 143.7g,12346684,IN C&C : Chocolate Gift packs,CHOCOLATE,F&B,60.0,14.287,8.322,78.648,12346684
12317519,NESTLE ASSORTED DELIGHTS (30x277.8g) IN,NESTLE Assorted Delights 277.8g,12346683,IN C&C : Chocolate Gift packs,CHOCOLATE,F&B,30.0,12.5,8.334,71.276,12317519
12346683,NESTLE Assorted Delights(20x277.4g)N1 IN,NESTLE Assorted Delights 277.8g,12346683,IN C&C : Chocolate Gift packs,CHOCOLATE,F&B,20.0,8.9,5.548,59.409,12346683
12319077,BAR ONE Eclairs Box 20(100X5g) IN,NESTLE BAR ONE Eclairs Box 5g,12319077,IN C&C : Barone Eclairs,CONFECTIONARY,F&B,20.0,13.0,10.0,47.931,12319077
12319075,BAR ONE Eclairs Polybag 36(50X5g) IN,NESTLE BAR ONE Eclairs Polybag 5g,12319075,IN C&C : Barone Eclairs,CONFECTIONARY,F&B,36.0,10.5,9.0,33.278,12319075
12437185,NESTLE BAR ONE Jar 16((48+2)x13.2g) IN,NESTLE BAR ONE Jar 13.2g,12437185,IN C&C : Barone,CHOCOLATE,F&B,800.0,12.9,10.56,72.675,12437185
12438898,NESTLE BAR ONE Jar 16((48+2)x12g) IN,NESTLE BAR ONE Jar 13.2g,12437185,IN C&C : Barone,CHOCOLATE,F&B,800.0,12.09,9.6,72.675,12438898
12366611,NESTLE BAR ONE Jar 16((34+1)x24.2g) IN,NESTLE BAR ONE Jar 24.2g,12366611,IN C&C : Barone,CHOCOLATE,F&B,560.0,16.2,13.552,82.571,12366611
12390946,NESTLE BAR ONE Jar 16((33+2)x24.2g) IN,NESTLE BAR ONE Jar 24.2g,12366611,IN C&C : Barone,CHOCOLATE,F&B,560.0,16.2,13.552,82.571,12390946
12043542,BAR ONE Countline 12(28x36g) IN,NESTLE BAR ONE Rs.10 24.2g,12347245,IN C&C : Barone,CHOCOLATE,F&B,336.0,15.25,12.096,35.589,12043542
12121208,BAR ONE Countline 12(28x32g) IN,NESTLE BAR ONE Rs.10 24.2g,12347245,IN C&C : Barone,CHOCOLATE,F&B,336.0,12.7,10.752,28.351,12121208
12135388,BAR ONE Countline 12x(28x32g) N1 IN,NESTLE BAR ONE Rs.10 24.2g,12347245,IN C&C : Barone,CHOCOLATE,F&B,336.0,12.9,10.752,23.108,12135388
12155991,NESTLE BAR ONE Countline 12x(28x28g) IN,NESTLE BAR ONE Rs.10 24.2g,12347245,IN C&C : Barone,CHOCOLATE,F&B,336.0,10.9,9.408,21.726,12155991
12200767,NESTLE BAR ONE 16x(20x35g) PR EXT IN,NESTLE BAR ONE Rs.10 24.2g,12347245,IN C&C : Barone,CHOCOLATE,F&B,320.0,13.5,11.2,27.35,12200767
12204792,NESTLE BAR ONE Ctln 16(24x28g) N1 IN,NESTLE BAR ONE Rs.10 24.2g,12347245,IN C&C : Barone,CHOCOLATE,F&B,384.0,12.6,10.752,27.934,12204792
12212965,NESTLE BAR ONE Ctln 16(24x26g) IN,NESTLE BAR ONE Rs.10 24.2g,12347245,IN C&C : Barone,CHOCOLATE,F&B,384.0,11.5,9.984,27.934,12212965
12238276,NESTLE BAR ONE 16(24x26g) PR 2 Free IN,NESTLE BAR ONE Rs.10 24.2g,12347245,IN C&C : Barone,CHOCOLATE,F&B,384.0,11.6,9.984,28.311,12238276
12253917,NESTLE BAR ONE Ctln 16(24x22g) IN,NESTLE BAR ONE Rs.10 24.2g,12347245,IN C&C : Barone,CHOCOLATE,F&B,384.0,10.5,8.448,25.351,12253917
12278023,NESTLE BAR ONE 16(24x22g) PR 2 Free IN,NESTLE BAR ONE Rs.10 24.2g,12347245,IN C&C : Barone,CHOCOLATE,F&B,384.0,10.32,8.448,25.351,12278023
12292594,NESTLE BAR ONE Ctln 16(24x27.5g) IN,NESTLE BAR ONE Rs.10 24.2g,12347245,IN C&C : Barone,CHOCOLATE,F&B,384.0,12.6,10.56,26.307,12292594
12299699,NESTLE BAR ONE Ctln 16(24x22g) N1 IN,NESTLE BAR ONE Rs.10 24.2g,12347245,IN C&C : Barone,CHOCOLATE,F&B,384.0,10.448,8.448,25.351,12299699
12318371,NESTLE BAR ONE 16(24x22g) N1PR Scrtch IN,NESTLE BAR ONE Rs.10 24.2g,12347245,IN C&C : Barone,CHOCOLATE,F&B,384.0,10.448,8.448,25.351,12318371
12321447,NESTLE BAR ONE 16((23+1)x22g) IN,NESTLE BAR ONE Rs.10 24.2g,12347245,IN C&C : Barone,CHOCOLATE,F&B,384.0,10.4,8.448,25.351,12321447
12347245,NESTLE BAR ONE Ctln 16(24x24.2g) IN,NESTLE BAR ONE Rs.10 24.2g,12347245,IN C&C : Barone,CHOCOLATE,F&B,384.0,11.045,9.293,26.82,12347245
12382795,NESTLE BAR ONE Ctln 16(24x27.5g) N1 IN,NESTLE BAR ONE Rs.10 24.2g,12347245,IN C&C : Barone,CHOCOLATE,F&B,384.0,12.2,10.56,26.307,12382795
12403476,BAR ONE Ctln 16(24x27.5g) PR Bike IN,NESTLE BAR ONE Rs.10 24.2g,12347245,IN C&C : Barone,CHOCOLATE,F&B,384.0,12.0,10.56,26.307,12403476
12427210,NESTLE BAR ONE Ctln 16(24x24.2g) N1 IN,NESTLE BAR ONE Rs.10 24.2g,12347245,IN C&C : Barone,CHOCOLATE,F&B,384.0,10.8,9.293,26.307,12427210
12445086,NESTLE BAR ONE 16(24x24.2g)83Movie N1 IN,NESTLE BAR ONE Rs.10 24.2g,12347245,IN C&C : Barone,CHOCOLATE,F&B,384.0,10.89,9.293,26.782,12445086
12446002,NESTLE BAR ONE Ctln 16(24x22g)N1 IN,NESTLE BAR ONE Rs.10 24.2g,12347245,IN C&C : Barone,CHOCOLATE,F&B,384.0,10.89,8.448,26.307,12446002
12459859,NESTLE BAR ONE Ctln 16(24x22g) N2 IN,NESTLE BAR ONE Rs.10 24.2g,12347245,IN C&C : Barone,CHOCOLATE,F&B,384.0,10.89,8.448,26.307,12459859
12475690,NESTLE BAR ONE 16(24x27.5g)PR25%Extra IN,NESTLE BAR ONE Rs.10 24.2g,12347245,IN C&C : Barone,CHOCOLATE,F&B,384.0,12.01,10.56,26.307,12475690
12482210,NESTLE BAR ONE 16(24x22g) PR Gaana IN,NESTLE BAR ONE Rs.10 24.2g,12347245,IN C&C : Barone,CHOCOLATE,F&B,384.0,10.89,8.448,26.307,12482210
12495410,NESTLE BAR ONE Ctln 16(24x20g) N1 IN,NESTLE BAR ONE Rs.10 24.2g,12347245,IN C&C : Barone,CHOCOLATE,F&B,384.0,8.64,7.68,26.307,12495410
12498659,NESTLE BAR ONE 16(24x20g)PR Gaana IN,NESTLE BAR ONE Rs.10 24.2g,12347245,IN C&C : Barone,CHOCOLATE,F&B,384.0,8.64,7.68,26.307,12498659
12511096,NESTLE BAR ONE 16(24x26g)PR 30% Extra IN,NESTLE BAR ONE Rs.10 24.2g,12347245,IN C&C : Barone,CHOCOLATE,F&B,384.0,11.72,9.984,27.934,12511096
12514690,NESTLE BAR ONE Ctln 16((23+1)x20g) IN,NESTLE BAR ONE Rs.10 24.2g,12347245,IN C&C : Barone,CHOCOLATE,F&B,384.0,8.64,7.68,26.307,12514690
12594728,NESTLE BAR ONE 16(24x20g)PR Biscuit IN,NESTLE BAR ONE Rs.10 24.2g,12347245,IN C&C : Barone,CHOCOLATE,F&B,384.0,8.64,7.68,26.307,12594728
12618574,NESTLE BAR ONE 16(24x20g) New Recipe IN,NESTLE BAR ONE Rs.10 24.2g,12347245,IN C&C : Barone,CHOCOLATE,F&B,384.0,9.1,7.68,25.988,12618574
12310893,NESTLE BAR ONE Ctln 16(18x44g) IN,NESTLE BAR ONE Rs.20 40g,12364915,IN C&C : Barone,CHOCOLATE,F&B,288.0,14.01,12.672,25.351,12310893
12315163,NESTLE BAR ONE Ctln 12(15x44g) IN,NESTLE BAR ONE Rs.20 40g,12364915,IN C&C : Barone,CHOCOLATE,F&B,180.0,9.69,7.92,20.089,12315163
12345046,NESTLE BAR ONE Ctln Coff 12(15x40g) IN,NESTLE BAR ONE Rs.20 40g,12364915,IN C&C : Barone,CHOCOLATE,F&B,180.0,8.762,7.2,23.795,12345046
12364915,NESTLE BAR ONE Ctln Coff 12(15x40g)N1 IN,NESTLE BAR ONE Rs.20 40g,12364915,IN C&C : Barone,CHOCOLATE,F&B,180.0,8.7,7.2,23.795,12364915
12377590,NESTLE BAR ONE Ctln 12((14+1)x40g) N2 IN,NESTLE BAR ONE Rs.20 40g,12364915,IN C&C : Barone,CHOCOLATE,F&B,180.0,9.18,7.2,23.795,12377590
12397291,NESTLE BAR ONE Double Ctln 12(15x40g) IN,NESTLE BAR ONE Rs.20 40g,12364915,IN C&C : Barone,CHOCOLATE,F&B,180.0,9.02,7.2,23.795,12397291
12403475,BAR ONE Double Ctln12(15x40g) PR Bike IN,NESTLE BAR ONE Rs.20 40g,12364915,IN C&C : Barone,CHOCOLATE,F&B,180.0,8.8,7.2,23.795,12403475
12427178,NESTLE BAR ONE Dbl Ctln 12(15x40g) N1 IN,NESTLE BAR ONE Rs.20 40g,12364915,IN C&C : Barone,CHOCOLATE,F&B,180.0,8.7,7.2,23.201,12427178
12446003,NESTLE BAR ONE Double 12(15x40g) IN,NESTLE BAR ONE Rs.20 40g,12364915,IN C&C : Barone,CHOCOLATE,F&B,180.0,8.68,7.2,23.795,12446003
12496386,NESTLE BAR ONE Double 12(15x38g) IN,NESTLE BAR ONE Rs.20 40g,12364915,IN C&C : Barone,CHOCOLATE,F&B,180.0,8.29,6.84,23.795,12496386
12166686,BAR ONE Countline Dspl 16(30x14g) IN,NESTLE BAR ONE Rs.5 13.2g,12347246,IN C&C : Barone,CHOCOLATE,F&B,480.0,11.1,6.72,30.219,12166686
12177623,BAR ONE Ctln 72(6x14g) PR 14gFr N1 IN,NESTLE BAR ONE Rs.5 13.2g,12347246,IN C&C : Barone,CHOCOLATE,F&B,72.0,7.6,6.048,40.829,12177623
12181341,BAR ONE Ctln 72(6x14g) PR 14g Fr IN,NESTLE BAR ONE Rs.5 13.2g,12347246,IN C&C : Barone,CHOCOLATE,F&B,72.0,9.6,6.048,40.829,12181341
12204797,NESTLE BARONE Ctln 24(30x14g) N1 IN,NESTLE BAR ONE Rs.5 13.2g,12347246,IN C&C : Barone,CHOCOLATE,F&B,720.0,12.5,10.08,35.463,12204797
12212964,BAR ONE 24(30x14g) PR 3Units Free IN,NESTLE BAR ONE Rs.5 13.2g,12347246,IN C&C : Barone,CHOCOLATE,F&B,720.0,12.8,10.08,35.463,12212964
12212966,NESTLE BAR ONE Ctln 24(30x13g) IN,NESTLE BAR ONE Rs.5 13.2g,12347246,IN C&C : Barone,CHOCOLATE,F&B,720.0,12.05,9.36,36.936,12212966
12240039,NESTLE BARONE Ctln 24(30x12g) IN,NESTLE BAR ONE Rs.5 13.2g,12347246,IN C&C : Barone,CHOCOLATE,F&B,720.0,11.2,8.64,34.181,12240039
12292593,NESTLE BAR ONE Ctln 24(30x15g) IN,NESTLE BAR ONE Rs.5 13.2g,12347246,IN C&C : Barone,CHOCOLATE,F&B,720.0,13.6,10.8,34.181,12292593
12299731,NESTLE BARONE Ctln 24(30x12g) N1 IN,NESTLE BAR ONE Rs.5 13.2g,12347246,IN C&C : Barone,CHOCOLATE,F&B,720.0,10.6,8.64,35.463,12299731
12318370,NESTLE BAR ONE 24(30x12g) N1 PR 1U Fr IN,NESTLE BAR ONE Rs.5 13.2g,12347246,IN C&C : Barone,CHOCOLATE,F&B,720.0,10.63,8.64,35.463,12318370
12347246,NESTLE BAR ONE Ctln 24(30x13.2g) IN,NESTLE BAR ONE Rs.5 13.2g,12347246,IN C&C : Barone,CHOCOLATE,F&B,720.0,11.06,9.504,34.293,12347246
12427010,NESTLE BAR ONE Ctln 24(30x13.2g) N1 IN,NESTLE BAR ONE Rs.5 13.2g,12347246,IN C&C : Barone,CHOCOLATE,F&B,720.0,12.8,9.504,34.217,12427010
12438477,NESTLE BAR ONE Ctln24(30x16.8g)PR 40% IN,NESTLE BAR ONE Rs.5 13.2g,12347246,IN C&C : Barone,CHOCOLATE,F&B,720.0,14.46,12.096,34.168,12438477
12447638,NESTLE BAR ONE Ctln 24(30x12g) N1 IN,NESTLE BAR ONE Rs.5 13.2g,12347246,IN C&C : Barone,CHOCOLATE,F&B,720.0,12.8,8.64,34.168,12447638
12459880,NESTLE BAR ONE Ctln 24(30x12g) N2 IN,NESTLE BAR ONE Rs.5 13.2g,12347246,IN C&C : Barone,CHOCOLATE,F&B,720.0,12.8,8.64,34.168,12459880
12475669,NESTLE BAR ONE 24(30x15g) PR 25%Extra IN,NESTLE BAR ONE Rs.5 13.2g,12347246,IN C&C : Barone,CHOCOLATE,F&B,720.0,12.86,10.8,34.168,12475669
12504644,NESTLE BAR ONE Ctln 24((28+2)x12g) IN,NESTLE BAR ONE Rs.5 13.2g,12347246,IN C&C : Barone,CHOCOLATE,F&B,720.0,10.79,8.64,34.168,12504644
12510914,NESTLE BAR ONE 24(30x13.8g)PR15%Extra IN,NESTLE BAR ONE Rs.5 13.2g,12347246,IN C&C : Barone,CHOCOLATE,F&B,720.0,11.9,9.936,34.168,12510914
12594731,NESTLE Bar One 24((29+1)x15g)PR 25% X IN,NESTLE BAR ONE Rs.5 13.2g,12347246,IN C&C : Barone,CHOCOLATE,F&B,720.0,12.864,10.8,34.168,12594731
12618573,NESTLE Bar One 24(30x12g) New Recipe IN,NESTLE BAR ONE Rs.5 13.2g,12347246,IN C&C : Barone,CHOCOLATE,F&B,720.0,10.503,8.64,33.32,12618573
12377529,NESTLE BAR ONE Value Pk12(9(4x24.2g)) IN,NESTLE BAR ONE Value PK12 24.2g,12377529,IN C&C : Barone,CHOCOLATE,F&B,108.0,13.1,10.454,57.503,12377529
12257336,CARAMEL ECLS Jar 15(320*3.4g) IN,NESTLE Caramel Eclairs Jar 230X3.4g,12311003,IN C&C : Eclairs Value added,CONFECTIONARY,F&B,15.0,20.0,16.32,71.549,12257336
12281481,CARAMEL ECLR Jar 15(230*3.4g) PR 5Unt IN,NESTLE Caramel Eclairs Jar 230X3.4g,12311003,IN C&C : Eclairs Value added,CONFECTIONARY,F&B,15.0,14.5,11.73,48.291,12281481
12311003,CARAMEL ECLAIR Jar 15(230X3.4g) N1 IN,NESTLE Caramel Eclairs Jar 230X3.4g,12311003,IN C&C : Eclairs Value added,CONFECTIONARY,F&B,15.0,14.3,11.73,47.344,12311003
12224430,CARAMEL ECLAIRS pbg 30(100x3.8g) IN,NESTLE Caramel Eclairs Polybag 100X3.4g,12311004,IN C&C : Eclairs Value added,CONFECTIONARY,F&B,30.0,13.0,11.4,39.359,12224430
12226252,CARAMEL ECLS pbg 36(100x3.8g)PR Munch IN,NESTLE Caramel Eclairs Polybag 100X3.4g,12311004,IN C&C : Eclairs Value added,CONFECTIONARY,F&B,36.0,16.0,13.68,51.408,12226252
12240326,CARAMEL Eclairs Pbg 30(100X3.4g) IN,NESTLE Caramel Eclairs Polybag 100X3.4g,12311004,IN C&C : Eclairs Value added,CONFECTIONARY,F&B,30.0,12.1,10.2,35.438,12240326
12253894,CARAMEL ECLR 36(100X3.4g) PR Maggi IN,NESTLE Caramel Eclairs Polybag 100X3.4g,12311004,IN C&C : Eclairs Value added,CONFECTIONARY,F&B,36.0,14.4,12.24,38.363,12253894
12274475,CARAMEL ECLR 36(100X3.4g) PR KK2F IN,NESTLE Caramel Eclairs Polybag 100X3.4g,12311004,IN C&C : Eclairs Value added,CONFECTIONARY,F&B,36.0,14.4,12.24,38.363,12274475
12283163,CARAMEL ECLR 28(100X3.4g) PR MUNCH IN,NESTLE Caramel Eclairs Polybag 100X3.4g,12311004,IN C&C : Eclairs Value added,CONFECTIONARY,F&B,28.0,10.8,9.52,32.225,12283163
12306247,CARAMEL ECLR 24(100X3.4g) PR Bar One IN,NESTLE Caramel Eclairs Polybag 100X3.4g,12311004,IN C&C : Eclairs Value added,CONFECTIONARY,F&B,24.0,9.27,8.16,26.933,12306247
12311004,CARAMEL ECLAIR Pbg 30(100X3.4g) N1 IN,NESTLE Caramel Eclairs Polybag 100X3.4g,12311004,IN C&C : Eclairs Value added,CONFECTIONARY,F&B,30.0,12.1,10.2,35.213,12311004
12316928,NESTLE CEREGROW BIB 24x300g IN,NESTLE Ceregrow BIB 300g,12316928,IN NSB : CEREGROW,INFANT NUTRITION,NN,24.0,9.7,7.2,43.36,12316928
12351625,NESTLE CEREGROW BIB 24x300g N2 IN,NESTLE Ceregrow BIB 300g,12316928,IN NSB : CEREGROW,INFANT NUTRITION,NN,24.0,9.7,7.2,43.78,12351625
12412099,NESTLE CEREGROW BIB 24x300g IN,NESTLE Ceregrow BIB 300g,12316928,IN NSB : CEREGROW,INFANT NUTRITION,NN,24.0,9.7,7.2,41.743,12412099
12415789,CEREGROW BIB 8x300g PR Bowl Free IN,NESTLE Ceregrow BIB 300g,12316928,IN NSB : CEREGROW,INFANT NUTRITION,NN,8.0,5.05,2.4,40.858,12415789
12453206,NESTLE CEREGROW BIB 24x300g N1 IN,NESTLE Ceregrow BIB 300g,12316928,IN NSB : CEREGROW,INFANT NUTRITION,NN,24.0,9.631,7.2,41.386,12453206
12471179,NESTLE CEREGROW BIB24x300gPR 30Rs Off IN,NESTLE Ceregrow BIB 300g,12316928,IN NSB : CEREGROW,INFANT NUTRITION,NN,24.0,9.631,7.2,41.386,12471179
12458515,NESTLE CEREGROW BIB 24x300g N3 IN,NESTLE Ceregrow BIB 300g,12316928,IN NSB : CEREGROW,INFANT NUTRITION,NN,24.0,9.508,7.2,41.386,12458515
12494365,CEREGROW BIB 8x300g PR Steel Bowl Fr IN,NESTLE Ceregrow BIB 300g,12316928,IN NSB : CEREGROW,INFANT NUTRITION,NN,8.0,5.2,2.4,38.635,12494365
12511561,NESTLE CEREGROW BIB 24x300g Novo IN,NESTLE Ceregrow BIB 300g,12316928,IN NSB : CEREGROW,INFANT NUTRITION,NN,24.0,9.508,7.2,41.386,12511561
12524133,NESTLE CEREGROW 24x300g PR Amazon IN,NESTLE Ceregrow BIB 300g,12316928,IN NSB : CEREGROW,INFANT NUTRITION,NN,24.0,9.5,7.2,41.386,12524133
12534144,NESTLE CEREGROW BIB 24x300g N4 IN,NESTLE Ceregrow BIB 300g,12316928,IN NSB : CEREGROW,INFANT NUTRITION,NN,24.0,9.5,7.2,41.386,12534144
12570975,NESTLE CEREGROW BIB 24x300g N5 IN,NESTLE Ceregrow BIB 300g,12316928,IN NSB : CEREGROW,INFANT NUTRITION,NN,24.0,9.508,7.2,41.386,12570975
12585168,NESTLE CEREGROW 24x300g PR 10% Off IN,NESTLE Ceregrow BIB 300g,12316928,IN NSB : CEREGROW,INFANT NUTRITION,NN,24.0,9.508,7.2,41.386,12585168
12530786,CEREGROW BIB 24x300g PR Bowl Free IN,NESTLE Ceregrow BIB 300g,12316928,IN NSB : CEREGROW,INFANT NUTRITION,NN,24.0,9.5,7.2,41.386,12530786
12599993,CEREGROW BIB 8x300g PR Bowl Fr IN,NESTLE Ceregrow BIB 300g,12316928,IN NSB : CEREGROW,INFANT NUTRITION,NN,8.0,5.148,2.4,32.38,12599993
12612460,NESTLE CEREGROW BIB 24x350g PR IN,NESTLE Ceregrow BIB 300g,12316928,IN NSB : CEREGROW,INFANT NUTRITION,NN,24.0,10.815,8.4,46.243,12612460
12611557,NESTLE CEREGROW BIB 24x300g N7 WS IN,NESTLE Ceregrow BIB 300g,12316928,IN NSB : CEREGROW,INFANT NUTRITION,NN,24.0,9.221,7.2,41.386,12611557
12610424,AANESTLE CEREGROW_ZS BIB 24x300g N7 IN,NESTLE Ceregrow BIB 300g -ZS,12316928,IN NSB : CEREGROW,INFANT NUTRITION,NN,24.0,9.508,7.2,41.386,12610424
12612184,NESTLE CEREGROW ZS BIB 24x300g N7 IN,NESTLE Ceregrow BIB 300g -ZS,12316928,IN NSB : CEREGROW,INFANT NUTRITION,NN,24.0,9.452,7.2,41.386,12612184
12510426,NESTLE CEREGROW Doctor Sample 48x50g IN,NESTLE CEREGROW Doctor Sample 48x50g IN,12510426,IN NSB : CEREGROW,INFANT NUTRITION,NN,48.0,3.5,2.4,27.894,12510426
12560511,NESTLE CEREGROW Sample 48x50g MRP IN,NESTLE CEREGROW Doctor Sample 48x50g IN,12510426,IN NSB : CEREGROW,INFANT NUTRITION,NN,48.0,3.5,2.4,27.894,12560511
12575807,CEREGROW Sample Pack 48x50g N2 IN,NESTLE CEREGROW Doctor Sample 48x50g IN,12510426,IN NSB : CEREGROW,INFANT NUTRITION,NN,48.0,3.5,2.4,27.894,12575807
12481718,NESTLE CEREGROW Multipack 9(12x50g) IN,NESTLE CEREGROW Multipack 50g,12481718,IN NSB : CEREGROW,INFANT NUTRITION,NN,9.0,7.0,5.4,60.9,12481718
12498574,NESTLE CEREGROW Multipack 9(12x50g)N1 IN,NESTLE CEREGROW Multipack 50g,12481718,IN NSB : CEREGROW,INFANT NUTRITION,NN,9.0,7.0,5.4,60.9,12498574
12511562,CEREGROW Multipack 9(12x50g) Novo IN,NESTLE CEREGROW Multipack 50g,12481718,IN NSB : CEREGROW,INFANT NUTRITION,NN,9.0,7.0,5.4,60.9,12511562
12534103,NESTLE CEREGROW Multipack 10(12x50g) IN,NESTLE CEREGROW Multipack 50g,12481718,IN NSB : CEREGROW,INFANT NUTRITION,NN,10.0,8.7,6.0,53.802,12534103
12578269,CEREGROW Multipack 10(12x50g)RDA IN,NESTLE CEREGROW Multipack 50g,12481718,IN NSB : CEREGROW,INFANT NUTRITION,NN,10.0,8.7,6.0,53.802,12578269
12350422,NESTLE CEREGROW NutriBan Orange 12x50gIN,NESTLE Ceregrow NutriBan Orange 50g,12350422,IN NSB : CEREGROW Nutripuffs,INFANT NUTRITION,NN,12.0,1230.0,600.0,28.222,12350422
12350423,NESTLE CEREGROW Nutri Ban Strw 12x50g IN,NESTLE Ceregrow NutriBan Strawberry 50g,12350423,IN NSB : CEREGROW Nutripuffs,INFANT NUTRITION,NN,12.0,1230.0,600.0,28.222,12350423
12526940,CEREGROW Grain Selection Ragi 24x300g IN,NESTLE Ceregrow Ragi BIB 300g,12526940,IN NSB : CEREGROW,INFANT NUTRITION,NN,24.0,9.508,7.2,41.386,12526940
12454206,NESTLE CEREGROW Sachet 48x50g N1 IN,NESTLE CEREGROW Doctor Sample 48x50g IN,12510426,IN NSB : CEREGROW,INFANT NUTRITION,NN,48.0,3.5,2.4,27.894,12454206
12498569,NESTLE CEREGROW Sachet 48x50g N2 IN,NESTLE CEREGROW Doctor Sample 48x50g IN,12510426,IN NSB : CEREGROW,INFANT NUTRITION,NN,48.0,3.5,2.4,27.894,12498569
12512866,NESTLE CEREGROW Sachet 48x50g Novo IN,NESTLE CEREGROW Doctor Sample 48x50g IN,12510426,IN NSB : CEREGROW,INFANT NUTRITION,NN,48.0,3.5,2.4,27.894,12512866
12512870,NESTLE CEREGROW Market Sample 48x50g IN,NESTLE CEREGROW Doctor Sample 48x50g IN,12510426,IN NSB : CEREGROW,INFANT NUTRITION,NN,48.0,3.5,2.4,27.894,12512870
12534145,NESTLE CEREGROW Sample 48x50g IN,NESTLE CEREGROW Doctor Sample 48x50g IN,12510426,IN NSB : CEREGROW,INFANT NUTRITION,NN,48.0,3.5,2.4,27.894,12534145
12484305,NESTLE CEREGROW Small Pack 24x100g IN,NESTLE CEREGROW Small Pack 100g,12484305,IN NSB : CEREGROW,INFANT NUTRITION,NN,24.0,4.65,2.4,33.904,12484305
12511571,NESTLE CEREGROW Small 24x100g Novo IN,NESTLE CEREGROW Small Pack 100g,12484305,IN NSB : CEREGROW,INFANT NUTRITION,NN,24.0,4.65,2.4,33.904,12511571
12396089,NESTLE CHOCO VIENNOIS 24X500g IN,NESTLE Choco Viennois 500g FS,12396089,IN C&B : Nesquik - FS,NP,NP,24.0,12.9,12.0,35.314,12396089
12604716,NESTLE Classic 24((18+9)x15g) FrW 15g IN,NESTLE Classic 24((18+9)x15g) FrW 15g IN,12604716,IN C&C : Nestle Milk Chocolate,CHOCOLATE,F&B,648.0,12.069,9.72,33.734,12604716
12441751,NESTLE Classic Berry 24(24x18g) IN,NESTLE Classic Berry 18g,12441751,IN C&C : Nestle Milk Chocolate,CHOCOLATE,F&B,576.0,12.2,10.368,29.952,12441751
12396193,NESTLE Classic Berry 16(18x34g) IN,NESTLE Classic Berry 34g,12396193,IN C&C : Nestle Milk Chocolate,CHOCOLATE,F&B,288.0,13.5,9.792,23.339,12396193
12605720,NESTLE Classic 10(6x150g) IN,NESTLE Classic Chocolate 150g,12605720,IN C&C : Nestle Milk Chocolate,CHOCOLATE,F&B,60.0,11.413,9.0,24.188,12605720
12043714,NESTLE PREMIUM Milk Choc 24(24x25g) IN,NESTLE Classic Chocolate 18g,12240009,IN C&C : Nestle Milk Chocolate,CHOCOLATE,F&B,576.0,18.5,14.4,30.03,12043714
12132222,NESTLE Milk Chocolate 24(24x22g) IN,NESTLE Classic Chocolate 18g,12240009,IN C&C : Nestle Milk Chocolate,CHOCOLATE,F&B,576.0,16.7,12.672,31.02,12132222
12155849,NESTLE Milk Chocolate 24(24x21g) IN,NESTLE Classic Chocolate 18g,12240009,IN C&C : Nestle Milk Chocolate,CHOCOLATE,F&B,576.0,16.9,12.096,30.36,12155849
12240009,NESTLE Classic 24(24x18g) IN,NESTLE Classic Chocolate 18g,12240009,IN C&C : Nestle Milk Chocolate,CHOCOLATE,F&B,576.0,12.5,10.368,29.952,12240009
12309598,NESTLE Classic 24(24x19.8g)PR10%extra IN,NESTLE Classic Chocolate 18g,12240009,IN C&C : Nestle Milk Chocolate,CHOCOLATE,F&B,576.0,13.77,11.405,29.952,12309598
12368377,NESTLE Classic 24(24x19.8g) 10% Extra IN,NESTLE Classic Chocolate 18g,12240009,IN C&C : Nestle Milk Chocolate,CHOCOLATE,F&B,576.0,13.5,11.405,29.952,12368377
12448564,NESTLE Classic 24(24x18g) N1 IN,NESTLE Classic Chocolate 18g,12240009,IN C&C : Nestle Milk Chocolate,CHOCOLATE,F&B,576.0,12.838,10.368,29.952,12448564
12476587,NESTLE Classic 24(24x18g) PR Choo Fr IN,NESTLE Classic Chocolate 18g,12240009,IN C&C : Nestle Milk Chocolate,CHOCOLATE,F&B,576.0,12.47,10.368,29.952,12476587
12482208,NESTLE Classic 12(50x18g) PR 2U Fr IN,NESTLE Classic Chocolate 18g,12240009,IN C&C : Nestle Milk Chocolate,CHOCOLATE,F&B,600.0,12.63,10.8,29.952,12482208
12539861,NESTLE Classic 24(28x18g) IN,NESTLE Classic Chocolate 18g,12240009,IN C&C : Nestle Milk Chocolate,CHOCOLATE,F&B,672.0,14.8,12.096,34.944,12539861
12566807,NESTLE CLASSIC 24(28x15g) IN,NESTLE Classic Chocolate 18g,12240009,IN C&C : Nestle Milk Chocolate,CHOCOLATE,F&B,672.0,12.92,10.08,34.944,12566807
12572675,NESTLE Classic 12((48+2)x15g) IN,NESTLE Classic Chocolate 18g,12240009,IN C&C : Nestle Milk Chocolate,CHOCOLATE,F&B,450.0,11.0,9.0,25.718,12572675
12576309,NESTLE CLASSIC 24(24x16.5g)10% X IN,NESTLE Classic Chocolate 18g,12240009,IN C&C : Nestle Milk Chocolate,CHOCOLATE,F&B,576.0,11.81,9.504,29.952,12576309
12602426,NESTLE Classic 24((18+9)x15g)PR B2G1 IN,NESTLE Classic Chocolate 18g,12240009,IN C&C : Nestle Milk Chocolate,CHOCOLATE,F&B,648.0,12.22,9.72,33.734,12602426
12598670,NESTLE Classic 24(24x18g)PR 20% Extra IN,NESTLE Classic Chocolate 18g,12240009,IN C&C : Nestle Milk Chocolate,CHOCOLATE,F&B,576.0,12.95,10.368,29.952,12598670
12604554,NESTLE Classic 16((46+2)x15g) IN,NESTLE Classic Chocolate 18g,12240009,IN C&C : Nestle Milk Chocolate,CHOCOLATE,F&B,768.0,13.356,11.52,47.414,12604554
12143386,NESTLE Milk Chocolate 30(12x40g) IN,NESTLE Classic Chocolate 34g,12368378,IN C&C : Nestle Milk Chocolate,CHOCOLATE,F&B,360.0,16.7,14.4,29.722,12143386
12180965,NESTLE Milk Chocolate 28(12x36g) IN,NESTLE Classic Chocolate 34g,12368378,IN C&C : Nestle Milk Chocolate,CHOCOLATE,F&B,336.0,15.0,12.096,36.472,12180965
12246842,NESTLE Classic 16(18x36g) IN,NESTLE Classic Chocolate 34g,12368378,IN C&C : Nestle Milk Chocolate,CHOCOLATE,F&B,288.0,12.06,10.368,24.354,12246842
12308171,NESTLE Classic 16(18x39.6g)PR10%extra IN,NESTLE Classic Chocolate 34g,12368378,IN C&C : Nestle Milk Chocolate,CHOCOLATE,F&B,288.0,12.06,11.405,24.354,12308171
12334904,NESTLE Classic 16(18x34g) IN,NESTLE Classic Chocolate 34g,12368378,IN C&C : Nestle Milk Chocolate,CHOCOLATE,F&B,288.0,12.2,9.792,24.354,12334904
12346114,NESTLE Classic 16(18x37.4g)PR10%extra IN,NESTLE Classic Chocolate 34g,12368378,IN C&C : Nestle Milk Chocolate,CHOCOLATE,F&B,288.0,12.734,10.771,24.354,12346114
12367618,NESTLE Classic 16(21x37.4g) 10%ext 1U IN,NESTLE Classic Chocolate 34g,12368378,IN C&C : Nestle Milk Chocolate,CHOCOLATE,F&B,336.0,14.6,12.566,31.457,12367618
12368378,NESTLE Classic 16(18x37.4g) 10% Extra IN,NESTLE Classic Chocolate 34g,12368378,IN C&C : Nestle Milk Chocolate,CHOCOLATE,F&B,288.0,12.69,10.771,26.384,12368378
12412308,NESTLE Classic 12((20+1)x37.4g) PR 1U IN,NESTLE Classic Chocolate 34g,12368378,IN C&C : Nestle Milk Chocolate,CHOCOLATE,F&B,252.0,11.0,9.425,23.339,12412308
12449246,NESTLE Classic 16(18x34g) N1 IN,NESTLE Classic Chocolate 34g,12368378,IN C&C : Nestle Milk Chocolate,CHOCOLATE,F&B,288.0,11.82,9.792,24.354,12449246
12503592,NESTLE Classic 16(18x37.4g)PR 10% X IN,NESTLE Classic Chocolate 34g,12368378,IN C&C : Nestle Milk Chocolate,CHOCOLATE,F&B,288.0,12.53,10.771,26.384,12503592
12517484,NESTLE Classic 16(21x34g) N1 IN,NESTLE Classic Chocolate 34g,12368378,IN C&C : Nestle Milk Chocolate,CHOCOLATE,F&B,336.0,13.61,11.424,24.354,12517484
12566808,NESTLE Classic 16(21x30g) IN,NESTLE Classic Chocolate 34g,12368378,IN C&C : Nestle Milk Chocolate,CHOCOLATE,F&B,336.0,12.22,10.08,30.443,12566808
12584829,NESTLE Classic 16(21x33g)PR10% Extra IN,NESTLE Classic Chocolate 34g,12368378,IN C&C : Nestle Milk Chocolate,CHOCOLATE,F&B,336.0,12.536,11.088,29.935,12584829
12598671,NESTLE Classic 16(21x34.5g)PR15%Extra IN,NESTLE Classic Chocolate 34g,12368378,IN C&C : Nestle Milk Chocolate,CHOCOLATE,F&B,336.0,13.51,11.592,30.443,12598671
12369325,NESTLE Classic Container 16(40x19.8g) IN,NESTLE Classic Chocolate Jar 19.8g,12369325,IN C&C : Nestle Milk Chocolate,CHOCOLATE,F&B,640.0,16.6,12.672,54.896,12369325
12596608,NESTLE Classic Fruit N Nut 12(12x65g) IN,NESTLE Classic Fruit N Nut 65g,12596608,IN C&C : Nestle Milk Chocolate,CHOCOLATE,F&B,144.0,11.336,9.36,22.508,12596608
12482216,NESTLE Classic Pouch 48(10x18g) IN,NESTLE Classic Pouch 18g,12482216,IN C&C : Nestle Milk Chocolate,CHOCOLATE,F&B,48.0,9.91,8.64,56.32,12482216
12517664,NESTLE Classic Pouch 48(10x18g) N1 IN,NESTLE Classic Pouch 18g,12482216,IN C&C : Nestle Milk Chocolate,CHOCOLATE,F&B,48.0,10.54,8.64,56.32,12517664
12566809,NESTLE Classic Pouch 48(8x15g) IN,NESTLE Classic Pouch 18g,12482216,IN C&C : Nestle Milk Chocolate,CHOCOLATE,F&B,48.0,7.7,5.76,56.32,12566809
12484306,NESTLE a+ Dahi 12x800g IN,NESTLE Dahi 800g,12484306,IN FD : Curds,DAIRY,F&B,12.0,10.9,9.6,30.6,12484306
12337241,CHOCO CRML ECLR Jar15(170x3.4g)PR 10U IN,NESTLE Eclairs Choco Jar 3.2g,12360722,IN C&C : Eclairs Value added,CONFECTIONARY,F&B,15.0,11.1,8.67,40.768,12337241
12360722,NESTLE CHOCO ECLR Jar 15(170x3.2g) IN,NESTLE Eclairs Choco Jar 3.2g,12360722,IN C&C : Eclairs Value added,CONFECTIONARY,F&B,15.0,10.6,8.16,40.768,12360722
12095578,NESTLE Eclair Choc Jar 4(692x4.75g) IN,NESTLE Eclairs Choco Jar 3Kg,12095578,IN C&C : Eclairs Value added,CONFECTIONARY,F&B,4.0,15.3,13.12,51.984,12095578
12125271,NESTLE Eclair Choc Jar 4(692x4.5g) IN,NESTLE Eclairs Choco Jar 3Kg,12095578,IN C&C : Eclairs Value added,CONFECTIONARY,F&B,4.0,15.4,12.4,44.064,12125271
12153804,NESTLE Eclairs Choc Jar 4(692x4.3g) IN,NESTLE Eclairs Choco Jar 3Kg,12095578,IN C&C : Eclairs Value added,CONFECTIONARY,F&B,4.0,13.8,11.92,47.915,12153804
12337913,CHOCO CRAMEL ECLR Pbg 30(100X3.4g) N2 IN,NESTLE Eclairs Choco Polybag 3.2g,12360732,IN C&C : Eclairs Value added,CONFECTIONARY,F&B,30.0,11.7,10.2,34.178,12337913
12360732,NESTLE CHOCO ECLR Pbg 30(100X3.2g) IN,NESTLE Eclairs Choco Polybag 3.2g,12360732,IN C&C : Eclairs Value added,CONFECTIONARY,F&B,30.0,11.1,9.6,34.178,12360732
12371666,CHOCO ECLR Pbg 30(100X3.2g)PR Bar one IN,NESTLE Eclairs Choco Polybag 3.2g,12360732,IN C&C : Eclairs Value added,CONFECTIONARY,F&B,30.0,11.1,9.6,34.178,12371666
11340602,NESTLE Eclairs Ploybag 36x410g IN,NESTLE Eclairs Polybag 300g,12240331,IN C&C : Eclairs Regular,CONFECTIONARY,F&B,,,,,11340602
12072806,NESTLE Eclairs Polybag 30x421.2 g N2 IN,NESTLE Eclairs Polybag 300g,12240331,IN C&C : Eclairs Regular,CONFECTIONARY,F&B,30.0,14.3,12.636,32.888,12072806
12152373,NESTLE Eclairs Polybag 30(120x3.21g) IN,NESTLE Eclairs Polybag 300g,12240331,IN C&C : Eclairs Regular,CONFECTIONARY,F&B,30.0,13.0,11.556,34.44,12152373
12152374,NESTLE Eclairs Polybag 36(100x3.21g) IN,NESTLE Eclairs Polybag 300g,12240331,IN C&C : Eclairs Regular,CONFECTIONARY,F&B,36.0,13.0,11.556,31.775,12152374
12162638,NESTLE Eclairs Polybag 30(120x3g) IN,NESTLE Eclairs Polybag 300g,12240331,IN C&C : Eclairs Regular,CONFECTIONARY,F&B,30.0,12.4,10.8,34.44,12162638
12177040,NESTLE Eclairs Polybag 30(120x2.6g) IN,NESTLE Eclairs Polybag 300g,12240331,IN C&C : Eclairs Regular,CONFECTIONARY,F&B,30.0,12.0,9.36,34.44,12177040
12187539,NESTLE Eclairs Polybag 36(100x3g) IN,NESTLE Eclairs Polybag 300g,12240331,IN C&C : Eclairs Regular,CONFECTIONARY,F&B,36.0,12.4,10.8,34.44,12187539
12240331,NESTLE ECLS Pbg 30(120X2.4g) IN,NESTLE Eclairs Polybag 300g,12240331,IN C&C : Eclairs Regular,CONFECTIONARY,F&B,30.0,11.0,8.64,41.482,12240331
12334905,NESTLE ECLAIRS Pbg 30(100x2.4g) IN,NESTLE Eclairs Polybag 300g,12240331,IN C&C : Eclairs Regular,CONFECTIONARY,F&B,30.0,8.6,7.2,30.853,12334905
12425302,NESTLE Festive Creations 60x112.1g IN,NESTLE Festive Creations 112.1g,12425302,IN C&C : Chocolate Gift packs,CHOCOLATE,F&B,60.0,11.5,6.726,69.274,12425302
12535466,NESTLE Festive Creations 32x123.4g IN,NESTLE Festive Creations 118.2g,12535466,IN C&C : Chocolate Gift packs,CHOCOLATE,F&B,32.0,7.2,3.949,98.164,12535466
12379651,NESTLE Festive Creations 60x127g IN,NESTLE Festive Creations 127g,12379651,IN C&C : Chocolate Gift packs,CHOCOLATE,F&B,60.0,12.5,7.62,69.274,12379651
12379639,NESTLE Festive Creations 60x141.2g IN,NESTLE Festive Creations 141.2g,12379639,IN C&C : Chocolate Gift packs,CHOCOLATE,F&B,60.0,14.4,8.472,84.825,12379639
12489762,NESTLE Festive Creations 60x149.7g IN,NESTLE Festive Creations 141.2g,12379639,IN C&C : Chocolate Gift packs,CHOCOLATE,F&B,60.0,13.85,8.982,84.825,12489762
12496697,NESTLE Festive Creations 60x148.3g IN,NESTLE Festive Creations 141.2g,12379639,IN C&C : Chocolate Gift packs,CHOCOLATE,F&B,60.0,13.85,8.898,84.825,12496697
12423799,NESTLE Festive Creations 60x152.9g IN,NESTLE Festive Creations 152.9g,12423799,IN C&C : Chocolate Gift packs,CHOCOLATE,F&B,60.0,15.06,9.174,84.825,12423799
12384918,NESTLE Festive Creations 60x155.3g IN,NESTLE Festive Creations 155.3g,12384918,IN C&C : Chocolate Gift packs,CHOCOLATE,F&B,60.0,15.2,9.318,84.825,12384918
12535447,NESTLE Festive Creations 40x182.7g IN,NESTLE Festive Creations 174.9g,12535447,IN C&C : Chocolate Gift packs,CHOCOLATE,F&B,40.0,13.67,7.308,98.164,12535447
12379650,NESTLE Festive Creations 40x211.3g IN,NESTLE Festive Creations 211.3g,12379650,IN C&C : Chocolate Gift packs,CHOCOLATE,F&B,40.0,14.6,8.452,98.164,12379650
12489761,NESTLE Festive Creations 40x191.1g IN,NESTLE Festive Creations 211.3g,12379650,IN C&C : Chocolate Gift packs,CHOCOLATE,F&B,40.0,12.13,7.644,98.164,12489761
12496712,NESTLE Festive Creations 40x190.4g IN,NESTLE Festive Creations 211.3g,12379650,IN C&C : Chocolate Gift packs,CHOCOLATE,F&B,40.0,12.13,7.616,98.164,12496712
12423834,NESTLE Festive Creations 40x212.2g IN,NESTLE Festive Creations 212.2g,12423834,IN C&C : Chocolate Gift packs,CHOCOLATE,F&B,40.0,14.5,8.488,98.164,12423834
12384919,NESTLE Festive Creations 40x216.2g IN,NESTLE Festive Creations 216.2g,12384919,IN C&C : Chocolate Gift packs,CHOCOLATE,F&B,40.0,14.8,8.648,98.164,12384919
12524126,NESTLE Festive Creations 32x122.4g IN,NESTLE Festive Creations 32x122.4g IN,12524126,IN C&C : Chocolate Gift packs,CHOCOLATE,F&B,32.0,7.2,3.917,84.825,12524126
12129033,NESTLE FreshNat Dahi 40x250g PR 50g F IN,NESTLE Fresh n Nat Dahi 200g,12149069,IN FD : Curds,DAIRY,F&B,40.0,11.2,10.0,2.925,12129033
12149069,NESTLE FreshNat Dahi 50x200g IN,NESTLE Fresh n Nat Dahi 200g,12149069,IN FD : Curds,DAIRY,F&B,50.0,11.65,10.0,2.25,12149069
12322252,NESTLE Fresh Nat Dahi 40(200+50g) PR IN,NESTLE Fresh n Nat Dahi 200g,12149069,IN FD : Curds,DAIRY,F&B,40.0,11.6,10.0,30.6,12322252
12442138,NESTLE Fresh Natural Dahi 50x180g IN,NESTLE Fresh n Nat Dahi 200g,12149069,IN FD : Curds,DAIRY,F&B,50.0,10.577,9.0,30.6,12442138
12501089,NESTLE Fresh Natural Dahi 75x110g IN,NESTLE Fresh n Nat Dahi 200g,12149069,IN FD : Curds,DAIRY,F&B,75.0,10.0,8.25,30.6,12501089
12129609,NESTLE Fresh n Nat Dahi Pouch 25x400gIN,NESTLE Fresh n Nat Dahi Pouch 400g,12129609,IN FD : Curds,DAIRY,F&B,25.0,11.6,10.0,29.184,12129609
12406895,NESTLE Dahi Frh Nty 20(400+100g) PR IN,NESTLE Fresh n Nat Dahi Pouch 400g,12129609,IN FD : Curds,DAIRY,F&B,20.0,11.2,10.0,30.6,12406895
12476297,NESTLE a+ Dahi 27x350g IN,NESTLE Fresh n Nat Dahi Pouch 400g,12129609,IN FD : Dahi_Regular,DAIRY,F&B,27.0,11.2,9.45,30.6,12476297
12079058,NESTLE Fresh'n'Nat Slim Dahi 24x400g IN,NESTLE Fresh n Nat Slim Dahi 400g,12079058,IN FD : Value Added Dahi,DAIRY,F&B,24.0,10.5,9.6,25.124,12079058
12569162,NESTLE a+ Slim Dahi 24x380g IN,NESTLE Fresh n Nat Slim Dahi 400g,12079058,IN FD : Value Added Dahi,DAIRY,F&B,24.0,10.5,9.12,25.124,12569162
12583262,NESTLE a+ Slim Dahi 24x380g N1 IN,NESTLE Fresh n Nat Slim Dahi 400g,12079058,IN FD : Value Added Dahi,DAIRY,F&B,24.0,10.5,9.12,25.124,12583262
12572937,NESTLE GOLD Cnchy Flakes 18x230g New IN,NESTLE GOLD Crunchy Flakes 230g,12572937,IN CPW : Flakes,BREAKFAST CEREAL,NBC,18.0,5.412,4.14,54.72,12572937
12513399,NESTLE GOLD Crunchy Flakes 96x30g IN,NESTLE GOLD Crunchy Flakes 30g,12513399,IN CPW : Flakes,BREAKFAST CEREAL,NBC,96.0,4.0,2.88,66.432,12513399
12579961,NESTLE GOLD Crunchy Flakes 12x475g NewIN,NESPLUS Flakes Classic 500g,12579961,IN CPW : Flakes,BREAKFAST CEREAL,NBC,12.0,7.9,5.7,66.584,12579961
12498590,NESTLE GOLD Crunchy Flakes 5x850g IN,NESTLE GOLD Crunchy Flakes 850g,12498590,IN CPW : Flakes,BREAKFAST CEREAL,NBC,5.0,5.2,4.25,49.5,12498590
12530099,NESTLE GOLD Crunchy Flakes 10x850g IN,NESTLE GOLD Crunchy Flakes 850g,12498590,IN CPW : Flakes,BREAKFAST CEREAL,NBC,10.0,10.0,8.5,49.5,12530099
12572964,NESTLE GOLD Cnchy Flakes 10x850g New IN,NESTLE GOLD Crunchy Flakes 850g,12498590,IN CPW : Flakes,BREAKFAST CEREAL,NBC,10.0,10.0,8.5,74.393,12572964
11340784,NESTLE Jeera Raita Cup 24x185g N1 IN,NESTLE Jeera Raita Cup 185g,11340784,IN FD : Value Added Dahi,DAIRY,F&B,24.0,5.0,4.44,55.694,11340784
11340782,NESTLE Jeera Raita Cup 12x380g N1 IN,NESTLE Jeera Raita Cup 380g,11340782,IN FD : Value Added Dahi,DAIRY,F&B,12.0,5.2,4.56,46.791,11340782
12383882,NESTLE a+ Raita Bhuna Jeera 24x380g IN,NESTLE Jeera Raita Cup 380g,11340782,IN FD : Value Added Dahi,DAIRY,F&B,24.0,10.4,9.12,24.966,12383882
12449544,NESTLE LACTOGROW BIB 24x400g IN,NESTLE LACTOGROW BIB 400g,12449544,IN NSB : LACTOGROW,INFANT NUTRITION,NN,24.0,11.7,9.6,43.329,12449544
12497644,LACTOGROW 24x400g INAEFB012 PR 50 Off IN,NESTLE LACTOGROW BIB 400g,12449544,IN NSB : LACTOGROW,INFANT NUTRITION,NN,24.0,11.8,9.6,43.329,12497644
12517954,LACTOGROW BIB16x400g INAEFB012PR Book IN,NESTLE LACTOGROW BIB 400g,12449544,IN NSB : LACTOGROW,INFANT NUTRITION,NN,16.0,11.4,6.4,43.329,12517954
12537975,NESTLE LACTOGROW BIB24x400g INJEFB139 IN,NESTLE LACTOGROW BIB 400g,12449544,IN NSB : LACTOGROW,INFANT NUTRITION,NN,24.0,11.8,9.6,43.329,12537975
12561850,NESTLE LACTOGROW BIB24x400gINJEFB139-1IN,NESTLE LACTOGROW BIB 400g,12449544,IN NSB : LACTOGROW,INFANT NUTRITION,NN,24.0,11.6,9.6,43.329,12561850
12568652,LACTOGROW BIB 16x400gPR Book JEFB139-1IN,NESTLE LACTOGROW BIB 400g,12449544,IN NSB : LACTOGROW,INFANT NUTRITION,NN,16.0,10.87,6.4,43.263,12568652
12598040,LACTOGROW BIB 16x400 PR Kitted IN,NESTLE LACTOGROW BIB 400g,12449544,IN NSB : LACTOGROW,INFANT NUTRITION,NN,16.0,10.87,6.4,43.263,12598040
12449938,NESTLE LACTOGROW Sachet 112x33.5g IN,NESTLE LACTOGROW Sachet 112x33.5g IN,12449938,IN NSB : LACTOGROW,INFANT NUTRITION,NN,112.0,5.1,3.752,33.871,12449938
12521346,LACTOGROW Sac 288x33.5g INJEFB139 NFS IN,NESTLE LACTOGROW Sachet 112x33.5g IN,12449938,IN NSB : LACTOGROW,INFANT NUTRITION,NN,288.0,11.95,9.648,33.871,12521346
12525295,LACTOGROW Sac 288x33.5g INJEFB139 IN,NESTLE LACTOGROW Sachet 112x33.5g IN,12449938,IN NSB : LACTOGROW,INFANT NUTRITION,NN,288.0,11.95,9.648,33.871,12525295
12562965,LACTOGROW Sac288x33.5gINJEFB139-1 NFS IN,NESTLE LACTOGROW Sachet 112x33.5g IN,12449938,IN NSB : LACTOGROW,INFANT NUTRITION,NN,288.0,11.95,9.648,57.6,12562965
12424645,NESTLE LRDA Dark Cran Alm 15x170g IN,NESTLE LRDA Dark Cran Alm 170g,12424645,IN C&C : Lâ€™Atelier IMP,CHOCOLATE,F&B,15.0,2.78,2.55,4.299,12424645
12412974,NESTLE LRDA Milk Cran Hzn Alm 15x100g IN,NESTLE LRDA Milk Cran Hzn Alm 100g,12412974,IN C&C : Lâ€™Atelier IMP,CHOCOLATE,F&B,15.0,1.71,1.5,3.082,12412974
12424671,NESTLE LRDA Milk Rais Hzn Alm 15x170g IN,NESTLE LRDA Milk Rais Hzn Alm 170g,12424671,IN C&C : Lâ€™Atelier IMP,SI,SI,15.0,2.78,2.55,4.299,12424671
12391372,NESTLE LRDA Milk RaisinHznAlm 15x100g IN,NESTLE LRDA Milk RaisinHznAlm 100g,12391372,IN C&C : Lâ€™Atelier IMP,CHOCOLATE,F&B,15.0,1.71,1.5,3.082,12391372
12423440,NESTLE a+ Milk 12x1L NE N1 IN,NESTLE Milk Tetra Brik 1L NE,12423440,IN SSD : UHT Milk - Toned,DAIRY,F&B,12.0,13.15,12.36,14.719,12423440
12573393,NESTLE Milo Bev Mix 24x500g IN,NESTLE Milo Bev Mix 24x500g IN,12573393,IN SSD : Milo Powder -FS,NP,NP,24.0,13.0,12.0,46.894,12573393
12334040,NESTLE MILO RTD 30x180ml IN,NESTLE MILO RDT 180ML,12334040,IN SSD : MILO RTD,DAIRY,F&B,30.0,5.74,5.562,8.22,12334040
12412931,NESTLE MILO RTD 30x180ml PR Sticker IN,NESTLE MILO RDT 180ML,12334040,IN SSD : MILO RTD,DAIRY,F&B,30.0,5.74,5.4,7.937,12412931
12422874,NESTLE MILO RTD 30x180ml PR Magnet IN,NESTLE MILO RDT 180ML,12334040,IN SSD : MILO RTD,DAIRY,F&B,30.0,5.74,5.562,7.937,12422874
12423957,NESTLE MILO RTD 30x180ml NR IN,NESTLE MILO RDT 180ML,12334040,IN SSD : MILO RTD,DAIRY,F&B,30.0,6.35,5.562,7.937,12423957
12450504,NESTLE MILO RTD30x180mlPR Rs5 Off RCB IN,NESTLE MILO RDT 180ML,12334040,IN SSD : MILO RTD,DAIRY,F&B,30.0,5.74,5.562,7.937,12450504
12487265,NESTLE MILO RTD 30x180ml NR RCB IN,NESTLE MILO RDT 180ML,12334040,IN SSD : MILO RTD,DAIRY,F&B,30.0,5.74,5.562,7.937,12487265
12504478,NESTLE MILO RTD 30x180ml PR B3G1 IN,NESTLE MILO RDT 180ML,12334040,IN SSD : MILO RTD,DAIRY,F&B,30.0,5.74,5.562,7.937,12504478
12502613,NESTLE MILO RTD 30x180ml N1 IN,NESTLE MILO RDT 180ML,12334040,IN SSD : MILO RTD,DAIRY,F&B,30.0,6.35,5.562,6.926,12502613
12567336,NESTLE MILO RTD Millets 30x180ml IN,NESTLE MILO RDT 180ML,12334040,IN SSD : MILO RTD,DAIRY,F&B,30.0,6.2,5.562,7.914,12567336
12620076,NESTLE MILO RTD 30x180ml PR B3G1 N1 IN,NESTLE MILO RDT 180ML,12334040,IN SSD : MILO RTD,DAIRY,F&B,30.0,6.24,5.562,7.914,12620076
12480620,NESTLE MILO RTD 24x180ml NR FrW MAGGI IN,NESTLE MILO RTD 24x180ml NR FrW MAGGI IN,12480620,IN SSD : MILO RTD,DAIRY,F&B,24.0,6.16,4.45,6.926,12480620
12621143,NESTLE MILO RTD 30x180ml FrW MiloB3G1 IN,NESTLE MILO RTD 30x180ml FrW MiloB3G1 IN,12621143,IN SSD : MILO RTD,DAIRY,F&B,30.0,6.24,5.562,7.914,12621143
12343673,NESTLE MILO MP 5(6x180ml) IN,NESTLE MILO RTD 6X180ML,12343673,IN SSD : MILO RTD,DAIRY,F&B,5.0,5.74,5.6,7.937,12343673
12506070,NESTLE MILO RTD30x180ml FrW MILO B3G1 IN,NESTLE MILO RTD30x180ml FrW MILO B3G1 IN,12506070,IN SSD : MILO RTD,DAIRY,F&B,30.0,5.74,5.562,7.937,12506070
12521654,NESTLE a+ Mishti Doi-Jaggery 36x80g IN,NESTLE Mishti Doi-Jaggery 80g,12521654,IN FD : Value Added Dahi,DAIRY,F&B,36.0,3.5,2.88,13.613,12521654
12565431,NESTLE MUNCH Cereal 18x300g IN,NESTLE MUNCH Cereal 18x300g IN,12565431,IN CPW : Munch Cereals,BREAKFAST CEREAL,NBC,18.0,7.6,5.4,57.707,12565431
12591150,NESTLE MUNCH Cereal 192x18g FrW Maggi IN,NESTLE MUNCH Cereal 192x18g FrW Maggi IN,12591150,IN CPW : Munch Cereals,BREAKFAST CEREAL,NBC,192.0,5.9,3.456,82.485,12591150
12565419,NESTLE MUNCH Cereal 192x18g IN,NESTLE MUNCH Cereal 18g,12565419,IN CPW : Munch Cereals,BREAKFAST CEREAL,NBC,192.0,5.39,3.456,82.485,12565419
12578466,NESTLE MUNCH Cereal Hanger 192x18g IN,NESTLE MUNCH Cereal 18g,12565419,IN CPW : Munch Cereals,BREAKFAST CEREAL,NBC,192.0,5.39,3.456,82.485,12578466
12586369,NESTLE Munch Cereal 216x18g B5G1 IN,NESTLE MUNCH Cereal 18g,12565419,IN CPW : Munch Cereals,BREAKFAST CEREAL,NBC,216.0,5.9,3.888,82.485,12586369
12596914,NESTLE MUNCH Cereal 192x18g PR Xbox IN,NESTLE MUNCH Cereal 18g,12565419,IN CPW : Munch Cereals,BREAKFAST CEREAL,NBC,192.0,5.338,3.456,82.485,12596914
12600187,NESTLE MUNCH Cereal 192x18g N1 IN,NESTLE MUNCH Cereal 18g,12565419,IN CPW : Munch Cereals,BREAKFAST CEREAL,NBC,192.0,5.39,3.456,82.485,12600187
12605850,NESTLE Munch Cereal 216x18g PR B5G1 IN,NESTLE MUNCH Cereal 18g,12565419,IN CPW : Munch Cereals,BREAKFAST CEREAL,NBC,216.0,5.9,3.888,82.485,12605850
12580694,NESTLE Munch Cereal 192x25g PR 40% X IN,NESTLE MUNCH Cereal 18g,12565419,IN CPW : Munch Cereals,BREAKFAST CEREAL,NBC,192.0,6.575,4.8,82.485,12580694
12580705,NESTLE Munch Cereal 216x17g PR B5G1 IN,NESTLE MUNCH Cereal 18g,12565419,IN CPW : Munch Cereals,BREAKFAST CEREAL,NBC,192.0,5.371,3.672,82.485,12580705
12566927,NESTLE Munch Cereal 32x120g IN,NESTLE Munch Cereal 32x120g IN,12566927,IN CPW : Munch Cereals,BREAKFAST CEREAL,NBC,32.0,5.12,3.84,59.428,12566927
12600863,NESTLE MUNCH Cereal 48x80g IN,NESTLE Munch Cereal 32x120g IN,12566927,IN CPW : Munch Cereals,BREAKFAST CEREAL,NBC,48.0,5.173,3.84,53.602,12600863
12363252,NESTLE NANGROW BIB 24x400g IN,NESTLE NanGrow BIB 400g,12363252,IN NSB : NANGROW,INFANT NUTRITION,NN,24.0,11.8,9.6,43.329,12363252
12424621,NESTLE NANGROW BIB24x400g INAEFB011 IN,NESTLE NanGrow BIB 400g,12363252,IN NSB : NANGROW,INFANT NUTRITION,NN,24.0,11.8,9.6,44.962,12424621
12523401,NANGROW BIB 24x400g INAEFB011-1 URC IN,NESTLE NanGrow BIB 400g,12363252,IN NSB : NANGROW,INFANT NUTRITION,NN,24.0,11.7,9.6,44.962,12523401
12537604,NANGROW BIB 24x400g JEFB001-2 IN,NESTLE NanGrow BIB 400g,12363252,IN NSB : NANGROW,INFANT NUTRITION,NN,24.0,11.8,9.6,43.329,12537604
12554313,NANGROW 24x400g JEFB001-2 PR Einstein IN,NESTLE NanGrow BIB 400g,12363252,IN NSB : NANGROW,INFANT NUTRITION,NN,24.0,11.8,9.6,43.329,12554313
12558034,NANGROW 24x400g JEFB001-2 RDA2020 IN,NESTLE NanGrow BIB 400g,12363252,IN NSB : NANGROW,INFANT NUTRITION,NN,24.0,11.7,9.6,43.329,12558034
12576322,NANGROW 16x400g JEFB001-2 PR Kit PromoIN,NESTLE NanGrow BIB 400g,12363252,IN NSB : NANGROW,INFANT NUTRITION,NN,16.0,11.469,6.4,43.263,12576322
12592300,NANGROW 16x400g JEFB002-2 Promo24 IN,NESTLE NanGrow BIB 400g,12363252,IN NSB : NANGROW,INFANT NUTRITION,NN,16.0,11.746,6.4,43.263,12592300
12615615,NANGROW 24x400g JEFB001-2 N1 IN,NESTLE NanGrow BIB 400g,12363252,IN NSB : NANGROW,INFANT NUTRITION,NN,24.0,11.7,9.6,43.329,12615615
12623315,NANGROW BIB16x400g JEFB001-2 PR Book25IN,NESTLE NanGrow BIB 400g,12363252,IN NSB : NANGROW,INFANT NUTRITION,NN,16.0,11.469,6.4,43.263,12623315
12590119,NANGROW Kitted Lrg 12x800g JEFB001-2 IN,NESTLE NanGrow BIB 800g,12590119,IN NSB : NANGROW,INFANT NUTRITION,NN,12.0,12.544,9.6,47.88,12590119
12615625,NANGROW Kitted Lrg 12x800gJEFB001-2N1 IN,NESTLE NanGrow BIB 800g,12590119,IN NSB : NANGROW,INFANT NUTRITION,NN,12.0,12.544,9.6,47.88,12615625
12375617,NESTLE NANGROW Pouch 112x33.5g Sample IN,NESTLE NANGROW Pouch 112x33.5g Sample IN,12375617,IN NSB : NANGROW,INFANT NUTRITION,NN,112.0,5.1,3.752,33.871,12375617
12424586,NESTLE NANGROW Pch112x33.5g INAEFB011 IN,NESTLE NANGROW Pouch 112x33.5g Sample IN,12375617,IN NSB : NANGROW,INFANT NUTRITION,NN,112.0,5.1,3.752,33.871,12424586
12536884,NANGROW Sachet 288x33.5g JEFB001-2 IN,NESTLE NANGROW Pouch 112x33.5g Sample IN,12375617,IN NSB : NANGROW,INFANT NUTRITION,NN,288.0,11.95,9.648,33.871,12536884
12378870,NESTLE Party Treats 48x149.4g IN,NESTLE Party Treats 149.4g,12378870,IN C&C : Chocolate Gift packs,CHOCOLATE,F&B,48.0,9.52,7.171,54.14,12378870
12538181,RESOURCE FIBER Choice 18(14x6.2g) IN,NESTLE RESOURCE FIBER CHOICE 6.2g,12538181,IN HCN : Resource ,HCN,HCN,18.0,3.6,1.562,55.44,12538181
12425088,NESTOGEN 1 IF BIB 24x200g NN001A-3 IN,NESTOGEN 1 BIB 200g,12425088,IN NSB : Nestogen 1,INFANT NUTRITION,NN,24.0,7.1,4.8,36.843,12425088
12477650,NESTLE NESTOGEN1 BIB 24x200g NN001A-4 IN,NESTOGEN 1 BIB 200g,12425088,IN NSB : Nestogen 1,INFANT NUTRITION,NN,24.0,6.91,4.8,22.927,12477650
12043329,NESTOGEN 1 Infant Formula BIB 24x475g IN,NESTOGEN 1 Infant Formula BIB 400g,12199840,IN NSB : Nestogen 1,INFANT NUTRITION,NN,24.0,13.5,11.4,44.402,12043329
12162046,NESTOGEN 1 Infant Formula BIB 24x450g IN,NESTOGEN 1 Infant Formula BIB 400g,12199840,IN NSB : Nestogen 1,INFANT NUTRITION,NN,24.0,13.5,10.8,44.402,12162046
12199840,NESTOGEN 1 Inf Formula BIB 24x400g IN,NESTOGEN 1 Infant Formula BIB 400g,12199840,IN NSB : Nestogen 1,INFANT NUTRITION,NN,24.0,12.17,9.6,43.329,12199840
12477641,NESTLE NESTOGEN1 BIB 24x400g NN001A-4 IN,NESTOGEN 1 Infant Formula BIB 400g,12199840,IN NSB : Nestogen 1,INFANT NUTRITION,NN,24.0,11.921,9.6,43.329,12477641
12497673,NESTLE NESTOGEN1 BIB 24x400g INNN004 IN,NESTOGEN 1 Infant Formula BIB 400g,12199840,IN NSB : Nestogen 1,INFANT NUTRITION,NN,24.0,11.921,9.6,43.329,12497673
12043330,NESTOGEN 1 Infant Formula Tin 24x475g IN,NESTOGEN 1 Infant Formula Tin 400g,12200181,IN NSB : Nestogen 1,INFANT NUTRITION,NN,24.0,14.6,11.4,39.93,12043330
12161361,NESTOGEN 1 Infant Formula Tin 24x450g IN,NESTOGEN 1 Infant Formula Tin 400g,12200181,IN NSB : Nestogen 1,INFANT NUTRITION,NN,24.0,14.6,10.8,39.93,12161361
12200181,NESTOGEN 1 Infant Formula Tin 24x400g IN,NESTOGEN 1 Infant Formula Tin 400g,12200181,IN NSB : Nestogen 1,INFANT NUTRITION,NN,24.0,12.78,9.6,31.263,12200181
12043325,NESTOGEN 2 FU Infant FormulaBIB24x475gIN,NESTOGEN 2 Infant Formula BIB 400g,12199839,IN NSB : Nestogen 2,INFANT NUTRITION,NN,24.0,13.4,11.4,44.402,12043325
12162748,NESTOGEN 2 FU Infant FormulaBIB24x450gIN,NESTOGEN 2 Infant Formula BIB 400g,12199839,IN NSB : Nestogen 2,INFANT NUTRITION,NN,24.0,13.4,10.8,44.402,12162748
12199839,NESTOGEN 2 FU Inf Formula BIB 24x400g IN,NESTOGEN 2 Infant Formula BIB 400g,12199839,IN NSB : Nestogen 2,INFANT NUTRITION,NN,24.0,12.17,9.6,63.162,12199839
12402570,NESTOGEN 2 FU IF BIB 24x400g LN003A-5 IN,NESTOGEN 2 Infant Formula BIB 400g,12199839,IN NSB : Nestogen 2,INFANT NUTRITION,NN,24.0,12.17,9.6,43.329,12402570
12484497,NESTLE NESTOGEN2 BIB 24x400g LN003A-6 IN,NESTOGEN 2 Infant Formula BIB 400g,12199839,IN NSB : Nestogen 2,INFANT NUTRITION,NN,24.0,11.921,9.6,43.329,12484497
12497646,NESTLE NESTOGEN2 BIB 24x400g INLE055 IN,NESTOGEN 2 Infant Formula BIB 400g,12199839,IN NSB : Nestogen 2,INFANT NUTRITION,NN,24.0,11.921,9.6,43.329,12497646
12043324,NESTUM STAGE 1 Rice Bag In Box 24x375gIN,NESTUM STAGE 1 Rice BIB 300g,12355196,IN NSB : Nestum 1,INFANT NUTRITION,NN,24.0,11.1,9.0,48.407,12043324
12199051,NESTUM STAGE 1 Rice BIB 24x300g IN,NESTUM STAGE 1 Rice BIB 300g,12355196,IN NSB : Nestum 1,INFANT NUTRITION,NN,24.0,9.725,7.2,45.158,12199051
12355196,NESTUM STAGE 1 Rice BIB 24x300g N1 IN,NESTUM STAGE 1 Rice BIB 300g,12355196,IN NSB : Nestum 1,INFANT NUTRITION,NN,24.0,9.8,7.2,45.349,12355196
12381605,NESTUM STAGE 1 Rice BIB 24x300g N2 IN,NESTUM STAGE 1 Rice BIB 300g,12355196,IN NSB : Nestum 1,INFANT NUTRITION,NN,24.0,9.8,7.2,46.642,12381605
12458516,NESTUM STAGE 1 Rice BIB 24x300g N3 IN,NESTUM STAGE 1 Rice BIB 300g,12355196,IN NSB : Nestum 1,INFANT NUTRITION,NN,24.0,9.625,7.2,43.329,12458516
12497667,NESTUM STAGE 1 Rice BIB 24x300g N3 NV IN,NESTUM STAGE 1 Rice BIB 300g,12355196,IN NSB : Nestum 1,INFANT NUTRITION,NN,24.0,9.65,7.2,46.642,12497667
12043326,NESTUM STAGE 2 Rice Dal BIB 24x375g IN,NESTUM STAGE 2 Rice Veg BIB 300g,12355199,IN NSB : Nestum 2,INFANT NUTRITION,NN,24.0,11.2,9.0,48.407,12043326
12199173,NESTUM STAGE 2 Rice Dal BIB24x300gIN,NESTUM STAGE 2 Rice Veg BIB 300g,12355199,IN NSB : Nestum 2,INFANT NUTRITION,NN,24.0,9.95,7.2,45.158,12199173
12309736,NESTUM STAGE 2 Rice Veg BIB24x300gIN,NESTUM STAGE 2 Rice Veg BIB 300g,12355199,IN NSB : Nestum 2,INFANT NUTRITION,NN,24.0,9.725,7.2,45.158,12309736
12355199,NESTUM STAGE 2 Rice Veg BIB24x300 N1 IN,NESTUM STAGE 2 Rice Veg BIB 300g,12355199,IN NSB : Nestum 2,INFANT NUTRITION,NN,24.0,9.8,7.2,45.349,12355199
12382567,NESTUM STAGE 2 Rice Veg BIB24x300 N2 IN,NESTUM STAGE 2 Rice Veg BIB 300g,12355199,IN NSB : Nestum 2,INFANT NUTRITION,NN,24.0,9.625,7.2,43.329,12382567
12497089,NESTUM STAGE 2 RiceVegBIB24x300 N2 NV IN,NESTUM STAGE 2 Rice Veg BIB 300g,12355199,IN NSB : Nestum 2,INFANT NUTRITION,NN,24.0,9.65,7.2,46.642,12497089
12043328,NESTUM STAGE 3 Rice Fruit BIB 24x375g IN,NESTUM STAGE 3 Rice Fruits BIB 300g,12355198,IN NSB : Nestum 3,INFANT NUTRITION,NN,24.0,11.0,9.0,48.407,12043328
12199050,NESTUM STAGE 3 Rice 3 Frt BIB24x300gIN,NESTUM STAGE 3 Rice Fruits BIB 300g,12355198,IN NSB : Nestum 3,INFANT NUTRITION,NN,24.0,9.49,7.2,35.851,12199050
12311024,NESTUM STG3 Rice Fruits BIB 24x300g IN,NESTUM STAGE 3 Rice Fruits BIB 300g,12355198,IN NSB : Nestum 3,INFANT NUTRITION,NN,24.0,9.725,7.2,41.769,12311024
12355198,NESTUM STG3 Rice Fruits BIB 24x300 N1 IN,NESTUM STAGE 3 Rice Fruits BIB 300g,12355198,IN NSB : Nestum 3,INFANT NUTRITION,NN,24.0,9.8,7.2,45.349,12355198
12382799,NESTUM STAGE 3 Rice Fruits 24x300g N2 IN,NESTUM STAGE 3 Rice Fruits BIB 300g,12355198,IN NSB : Nestum 3,INFANT NUTRITION,NN,24.0,9.625,7.2,43.329,12382799
12497610,NESTUM STAGE 3 RiceFruit 24x300gN2 NV IN,NESTUM STAGE 3 Rice Fruits BIB 300g,12355198,IN NSB : Nestum 3,INFANT NUTRITION,NN,24.0,9.65,7.2,46.642,12497610
12531858,NIDO FORTIGROW 6x2.5kg Can IN,NIDO FORTIGROW 2.5kg Can IN,12531858,IN NSB : NIDO -- ND,INFANT NUTRITION,NN,6.0,17.9,15.0,26.729,12531858
12504124,NIDO FORTIGROW 24x400g Can IN,NIDO FORTIGROW 24x400g Can IN,12504124,IN NSB : NIDO -IMP,SI,SI,24.0,12.2,9.6,26.729,12504124
12531890,NIDO FORTIGROW 12x900g Can IN,NIDO FORTIGROW 900G Can IN,12531890,IN NSB : NIDO -- ND,INFANT NUTRITION,NN,12.0,13.2,10.8,26.729,12531890
12278191,NOVASOURCE NUTRIHEP VNLA 12x400g IN,NOVASOURCE NUTRIHEP Vanilla 400g,12278191,IN HCN : Novasource NutriHep,HCN,HCN,12.0,7.5,4.8,41.58,12278191
12534134,RESOURCE HEPATIC 12x400g ACD551 IN,NOVASOURCE NUTRIHEP Vanilla 400g,12278191,IN HCN : Novasource NutriHep,HCN,HCN,12.0,7.48,4.8,43.988,12534134
12434597,OPTIFAST Chocolate 12x400g IN,OPTIFAST Chocolate 400g,12434597,IN HCN : Optifast VLCD,HCN,HCN,12.0,7.5,4.8,43.988,12434597
12443404,OPTIFAST Chocolate 12x400g N1 IN,OPTIFAST Chocolate 400g,12434597,IN HCN : Optifast VLCD,HCN,HCN,12.0,7.4,4.8,43.988,12443404
12510836,OPTIFAST Chocolate 12x400g N2 IN,OPTIFAST Chocolate 400g,12434597,IN HCN : Optifast VLCD,HCN,HCN,12.0,7.47,4.8,43.988,12510836
12521522,OPTIFAST VANILLA 12(4x50g) IN,OPTIFAST VANILLA 12(4x50g) IN,12521522,IN HCN : Optifast VLCD,HCN,HCN,12.0,4.0,2.4,26.374,12521522
12458522,OPTIFAST VANILLA 12x400g IN,OPTIFAST Vanilla 400g,12458522,IN HCN : Optifast VLCD,HCN,HCN,12.0,7.5,4.8,43.988,12458522
12510833,OPTIFAST VANILLA 12x400g N1 IN,OPTIFAST Vanilla 400g,12458522,IN HCN : Optifast VLCD,HCN,HCN,12.0,7.42,4.8,43.988,12510833
12470185,OPTIFAST VANILLA 48x50g IN,OPTIFAST VANILLA 48x50g IN,12470185,IN HCN : Optifast VLCD,HCN,HCN,48.0,3.2,2.4,20.774,12470185
12384387,PEPTAMEN ACE006 12x400g IN,PEPTAMEN ACE006 400g,12384387,IN HCN : Peptamen,HCN,HCN,12.0,6.39,4.8,19.845,12384387
12445333,PEPTAMEN ACE006-1 12x400g IN,PEPTAMEN ACE006 400g,12384387,IN HCN : Peptamen,HCN,HCN,12.0,6.39,4.8,19.845,12445333
12224414,PEPTAMEN ACE-2 12x400g N5 IN,PEPTAMEN ACE-2 400g,12224414,IN HCN : Peptamen,HCN,HCN,12.0,6.4,4.8,19.617,12224414
12155629,PEPTAMEN JNR Van Pwdr ACE002-1 12x400gIN,PEPTAMEN JUNIOR ACE002-1 400g,12320845,IN HCN : Peptamen Junior,HCN,HCN,12.0,6.3,4.8,17.215,12155629
12193604,PEPTAMEN JUNIOR ACE002-1 12x400g N5 IN,PEPTAMEN JUNIOR ACE002-1 400g,12320845,IN HCN : Peptamen Junior,HCN,HCN,12.0,6.4,4.8,19.184,12193604
12320845,PEPTAMEN JUNIOR ACE002-2 12x400g IN,PEPTAMEN JUNIOR ACE002-1 400g,12320845,IN HCN : Peptamen Junior,HCN,HCN,12.0,6.39,4.8,19.845,12320845
12527247,POLO Assorted Grey Box 16x720g IN,POLO Assorted Grey Box 720g,12527247,IN C&C : Polo,CONFECTIONARY,F&B,16.0,14.92,11.52,42.13,12527247
12589284,POLO BUBBLE MINT 24(24x24g) IN,POLO BUBBLE MINT 24g,12589284,IN C&C : Polo,CONFECTIONARY,F&B,576.0,15.91,13.824,36.34,12589284
12372120,POLO Cinnamon 10(45x10.5g) IN,POLO Cinnamon 10.5g,12372120,IN C&C : Polo,CONFECTIONARY,F&B,450.0,6.2,4.725,22.464,12372120
12371315,POLO Container 16((2x23)x15g) IN,POLO Container 15g,12371315,IN C&C : Polo,CONFECTIONARY,F&B,736.0,14.7,11.04,56.1,12371315
12396316,POLO Hinge Container 16((2x23)x15g) IN,POLO Container 15g,12371315,IN C&C : Polo,CONFECTIONARY,F&B,736.0,14.1,11.04,41.585,12396316
12374166,POLO Cool Rush 30(30x10.5g) IN,POLO Cool Rush 10.5g,12374166,IN C&C : Polo,CONFECTIONARY,F&B,900.0,12.6,9.45,39.986,12374166
12445985,POLO Extra Strong 24(24x24g) IN,POLO Extra Strong 24g,12445985,IN C&C : Polo,CONFECTIONARY,F&B,576.0,16.398,13.824,36.34,12445985
12473263,POLO Extra Strong Cntnr 16((30+2)x24g)IN,POLO Extra Strong 24g,12445985,IN C&C : Polo,CONFECTIONARY,F&B,512.0,15.164,12.288,43.214,12473263
12503593,POLO Extra Strong 24(24x24g) N1 IN,POLO Extra Strong 24g,12445985,IN C&C : Polo,CONFECTIONARY,F&B,576.0,15.91,13.824,36.34,12503593
12557963,POLO Extra Strong 24(24x24g)N1 IN,POLO Extra Strong 24g,12445985,IN C&C : Polo,CONFECTIONARY,F&B,576.0,16.38,13.824,36.34,12557963
12105908,POLO Mint Box 24(20x28.12g) IN,POLO Fridge Jug 6g,12105908,IN C&C : Polo,CONFECTIONARY,F&B,480.0,15.2,13.498,22.265,12105908
12359866,POLO Holes Flip 12(12x9g) IN,POLO Holes Flip 9g,12359866,IN C&C : Polo,CONFECTIONARY,F&B,144.0,8.5,1.296,41.055,12359866
12460038,POLO Home Pack 36(50x6g) IN,POLO Home Pack 50x6g,12460038,IN C&C : Polo,CONFECTIONARY,F&B,36.0,13.3,10.8,30.923,12460038
12586015,POLO LIME Roll 27(28x12g) IN,POLO LIME Roll 12g,12586015,IN C&C : Polo,CONFECTIONARY,F&B,756.0,10.54,9.072,16.704,12586015
12150763,POLO Mini Box 36(48x7.81g) IN,POLO Mini Box 6g,12329840,IN C&C : Polo,CONFECTIONARY,F&B,1728.0,17.0,13.496,24.846,12150763
12227262,POLO Mini Box 36(60x6.2g) IN,POLO Mini Box 6g,12329840,IN C&C : Polo,CONFECTIONARY,F&B,2160.0,15.7,13.392,27.246,12227262
12329840,POLO Mini Box 36(50X6g) IN,POLO Mini Box 6g,12329840,IN C&C : Polo,CONFECTIONARY,F&B,1800.0,13.2,10.8,30.923,12329840
11340278,POLO Mini Jar 48(30x9.375g) IN,POLO Mini Jar 6g,12329839,IN C&C : Polo,CONFECTIONARY,F&B,1440.0,16.8,13.5,47.355,11340278
12113150,POLO Mini Jar 36(50x7.81g) IN,POLO Mini Jar 6g,12329839,IN C&C : Polo,CONFECTIONARY,F&B,1800.0,17.7,14.058,52.333,12113150
12227263,POLO Mini Jar 36(65x6.2g) IN,POLO Mini Jar 6g,12329839,IN C&C : Polo,CONFECTIONARY,F&B,2340.0,18.3,14.508,58.65,12227263
12254035,POLO Mini Jar 36(65x6.24g) N1 IN,POLO Mini Jar 6g,12329839,IN C&C : Polo,CONFECTIONARY,F&B,36.0,18.3,14.602,58.65,12254035
12329839,POLO Mini Jar 15(100X6g) IN,POLO Mini Jar 6g,12329839,IN C&C : Polo,CONFECTIONARY,F&B,1500.0,11.1,9.0,27.75,12329839
12365125,POLO Mini Jar 15((97+5)x6g) PR 5 Unit IN,POLO Mini Jar 6g,12329839,IN C&C : Polo,CONFECTIONARY,F&B,1530.0,11.3,9.18,27.75,12365125
12369433,POLO Fridge Jug 12(130x6g) IN,POLO Mini Jar 6g,12329839,IN C&C : Polo,CONFECTIONARY,F&B,1560.0,11.2,9.36,37.206,12369433
12378315,POLO Mini Jar 10(100x6g) IN,POLO Mini Jar 6g,12329839,IN C&C : Polo,CONFECTIONARY,F&B,1000.0,7.8,6.0,22.464,12378315
12390951,POLO Mini Jar 10((97+5)x6g) PR 5U IN,POLO Mini Jar 6g,12329839,IN C&C : Polo,CONFECTIONARY,F&B,1020.0,7.7,6.12,22.464,12390951
12399544,POLO Mini Jar 10(100x6g) PR Love IN,POLO Mini Jar 6g,12329839,IN C&C : Polo,CONFECTIONARY,F&B,1000.0,7.8,6.0,22.464,12399544
12401032,POLO Fridge Jug 12(130x6g) PR LOVE IN,POLO Mini Jar 6g,12329839,IN C&C : Polo,CONFECTIONARY,F&B,1560.0,11.2,9.36,37.206,12401032
12417695,POLO Fridge Jug 12(130x6g) PR Themat IN,POLO Mini Jar 6g,12329839,IN C&C : Polo,CONFECTIONARY,F&B,1560.0,11.7,9.36,37.206,12417695
12421901,POLO Mini Jar 10((97+5)x6g) PR Themat IN,POLO Mini Jar 6g,12329839,IN C&C : Polo,CONFECTIONARY,F&B,1020.0,7.6,6.12,22.464,12421901
12434902,POLO Mini Jar 16(100x6g) IN,POLO Mini Jar 6g,12329839,IN C&C : Polo,CONFECTIONARY,F&B,1600.0,12.6,9.6,33.672,12434902
12438501,POLO Mini 12(120x7.5g) PR 25% Extra IN,POLO Mini Jar 6g,12329839,IN C&C : Polo,CONFECTIONARY,F&B,1440.0,13.3,10.8,37.527,12438501
12443239,POLO Fridge Jug 12((124+6)x6g) IN,POLO Mini Jar 6g,12329839,IN C&C : Polo,CONFECTIONARY,F&B,1560.0,11.2,9.36,36.223,12443239
12452257,POLO Mini Crystal Jug 12((124+6)x6g) IN,POLO Mini Jar 6g,12329839,IN C&C : Polo,CONFECTIONARY,F&B,1560.0,11.644,9.36,36.3,12452257
12483209,POLO Mini Crystal Jug12((124+6)x6g)N1 IN,POLO Mini Jar 6g,12329839,IN C&C : Polo,CONFECTIONARY,F&B,1560.0,11.36,9.36,36.3,12483209
12483212,POLO Mini Jar 16(100x6g) N1 IN,POLO Mini Jar 6g,12329839,IN C&C : Polo,CONFECTIONARY,F&B,1600.0,11.98,9.6,33.12,12483212
12519203,POLO Mini Jar 12((124+6)x6g) IN,POLO Mini Jar 6g,12329839,IN C&C : Polo,CONFECTIONARY,F&B,1560.0,11.87,9.36,36.3,12519203
12559182,POLO Mini Jar 16(100x6g) N2 IN,POLO Mini Jar 6g,12329839,IN C&C : Polo,CONFECTIONARY,F&B,1600.0,12.6,9.6,33.12,12559182
12610049,POLO Mini Jar 16(100x6g) N3 IN,POLO Mini Jar 6g,12329839,IN C&C : Polo,CONFECTIONARY,F&B,1600.0,11.98,9.6,33.12,12610049
12254039,POLO Mint Big Roll24(17x31.2g)PR 1UFr IN,POLO Mint Big Roll 30g,12329836,IN C&C : Polo,CONFECTIONARY,F&B,408.0,14.4,12.73,23.248,12254039
12329836,POLO Mint Big Roll 24(17x30g) IN,POLO Mint Big Roll 30g,12329836,IN C&C : Polo,CONFECTIONARY,F&B,408.0,13.8,12.24,23.4,12329836
12336807,POLO Mint Big Roll 24(17x30g) PRTag IN,POLO Mint Big Roll 30g,12329836,IN C&C : Polo,CONFECTIONARY,F&B,408.0,14.941,12.24,28.053,12336807
12396249,POLO Roll 24(17x30g) PR Love IN,POLO Mint Big Roll 30g,12329836,IN C&C : Polo,CONFECTIONARY,F&B,408.0,13.8,12.24,23.174,12396249
12417696,POLO Roll 24(17x30g) PR Thematic IN,POLO Mint Big Roll 30g,12329836,IN C&C : Polo,CONFECTIONARY,F&B,408.0,13.8,12.24,23.174,12417696
12436626,POLO Roll 24(17x30g) PR B Single IN,POLO Mint Big Roll 30g,12329836,IN C&C : Polo,CONFECTIONARY,F&B,408.0,13.9,12.24,23.174,12436626
12445986,POLO Big Roll 24(24x24g) IN,POLO Mint Big Roll 30g,12329836,IN C&C : Polo,CONFECTIONARY,F&B,576.0,16.43,13.824,36.044,12445986
12484492,POLO Big Roll 24(24x24g) N1 IN,POLO Mint Big Roll 30g,12329836,IN C&C : Polo,CONFECTIONARY,F&B,576.0,15.91,13.824,36.34,12484492
12480351,POLO Big Roll 24(24x24g) PR Gaana IN,POLO Mint Big Roll 30g,12329836,IN C&C : Polo,CONFECTIONARY,F&B,576.0,15.91,13.824,36.34,12480351
12525184,POLO Big Roll 24(24x24g) T-SHIRT IN,POLO Mint Big Roll 30g,12329836,IN C&C : Polo,CONFECTIONARY,F&B,576.0,15.91,13.824,36.34,12525184
12534892,POLO Big Roll 24((23+1)x24g) IN,POLO Mint Big Roll 30g,12329836,IN C&C : Polo,CONFECTIONARY,F&B,576.0,15.91,13.824,36.34,12534892
12542286,POLO Big Roll 24(24x24g) Myntra IN,POLO Mint Big Roll 30g,12329836,IN C&C : Polo,CONFECTIONARY,F&B,576.0,15.91,13.824,36.34,12542286
12557962,POLO Big Roll 24((23+1)x24g) N2 IN,POLO Mint Big Roll 30g,12329836,IN C&C : Polo,CONFECTIONARY,F&B,576.0,16.43,13.824,36.044,12557962
12555479,POLO Big Roll 24(24x24g) N2 IN,POLO Mint Big Roll 30g,12329836,IN C&C : Polo,CONFECTIONARY,F&B,576.0,16.43,13.824,36.044,12555479
12559968,POLO Big Roll 24((23+1)x24g) Boat IN,POLO Mint Big Roll 30g,12329836,IN C&C : Polo,CONFECTIONARY,F&B,576.0,16.43,13.824,36.044,12559968
12572275,POLO Big Roll 24(24x24g) SPOTIFY IN,POLO Mint Big Roll 30g,12329836,IN C&C : Polo,CONFECTIONARY,F&B,576.0,16.43,13.824,36.044,12572275
12587384,POLO 24((23+1)x24g) PR TSS IN,POLO Mint Big Roll 30g,12329836,IN C&C : Polo,CONFECTIONARY,F&B,576.0,16.43,13.824,36.044,12587384
12598053,POLO Big Roll 24(24x24g)DEADPOOL IN,POLO Mint Big Roll 30g,12329836,IN C&C : Polo,CONFECTIONARY,F&B,576.0,16.43,13.824,36.044,12598053
12610063,POLO Big Roll 24(24x24g)N3 IN,POLO Mint Big Roll 30g,12329836,IN C&C : Polo,CONFECTIONARY,F&B,576.0,16.8,13.824,36.044,12610063
12132655,POLO Mint Roll Big Jar 9(60x28.125g) IN,POLO Mint Roll Big Jar 15g,12329837,IN C&C : Polo,CONFECTIONARY,F&B,540.0,17.6,15.188,41.909,12132655
12171400,POLO Mint Roll Big Jar 9(60x25g) IN,POLO Mint Roll Big Jar 15g,12329837,IN C&C : Polo,CONFECTIONARY,F&B,540.0,15.7,13.5,37.768,12171400
12225325,POLO Mint Roll Big Jar 9(60x21.8g) IN,POLO Mint Roll Big Jar 15g,12329837,IN C&C : Polo,CONFECTIONARY,F&B,540.0,14.0,11.772,35.717,12225325
12254038,POLO Mint Roll Big Jar 9(60x17.16g) IN,POLO Mint Roll Big Jar 15g,12329837,IN C&C : Polo,CONFECTIONARY,F&B,540.0,11.0,9.266,29.546,12254038
12328472,POLO Mint Roll 9((60+4)17.16g) PR 4 U IN,POLO Mint Roll Big Jar 15g,12329837,IN C&C : Polo,CONFECTIONARY,F&B,576.0,11.8,9.884,28.397,12328472
12329837,POLO Mint Roll 9(60x15g) IN,POLO Mint Roll Big Jar 15g,12329837,IN C&C : Polo,CONFECTIONARY,F&B,540.0,10.0,8.1,28.397,12329837
12339624,POLO Mint Roll Jar 10(45X15g) IN,POLO Mint Roll Big Jar 15g,12329837,IN C&C : Polo,CONFECTIONARY,F&B,450.0,8.217,6.75,22.464,12339624
12356751,POLO Jar 9(60x16.5g) PR 10% IN,POLO Mint Roll Big Jar 15g,12329837,IN C&C : Polo,CONFECTIONARY,F&B,540.0,10.8,8.91,28.397,12356751
12371685,POLO Big Jar 12((70+5)x15g) PR 5Unit  IN,POLO Mint Roll Big Jar 15g,12329837,IN C&C : Polo,CONFECTIONARY,F&B,900.0,16.1,13.5,55.463,12371685
12399547,POLO Big Jar 12((70+5)x15g) PR LOVE IN,POLO Mint Roll Big Jar 15g,12329837,IN C&C : Polo,CONFECTIONARY,F&B,900.0,16.1,13.5,55.463,12399547
12418673,POLO Big Roll Jar 9(60x15g) PR Themat IN,POLO Mint Roll Big Jar 15g,12329837,IN C&C : Polo,CONFECTIONARY,F&B,540.0,10.04,8.1,28.397,12418673
12425817,POLO Big Roll Jar 16((42+3)x15g)PR 3U IN,POLO Mint Roll Big Jar 15g,12329837,IN C&C : Polo,CONFECTIONARY,F&B,720.0,13.2,10.8,34.2,12425817
12434784,POLO BigRoll Jar12((68+4)x15g)PR BSgl IN,POLO Mint Roll Big Jar 15g,12329837,IN C&C : Polo,CONFECTIONARY,F&B,864.0,15.5,12.96,37.527,12434784
12434790,POLO Big Roll Jar 12((68+4)x15g) IN,POLO Mint Roll Big Jar 15g,12329837,IN C&C : Polo,CONFECTIONARY,F&B,864.0,15.09,12.96,37.527,12434790
12436660,POLO BigRoll Jar16((43+2)x15g)PR B SglIN,POLO Mint Roll Big Jar 15g,12329837,IN C&C : Polo,CONFECTIONARY,F&B,720.0,13.26,10.8,33.12,12436660
12439115,POLO Roll Jar 16((43+2)x15g) IN,POLO Mint Roll Big Jar 15g,12329837,IN C&C : Polo,CONFECTIONARY,F&B,720.0,13.26,10.8,33.12,12439115
12445984,POLO Big Roll Jar 12(72x15g) PR Pen IN,POLO Mint Roll Big Jar 15g,12329837,IN C&C : Polo,CONFECTIONARY,F&B,12.0,15.432,12.96,37.527,12445984
12457770,POLO Jar 12((70+5)x16.5g) PR10% Extra IN,POLO Mint Roll Big Jar 15g,12329837,IN C&C : Polo,CONFECTIONARY,F&B,900.0,17.43,14.85,55.463,12457770
12482625,POLO Big Roll Jar 12((68+4)x15g) N1 IN,POLO Mint Roll Big Jar 15g,12329837,IN C&C : Polo,CONFECTIONARY,F&B,864.0,15.39,12.96,37.527,12482625
12484491,POLO Jar 12((70+5)x16.5g)PR 10% Extra IN,POLO Mint Roll Big Jar 15g,12329837,IN C&C : Polo,CONFECTIONARY,F&B,900.0,17.43,14.85,55.463,12484491
12484488,POLO Roll Jar 16((43+2)x15g) N1 IN,POLO Mint Roll Big Jar 15g,12329837,IN C&C : Polo,CONFECTIONARY,F&B,720.0,13.12,10.8,34.2,12484488
12525214,POLO Roll Jar 12((68+4)x15g)T-SHIRT IN,POLO Mint Roll Big Jar 15g,12329837,IN C&C : Polo,CONFECTIONARY,F&B,864.0,15.39,12.96,37.527,12525214
12531859,POLO Big Roll Jar 12((68+4)x12g) IN,POLO Mint Roll Big Jar 15g,12329837,IN C&C : Polo,CONFECTIONARY,F&B,864.0,12.75,10.368,37.527,12531859
12538022,POLO BigRoll Jar12((68+4)x12g)Myntra IN,POLO Mint Roll Big Jar 15g,12329837,IN C&C : Polo,CONFECTIONARY,F&B,864.0,12.51,10.368,37.527,12538022
12558005,POLO Big Roll Jar 12((68+4)x12g)N1 IN,POLO Mint Roll Big Jar 15g,12329837,IN C&C : Polo,CONFECTIONARY,F&B,864.0,12.73,10.368,37.527,12558005
12573516,POLO Big Roll Jar 12((68+4)x13.5g) IN,POLO Mint Roll Big Jar 15g,12329837,IN C&C : Polo,CONFECTIONARY,F&B,360.0,13.674,11.664,37.527,12573516
12610140,POLO Big Roll Jar 12((68+4)x12g)N2 IN,POLO Mint Roll Big Jar 15g,12329837,IN C&C : Polo,CONFECTIONARY,F&B,864.0,12.73,10.368,37.527,12610140
12610062,POLO Big Roll Jar 12((68+4)x13.5g)N1 IN,POLO Mint Roll Big Jar 15g,12329837,IN C&C : Polo,CONFECTIONARY,F&B,864.0,14.0,11.664,37.527,12610062
11340274,POLO Mint Box 24(20x31.25g) IN,POLO Mint Roll Box 15g,12329838,IN C&C : Polo,CONFECTIONARY,F&B,480.0,16.6,15.0,24.786,11340274
12165822,POLO Mint Roll 24(20x25) IN,POLO Mint Roll Box 15g,12329838,IN C&C : Polo,CONFECTIONARY,F&B,480.0,13.8,12.0,19.851,12165822
12176900,POLO Mint Roll Grey Box 12(40x25g) IN,POLO Mint Roll Box 15g,12329838,IN C&C : Polo,CONFECTIONARY,F&B,480.0,13.3,12.0,21.587,12176900
12225781,POLO Mint Roll 30(20x21.8) IN,POLO Mint Roll Box 15g,12329838,IN C&C : Polo,CONFECTIONARY,F&B,600.0,14.7,13.08,23.059,12225781
12254037,POLO Mint Roll 27(22x17.16g) PR 1U Fr IN,POLO Mint Roll Box 15g,12329838,IN C&C : Polo,CONFECTIONARY,F&B,594.0,11.5,10.193,19.948,12254037
12261675,POLO Mint Roll 27(22x17.16g) N1 IN,POLO Mint Roll Box 15g,12329838,IN C&C : Polo,CONFECTIONARY,F&B,594.0,11.5,10.193,19.948,12261675
12314544,POLO Mint Roll 27(23x17.16g) PR 2U Fr IN,POLO Mint Roll Box 15g,12329838,IN C&C : Polo,CONFECTIONARY,F&B,621.0,12.3,10.656,20.587,12314544
12316818,POLO Mint Roll 27(23x17.16g) IN,POLO Mint Roll Box 15g,12329838,IN C&C : Polo,CONFECTIONARY,F&B,621.0,12.0,10.656,20.587,12316818
12327542,POLO Mint Roll30(20x21.8g)PR 25%extra IN,POLO Mint Roll Box 15g,12329838,IN C&C : Polo,CONFECTIONARY,F&B,600.0,15.0,13.08,22.04,12327542
12329838,POLO Mint Roll 27(23x15g) IN,POLO Mint Roll Box 15g,12329838,IN C&C : Polo,CONFECTIONARY,F&B,621.0,10.6,9.315,18.82,12329838
12336805,POLO Mint Roll 27(23x15g) PR Tag IN,POLO Mint Roll Box 15g,12329838,IN C&C : Polo,CONFECTIONARY,F&B,621.0,11.263,9.315,21.527,12336805
12356666,POLO Mint Roll 27(23x16.5g) PR 10% IN,POLO Mint Roll Box 15g,12329838,IN C&C : Polo,CONFECTIONARY,F&B,621.0,11.6,10.246,18.592,12356666
12396315,POLO Big Roll Box 27(23x15g) PR Love IN,POLO Mint Roll Box 15g,12329838,IN C&C : Polo,CONFECTIONARY,F&B,621.0,10.8,9.315,18.592,12396315
12413075,POLO Big Roll 24((30+2)x15g) IN,POLO Mint Roll Box 15g,12329838,IN C&C : Polo,CONFECTIONARY,F&B,768.0,13.2,11.52,22.325,12413075
12418699,POLO Big Roll Box27(23x15g) PR Themat IN,POLO Mint Roll Box 15g,12329838,IN C&C : Polo,CONFECTIONARY,F&B,621.0,10.76,9.315,18.592,12418699
12436642,POLO Roll Box 27(23x15g)PR B Single IN,POLO Mint Roll Box 15g,12329838,IN C&C : Polo,CONFECTIONARY,F&B,621.0,10.76,9.315,18.64,12436642
12483306,POLO Mint Roll 27(23x15g) N1 IN,POLO Mint Roll Box 15g,12329838,IN C&C : Polo,CONFECTIONARY,F&B,621.0,10.61,9.315,18.64,12483306
12483220,POLO Mint Roll 27(23x16.5g) PR 10% N1 IN,POLO Mint Roll Box 15g,12329838,IN C&C : Polo,CONFECTIONARY,F&B,621.0,11.66,10.246,55.463,12483220
12516023,POLO Mint Roll 27((22+1)x15g) IN,POLO Mint Roll Box 15g,12329838,IN C&C : Polo,CONFECTIONARY,F&B,621.0,10.61,9.315,18.64,12516023
12525183,POLO Mint Roll 27(23x15g) T-SHIRT IN,POLO Mint Roll Box 15g,12329838,IN C&C : Polo,CONFECTIONARY,F&B,621.0,10.61,9.315,18.64,12525183
12531882,POLO Mint Roll 27(23x12g) IN,POLO Mint Roll Box 15g,12329838,IN C&C : Polo,CONFECTIONARY,F&B,621.0,8.7,7.452,14.544,12531882
12538003,POLO Mint Roll 27(23x12g) Myntra IN,POLO Mint Roll Box 15g,12329838,IN C&C : Polo,CONFECTIONARY,F&B,621.0,8.46,7.452,18.64,12538003
12559180,POLO Mint Roll 27(23x12g) N1 IN,POLO Mint Roll Box 15g,12329838,IN C&C : Polo,CONFECTIONARY,F&B,621.0,8.63,7.452,14.544,12559180
12557270,POLO Mint Roll 27(28x12g) IN,POLO Mint Roll Box 15g,12329838,IN C&C : Polo,CONFECTIONARY,F&B,756.0,10.42,9.072,11.484,12557270
12574918,POLO Mint Roll 27(28x13.5g) IN,POLO Mint Roll Box 15g,12329838,IN C&C : Polo,CONFECTIONARY,F&B,756.0,11.96,10.206,18.432,12574918
12610018,POLO Mint Roll 27(28x12g)N1 IN,POLO Mint Roll Box 15g,12329838,IN C&C : Polo,CONFECTIONARY,F&B,756.0,10.42,9.072,11.484,12610018
12610061,POLO Mint Roll 27(28x13.5g)N1 IN,POLO Mint Roll Box 15g,12329838,IN C&C : Polo,CONFECTIONARY,F&B,756.0,11.9,10.206,18.432,12610061
12396318,POLO Tin 8((86+4)x15g) PR 4U IN,POLO Mint Roll Big Jar 15g,12396318,IN C&C : Polo,CONFECTIONARY,F&B,720.0,13.8,10.8,32.081,12396318
12459909,POLO Paan 24(24x24g) IN,POLO Paan 24g,12459909,IN C&C : Polo,CONFECTIONARY,F&B,576.0,16.396,13.824,36.34,12459909
12473087,POLO Paan Jar 12(24x24g) IN,POLO Paan 24g,12459909,IN C&C : Polo,CONFECTIONARY,F&B,288.0,9.218,6.912,37.527,12473087
12503594,POLO Paan 24(24x24g) N1 IN,POLO Paan 24g,12459909,IN C&C : Polo,CONFECTIONARY,F&B,576.0,15.91,13.824,36.34,12503594
12575962,POLO Watermelon Roll 27(28x12g) IN,POLO Watermelon Roll 12g,12575962,IN C&C : Polo,CONFECTIONARY,F&B,756.0,10.54,9.072,16.704,12575962
12134253,PRE NAN DS094-2 12x400g IN,PRE NAN DS520 12x400g IN,12134253,IN NSB : Pre NAN,INFANT NUTRITION,NN,12.0,6.25,4.8,17.325,12134253
12134168,PRE NAN DS094-3-S 12x400g IN,PRE NAN DS520 12x400g IN,12134253,IN NSB : Pre NAN,INFANT NUTRITION,NN,12.0,6.46,4.8,19.891,12134168
12394914,PRE NAN DS520 12x400g IN,PRE NAN DS520 12x400g IN,12134253,IN NSB : Pre NAN,INFANT NUTRITION,NN,12.0,6.5,4.8,21.402,12394914
12281267,PRE NAN HMF DS081-4 6(70x1g) IN,PRE NAN DS520 12x400g IN,12134253,IN NSB : Pre NAN,INFANT NUTRITION,NN,6.0,0.91,0.42,7.515,12281267
12455817,PRE NAN BIB 24x400g DS520 IN,PRE NAN DS520 12x400g IN,12134253,IN NSB : Pre NAN,INFANT NUTRITION,NN,24.0,11.9,9.6,43.702,12455817
12499421,PRE NAN Tin 15x400g DS520 IN,PRE NAN DS520 12x400g IN,12134253,IN NSB : Pre NAN,INFANT NUTRITION,NN,15.0,9.1,6.0,35.105,12499421
12532744,PRE NAN IF TIN 15x400g DS520-1 IN,PRE NAN DS520 12x400g IN,12134253,IN NSB : Pre NAN,INFANT NUTRITION,NN,15.0,9.0,6.0,21.402,12532744
12567446,PRE NAN IF TIN 15x400g DS520-2 IN,PRE NAN DS520 12x400g IN,12134253,IN NSB : Pre NAN,INFANT NUTRITION,NN,15.0,9.0,6.0,35.105,12567446
12367759,PRE NAN HMF Sac 6(70X1g) IN,PRE NAN HMF 1G,12367759,IN NSB : PreNAN Human Milk Fortifier,INFANT NUTRITION,NN,6.0,1100.0,420.0,14.996,12367759
12435094,PRELACTOGEN IF BIB 16x200g INDW006 IN,PRELACTOGEN BIB 200g,12435094,IN NSB : PreLACTOGEN,INFANT NUTRITION,NN,16.0,4.963,3.2,25.192,12435094
12525871,PRELACTOGEN IF TIN 30x200g INDW006 IN,PRELACTOGEN BIB 200g,12435094,IN NSB : PreLACTOGEN,INFANT NUTRITION,NN,30.0,10.18,6.0,44.398,12525871
12461930,PRO PLAN ADULT Dog Large 130x50g IN,PRO PLAN ADULT Dog large 50g,12461930,IN PP: PROPLAN Adult,PETCARE,PETCARE,130.0,7.627,6.5,43.092,12461930
12518383,PRO PLAN ADULT Dog Large 130x50g XI,PRO PLAN ADULT Dog large 50g,12461930,IN PP: PROPLAN Adult,PETCARE,PETCARE,130.0,7.58,6.5,42.9,12518383
12455395,PROPLAN ADULT Dog LBr Chkn 15kg IN,PRO PLAN ADULT Dog LBr Chkn 15kg,12556720,IN PP: PROPLAN Adult,PETCARE,PETCARE,1.0,0.0,0.0,0.0,12455395
12556720,PRO PLAN Adt Dog LBr Chkn15kg PR2.5kg IN,PRO PLAN ADULT Dog LBr Chkn 15kg,12556720,IN PP: PROPLAN Adult,PETCARE,PETCARE,1.0,15.2,15.0,49.966,12556720
12518389,PRO PLAN ADULT LARGE CHKN 15KG XI,PRO PLAN ADULT Dog LBr Chkn 15kg,12556720,IN PP: PROPLAN Adult,PETCARE,PETCARE,1.0,15.2,15.0,49.966,12518389
12622555,PRO PLAN ADULT Dog LBr 15kg PR 3kg Fr IN,PRO PLAN ADULT Dog LBr Chkn 15kg,12556720,IN PP: PROPLAN Adult,PETCARE,PETCARE,1.0,15.2,15.0,49.966,12622555
12455401,PROPLAN ADULT Dog LBr Chkn 4x2.5kg IN,PRO PLAN ADULT Dog LBr Chkn 2.5kg,12455401,IN PP: PROPLAN Adult,PETCARE,PETCARE,4.0,10.7,10.0,33.973,12455401
12576271,PROPLAN ADULT LBr CHKN 4X2.5KG PR 1+1 IN,PRO PLAN ADULT Dog LBr Chkn 2.5kg,12455401,IN PP: PROPLAN Adult,PETCARE,PETCARE,4.0,10.7,10.0,33.973,12576271
12518391,PRO PLAN ADULT LARGE CHKN 4X3KG XI,PRO PLAN ADULT Dog LBr Chkn 2.5kg,12455401,IN PP: PROPLAN Adult,PETCARE,PETCARE,4.0,13.11,12.0,57.822,12518391
12455305,PROPLAN ADULT Dog Medium 15kg IN,PRO PLAN ADULT Dog Medium 15kg,12455305,IN PP: PROPLAN Adult,PETCARE,PETCARE,1.0,0.0,0.0,0.0,12455305
12556699,PRO PLAN ADULT Dog Med 15kg PR 2.5kg IN,PRO PLAN ADULT Dog Medium 15kg,12455305,IN PP: PROPLAN Adult,PETCARE,PETCARE,1.0,15.2,15.0,49.966,12556699
12576243,PROPLAN ADULT MEDIUM Chkn 15KG PR 1+1 IN,PRO PLAN ADULT Dog Medium 15kg,12455305,IN PP: PROPLAN Adult,PETCARE,PETCARE,1.0,0.0,0.0,0.0,12576243
12518392,PRO PLAN ADULT  MEDIUM CHKN 15KG XI,PRO PLAN ADULT Dog Medium 15kg,12455305,IN PP: PROPLAN Adult,PETCARE,PETCARE,1.0,15.2,15.0,49.966,12518392
12622556,PRO PLAN ADULT Dog Med 15kg PR 3kg Fr IN,PRO PLAN ADULT Dog Medium 15kg,12455305,IN PP: PROPLAN Adult,PETCARE,PETCARE,1.0,15.2,15.0,49.966,12622556
12455296,PROPLAN ADULT Dog Medium 4x2.5kg IN,PRO PLAN ADULT Dog Medium 2.5kg,12455296,IN PP: PROPLAN Adult,PETCARE,PETCARE,4.0,10.7,10.0,33.973,12455296
12576272,PRPN ADULT MEDIUM Chkn4X2.5KG PR 1+1 IN,PRO PLAN ADULT Dog Medium 2.5kg,12455296,IN PP: PROPLAN Adult,PETCARE,PETCARE,4.0,10.7,10.0,33.973,12576272
12518388,PRO PLAN ADULT  MEDIUM CHKN 4X3KG XI,PRO PLAN ADULT Dog Medium 2.5kg,12455296,IN PP: PROPLAN Adult,PETCARE,PETCARE,4.0,13.11,12.0,57.822,12518388
12461909,PRO PLAN ADULT Dog Medium 130x50g IN,PRO PLAN ADULT Dog Medium 50g,12461909,IN PP: PROPLAN Adult,PETCARE,PETCARE,130.0,7.627,6.5,43.092,12461909
12443648,PRO PLAN ADULT Dog Stve Dgst 4x2.5kg IN,PRO PLAN ADULT Dog Stve Dgst 3kg,12443648,IN PP: PROPLAN Adult,PETCARE,PETCARE,4.0,10.7,10.0,33.973,12443648
12397583,PRPN ADULT Dog Wgh Loss Strls 4x2.5kg IN,PRO PLAN ADULT Dog Wgh Loss Strls 2.5kg,12397583,IN PP: PROPLAN Adult,PETCARE,PETCARE,4.0,10.7,10.0,33.973,12397583
12397572,PRPN ADULT Dog WtLossStrls 12kg IN,PRO PLAN ADULT Dog WtLoss Strls 12kg,12397572,IN PP: PROPLAN Adult,PETCARE,PETCARE,1.0,0.0,0.0,0.0,12397572
12397589,PRO PLAN ADULT Performance 12kg IN,PRO PLAN ADULT Performance 12kg,12397589,IN PP: PROPLAN Adult,PETCARE,PETCARE,1.0,0.0,0.0,0.0,12397589
12586502,PRO PLAN Adult Prfm 12Kg PR B1G1 IN,PRO PLAN ADULT Performance 12kg,12397589,IN PP: PROPLAN Adult,PETCARE,PETCARE,1.0,0.0,0.0,0.0,12586502
12518385,PRO PLAN ADULT Performance 12kg XI,PRO PLAN ADULT Performance 12kg,12397589,IN PP: PROPLAN Adult,PETCARE,PETCARE,1.0,12.18,12.0,40.344,12518385
12586508,PRO PLAN Adult Prfm 12Kg FrW 12kg IN,PRO PLAN Adult Prfm 12Kg FrW 12kg IN,12586508,IN PP: PROPLAN Adult,PETCARE,PETCARE,1.0,0.0,0.0,0.0,12586508
12377714,PROPLAN ADULT Small & Mini 4x2.5kg IN,PRO PLAN ADULT Small & Mini 2.5kg,12377714,IN PP: PROPLAN Adult,PETCARE,PETCARE,4.0,10.7,10.0,33.973,12377714
12455323,PROPLAN PUPPY Large Breed Chkn 15kg IN,PRO PLAN PUPPY Large Breed Chkn 15kg,12556698,IN PP: PROPLAN Puppy,PETCARE,PETCARE,1.0,0.0,0.0,0.0,12455323
12556698,PRO PLAN PUPPY LBr Chkn 15kg PR 2.5kg IN,PRO PLAN PUPPY Large Breed Chkn 15kg,12556698,IN PP: PROPLAN Puppy,PETCARE,PETCARE,1.0,15.2,15.0,49.966,12556698
12573358,PROPLAN PUPPY LBr Chkn 15Kg PR B1G1 IN,PRO PLAN PUPPY Large Breed Chkn 15kg,12556698,IN PP: PROPLAN Puppy,PETCARE,PETCARE,1.0,0.0,0.0,0.0,12573358
12518403,PRO PLAN PUPPY Large Breed Chkn 15kg XI,PRO PLAN PUPPY Large Breed Chkn 15kg,12556698,IN PP: PROPLAN Puppy,PETCARE,PETCARE,1.0,15.2,15.0,49.966,12518403
12622567,PRO PLAN PUPPY LBr 15kg PR 3kg Fr IN,PRO PLAN PUPPY Large Breed Chkn 15kg,12556698,IN PP: PROPLAN Puppy,PETCARE,PETCARE,1.0,15.2,15.0,49.966,12622567
12461924,PRO PLAN PUPPY Large 130x50g IN,PRO PLAN PUPPY Large Breed Chkn 50g,12461924,IN PP: PROPLAN Puppy,PETCARE,PETCARE,130.0,7.627,6.5,43.092,12461924
12518378,PRO PLAN PUPPY Large 130x50g XI,PRO PLAN PUPPY Large Breed Chkn 50g,12461924,IN PP: PROPLAN Puppy,PETCARE,PETCARE,130.0,7.58,6.5,42.9,12518378
12455321,PROPLAN PUPPY LBr Chkn 4x2.5kg IN,PRO PLAN PUPPY LBr Chkn 3kg,12455321,IN PP: PROPLAN Puppy,PETCARE,PETCARE,4.0,10.7,10.0,33.973,12455321
12573359,PROPLAN PUPPY LBr Chkn4x2.5Kg PR B1G1 IN,PRO PLAN PUPPY LBr Chkn 3kg,12455321,IN PP: PROPLAN Puppy,PETCARE,PETCARE,4.0,10.7,10.0,33.973,12573359
12518402,PRO PLAN PUPPY LBr Chkn 4x3kg XI,PRO PLAN PUPPY LBr Chkn 3kg,12455321,IN PP: PROPLAN Puppy,PETCARE,PETCARE,4.0,13.11,12.0,42.9,12518402
12622548,PRO PLAN PUPPY LBr Chkn 4x3kg FrW15kg IN,PRO PLAN PUPPY LBr Chkn 4x3kg FrW15kg IN,12622548,IN PP: PROPLAN Puppy,PETCARE,PETCARE,4.0,13.11,12.0,57.822,12622548
12622557,PRO PLAN PUPPY Med 4x3kg FrW 15kg IN,PRO PLAN PUPPY Med 4x3kg FrW 15kg IN,12622557,IN PP: PROPLAN Puppy,PETCARE,PETCARE,4.0,13.11,12.0,57.822,12622557
12461922,PRO PLAN PUPPY Medium 130x50g IN,PRO PLAN PUPPY Medium 50g,12461922,IN PP: PROPLAN Puppy,PETCARE,PETCARE,130.0,7.627,6.5,43.092,12461922
12518386,PRO PLAN PUPPY Medium 130x50g XI,PRO PLAN PUPPY Medium 50g,12461922,IN PP: PROPLAN Puppy,PETCARE,PETCARE,130.0,7.58,6.5,42.9,12518386
12589669,PRO PLAN PUPPY Starter 130x50g XI,PRO PLAN PUPPY Medium 50g,12461922,IN PP: PROPLAN Puppy,PETCARE,PETCARE,130.0,7.58,6.5,42.9,12589669
12518377,PRO PLAN ADULT Dog Medium 130x50g XI,PRO PLAN PUPPY Medium 50g,12461922,IN PP: PROPLAN Adult,PETCARE,PETCARE,130.0,7.58,6.5,42.9,12518377
12455291,PROPLAN PUPPY Medium Chicken 15kg IN,PRO PLAN PUPPY Medium Chicken 15kg,12455291,IN PP: PROPLAN Puppy,PETCARE,PETCARE,1.0,0.0,0.0,0.0,12455291
12556694,PRO PLAN PUPPY Med Chkn 15kg PR 2.5kg IN,PRO PLAN PUPPY Medium Chicken 15kg,12455291,IN PP: PROPLAN Puppy,PETCARE,PETCARE,1.0,15.2,15.0,49.966,12556694
12573390,PROPLAN PUPPY Med Chkn 15Kg PR B1G1 IN,PRO PLAN PUPPY Medium Chicken 15kg,12455291,IN PP: PROPLAN Puppy,PETCARE,PETCARE,1.0,0.0,0.0,0.0,12573390
12518404,PRO PLAN PUPPY Medium Chicken 15kg XI,PRO PLAN PUPPY Medium Chicken 15kg,12455291,IN PP: PROPLAN Puppy,PETCARE,PETCARE,1.0,15.2,15.0,49.966,12518404
12622577,PRO PLAN PUPPY Med 15kg PR 3kg Fr IN,PRO PLAN PUPPY Medium Chicken 15kg,12455291,IN PP: PROPLAN Puppy,PETCARE,PETCARE,1.0,15.2,15.0,49.966,12622577
12455292,PRPN PUPPY Medium Chicken 4x2.5kg IN,PRO PLAN PUPPY Medium Chicken 2.5kg,12455292,IN PP: PROPLAN Puppy,PETCARE,PETCARE,4.0,10.7,10.0,33.973,12455292
12573376,PRPN PUPPY Med Chkn 4x2.5Kg PR B1G1 IN,PRO PLAN PUPPY Medium Chicken 2.5kg,12455292,IN PP: PROPLAN Puppy,PETCARE,PETCARE,4.0,10.7,10.0,33.973,12573376
12518405,PRO PLAN PUPPY Medium Chicken 4x3kg XI,PRO PLAN PUPPY Medium Chicken 2.5kg,12455292,IN PP: PROPLAN Puppy,PETCARE,PETCARE,4.0,13.11,12.0,57.822,12518405
12377715,PROPLAN PUPPY Small & Mini 4x2.5kg IN,PRO PLAN PUPPY Small & Mini 2.5kg,12377715,IN PP: PROPLAN Puppy,PETCARE,PETCARE,4.0,10.7,10.0,33.973,12377715
12377581,PROPLAN PUPPY Small & Mini 7kg IN,PRO PLAN PUPPY Small & Mini 7kg,12377581,IN PP: PROPLAN Puppy,PETCARE,PETCARE,1.0,0.0,0.0,0.0,12377581
12518384,PRO PLAN PERFORMANCE STARTER 12KG XI,PRO PLAN Puppy Starter 12kg XI,12518384,IN PP: PROPLAN Puppy,PETCARE,PETCARE,1.0,12.18,12.0,40.344,12518384
12534452,PRO PLAN PERFORMANCE STARTER 4X3KG XI,PRO PLAN Puppy Starter 4x3kg XI,12534452,IN PP: PROPLAN Puppy,PETCARE,PETCARE,4.0,13.11,12.0,57.822,12534452
12443629,PRO PLAN PUPPY Stve Digest 4x2.5kg IN,PRO PLAN PUPPY Stve Digest 3kg,12443629,IN PP: PROPLAN Puppy,PETCARE,PETCARE,4.0,10.7,10.0,33.973,12443629
12558390,PROPLAN ADULT Dog Med 4x2.5kg FrW15kg IN,PROPLAN ADULT Dog Med 4x2.5kg FrW15kg IN,12558390,IN PP: PROPLAN Adult,PETCARE,PETCARE,4.0,10.7,10.0,33.973,12558390
12558379,PROPLAN PPY LBR Chkn 4x2.5Kg FrW 15kg IN,PROPLAN PPY LBR Chkn 4x2.5Kg FrW 15kg IN,12558379,IN PP: PROPLAN Puppy,PETCARE,PETCARE,4.0,10.7,10.0,33.973,12558379
12573365,PROPLAN PPY LBr Chkn 4x2.5Kg FrW2.5kg IN,PROPLAN PPY LBr Chkn 4x2.5Kg FrW2.5kg IN,12573365,IN PP: PROPLAN Puppy,PETCARE,PETCARE,4.0,10.7,10.0,33.973,12573365
12558367,PROPLAN PPY Med Chkn 4x2.5Kg FrW 15kg IN,PROPLAN PPY Med Chkn 4x2.5Kg FrW 15kg IN,12558367,IN PP: PROPLAN Puppy,PETCARE,PETCARE,4.0,10.7,10.0,33.973,12558367
12573375,PROPLAN PUPPY LBr Chkn 15Kg FrW 15kg IN,PROPLAN PUPPY LBr Chkn 15Kg FrW 15kg IN,12573375,IN PP: PROPLAN Puppy,PETCARE,PETCARE,1.0,0.0,0.0,0.0,12573375
12573391,PROPLAN PUPPY Med Chkn 15Kg FrW 15kg IN,PROPLAN PUPPY Med Chkn 15Kg FrW 15kg IN,12573391,IN PP: PROPLAN Puppy,PETCARE,PETCARE,1.0,0.0,0.0,0.0,12573391
12558400,PRPN Adt Dog LBr Chkn 4x2.5kg FrW15kg IN,PRPN Adt Dog LBr Chkn 4x2.5kg FrW15kg IN,12558400,IN PP: PROPLAN Adult,PETCARE,PETCARE,4.0,10.7,10.0,33.973,12558400
12391062,PRPN ADULT Dog SmBr Chkn 4x2.5kg N1 XI,PRPN ADULT Dog SmBr Chkn 4x2.5kg N1 XI,12391062,IN PP: PROPLAN Adult,PETCARE,PETCARE,4.0,10.7,10.0,33.973,12391062
12573374,PRPN PUPPY Med Chkn 4x2.5Kg FrW 2.5kg IN,PRPN PUPPY Med Chkn 4x2.5Kg FrW 2.5kg IN,12573374,IN PP: PROPLAN Puppy,PETCARE,PETCARE,4.0,10.7,10.0,33.973,12573374
12358119,RED DOOR CAFÉ CARE CHARGES IN,RED DOOR CAFÉ CARE CHARGES IN,12358119,IN C&B : Solutions Cafe Care - FS,NP,NP,12.0,6.964,6.0,46.332,12358119
12517674,RESO DIALYSIS VANILA 12(4x50g) ACD554 IN,RESO DIALYSIS VANILA 12(4x50g) ACD554 IN,12517674,IN HCN : Resource Dialysis,HCN,HCN,12.0,3.8,2.4,20.774,12517674
12444267,RESO HIGH PROTEIN Vanilla BIB 24x200g IN,RESO HIGH PROTEIN Vanilla BIB 200g,12444267,IN HCN : Resource High Protein,HCN,HCN,24.0,6.8,4.8,36.843,12444267
12517483,RESO HIGH PROTEIN Vanilla 24x200g N2 IN,RESO HIGH PROTEIN Vanilla BIB 200g,12444267,IN HCN : Resource High Protein,HCN,HCN,24.0,6.8,4.8,36.843,12517483
12518424,RESO HIGH PROTEIN12(4x50g)INAANFP0001 IN,RESO HIGH PROTEIN12(4x50g)INAANFP0001 IN,12518424,IN HCN : Resource High Protein,HCN,HCN,12.0,3.8,2.4,36.843,12518424
12584095,RESOURCE ACTIVE 20x400g AANFP0008 IN,RESOURCE ACTIVE 400g,12584095,IN HCN : Resource ,HCN,HCN,20.0,10.33,8.0,47.838,12584095
12594504,RESOURCE ACTIVE 48x50g AANFP0008 IN,RESOURCE ACTIVE 50g,12594504,IN HCN : Resource ,HCN,HCN,48.0,3.2,2.4,23.52,12594504
12519551,RESOURCE DIABETIC CHOCO 12x400g IN,RESOURCE DIABETIC CHOCO 12x400g IN,12519551,IN HCN : Resource Diabetic,HCN,HCN,12.0,7.56,4.8,43.988,12519551
12567327,RESOURCE Dbtc Choco 24x400gAADCP0006-1IN,RESOURCE DIABETIC CHOCO 12x400g IN,12519551,IN HCN : Resource Diabetic,HCN,HCN,24.0,12.0,9.6,46.632,12567327
12395482,RESOURCE DIABETIC Vanilla 24x200g IN,RESOURCE DIABETIC Vanilla 200g,12395482,IN HCN : Resource Diabetic,HCN,HCN,24.0,6.72,4.8,36.622,12395482
12278185,RESOURCE DIABETIC VNLA 12x400g IN,RESOURCE DIABETIC Vanilla 400g,12278185,IN HCN : Resource Diabetic,HCN,HCN,12.0,7.4,4.8,43.384,12278185
12569067,RESOURCE DIABETIC VNLA 12x400g N1 IN,RESOURCE DIABETIC Vanilla 400g,12278185,IN HCN : Resource Diabetic,HCN,HCN,12.0,7.4,4.8,43.384,12569067
12510850,RESOURCE DIABETIC Vanilla 24x400g IN,RESOURCE DIABETIC Vanilla 400g,12278185,IN HCN : Resource Diabetic,HCN,HCN,24.0,11.9,9.6,43.329,12510850
12567227,RESOURCE DIABETIC 20x400g AADCP0002 IN,RESOURCE DIABETIC Vanilla 400g,12278185,IN HCN : Resource Diabetic,HCN,HCN,24.0,10.02,8.0,46.632,12567227
12583328,RESOURCE Diabetic VAN 12x400gAADCP0002IN,RESOURCE DIABETIC Vanilla 400g,12278185,IN HCN : Resource Diabetic,HCN,HCN,12.0,7.44,4.8,43.988,12583328
12374858,RESOURCE DIABETIC Vanilla 48x50g IN,RESOURCE DIABETIC Vanilla 48x50g IN,12374858,IN HCN : Resource Diabetic,HCN,HCN,48.0,3.2,2.4,20.774,12374858
12519543,RESOURCE DIABETIC VANILLA 12(4x50g) IN,RESOURCE DIABETIC Vanilla 50g,12519543,IN HCN : Resource Diabetic,HCN,HCN,12.0,3.8,2.4,20.774,12519543
12398653,RESOURCE DIALYSIS Vanila 48x50g IN,RESOURCE DIALYSIS Vanila 48x50g IN,12398653,IN HCN : Resource Dialysis,HCN,HCN,48.0,3.2,2.4,20.774,12398653
12278183,RESOURCE DIALYSIS VNLA 12x400g IN,RESOURCE DIALYSIS Vanilla 400g,12278183,IN HCN : Resource Dialysis,HCN,HCN,12.0,7.5,4.8,39.732,12278183
12510834,RESOURCE DIALYSIS 12x400g AARCP0002 IN,RESOURCE DIALYSIS Vanilla 400g,12278183,IN HCN : Resource Dialysis,HCN,HCN,12.0,7.55,4.8,43.988,12510834
12164787,RESOURCE HEPATIC Lime Tin 24x200g IN,RESOURCE HEPATIC 200g,12164787,IN HCN : Novasource NutriHep,HCN,HCN,24.0,7.48,4.8,29.26,12164787
12510851,RESOURCE HEPATIC 12x400g AAXCP0001 IN,RESOURCE HEPATIC 400g,12510851,IN HCN : Novasource NutriHep,HCN,HCN,12.0,7.46,4.8,43.988,12510851
12378037,RESOURCE High Protein Choc 24x200g IN,RESOURCE HIGH PROTEIN Choc 200g,12378037,IN HCN : Resource High Protein,HCN,HCN,24.0,6.68,4.8,36.843,12378037
12428981,RESO HIPRO CHOC CP 8(2x200g)PR Shk Fr IN,RESOURCE HIGH PROTEIN Choc 200g,12378037,IN HCN : Resource High Protein,HCN,HCN,8.0,7.4,3.2,47.933,12428981
12519550,RESOURCE HIGH PROTEIN CHOCO 24x200g IN,RESOURCE HIGH PROTEIN Choc 200g,12378037,IN HCN : Resource High Protein,HCN,HCN,24.0,6.68,4.8,36.528,12519550
12518618,RESOURCE HIGH PROTEIN Sample 48x50g IN,RESOURCE HIGH PROTEIN Sample 48x50g IN,12518618,IN HCN : Resource High Protein,HCN,HCN,48.0,3.2,2.4,36.843,12518618
12531356,RESOURCE HIGH PROTEIN 48x50g N1 IN,RESOURCE HIGH PROTEIN Sample 48x50g IN,12518618,IN HCN : Resource High Protein,HCN,HCN,48.0,3.2,2.4,36.843,12531356
12368533,RESOURCE HIGH PROTEEN Vnla12(4x50g)N1 IN,RESOURCE HIGH PROTEIN Vanilla 4X50g,12368533,IN HCN : Resource High Protein,HCN,HCN,12.0,3.5,2.4,21.691,12368533
12164788,RESOURCE HIGH PROTEIN Van Tin 24x200g IN,RESOURCE HIGH PROTEIN Vanilla Tin 200g,12164788,IN HCN : Resource High Protein,HCN,HCN,24.0,7.16,4.8,22.68,12164788
12278181,RESOURCE HIGH PRTN Van Cntnr 12x400g IN,RESOURCE HIGH PROTEIN Vanilla Tin 400g,12329995,IN HCN : Resource High Protein,HCN,HCN,12.0,7.5,4.8,39.732,12278181
12329995,RESOURCE HIGH PROTEIN VNLA 12x400g N1 IN,RESOURCE HIGH PROTEIN Vanilla Tin 400g,12329995,IN HCN : Resource High Protein,HCN,HCN,12.0,7.56,4.8,41.58,12329995
12471433,RESO High Prtn Van 12x400g PR Coupon IN,RESOURCE HIGH PROTEIN Vanilla Tin 400g,12329995,IN HCN : Resource High Protein,HCN,HCN,12.0,7.5,4.8,43.988,12471433
12496973,RESOURCE High Prtn 12x400g AANFP0001 IN,RESOURCE HIGH PROTEIN Vanilla Tin 400g,12329995,IN HCN : Resource High Protein,HCN,HCN,12.0,7.48,4.8,43.988,12496973
12573378,RESOURCE HiPro Van12x400g AANFP0001-1 IN,RESOURCE HIGH PROTEIN Vanilla Tin 400g,12329995,IN HCN : Resource High Protein,HCN,HCN,12.0,7.48,4.8,43.988,12573378
12278184,RESOURCE OPTI VNLA 12x400g IN,RESOURCE OPTI Vanilla 400g,12278184,IN HCN : Resource Opti,HCN,HCN,12.0,7.5,4.8,41.58,12278184
12502481,NESTLE RESOURCE Opti 12x400g IN,RESOURCE OPTI Vanilla 400g,12278184,IN HCN : Resource Opti,HCN,HCN,12.0,7.48,4.8,43.988,12502481
12539847,NESTLE RESOURCE OPTI 12x400g AANCP0001IN,RESOURCE OPTI Vanilla 400g,12278184,IN HCN : Resource Opti,HCN,HCN,12.0,7.39,4.8,43.605,12539847
12278182,RESOURCE RENAL VNLA 12x400g IN,RESOURCE RENAL Vanilla 400g,12278182,IN HCN : Resource Renal,HCN,HCN,12.0,7.5,4.8,39.732,12278182
12510835,RESOURCE RENAL 12x400g AARCP0001 IN,RESOURCE RENAL Vanilla 400g,12278182,IN HCN : Resource Renal,HCN,HCN,12.0,7.46,4.8,43.988,12510835
12434994,THICKENUP CLEAR 12x125g IN,RESOURCE THICKENUP Clear 12x125g IN,12434994,IN HCN : Resource ,HCN,HCN,12.0,2.03,1.5,9.133,12434994
12297981,S-26 GOLD 1 Can SEOE 12x400g IN,S-26 GOLD 1 Can SEOE 400g,12297981,IN NSB : S-26 GOLD Stage 1,INFANT NUTRITION,NN,12.0,6.5,4.8,17.861,12297981
12298044,S-26 GOLD 2 Can SEOE 12x400g IN,S-26 GOLD 2 Can SEOE 400g,12298044,IN NSB : S-26 GOLD Stage 2,INFANT NUTRITION,NN,12.0,6.5,4.8,17.861,12298044
12328277,MAGGI Soup Corn & Pepper 120x15g IN,SOUP CORN&PEP 15G,12347927,IN CUL : MAGGI Instant Soups,CULINARY,F&B,120.0,2.9,1.8,15.42,12328277
12347927,MAGGI Soup Corn & Pepper 120x15g N3 IN,SOUP CORN&PEP 15G,12347927,IN CUL : MAGGI Instant Soups,CULINARY,F&B,120.0,2.9,1.8,15.42,12347927
12328276,MAGGI Soup Dal Shorba & Garlic120x15g IN,SOUP DAL&GARLC 15G,12347926,IN CUL : MAGGI Instant Soups,CULINARY,F&B,120.0,2.9,1.8,15.42,12328276
12347926,MAGGI Soup Dal Shorba 120x15g N2 IN,SOUP DAL&GARLC 15G,12347926,IN CUL : MAGGI Instant Soups,CULINARY,F&B,120.0,2.9,1.8,15.42,12347926
12328655,MAGGI Soup Pea & Coriander120x15g IN,SOUP PEA&CORD 15G,12328655,IN CUL : MAGGI Instant Soups,CULINARY,F&B,120.0,2.9,1.8,15.42,12328655
12328274,MAGGI Soup Tom Margherita 120x15g IN,SOUP TOM MARGH 15G,12347940,IN CUL : MAGGI Instant Soups,CULINARY,F&B,120.0,2.9,1.8,15.42,12328274
12333139,MAGGI Soup Tom Margherita 120x15g N1 IN,SOUP TOM MARGH 15G,12347940,IN CUL : MAGGI Instant Soups,CULINARY,F&B,120.0,2.9,1.8,15.42,12333139
12347940,MAGGI Soup Tom Margherita 120x15g N2 IN,SOUP TOM MARGH 15G,12347940,IN CUL : MAGGI Instant Soups,CULINARY,F&B,120.0,2.9,1.8,15.42,12347940
12328701,MAGGI Soup Winter Veg & Gngr 120x15g IN,SOUP VEG&GNGR 15G,12347929,IN CUL : MAGGI Instant Soups,CULINARY,F&B,120.0,2.9,1.8,15.42,12328701
12333137,MAGGI Soup Winter Veg& Gngr120x15g N1 IN,SOUP VEG&GNGR 15G,12347929,IN CUL : Noodles - FS,NP,NP,120.0,2.9,1.8,15.42,12333137
12347929,MAGGI Soup Winter Veg&Gngr 120x15g N2 IN,SOUP VEG&GNGR 15G,12347929,IN CUL : MAGGI Instant Soups,CULINARY,F&B,120.0,2.9,1.8,15.42,12347929
12328275,MAGGI Soup Veg Chilli Pepper 120x15g IN,SOUP VGCHILIPP 15G,12347925,IN CUL : MAGGI Instant Soups,CULINARY,F&B,120.0,2.9,1.8,15.42,12328275
12347925,MAGGI Soup Veg Chilli Peppr120x15g N2 IN,SOUP VGCHILIPP 15G,12347925,IN CUL : MAGGI Instant Soups,CULINARY,F&B,120.0,2.9,1.8,15.42,12347925
12450252,SPRCT Adt AllBreed Chkn 6x2kg FrW10kg IN,SPRCT Adt AllBreed Chkn 6x2kg FrW10kg IN,12450252,TH Pet DryDogPremium 2001-5000g.,PETCARE,PETCARE,6.0,12.48,12.0,49.5,12450252
12353192,SUPERCOAT Adult Chicken 10kg IN,SUPERCOAT Adult AllBreed Chkn 10kg,12444315,TH Pet DryDogPremium 2001-5000g.,PETCARE,PETCARE,1.0,10.16,10.0,24.192,12353192
12444315,Supercoat Adult Brd Chkn 10 kg PR 2Kg IN,SUPERCOAT Adult AllBreed Chkn 10kg,12444315,TH Pet DryDogPremium 2001-5000g.,PETCARE,PETCARE,1.0,10.16,10.0,24.192,12444315
12609744,SUPERCOAT Adult Chkn10kg Stkr 790 Off IN,SUPERCOAT Adult AllBreed Chkn 10kg,12444315,TH Pet DryDogPremium 2001-5000g.,PETCARE,PETCARE,1.0,10.16,10.0,24.192,12609744
12399597,SUPERCOAT Adult AllBreed Chkn 40X120g IN,SUPERCOAT Adult AllBreed Chkn 120g,12399597,TH Pet DryDogPremium 2001-5000g.,PETCARE,PETCARE,40.0,5.6,4.8,26.558,12399597
12400230,SUPERCOAT ADULT Chicken 20kg IN,SUPERCOAT Adult AllBreed Chkn 20kg,12400230,TH Pet DryDogPremium 2001-5000g.,PETCARE,PETCARE,1.0,20.22,20.0,43.344,12400230
12605298,SPRCT Adt AllBreedChkn 20Kg Rs1550Off IN,SUPERCOAT Adult AllBreed Chkn 20kg,12400230,TH Pet DryDogPremium 2001-5000g.,PETCARE,PETCARE,1.0,20.22,20.0,43.344,12605298
12400234,SUPERCOAT Adult AllBreed Chkn 6x2kg IN,SUPERCOAT Adult AllBreed Chkn 2kg,12400234,TH Pet DryDogPremium 2001-5000g.,PETCARE,PETCARE,6.0,12.98,12.0,49.5,12400234
12592959,SUPERCOAT ADULTChicken 4x(2+0.5)kg PR IN,SUPERCOAT Adult AllBreed Chkn 2kg,12400234,TH Pet DryDogPremium 2001-5000g.,PETCARE,PETCARE,4.0,10.96,10.0,42.9,12592959
12607341,SPRCT Adt Chkn 4x(2+0.5)KgPR Rs145Off IN,SUPERCOAT Adult AllBreed Chkn 2kg,12400234,TH Pet DryDogPremium 2001-5000g.,PETCARE,PETCARE,4.0,10.96,10.0,42.9,12607341
12604941, SUPERCOAT ADULTChicken 4x2.5Kg IN,SUPERCOAT Adult AllBreed Chkn 2kg,12400234,TH Pet DryDogPremium 2001-5000g.,PETCARE,PETCARE,4.0,10.96,10.0,42.9,12604941
12353193,Supercoat Adult AllBreed Chkn 4X3kg IN,SUPERCOAT Adult AllBreed Chkn 3kg,12353193,TH Pet DryDogPremium 2001-5000g.,PETCARE,PETCARE,4.0,12.94,12.0,37.347,12353193
12561722,SUPERCOAT Adult Chicken 4x(2+1)Kg PR IN,SUPERCOAT Adult AllBreed Chkn 3kg,12353193,TH Pet DryDogPremium 2001-5000g.,PETCARE,PETCARE,4.0,12.94,12.0,37.347,12561722
12353194,Supercoat Adult AllBreed Chkn 12X400g IN,SUPERCOAT Adult AllBreed Chkn 400g,12353194,TH Pet DryDogPremium 2001-5000g.,PETCARE,PETCARE,12.0,5.56,4.8,26.558,12353194
12581849,SUPERCOAT Adult Chkn 12x(300+100)g PR IN,SUPERCOAT Adult AllBreed Chkn 400g,12353194,TH Pet DryDogPremium 2001-5000g.,PETCARE,PETCARE,12.0,5.56,4.8,26.558,12581849
12607951,SPRCT Adt Chkn12(300+100)gPR Rs26 Off IN,SUPERCOAT Adult AllBreed Chkn 400g,12353194,TH Pet DryDogPremium 2001-5000g.,PETCARE,PETCARE,12.0,5.56,4.8,26.558,12607951
12400233,SUPERCOAT Adult AllBreed Chkn 8kg IN,SUPERCOAT Adult AllBreed Chkn 8kg,12400233,TH Pet DryDogPremium 2001-5000g.,PETCARE,PETCARE,1.0,8.128,8.0,15.36,12400233
12379753,SUPERCOAT Adult Brd Chkn 4x3kg PR400g IN,SUPERCOAT Adult Breed Chkn 400g PR,12379753,TH Pet DryDogPremium 0-1500g,PETCARE,PETCARE,4.0,12.4,12.0,37.347,12379753
12353190,Supercoat ADLT Healthy Weight 4X3kg IN,SUPERCOAT Adult Healthy Weight 3kg,12353190,TH Pet DryDogPremium 2001-5000g.,PETCARE,PETCARE,4.0,12.94,12.0,37.347,12353190
12607316,SPRCT Adt Hlth Weight 4x3kg Rs335Off IN,SUPERCOAT Adult Healthy Weight 3kg,12353190,TH Pet DryDogPremium 2001-5000g.,PETCARE,PETCARE,4.0,12.94,12.0,37.347,12607316
12353191,Supercoat ADLT Healthy Weight 12X400g IN,SUPERCOAT Adult Healthy Weight 400g,12353191,TH Pet DryDogPremium 2001-5000g.,PETCARE,PETCARE,12.0,5.56,4.8,26.558,12353191
12353156,Supercoat Adult SmallBreedChkn 1X10kg IN,SUPERCOAT Adult SmallBreed Chkn 10kg,12353156,TH Pet DryDogPremium 2001-5000g.,PETCARE,PETCARE,1.0,10.1,10.0,24.192,12353156
12353157,Supercoat Adult SmallBreed Chkn 4X3kg IN,SUPERCOAT Adult SmallBreed Chkn 3kg,12353157,TH Pet DryDogPremium 2001-5000g.,PETCARE,PETCARE,4.0,12.94,12.0,37.347,12353157
12607317,SPRCT Adt Sml Breed Chkn4x3kgRs265Off IN,SUPERCOAT Adult SmallBreed Chkn 3kg,12353157,TH Pet DryDogPremium 2001-5000g.,PETCARE,PETCARE,4.0,12.94,12.0,37.347,12607317
12557953,SUPERCOAT Puppy 6x1kg FrW 3kg IN,SUPERCOAT Puppy 6x1kg FrW 3kg IN,12557953,TH Pet DryDogPremium 0-1500g,PETCARE,PETCARE,6.0,6.78,6.0,49.5,12557953
12353195,Supercoat Puppy Chicken 10 kg IN,SUPERCOAT Puppy Chicken 10kg,12353195,TH Pet DryDogPremium 0-1500g,PETCARE,PETCARE,1.0,10.16,10.0,24.192,12353195
12444331,Supercoat Puppy Chkn 10 kg PR 2 Kg IN,SUPERCOAT Puppy Chicken 10kg,12353195,TH Pet DryDogPremium 0-1500g,PETCARE,PETCARE,1.0,10.16,10.0,24.192,12444331
12555816,SUPERCOAT Puppy Chicken 8+2kg PR IN,SUPERCOAT Puppy Chicken 10kg,12353195,TH Pet DryDogPremium 0-1500g,PETCARE,PETCARE,1.0,10.16,10.0,24.192,12555816
12434888,SUPERCOAT Puppy Chkn 8kg PR 2Kg N1 IN,SUPERCOAT Puppy Chicken 10kg,12353195,TH Pet DryDogPremium 0-1500g,PETCARE,PETCARE,1.0,8.03,8.0,15.36,12434888
12594254,SUPERCOAT PUPPY Chkn 10 KG PR 3KG IN,SUPERCOAT Puppy Chicken 10kg,12353195,TH Pet DryDogPremium 0-1500g,PETCARE,PETCARE,1.0,10.16,10.0,24.192,12594254
12609762,SUPERCOAT Puppy Chkn10kg Stkr 910 Off IN,SUPERCOAT Puppy Chicken 10kg,12353195,TH Pet DryDogPremium 0-1500g,PETCARE,PETCARE,1.0,10.16,10.0,24.192,12609762
12399598,SUPERCOAT Puppy Chicken 40X120g IN,SUPERCOAT Puppy Chicken 120g,12399598,TH Pet DryDogPremium 0-1500g,PETCARE,PETCARE,40.0,5.6,4.8,26.558,12399598
12400232,SUPERCOAT Puppy Chicken 6x2kg IN,SUPERCOAT Puppy Chicken 2kg,12400232,TH Pet DryDogPremium 0-1500g,PETCARE,PETCARE,6.0,12.98,12.0,49.5,12400232
12434901,SUPERCOAT Puppy Chkn 6x2Kg FrW 8kg N1 IN,SUPERCOAT Puppy Chicken 2kg,12400232,TH Pet DryDogPremium 0-1500g,PETCARE,PETCARE,6.0,12.48,12.0,49.5,12434901
12592958,SUPERCOAT PUPPYChicken 4x(2+0.5)kg PR IN,SUPERCOAT Puppy Chicken 2kg,12400232,TH Pet DryDogPremium 0-1500g,PETCARE,PETCARE,4.0,10.96,10.0,42.9,12592958
12607323,SPRCT Ppy Chkn4x(2+0.5)kg PR Rs175Off IN,SUPERCOAT Puppy Chicken 2kg,12400232,TH Pet DryDogPremium 0-1500g,PETCARE,PETCARE,4.0,10.96,10.0,42.9,12607323
12353196,Supercoat Puppy Chicken 4X3 kg IN,SUPERCOAT Puppy Chicken 3kg,12353196,TH Pet DryDogPremium 0-1500g,PETCARE,PETCARE,4.0,12.94,12.0,37.347,12353196
12555779,SUPERCOAT Puppy Chicken 4x3kg PR 1kg IN,SUPERCOAT Puppy Chicken 3kg,12353196,TH Pet DryDogPremium 0-1500g,PETCARE,PETCARE,4.0,12.94,12.0,37.347,12555779
12555805,SUPERCOAT Puppy Chicken 4x(2+1)kg PR IN,SUPERCOAT Puppy Chicken 3kg,12353196,TH Pet DryDogPremium 0-1500g,PETCARE,PETCARE,4.0,12.94,12.0,37.347,12555805
12604909,SUPERCOAT PUPPYChicken 4x2.5kg IN,SUPERCOAT Puppy Chicken 3kg,12353196,TH Pet DryDogPremium 0-1500g,PETCARE,PETCARE,4.0,10.96,10.0,42.9,12604909
12353198,SUPERCOAT PUPPY Chicken 12x400g IN,SUPERCOAT Puppy Chicken 400g,12353198,TH Pet DryDogPremium 0-1500g,PETCARE,PETCARE,12.0,5.56,4.8,26.558,12353198
12581864,SUPERCOAT Puppy Chkn 12x(300+100)g PR IN,SUPERCOAT Puppy Chicken 400g,12353198,TH Pet DryDogPremium 0-1500g,PETCARE,PETCARE,12.0,5.56,4.8,26.558,12581864
12607952,SPRCT Ppy Chkn12(300+100)g PR Rs36Off IN,SUPERCOAT Puppy Chicken 400g,12353198,TH Pet DryDogPremium 0-1500g,PETCARE,PETCARE,12.0,5.56,4.8,26.558,12607952
12400231,SUPERCOAT Puppy Chicken 8kg IN,SUPERCOAT Puppy Chicken 8kg,12400231,TH Pet DryDogPremium 0-1500g,PETCARE,PETCARE,1.0,8.128,8.0,15.36,12400231
12583520,SUPERCOAT Puppy Chicken 8kg PR B1G1 IN,SUPERCOAT Puppy Chicken 8kg,12400231,TH Pet DryDogPremium 0-1500g,PETCARE,PETCARE,1.0,8.128,8.0,15.36,12583520
12583635,SUPERCOAT Puppy Chicken 8kg FrW 8kg IN,SUPERCOAT Puppy Chicken 8kg FrW 8kg IN,12583635,TH Pet DryDogPremium 0-1500g,PETCARE,PETCARE,1.0,8.128,8.0,15.36,12583635
12595420,SUPERCOAT Puppy Chkn 4x3Kg FrW 10Kg IN,SUPERCOAT Puppy Chkn 4x3Kg FrW 10Kg IN,12595420,TH Pet DryDogPremium 0-1500g,PETCARE,PETCARE,4.0,12.94,12.0,37.347,12595420
12450248,SUPERCOAT Puppy Chkn 6x2kg FrW 10kg IN,SUPERCOAT Puppy Chkn 6x2kg FrW 10kg IN,12450248,TH Pet DryDogPremium 0-1500g,PETCARE,PETCARE,6.0,12.48,12.0,49.5,12450248
11340487,NESTLE a+ dahi 48x85g IN,Z a+ dahi 85g,12363431,IN FD : Dahi_Regular,DAIRY,F&B,48.0,4.92,4.08,14.025,11340487
12279956,NESTLE a+ Nourish dahi 48x80g IN,Z a+ dahi 85g,12363431,IN FD : Dahi_Regular,DAIRY,F&B,48.0,4.436,3.84,14.355,12279956
12363431,NESTLE a+ Nourish Dahi 36x80g IN,Z a+ dahi 85g,12363431,IN FD : Dahi_Regular,DAIRY,F&B,36.0,3.56,2.88,14.19,12363431
12043541,BAR ONE Countline Jar20(24x18g) IN,Z BAR ONE Rs. 5 Jar 12g,12121207,IN C&C : Barone,CHOCOLATE,F&B,480.0,11.25,8.64,57.842,12043541
12121207,BAR ONE Countline Jar 20(25x15g) IN,Z BAR ONE Rs. 5 Jar 12g,12121207,IN C&C : Barone,CHOCOLATE,F&B,500.0,7.8,7.5,48.904,12121207
12133279,BAR ONE Countline Jar 20(30x15g) IN,Z BAR ONE Rs. 5 Jar 12g,12121207,IN C&C : Barone,CHOCOLATE,F&B,600.0,11.5,9.0,48.904,12133279
12150086,BAR ONE Countline Jar 20(30x15g) N1 IN,Z BAR ONE Rs. 5 Jar 12g,12121207,IN C&C : Barone,CHOCOLATE,F&B,600.0,11.5,9.0,48.904,12150086
12155983,BAR ONE Countline Jar 20(30x14g) IN,Z BAR ONE Rs. 5 Jar 12g,12121207,IN C&C : Barone,CHOCOLATE,F&B,600.0,11.1,8.4,54.674,12155983
12155992,BAR ONE Countline Jar 20(30x14g) N1 IN,Z BAR ONE Rs. 5 Jar 12g,12121207,IN C&C : Barone,CHOCOLATE,F&B,600.0,11.1,8.4,54.674,12155992
12166687,BAR ONE Countline Dspl 16(30x14g) N1 IN,Z BAR ONE Rs. 5 Jar 12g,12121207,IN C&C : Barone,CHOCOLATE,F&B,480.0,11.5,6.72,30.219,12166687
12192101,BAR ONE Jar Promo 20(32x14g) IN,Z BAR ONE Rs. 5 Jar 12g,12121207,IN C&C : Barone,CHOCOLATE,F&B,640.0,11.3,8.96,48.904,12192101
12215311,BAR ONE Jar Promo 20(35X13g) IN,Z BAR ONE Rs. 5 Jar 12g,12121207,IN C&C : Barone,CHOCOLATE,F&B,700.0,11.0,9.1,48.904,12215311
12253837,BAR ONE Jar 20(35X12g) PR IN,Z BAR ONE Rs. 5 Jar 12g,12121207,IN C&C : Barone,CHOCOLATE,F&B,700.0,9.94,8.4,48.904,12253837
11340722,CERELAC STAGE 1 Wheat Apple BIB48x200gIN,Z CERELAC STAGE 1 Whe Apple BIB 200g,11340722,IN NSB : Cerelac 1,INFANT NUTRITION,NN,48.0,12.0,9.6,40.754,11340722
12043332,CERELAC STAGE 1 Wheat MP 12(2x375g) IN,Z CERELAC STAGE 1 Wheat 750g,12043332,IN NSB : Cerelac 1,INFANT NUTRITION,NN,12.0,10.9,9.0,38.494,12043332
12034872,ZZNESTLE Eclairs Chocolate Pbg 30x497g I,Z CHOCO Eclairs Polybag 400g,12216922,IN C&C : Eclairs Value added,CONFECTIONARY,F&B,30.0,17.0,14.91,42.269,12034872
12072452,NESTLE Eclairs Chocolate Pbg 30x475g IN,Z CHOCO Eclairs Polybag 400g,12216922,IN C&C : Eclairs Value added,CONFECTIONARY,F&B,30.0,16.1,14.25,42.269,12072452
12122029,NESTLE Eclairs Chocolate 30(100x4.5g) IN,Z CHOCO Eclairs Polybag 400g,12216922,IN C&C : Eclairs Value added,CONFECTIONARY,F&B,30.0,15.6,13.5,42.269,12122029
12153801,NESTLE Eclairs Chocolate 30(100x4.3g) IN,Z CHOCO Eclairs Polybag 400g,12216922,IN C&C : Eclairs Value added,CONFECTIONARY,F&B,30.0,14.5,12.9,34.44,12153801
12177008,NESTLE Eclairs Chocolate 30(100x4g) IN,Z CHOCO Eclairs Polybag 400g,12216922,IN C&C : Eclairs Value added,CONFECTIONARY,F&B,30.0,14.5,12.0,34.44,12177008
12191084,NESTLE Eclairs Choco poly 30(100x4g) IN,Z CHOCO Eclairs Polybag 400g,12216922,IN C&C : Eclairs Value added,CONFECTIONARY,F&B,30.0,14.5,12.0,34.44,12191084
12194385,CHOCO Eclairs Pbg 30(100X4g) PR Munch IN,Z CHOCO Eclairs Polybag 400g,12216922,IN C&C : Eclairs Value added,CONFECTIONARY,F&B,30.0,14.5,12.0,34.44,12194385
12211229,CHOCO Eclairs Pbg 36(100X4g) PR Munch IN,Z CHOCO Eclairs Polybag 400g,12216922,IN C&C : Eclairs Value added,CONFECTIONARY,F&B,36.0,17.5,14.4,50.904,12211229
12213742,Choco Eclairs pbg 30(100x3.6g) IN,Z CHOCO Eclairs Polybag 400g,12216922,IN C&C : Eclairs Value added,CONFECTIONARY,F&B,30.0,12.9,10.8,42.269,12213742
12216922,CHOCO Ecls 36(100X4g) PR Munch Rollz IN,Z CHOCO Eclairs Polybag 400g,12216922,IN C&C : Eclairs Value added,CONFECTIONARY,F&B,36.0,17.5,14.4,50.904,12216922
12044252,ZZNESTLE Eclairs ChocolateJar 15x1.13kg,Z CHOKO Eclairs Jar 1Kg,12072453,IN C&C : Eclairs Value added,CONFECTIONARY,F&B,15.0,20.0,16.95,66.193,12044252
12058229,NESTLE Eclairs Choc 16(114x4.97g) IN,Z CHOKO Eclairs Jar 1Kg,12072453,IN C&C : Eclairs Value added,CONFECTIONARY,F&B,16.0,11.5,9.065,28.859,12058229
12072453,NESTLE Eclairs ChocolateJar 15x1.08kg IN,Z CHOKO Eclairs Jar 1Kg,12072453,IN C&C : Eclairs Value added,CONFECTIONARY,F&B,15.0,19.3,16.245,66.193,12072453
12072455,NESTLE Eclairs Choc 16(114x4.75g) IN,Z CHOKO Eclairs Jar 1Kg,12072453,IN C&C : Eclairs Value added,CONFECTIONARY,F&B,16.0,10.7,8.664,28.859,12072455
12122030,NESTLE Eclairs ChocolateJar 15x1.03kg IN,Z CHOKO Eclairs Jar 1Kg,12072453,IN C&C : Eclairs Value added,CONFECTIONARY,F&B,15.0,18.5,15.45,66.193,12122030
12153802,NESTLE Eclairs Choc Jar 15x(228x4.3)g IN,Z CHOKO Eclairs Jar 1Kg,12072453,IN C&C : Eclairs Value added,CONFECTIONARY,F&B,15.0,17.3,14.7,69.496,12153802
12192100,NESTLE Eclairs Choc Jar 15(228X4g) IN,Z CHOKO Eclairs Jar 3Kg,12192100,IN C&C : Eclairs Value added,CONFECTIONARY,F&B,15.0,17.3,13.68,69.496,12192100
11450059,Coconut Milk Powder 15kg XE,Z Coconut Milk Powder 15kg,11450059,IN CUL : Coconut Milk Powder - FS,NP,NP,1.0,15.9,15.0,37.017,11450059
12180967,NESTLE Dark Choc Nuts 24(24x23g) IN,Z Dark Choc Nuts 23g,12231188,IN C&C : Nestle Milk Chocolate,CHOCOLATE,F&B,576.0,17.1,13.248,30.36,12180967
12231188,NESTLE Dark Choc Nuts 24(24x23g) PR IN,Z Dark Choc Nuts 23g,12231188,IN C&C : Nestle Milk Chocolate,CHOCOLATE,F&B,576.0,17.1,13.248,30.36,12231188
12122022,NESTLE Eclairs Polybag 30(120x3.41g) IN,Z Eclairs Polybag 3.41g Rs.1,12281459,IN C&C : Eclairs Regular,CONFECTIONARY,F&B,30.0,14.1,12.276,32.888,12122022
12122023,NESTLE Eclairs Polybag 36(100x3.41g) IN,Z Eclairs Polybag 3.41g Rs.1,12281459,IN C&C : Eclairs Regular,CONFECTIONARY,F&B,36.0,14.4,12.276,38.808,12122023
12256036,NESTLE NEW Eclairs Pbg 36(100X3.4g) IN,Z Eclairs Polybag 3.41g Rs.1,12281459,IN C&C : NEW Eclairs,CONFECTIONARY,F&B,36.0,14.5,12.24,35.438,12256036
12265353,NESTLE NEW EclrsPb 36(100X3.4g) PR KK IN,Z Eclairs Polybag 3.41g Rs.1,12281459,IN C&C : NEW Eclairs,CONFECTIONARY,F&B,36.0,13.5,12.24,35.438,12265353
12281459,NESTLE NEW Eclr Pb 28(100X3.4g)PRMnch IN,Z Eclairs Polybag 3.41g Rs.1,12281459,IN C&C : NEW Eclairs,CONFECTIONARY,F&B,28.0,11.4,9.52,32.225,12281459
12151110,EVERYDAY Dairy Whitener Pbg 20x800g IN,Z EVERYDAY Dairy Whitener Pbg 800g,12151110,IN SSD : EveryDay DW,DAIRY,F&B,20.0,17.5,16.0,47.051,12151110
12206393,EVERYDAY DW 20X750g IN,Z EVERYDAY Dairy Whitener Pbg 800g,12151110,IN SSD : EveryDay DW,DAIRY,F&B,20.0,16.5,15.0,47.223,12206393
12219354,EVERYDAY DW 20x800g PR Rs 30 Off IN,Z EVERYDAY Dairy Whitener Pbg 800g,12151110,IN SSD : EveryDay DW,DAIRY,F&B,20.0,17.6,16.0,47.051,12219354
12234279,EVERYDAY DW 4 X 1.5 Kg PR Cntnr IN,Z EVERYDAY Dairy Whitener Pbg 800g,12151110,IN SSD : EveryDay DW,DAIRY,F&B,4.0,8.4,6.0,47.051,12234279
12283801,EVERYDAY DW 20x800g PR 1L a+ IN,Z EVERYDAY Dairy Whitener Pbg 800g,12151110,IN SSD : EveryDay DW,DAIRY,F&B,20.0,17.6,16.0,47.051,12283801
12026489,NESTLE EVERYDAY InstantDW Pbg 144x50g IN,Z EVERYDAY DW Sachet 36g,12068821,IN SSD : EveryDay DW,DAIRY,F&B,,,,,12026489
12068821,EVERYDAY DW Sachet 192x42g IN,Z EVERYDAY DW Sachet 36g,12068821,IN SSD : EveryDay DW,DAIRY,F&B,192.0,9.4,8.064,45.9,12068821
12137140,EVERYDAY DW Sachet 192x36g IN,Z EVERYDAY DW Sachet 36g,12068821,IN SSD : EveryDay DW,DAIRY,F&B,192.0,8.25,6.912,45.9,12137140
12175319,EVERYDAY DW Sachet 144x48g IN,Z EVERYDAY DW Sachet 36g,12068821,IN SSD : EveryDay DW,DAIRY,F&B,144.0,9.4,6.912,45.9,12175319
12204051,EVERYDAY DW 144x48g PR Rs 10 Off IN,Z EVERYDAY DW Sachet 36g,12068821,IN SSD : EveryDay DW,DAIRY,F&B,144.0,9.4,6.912,45.9,12204051
12114955,NESTLE EVERYDAY Ghee 32x500ml IN,Z EVERYDAY Ghee CEKA 500ml,12327858,IN SSD : Ghee,DAIRY,F&B,32.0,16.2,14.368,23.232,12114955
12327858,NESTLE MILKMAID Ghee 32x500ml N1 IN,Z EVERYDAY Ghee CEKA 500ml,12327858,IN SSD : Milkmaid Ghee,DAIRY,F&B,32.0,15.36,14.368,26.813,12327858
12315490,EVERYDAY Masala Fusion 288x18g IN,Z EVERYDAY Masala Fusion 18g,12315490,IN SSD : EVD Slim Tea Whitener,DAIRY,F&B,288.0,6.76,5.184,42.18,12315490
12318958,EVERYDAY Masala Fusion 6(20x18g) IN,Z EVERYDAY Masala Fusion 20X18g,12318958,IN SSD : EVD Slim Tea Whitener,DAIRY,F&B,120.0,3.1,2.16,26.068,12318958
12017650,FOX'S Fruits Tin 12x180g IN,Z FOX S Fruits Tin 180g,12017650,IN C&C : Foxs,CHOCOLATE,F&B,12.0,2.81,2.16,11.253,12017650
12123094,IMPACT Citrus 32(4 x 61g) IN,Z IMPACT CITRUS 61G,12123094,IN HCN : Impact,HCN,HCN,32.0,10.9,7.808,37.806,12123094
12164786,IMPACT Citrus 12(4x61g) IN,Z IMPACT CITRUS 61G,12123094,IN HCN : Impact,HCN,HCN,12.0,10.9,2.928,14.511,12164786
12125884,KIT KAT 4F Combi Pack (144x68g) IN,Z KIT KAT 4F Combi Pack 68g,12125884,IN C&C : Kitkat,CHOCOLATE,F&B,144.0,14.0,9.792,22.982,12125884
12179083,MAGGI 2-MIN NDLS Mas Hungroo84x112.5g IN,Z MAGGI 2-MIN NDLS Mas Hungroo 112.5g,12239107,IN CUL : Noodles,CULINARY,F&B,84.0,10.5,9.45,43.29,12179083
12239107,MAGGI 2-MINN HUNGROO 84x105g PRGIFTS IN,Z MAGGI 2-MIN NDLS Mas Hungroo 112.5g,12239107,IN CUL : Noodles,CULINARY,F&B,84.0,10.5,8.82,43.29,12239107
12239766,MAGGI 2-MINN HUNGROO 84x105g IN,Z MAGGI 2-MIN NDLS Mas Hungroo 112.5g,12239107,IN CUL : Noodles,CULINARY,F&B,84.0,10.5,8.82,43.29,12239766
12257659,MAGGI 2-MINN Big Mas 96x105g IN,Z MAGGI 2-MIN NDLS Mas Hungroo 112.5g,12239107,IN CUL : Noodles,CULINARY,F&B,96.0,10.5,10.08,43.29,12257659
12213313,MAGGI 2-MIN NDLS Mas Hungroo 21x450g IN,Z MAGGI 2-MIN NDLS Mas Hungroo 450g,12239106,IN CUL : Noodles,CULINARY,F&B,21.0,10.5,9.45,43.29,12213313
12239106,MAGGI 2-MINN HUNGROO 21x420g PR GIFTS IN,Z MAGGI 2-MIN NDLS Mas Hungroo 450g,12239106,IN CUL : Noodles,CULINARY,F&B,21.0,10.5,8.82,43.29,12239106
12239927,MAGGI 2-MINN HUNGROO 21x420g IN,Z MAGGI 2-MIN NDLS Mas Hungroo 450g,12239106,IN CUL : Noodles,CULINARY,F&B,21.0,10.5,8.82,43.29,12239927
12257946,MAGGI 2-MINN Big Mas 24x420g IN,Z MAGGI 2-MIN NDLS Mas Hungroo 450g,12239106,IN CUL : Noodles,CULINARY,F&B,24.0,10.5,10.08,50.366,12257946
12131991,MAGGI 2-MINN Ndl Thrillin Curry 96x92 IN,Z MAGGI 2-MINN NDLS ThrillinCurry 77g,12202153,IN CUL : Noodles,CULINARY,F&B,96.0,9.76,8.832,45.59,12131991
12138920,MAGGI 2-MIN NDLS ThrillinCurry 96x87g IN,Z MAGGI 2-MINN NDLS ThrillinCurry 77g,12202153,IN CUL : Noodles,CULINARY,F&B,96.0,9.76,8.352,45.59,12138920
12160485,MAGGI 2-MINN NDLS ThrillinCurry 96x82gIN,Z MAGGI 2-MINN NDLS ThrillinCurry 77g,12202153,IN CUL : Noodles,CULINARY,F&B,96.0,9.28,7.872,45.59,12160485
12202153,MAGGI 2-MINN NDLS ThrillinCurry 96x77gIN,Z MAGGI 2-MINN NDLS ThrillinCurry 77g,12202153,IN CUL : Noodles,CULINARY,F&B,96.0,8.8,7.392,45.59,12202153
12212277,MAGGI 2-MINUTE NDLS MagicMas 96x72g IN,Z MAGGI 2-MINUTE NDLS Magic Mas 72g,12212277,IN CUL : Noodles Magical Masala,CULINARY,F&B,96.0,9.34,6.912,45.495,12212277
12239723,MAGGI 2-MINN MagicMas 96x72g PR GIFTS IN,Z MAGGI 2-MINUTE NDLS Magic Mas 72g,12212277,IN CUL : Noodles Magical Masala,CULINARY,F&B,96.0,9.34,6.912,45.495,12239723
12257335,MAGGI 2-MINN Veg Atta Magical 96x79g IN,Z MAGGI 2-MINUTE NDLS Magic Mas 72g,12212277,IN CUL : Noodles Magical Masala,CULINARY,F&B,96.0,9.6,7.584,41.25,12257335
12088979,MAGGI 2-MINUTE NOODLES Chkn 48x180gN1 IN,Z MAGGI 2-MINUTE NOODLES Chkn 152g,12088979,IN CUL : Noodles Chicken,CULINARY,F&B,48.0,9.62,8.64,43.68,12088979
12138918,MAGGI 2-MINUTE NOODLES Chkn 48x170g IN,Z MAGGI 2-MINUTE NOODLES Chkn 152g,12088979,IN CUL : Noodles Chicken,CULINARY,F&B,48.0,9.62,8.16,43.68,12138918
12160487,MAGGI 2-MINUTE NOODLES Chkn 48x160g IN,Z MAGGI 2-MINUTE NOODLES Chkn 152g,12088979,IN CUL : Noodles Chicken,CULINARY,F&B,48.0,8.48,7.68,43.68,12160487
12194690,MAGGI 2-MINUTE NOODLES Chkn 48x152g IN,Z MAGGI 2-MINUTE NOODLES Chkn 152g,12088979,IN CUL : Noodles Chicken,CULINARY,F&B,48.0,8.48,7.296,43.68,12194690
12239721,MAGGI 2-MINN Chicken 48x152g PR GIFTS IN,Z MAGGI 2-MINUTE NOODLES Chkn 152g,12088979,IN CUL : Noodles Chicken,CULINARY,F&B,48.0,8.48,7.296,43.68,12239721
12258517,MAGGI 2-MINN Chicken 48x142g IN,Z MAGGI 2-MINUTE NOODLES Chkn 152g,12088979,IN CUL : Noodles Chicken,CULINARY,F&B,48.0,7.51,6.816,39.245,12258517
12082417,MAGGI Bhuna Masala Dal Veg 6(12x50g) IN,Z MAGGI Bhuna Masala Dal Veg 50g,12082417,IN CUL : Cooking Base Bhuna,CULINARY,F&B,72.0,4.82,3.6,15.582,12082417
12181809,MAGGI Bhuna Dal 72x50g PR NDL 80g IN,Z MAGGI Bhuna Masala Dal Veg 50g,12082417,IN CUL : Cooking Base Bhuna,CULINARY,F&B,72.0,4.82,3.6,15.582,12181809
12180091,MAGGI Brown Base Gravy 12x1kg IN,Z MAGGI Brown Base Gravy 1kg,12180091,IN CUL : Cooking Bases - FS,NP,NP,12.0,12.9,12.0,29.34,12180091
12232857,MAGGI Soup Chinese Tomato Veg 48x47g IN,Z MAGGI Chinese Tomato Veg soup 47g,12232857,IN CUL : Rich Soups,CULINARY,F&B,48.0,3.6,2.256,16.944,12232857
11450024,MAGGI Coconut Milk Powder 18x500g IN,Z MAGGI Coconut Milk Powder 500g,11450024,IN CUL : Coconut Milk Powder,CULINARY,F&B,18.0,12.0,9.0,44.55,11450024
12239412,MAGGI 2-MINN Mas 96x70g PR GIFTS IN,Z MAGGI MASALA 70G PR SNR2,12239412,IN CUL : Noodles,CULINARY,F&B,96.0,8.2,6.72,38.974,12239412
12028112,MAGGI Pizza Sauce Jar 12x300g IN,Z MAGGI Pizza Sauce Jar 300g,12028112,IN CUL : Pizza Mazza,CULINARY,F&B,12.0,6.4,3.6,9.836,12028112
12012299,MAGGI Rich Soups Chicken Sac 48X53g IN,Z MAGGI Rich Soups Chicken Sac 53g,12256236,IN CUL : Rich Soups,CULINARY,F&B,48.0,3.6,2.544,17.87,12012299
12178861,MAGGI Soup Chken 48x53g PR Mas Ndl80g IN,Z MAGGI Rich Soups Chicken Sac 53g,12256236,IN CUL : Rich Soups,CULINARY,F&B,48.0,3.6,2.544,17.87,12178861
12195191,MAGGI Soup Chicken 48X52g IN,Z MAGGI Rich Soups Chicken Sac 53g,12256236,IN CUL : Rich Soups,CULINARY,F&B,48.0,3.6,2.496,19.075,12195191
12256236,MAGGI Soup Creamy Chicken 48x52g IN,Z MAGGI Rich Soups Chicken Sac 53g,12256236,IN CUL : Rich Soups,CULINARY,F&B,48.0,3.6,2.496,18.72,12256236
12266284,MAGGI Soup Chicken 48*52g PR Winter IN,Z MAGGI Rich Soups Chicken Sac 53g,12256236,IN CUL : Rich Soups,CULINARY,F&B,48.0,3.6,2.496,18.72,12266284
12235220,MAGGI Soup Chinese Manchow 48X53g IN,Z MAGGI Soup Chinese Manchow 53g,12235220,IN CUL : Rich Soups,CULINARY,F&B,48.0,3.6,2.544,15.842,12235220
11340621,MAGGI Soup Hot & Sour Veg 48x58g IN,Z MAGGI Soup Hot & Sour Veg 52g,12195193,IN CUL : Rich Soups,CULINARY,F&B,48.0,3.604,2.784,17.87,11340621
12122999,MAGGI Soup H&S Veg 48x58g PR Mas Ndl IN,Z MAGGI Soup Hot & Sour Veg 52g,12195193,IN CUL : Rich Soups,CULINARY,F&B,48.0,3.6,2.784,17.87,12122999
12149709,MAGGI Soup H&S Veg 48x58g PR H&S 90g IN,Z MAGGI Soup Hot & Sour Veg 52g,12195193,IN CUL : Rich Soups,CULINARY,F&B,48.0,3.6,2.784,17.87,12149709
12153363,MAGGI Soup Hot & Sour Veg 48x52g IN,Z MAGGI Soup Hot & Sour Veg 52g,12195193,IN CUL : Rich Soups,CULINARY,F&B,48.0,3.6,2.496,13.813,12153363
12178862,MAGGI SoupH&S Veg48x52g PR MasNdl 80g IN,Z MAGGI Soup Hot & Sour Veg 52g,12195193,IN CUL : Rich Soups,CULINARY,F&B,48.0,3.6,2.496,13.813,12178862
12195193,MAGGI Soup H&S Veg 48x52g IN,Z MAGGI Soup Hot & Sour Veg 52g,12195193,IN CUL : Rich Soups,CULINARY,F&B,48.0,3.6,2.496,16.944,12195193
12224806,MAGGI Soup H&S Veg 48x51g IN,Z MAGGI Soup Hot & Sour Veg 52g,12195193,IN CUL : Rich Soups,CULINARY,F&B,48.0,3.6,2.448,16.944,12224806
12266566,MAGGI Soup H&S 48*51g PR Winter IN,Z MAGGI Soup Hot & Sour Veg 52g,12195193,IN CUL : Rich Soups,CULINARY,F&B,48.0,3.6,2.448,18.72,12266566
11340464,MAGGI Soup Mixed Veg Sachet 48x52g IN,Z MAGGI Soup Mixed Veg 44g,12153364,IN CUL : Rich Soups,CULINARY,F&B,48.0,3.42,2.496,20.175,11340464
12123022,MAGGI Soup Mxd Veg Sac48x52g PR MasNd IN,Z MAGGI Soup Mixed Veg 44g,12153364,IN CUL : Rich Soups,CULINARY,F&B,48.0,3.42,2.496,17.87,12123022
12149750,MAGGI Soup MxdVg Sac48x52g PR H&S 90g IN,Z MAGGI Soup Mixed Veg 44g,12153364,IN CUL : Rich Soups,CULINARY,F&B,48.0,3.42,2.496,17.87,12149750
12153364,MAGGI Soup Mixed Veg Sachet 48x50g IN,Z MAGGI Soup Mixed Veg 44g,12153364,IN CUL : Rich Soups,CULINARY,F&B,48.0,3.42,2.4,13.813,12153364
12178860,MAGGI Soup MVeg 48x50g PR Mas Ndl 80g IN,Z MAGGI Soup Mixed Veg 44g,12153364,IN CUL : Rich Soups,CULINARY,F&B,48.0,3.42,2.4,13.813,12178860
12199545,MAGGI Soup Mixed Veg 48x44g IN,Z MAGGI Soup Mixed Veg 44g,12153364,IN CUL : Rich Soups,CULINARY,F&B,48.0,3.5,2.112,16.944,12199545
12266565,MAGGI Soup Mixed Veg 48*44g PR Winter IN,Z MAGGI Soup Mixed Veg 44g,12153364,IN CUL : Rich Soups,CULINARY,F&B,48.0,3.216,2.112,18.72,12266565
12028513,MAGGI Soup Spinach Vegetable12(12x12g)IN,Z MAGGI Soup Spinach Vegetable 12g,12028513,IN CUL : Instant Soups,CULINARY,F&B,144.0,3.1,1.728,15.6,12028513
12055872,MAGGI Rich Soup Tomato Sachet 96x70g IN,Z MAGGI Soup Tomato 54g,12153358,IN CUL : Rich Soups,CULINARY,F&B,96.0,8.5,6.72,32.472,12055872
12123021,MAGGI Rich Soup Tom 96x70g PR Mas Ndl IN,Z MAGGI Soup Tomato 54g,12153358,IN CUL : Rich Soups,CULINARY,F&B,96.0,8.4,6.72,32.472,12123021
12149681,MAGGI Rich Soup Tom 96x70g PR H&S 90g IN,Z MAGGI Soup Tomato 54g,12153358,IN CUL : Rich Soups,CULINARY,F&B,96.0,7.1,6.72,32.472,12149681
12153358,MAGGI Rich Soup Tomato Sachet 96x60g IN,Z MAGGI Soup Tomato 54g,12153358,IN CUL : Rich Soups,CULINARY,F&B,96.0,8.5,5.76,27.571,12153358
12178863,MAGGI SoupTom 96x60g PR Mas Ndls 80g IN,Z MAGGI Soup Tomato 54g,12153358,IN CUL : Rich Soups,CULINARY,F&B,96.0,8.5,5.76,27.571,12178863
12195195,MAGGI Soup Tomato 96x54g IN,Z MAGGI Soup Tomato 54g,12153358,IN CUL : Rich Soups,CULINARY,F&B,96.0,7.74,5.184,33.864,12195195
12266290,MAGGI Soup Tomato 96*54g PR Winter IN,Z MAGGI Soup Tomato 54g,12153358,IN CUL : Rich Soups,CULINARY,F&B,96.0,6.0,5.184,38.021,12266290
12020188,MAGGI Spicy Garlic Sauce Btl 24x200g IN,Z MAGGI Spicy Garlic Sauce Btl 200g,12020188,IN CUL : Sauces,CULINARY,F&B,24.0,9.0,4.8,12.529,12020188
12229625,MAGGI Soup Chicken Sweet Corn 48X47g IN,Z MAGGI Sweet Corn Chicken 47g,12229625,IN CUL : Rich Soups,CULINARY,F&B,48.0,3.6,2.256,15.842,12229625
12019848,MAGGI Teekha Masala Sce Btl 24x200g IN,Z MAGGI Teekha Masala Sce Btl 200g,12019848,IN CUL : Sauces,CULINARY,F&B,24.0,9.6,4.8,12.529,12019848
12106422,MAGGI Tom Ket Bada Pichkoo 4(4x500g) IN,Z MAGGI Tom Ket Bada Pichkoo 500g,12106422,IN CUL : Sauces,CULINARY,F&B,16.0,9.2,8.0,18.806,12106422
12179678,Nestle Milkmaid Kulfi Mix 12x155g IN,Z Milkmaid Kulfi Mix 155g,12179678,IN SSD : Milkmaid Dessert Mixes,DAIRY,F&B,12.0,3.66,1.86,25.76,12179678
12206695,Nestle Milkmaid Kulfi plain 18x155g IN,Z Milkmaid Kulfi Mix 155g,12179678,IN SSD : Milkmaid Dessert Mixes,DAIRY,F&B,18.0,3.3,2.79,25.76,12206695
12090274,MILKYBAR CHOO Mini 16(55x8.5g) NR IN,Z MILKYBAR CHOO Mini 8.5g,12090274,IN C&C : Milkybar Choo,CHOCOLATE,F&B,880.0,9.4,7.48,1.438,12090274
11340772,MILKYBAR CHOO Strw Mini 16(55x8.5g)IN,Z MILKYBAR CHOO Strw Mini 8.5g,11340772,IN C&C : Milkybar Choo,CHOCOLATE,F&B,880.0,9.45,7.48,33.391,11340772
12067873,MILKYBAR CHOO Strw Mini 16(55x8.5g)NR IN,Z MILKYBAR CHOO Strw Mini 8.5g,11340772,IN C&C : Milkybar Choo,CHOCOLATE,F&B,880.0,9.45,7.48,33.391,12067873
12098358,MILKYBAR Eclair Mango Jar 20(130x4.5g),Z Milkybar Eclair Mango Jar 585g,12098358,IN C&C : Milkybar Eclairs,CONFECTIONARY,F&B,20.0,13.9,11.7,46.74,12098358
12098401,MILKYBAR Eclair Strw Jar 20(130x4.5g) IN,Z MILKYBAR Eclair Strw Jar 585g,12098401,IN C&C : Milkybar Eclairs,CONFECTIONARY,F&B,20.0,14.2,11.7,46.74,12098401
12125273,MILKYBAR Eclairs 72(25x4.5g) PR Toy IN,Z MILKYBAR ECLAIRS Pouch 100G,12125273,IN C&C : Milkybar Eclairs,CONFECTIONARY,F&B,72.0,10.0,8.1,26.46,12125273
12053277,MILO Smart Plus Sac 200x60g IN,Z MILO Smart Plus Sac 60g,12053277,IN C&B : MILO,DAIRY,F&B,200.0,13.8,12.0,36.822,12053277
12076414,MUNCH Gift Pack 72x112g IN,Z MUNCH Gift Pack 112g,12076414,IN C&C : Munch,CHOCOLATE,F&B,72.0,12.0,8.064,45.29,12076414
12043615,MUNCH Maha 12(48x17g) IN,Z Munch Maha 12x48,12043615,IN C&C : Munch,CHOCOLATE,F&B,576.0,12.15,9.792,45.849,12043615
12070391,MUNCH Maha 12(48x16g) IN,Z Munch Maha 12x48,12043615,IN C&C : Munch,CHOCOLATE,F&B,576.0,11.3,9.216,45.849,12070391
12135389,MUNCH Maha 12(48x15g) IN,Z Munch Maha 12x48,12043615,IN C&C : Munch,CHOCOLATE,F&B,576.0,10.7,8.64,28.683,12135389
12167585,MUNCH Maha 12(48x15g) N2 IN,Z Munch Maha 12x48,12043615,IN C&C : Munch,CHOCOLATE,F&B,576.0,10.7,8.64,28.683,12167585
12032692,MAGGI 2-MINN Masala Sachet 144x45g IN,Z NDLS 35G FLOW,12032692,IN CUL : Noodles,CULINARY,F&B,144.0,8.0,6.48,31.598,12032692
12212501,NESC Sunrise Strong 24((48+2)X3.6g) IN,Z NESC Sunrise Strong 3.6g,12212501,IN C&B : Sunrise Strong,BEVERAGES,F&B,1200.0,5.83,4.32,48.549,12212501
12246226,SUNRISE STRONG Sac 36((48+2) x 2.2g) IN,Z NESC Sunrise Strong 3.6g,12212501,IN C&B : Sunrise Strong,BEVERAGES,F&B,1800.0,5.76,3.96,46.332,12246226
12212300,NESC SUNRISE STRONG Sac30((24+1)X10g) IN,Z NESC SUNRISE STRONG Sac 10g,12251488,IN C&B : Sunrise Strong,BEVERAGES,F&B,750.0,9.0,7.5,42.947,12212300
12230210,SUNRISE STRONG Sac 504X10g PR Chotu IN,Z NESC SUNRISE STRONG Sac 10g,12251488,IN C&B : Sunrise Strong,BEVERAGES,F&B,504.0,9.0,5.04,29.027,12230210
12241455,NESC SR Str Sac 576x10g PR Munch Fr IN,Z NESC SUNRISE STRONG Sac 10g,12251488,IN C&B : Sunrise Strong,BEVERAGES,F&B,576.0,7.11,5.76,35.937,12241455
12251488,SUNRISE Strong 576x12.5g PR Fr 2.5g IN,Z NESC SUNRISE STRONG Sac 10g,12251488,IN C&B : Sunrise Strong,BEVERAGES,F&B,576.0,8.52,7.2,40.293,12251488
12085314,NESCAFE Cappuccino 48(5x15g) IN,Z NESCAFE Cappuccino 15g,12236310,IN C&B : Nescafe Cappuccino,BEVERAGES,F&B,240.0,5.43,3.6,22.126,12085314
12104992,NESCAFE Cappuccino 12(20x15g) IN,Z NESCAFE Cappuccino 15g,12236310,IN C&B : Nescafe Cappuccino,BEVERAGES,F&B,240.0,4.67,3.6,20.384,12104992
12217252,NESCAFE CAPPUCCINO 26(12x15G) PR Hang IN,Z NESCAFE Cappuccino 15g,12236310,IN C&B : Nescafe Cappuccino,BEVERAGES,F&B,312.0,5.84,4.68,42.389,12217252
12236310,NESCAFE 14(12 CAPPU+6 VANL)15g RTH IN,Z NESCAFE Cappuccino 15g,12236310,IN C&B : Nescafe Cappuccino,BEVERAGES,F&B,14.0,4.97,3.78,30.925,12236310
12235612,NESCAFE Classic Dawn 12x150g IN,Z Nescafe classic Dawn Jar 150g,12235612,IN C&B : Nescafe Classic Large Packs,BEVERAGES,F&B,12.0,6.56,1.8,9.539,12235612
11340158,NESCAFE FRAPPE Prepared Mix 16x1kg IN,Z NESCAFE FRAPPE Prepared Mix 1kg,11340158,IN C&B : Nescafe Frappe Premix - FS,NP,NP,16.0,17.36,16.0,42.208,11340158
12209661,NESCAFE GOLD Eden Pouch 15x100g IN,Z NESCAFE GOLD Eden Pouch 100g,12209661,IN C&B : Nescafe Gold,BEVERAGES,F&B,15.0,2.06,1.5,31.304,12209661
12226077,NESCAFE GOLD Pouch 12(100x1.5g) IN,Z Nescafe GOLD Pouch 1.5g ,12226077,IN C&B : Nescafe Gold,BEVERAGES,F&B,12.0,3.6,1.8,36.279,12226077
12211321,NESCAFE ICE RTD 36x180ml IN,Z NESCAFE ICE RTD 180ml,12213525,IN SSD : Nescafe RTD Cold Coffee,DAIRY,NP,36.0,7.6,6.84,13.67,12211321
12213525,NESCAFE ICE RTD 42x180ml IN,Z NESCAFE ICE RTD 180ml,12213525,IN SSD : Nescafe RTD Cold Coffee,DAIRY,NP,42.0,8.8,7.98,14.592,12213525
12223515,NESCAFE ICE RTD 42x180ml N1 IN,Z NESCAFE ICE RTD 180ml,12213525,IN SSD : Nescafe RTD Cold Coffee,DAIRY,NP,42.0,8.84,8.059,14.47,12223515
12244138,NESCAFE ICE RTD 42x180ml N2 IN,Z NESCAFE ICE RTD 180ml,12213525,IN SSD : Nescafe RTD Cold Coffee,DAIRY,NP,42.0,8.841,8.06,14.327,12244138
12047843,NESCAFE MILD Sachet 25(96x0.8g) IN,Z NESCAFE MILD Sachet 0.8g,12047843,IN C&B : Nescafe Mild,BEVERAGES,F&B,2400.0,4.25,1.92,50.098,12047843
12097174,NESCAFE SR RICH Mtn Blend Jar 24x50g IN,Z NESCAFE SR RICH Mtn Blend Jar 50g,12097174,IN C&B : Sunrise Insta-Filter,BEVERAGES,F&B,24.0,4.6,1.2,10.693,12097174
12170481,NESCAFÉ SUNRISE Stabilo 24x200g IN,Z NESCAFE SUNRISE Soft Pack 200g,12170481,IN C&B : Nescafe Sunrise Small Packs,BEVERAGES,F&B,24.0,6.2,4.8,31.977,12170481
12216095,NESCAFE SUNRISE 24x200g PR Movie Tkt IN,Z NESCAFE SUNRISE Soft Pack 200g,12170481,IN C&B : Nescafe Sunrise Small Packs,BEVERAGES,F&B,24.0,6.2,4.8,31.977,12216095
12143657,NESCAFE Vanilla Latte (48x75g) IN,Z NESCAFE Vanilla Latte 75g,12202917,IN C&B : Nescafe Cappuccino,BEVERAGES,F&B,48.0,5.43,3.6,22.126,12143657
12202917,NESCAFE Vanilla Latte (48X75g) N1 IN,Z NESCAFE Vanilla Latte 75g,12202917,IN C&B : Nescafe Cappuccino,BEVERAGES,F&B,48.0,5.58,3.6,30.925,12202917
11340159,NESCAFE Vend Mix Low Sugar 12x1kg IN,Z NESCAFE Vend Mix Low Sugar 1kg,11340159,IN C&B : Nescafe Premix - FS,NP,NP,12.0,13.32,12.0,37.855,11340159
12214942,NESTEA Iced Tea Lmn 8X1Kg PR Cntnr IN,Z Nestea ice tea lemon 1Kg,12214942,IN C&B : Instant Tea,BEVERAGES,F&B,8.0,10.2,8.0,51.518,12214942
11340210,Service Vending Machine,Z NESTEA Ice Tea Premix Lmn Pch 500g,11340210,IN C&B : Iced Tea Premix - FS,NP,NP,24.0,13.2,12.0,38.628,11340210
11340211,NESTEA Ice Tea Premix Peh Pch 24x500g IN,Z NESTEA Ice Tea Premix Peh Pch 500g,11340211,IN C&B : Iced Tea Premix - FS,NP,NP,24.0,13.2,12.0,38.628,11340211
12184825,NESTEA Iced Tea Lemon Hang 12(20x42g) IN,Z NESTEA Iced Tea Lemon Hang 12(20x42g) IN,12184825,IN C&B : Instant Tea,BEVERAGES,F&B,240.0,13.2,10.08,44.636,12184825
12229434,NESTEA Hot Tea Lemon 20(20x30g) IN,Z NESTEA Iced Tea Lemon Hang 12(20x42g) IN,12184825,IN C&B : Instant Tea,BEVERAGES,F&B,400.0,13.97,12.0,48.549,12229434
12052883,NESTEA Iced Tea Lemon Sac 14(48x13g) IN,Z NESTEA Iced Tea Lemon Sac 13g,12365032,IN C&B : Instant Tea,BEVERAGES,F&B,672.0,11.5,8.736,36.884,12052883
12365032,NESTEA Iced Tea Lemon SS 96(2x13g) IN,Z NESTEA Iced Tea Lemon Sac 13g,12365032,IN C&B : Instant Tea,BEVERAGES,F&B,96.0,7.3,2.496,87.615,12365032
12156111,NESTEA Instant Iced Tea Lemon 192x48g IN,Z NESTEA Instant Iced Tea Lemon 192x48g IN,12156111,IN C&B : Instant Tea,BEVERAGES,F&B,192.0,13.2,9.216,31.521,12156111
11340215,NESTEA TPrmx For VendM Mas Pch 16x1kg IN,Z NESTEA TPrmx For VendM Mas Pch 1kg,11340215,IN C&B : Cardamom Tea Premix - FS,NP,NP,16.0,17.34,16.0,42.208,11340215
12279630,NESTLE a+ Slim Milk TBrik 30x200ml IN,Z Nestle a+ Slim Milk 200ml,12279630,IN SSD : UHT Milk - Slim,DAIRY,F&B,30.0,6.34,6.0,7.937,12279630
12454091,NESTLE a+ SLIM Milk 30x180ml IN,Z Nestle a+ Slim Milk 200ml,12279630,IN SSD : UHT Milk - Slim,DAIRY,F&B,30.0,5.74,5.55,7.937,12454091
12223965,NESTLE ALPINO 12(16 x 22g) IN,Z Nestle Alpino 22g,12223965,IN C&C : Alpino,CHOCOLATE,F&B,192.0,6.9,4.224,38.694,12223965
12264982,NESTLE ALPINO 12x(16x22g) PR GPk IN,Z Nestle Alpino 22g,12223965,IN C&C : Alpino,CHOCOLATE,F&B,192.0,6.92,4.224,40.245,12264982
12305503,NESTLE ALPINO 12(16x22g) N1 IN,Z Nestle Alpino 22g,12223965,IN C&C : Alpino,CHOCOLATE,F&B,192.0,6.9,4.224,40.245,12305503
12072807,NESTLE Eclairs Jar 2x7.02kg IN,Z NESTLE Eclairs Jar 7.0kg,12072807,IN C&C : Eclairs Regular,CONFECTIONARY,F&B,2.0,17.6,14.04,57.545,12072807
12122026,NESTLE Eclairs Jar 2(2100x3.41g) IN,Z NESTLE Eclairs Jar 7.0kg,12072807,IN C&C : Eclairs Regular,CONFECTIONARY,F&B,2.0,17.0,14.32,57.545,12122026
12127439,NESTLE Eclr Jar2(1982x3.41g) PR BateryIN,Z NESTLE Eclairs Jar 7.0kg,12072807,IN C&C : Eclairs Regular,CONFECTIONARY,F&B,2.0,16.4,13.52,57.545,12127439
12133074,NESTLE Eclairs Jar 2(1982x3.41g) PR IN,Z NESTLE Eclairs Jar 7.0kg,12072807,IN C&C : Eclairs Regular,CONFECTIONARY,F&B,2.0,16.3,13.52,57.545,12133074
12152371,NESTLE Eclr Jar2(1982x3.21g) PR IN,Z NESTLE Eclairs Jar 7.0kg,12072807,IN C&C : Eclairs Regular,CONFECTIONARY,F&B,2.0,14.7,12.8,62.315,12152371
12059917,NESTLE EVERYDAY DW 288x20g IN,Z NESTLE EVERYDAY DW 18g,12059917,IN SSD : EveryDay DW,DAIRY,F&B,288.0,7.5,5.76,45.795,12059917
12136681,NESTLE EVERYDAY DW 288x18g IN,Z NESTLE EVERYDAY DW 18g,12059917,IN SSD : EveryDay DW,DAIRY,F&B,288.0,6.92,5.184,45.795,12136681
12281482,NESTLE NEW ECLR Jar 15(225x3.4g) IN,Z Nestle new Eclair Jar 3.4g,12281482,IN C&C : NEW Eclairs,CONFECTIONARY,F&B,15.0,14.3,11.475,48.291,12281482
12043712,NESTLE PREMIUM Milk Choc 24(30x12.5g) IN,Z NESTLE PREMIUM Milk Choc 11g,12043712,IN C&C : Nestle Milk Chocolate,CHOCOLATE,F&B,720.0,11.75,9.0,13.338,12043712
12132224,NESTLE Milk Chocolate 24(30x11g) IN,Z NESTLE PREMIUM Milk Choc 11g,12043712,IN C&C : Nestle Milk Chocolate,CHOCOLATE,F&B,720.0,10.0,7.92,18.77,12132224
12076075,NESTLE SELECTIONS 48x131g IN,Z NESTLE SELECTIONS 131g,12076075,IN C&C : Chocolate Gift packs,CHOCOLATE,F&B,48.0,9.1,6.288,69.825,12076075
12256330,NESTLE SELECTIONS (38x134g) IN,Z NESTLE SELECTIONS 131g,12076075,IN C&C : Chocolate Gift packs,CHOCOLATE,F&B,38.0,8.8,5.092,57.883,12256330
12104244,NESTLE SELECTIONS (24x486.5g) IN,Z NESTLE SELECTIONS 486.5g,12104244,IN C&C : Chocolate Gift packs,CHOCOLATE,F&B,24.0,20.0,11.676,88.164,12104244
12129657,NESTLE SELECTIONS Box Pack (24x162g) IN,Z NESTLE SELECTIONS Box Pack 162g,12232028,IN C&C : Chocolate Gift packs,CHOCOLATE,F&B,24.0,10.5,3.888,55.765,12129657
12162786,NESTLE SELECTIONS (60x167g) IN,Z NESTLE SELECTIONS Box Pack 162g,12232028,IN C&C : Chocolate Gift packs,CHOCOLATE,F&B,60.0,16.0,10.02,77.031,12162786
12232028,NESTLE SELECTIONS (38x154.5g) IN,Z NESTLE SELECTIONS Box Pack 162g,12232028,IN C&C : Chocolate Gift packs,CHOCOLATE,F&B,38.0,10.5,5.871,59.598,12232028
12076260,NESTLE SELECTIONS Eclairs 36x218.5g IN,Z NESTLE SELECTIONS Eclairs 218.5g,12076260,IN C&C : Eclairs Value added,CONFECTIONARY,F&B,36.0,10.5,7.866,60.18,12076260
12109589,NESTLE a+ milk TBrik CP10off 12x1L N1IN,Z NESTLE UHT Toned Milk TBrik CP 1L,12109589,IN SSD : UHT Milk - Toned,DAIRY,F&B,12.0,12.85,12.36,14.205,12109589
12043327,NESTOGEN 2 FU Infant FormulaTin24x475gIN,Z NESTOGEN 2 FU Inf Formula Tin 400g,12200180,IN NSB : Nestogen 2,INFANT NUTRITION,NN,24.0,14.5,11.4,39.93,12043327
12162747,NESTOGEN 2 FU Infant FormulaTin24x450gIN,Z NESTOGEN 2 FU Inf Formula Tin 400g,12200180,IN NSB : Nestogen 2,INFANT NUTRITION,NN,24.0,14.5,10.8,39.93,12162747
12200180,NESTOGEN 2 FU Inf Formula Tin 24x400g IN,Z NESTOGEN 2 FU Inf Formula Tin 400g,12200180,IN NSB : Nestogen 2,INFANT NUTRITION,NN,24.0,12.77,9.6,31.263,12200180
12164784,NOVASOURCE PEPTIDE Lime Tin 24x200g IN,Z NOVASOURCE PEPTIDE Lime Tin 200g,9518944,IN HCN : Novasource Peptide,HCN,HCN,24.0,17.5,4.8,27.521,12164784
12155765,PEPTAMEN Vanilla Powder ACE-2 12x430g IN,Z PEPTAMEN Vanilla Powder ACE-2 430g,12155765,IN HCN : Peptamen,HCN,HCN,12.0,6.7,5.16,18.816,12155765
12121202,POLO Mint Jar 12(30x28.125g) IN,Z POLO Mint Roll Small Jar 25g,12121202,IN C&C : Polo,CONFECTIONARY,F&B,360.0,12.5,10.125,43.68,12121202
12056716,POLO Singles Jar 36(114x2.2g) IN,Z POLO Singles Jar 1.7g,12056716,IN C&C : Polo,CONFECTIONARY,F&B,36.0,12.3,9.029,69.948,12056716
12097344,POLO Mint Singles 36(114x 1.7g) IN,Z POLO Singles Jar 1.7g,12056716,IN C&C : Polo,CONFECTIONARY,F&B,36.0,9.5,6.977,52.333,12097344
12164155,RESOURCE DIABETIC Van Tin 24x200g IN,Z RESOURCE DIABETIC Van Tin 200g,12174667,IN HCN : Resource Diabetic,HCN,HCN,24.0,11.9,4.8,27.521,12164155
12174667,RESOURCE DIABETIC Van Tin 24x200g N1 IN,Z RESOURCE DIABETIC Van Tin 200g,12174667,IN HCN : Resource Diabetic,HCN,HCN,24.0,7.48,4.8,29.26,12174667
12164785,RESOURCE DIALYSIS Lime Tin 24x200g IN,Z RESOURCE DIALYSIS Lime Tin 200g,12164785,IN HCN : Resource Dialysis,HCN,HCN,24.0,7.48,4.8,29.26,12164785
12164783,RESOURCE RENAL Citrus Tin 24x200g IN,Z RESOURCE RENAL Citrus Tin 200g,12164783,IN HCN : Resource Renal,HCN,HCN,24.0,7.48,4.8,29.26,12164783
12164800,RESOURCE Vanilla 12(6x56g) IN,Z RESOURCE Vanilla 56g,9517994,IN HCN : Resource Opti,HCN,HCN,12.0,6.09,4.032,21.921,12164800
12206302,RESOURCE Vanilla BIB 20(5x50g) IN,Z RESOURCE Vanilla 56g,9517994,IN HCN : Resource Opti,HCN,HCN,100.0,7.0,5.0,29.736,12206302
12207042,RESOURCE DIABETIC Van 20(5*50g) IN,Z RESOURCE Vanilla 56g,9517994,IN HCN : Resource Diabetic,HCN,HCN,100.0,7.0,5.0,29.736,12207042
12164782,RESOURCE Vanilla Tin 12x400g IN,Z RESOURCE Vanilla Tin 400g,12164782,IN HCN : Resource Opti,HCN,HCN,12.0,6.9,4.8,22.95,12164782
12076274,SJORA Trop Pineapple Concentrate 12x1LPH,Z SJORA Trop Pineapple Concentrate 1L,12076274,IN C&B : Fruit Beverages - FS,NP,NP,12.0,15.6,14.76,18.107,12076274
12164154,SPERT MOM Chocolate Tin 24x200g IN,Z SPERT MOM Chocolate Tin 200g,12164154,IN HCN : Spert Mom,HCN,HCN,24.0,18.8,4.8,22.408,12164154
12080206,SUNRISE PREMIUM CONT 54(2x50g) IN,Z SUNRISE PREMIUM CONT 50g,12080206,IN C&B : Nescafe Sunrise Large Packs,BEVERAGES,F&B,54.0,13.6,5.4,93.566,12080206
12074918,SUNRISE PREMIUM Container 24(120x1.4g)IN,Z SUNRISE PREMIUM Container 1.4g,12074918,IN C&B : Nescafe Sunrise Large Packs,BEVERAGES,F&B,2880.0,9.0,4.032,85.334,12074918
12029929,SUNRISE PREMIUM Sac 360x13g IN,Z SUNRISE PREMIUM Sac 11.5g,12118205,IN C&B : Nescafe Sunrise Large Packs,BEVERAGES,F&B,360.0,10.8,4.68,44.064,12029929
12063025,SUNRISE PRMUM Sac 6(48x13g)PR Cont Pk IN,Z SUNRISE PREMIUM Sac 11.5g,12118205,IN C&B : Nescafe Sunrise Large Packs,BEVERAGES,F&B,288.0,7.5,3.744,61.2,12063025
12073585,SUNRISE PRMUM Sac360x13g PR ParleGRs2 IN,Z SUNRISE PREMIUM Sac 11.5g,12118205,IN C&B : Nescafe Sunrise Large Packs,BEVERAGES,F&B,360.0,6.5,4.68,44.064,12073585
12118205,SUNRISE PREMIUM Sac 360x13gPR2.6gF IN,Z SUNRISE PREMIUM Sac 11.5g,12118205,IN C&B : Nescafe Sunrise Large Packs,BEVERAGES,F&B,360.0,6.5,5.616,44.064,12118205
12131989,SUNRISE PRMUM Sac 360x13g PRBisc Free IN,Z SUNRISE PREMIUM Sac 11.5g,12118205,IN C&B : Nescafe Sunrise Large Packs,BEVERAGES,F&B,360.0,6.2,4.68,44.064,12131989
12139245,SUNRISE PREMIUM Sachet 360x13g N1 IN,Z SUNRISE PREMIUM Sac 11.5g,12118205,IN C&B : Nescafe Sunrise Large Packs,BEVERAGES,F&B,360.0,10.8,4.68,44.064,12139245
12160694,SUNRISE PREMIUM Sac 360x11.5g N1 IN,Z SUNRISE PREMIUM Sac 11.5g,12118205,IN C&B : Nescafe Sunrise Large Packs,BEVERAGES,F&B,360.0,5.18,4.14,34.884,12160694
12026180,ZZSUNRISE PREMIUM Sachet 25(120x1.4g) IN,Z SUNRISE PREMIUM Sachet 1.4g,12130365,IN C&B : Nescafe Sunrise Large Packs,BEVERAGES,F&B,3000.0,7.2,4.2,64.454,12026180
12090292,SUNRISE PREMIUM Sachet 25(120x1.3g) IN,Z SUNRISE PREMIUM Sachet 1.4g,12130365,IN C&B : Nescafe Sunrise Large Packs,BEVERAGES,F&B,3000.0,7.2,3.9,64.454,12090292
12090824,SUNRISE PRMUM Sac42(48x1.3g)PRHangerF IN,Z SUNRISE PREMIUM Sachet 1.4g,12130365,IN C&B : Nescafe Sunrise Large Packs,BEVERAGES,F&B,2016.0,7.2,2.621,64.454,12090824
12130365,SUNRISE PRMUM Sac 24(96x1.3g) PR Cont IN,Z SUNRISE PREMIUM Sachet 1.4g,12130365,IN C&B : Nescafe Sunrise Large Packs,BEVERAGES,F&B,2304.0,7.2,2.995,64.454,12130365
12139242,SUNRISE PREMIUM Sachet 27(96x1.3g) N1 IN,Z SUNRISE PREMIUM Sachet 1.4g,12130365,IN C&B : Nescafe Sunrise Large Packs,BEVERAGES,F&B,2592.0,6.9,3.37,64.454,12139242
12026761,ZZSUNRISE PREMIUM Sac 10(144x3.2g) IN,Z SUNRISE PREMIUM Sachet 3g,12089598,IN C&B : Nescafe Sunrise Large Packs,BEVERAGES,F&B,1440.0,6.95,4.608,50.098,12026761
12075146,SUNRISE PREMIUM Sachet 12(144x3.2g) IN,Z SUNRISE PREMIUM Sachet 3g,12089598,IN C&B : Nescafe Sunrise Large Packs,BEVERAGES,F&B,1728.0,7.83,5.53,50.098,12075146
12089598,SUNRISE PREMIUM Sachet 12(144x3g) IN,Z SUNRISE PREMIUM Sachet 3g,12089598,IN C&B : Nescafe Sunrise Large Packs,BEVERAGES,F&B,1728.0,7.83,5.184,50.098,12089598
12093043,SUNRISE PRMUM Sac12((144+8)x3g)PR24g IN,Z SUNRISE PREMIUM Sachet 3g,12089598,IN C&B : Nescafe Sunrise Large Packs,BEVERAGES,F&B,1824.0,13.0,5.472,50.098,12093043
12122482,SUNRISE PRMUM 12((144+8)x(3g+0.6g))PR IN,Z SUNRISE PREMIUM Sachet 3g,12089598,IN C&B : Nescafe Sunrise Large Packs,BEVERAGES,F&B,1824.0,7.8,6.566,50.098,12122482
12136683,SUNRISE PREMIUM Sachet 24(72x4.5g) IN,Z SUNRISE PREMIUM Sachet 3g,12089598,IN C&B : Nescafe Sunrise Large Packs,BEVERAGES,F&B,1728.0,10.4,7.776,50.098,12136683
12139247,SUNRISE PRMUM Sac 12((144+8)x3g)PR24g IN,Z SUNRISE PREMIUM Sachet 3g,12089598,IN C&B : Nescafe Sunrise Large Packs,BEVERAGES,F&B,1824.0,8.4,5.472,50.098,12139247
12150706,SUNRISE PREMIUM Sachet 14(72x4.5g) IN,Z SUNRISE PREMIUM Sachet 3g,12089598,IN C&B : Nescafe Sunrise Large Packs,BEVERAGES,F&B,1008.0,10.4,4.536,50.098,12150706
12160696,SUNRISE PREM Sac 12((144+8)x2.8g) N1 IN,Z SUNRISE PREMIUM Sachet 3g,12089598,IN C&B : Nescafe Sunrise Large Packs,BEVERAGES,F&B,1824.0,5.81,5.107,39.043,12160696
11340184,SUNRISE SPECIAL Sachet 128x50g IN,Z SUNRISE SPECIAL Sachet 50g,11340184,IN C&B : Nescafe Sunrise Small Packs,BEVERAGES,F&B,128.0,7.84,6.4,28.13,11340184
12074303,SUNRISE SPECIAL Sachet 96x50g IN,Z SUNRISE SPECIAL Sachet 50g,11340184,IN C&B : Nescafe Sunrise Small Packs,BEVERAGES,F&B,96.0,6.0,4.8,38.61,12074303
12148620,SUNRISE SPECIAL Sac (96x50g) PrMag Fr IN,Z SUNRISE SPECIAL Sachet 50g,11340184,IN C&B : Nescafe Sunrise Small Packs,BEVERAGES,F&B,96.0,6.0,4.8,38.61,12148620
12153601,SUNRISE SPECIAL Sac96x50g PRSantoorFr IN,Z SUNRISE SPECIAL Sachet 50g,11340184,IN C&B : Nescafe Sunrise Small Packs,BEVERAGES,F&B,96.0,6.0,4.8,38.61,12153601
12177642,NESCAFE SUNRISE Sac 96x50gPR Maggi Fr IN,Z SUNRISE SPECIAL Sachet 50g,11340184,IN C&B : Nescafe Sunrise Small Packs,BEVERAGES,F&B,96.0,6.1,4.8,3.339,12177642
12178746,NESCAFE SUNRISE Sac 96x50g PR 7.5g Fr IN,Z SUNRISE SPECIAL Sachet 50g,11340184,IN C&B : Nescafe Sunrise Small Packs,BEVERAGES,F&B,96.0,6.34,5.52,33.393,12178746
12505619,NESCAFE CLASSIC Sachet 96x50g FOH IN,Z SUNRISE SPECIAL Sachet 50g,11340184,IN C&B : Nescafe Sunrise Small Packs,BEVERAGES,F&B,96.0,5.75,4.8,35.195,12505619
12029928,SUNRISE SPECIAL Sachet 432x10g IN,Z SUNRISE SPECIAL Sachet 8g,12192962,IN C&B : Nescafe Sunrise Small Packs,BEVERAGES,F&B,432.0,6.27,4.32,49.062,12029928
12099483,SUNRISE SPECIAL Sachet 648x8g IN,Z SUNRISE SPECIAL Sachet 8g,12192962,IN C&B : Nescafe Sunrise Small Packs,BEVERAGES,F&B,648.0,12.6,5.184,49.062,12099483
12141419,SUNRISE SPECIAL Sachet 648x8g N1 IN,Z SUNRISE SPECIAL Sachet 8g,12192962,IN C&B : Nescafe Sunrise Small Packs,BEVERAGES,F&B,648.0,12.6,5.184,49.062,12141419
12170482,NESCAFÉ SUNRISE Sachet (648x7g) IN,Z SUNRISE SPECIAL Sachet 8g,12192962,IN C&B : Nescafe Sunrise Small Packs,BEVERAGES,F&B,648.0,5.88,4.536,44.064,12170482
12192962,NESCAFE SUNRISE Sac 18(36x7g) IN,Z SUNRISE SPECIAL Sachet 8g,12192962,IN C&B : Nescafe Sunrise Small Packs,BEVERAGES,F&B,648.0,5.14,4.536,44.064,12192962
12123121,SUSTACAL JUNIOR Chocolate Tin 36x200g IN,Z SUSTACAL JUNIOR Chocolate Tin 200g,12123121,IN HCN : Sustacal Junior,HCN,HCN,36.0,17.5,7.2,40.466,12123121
12050573,NESTLE ActiPlus Dahi 24x200g IN,ZZ ActiPlus Dahi 200g,12050573,IN FD : Value Added Dahi,DAIRY,F&B,24.0,5.1,4.8,14.025,12050573
12186585,NESTLE BAR ONE 6 pack 72(6x14g) IN,ZZ BAR ONE 6 pack 14g,12186585,IN C&C : Barone,CHOCOLATE,F&B,72.0,8.95,6.048,35.574,12186585
12187912,NESTLE BAR ONE 6 pack 72(6x14g) N1 IN,ZZ BAR ONE 6 pack 14g,12186585,IN C&C : Barone,CHOCOLATE,F&B,72.0,8.95,6.048,35.574,12187912
12212472,NESTLE BAR ONE Pouch Pk (32x140g) IN,ZZ BAR ONE Pouch Pk 140g,12213524,IN C&C : Barone,CHOCOLATE,F&B,32.0,5.8,4.48,41.832,12212472
12213524,NESTLE BAR ONE Pouch Pk (32x130g) IN,ZZ BAR ONE Pouch Pk 140g,12213524,IN C&C : Barone,CHOCOLATE,F&B,32.0,5.62,4.16,41.832,12213524
12220658,NESTLE Real Blueberry Yoghurt 36X90g IN,ZZ Blue Berry Yoghurt 90g,12220658,IN FD : Value Added Dahi,DAIRY,F&B,36.0,3.99,3.24,14.85,12220658
12249161,NESTLE Buttermilk Tub 24x165ml IN,ZZ Buttermilk Tub 165ml,12249161,IN FD : Value Added Dahi,DAIRY,F&B,24.0,5.62,3.96,25.124,12249161
12140910,NESTLE Cappuccino Eclr 12(228x4.3g) IN,ZZ Cappuccino Eclairs 1Kg Jar,12140910,IN C&C : Eclairs Value added,CONFECTIONARY,F&B,12.0,17.9,11.765,62.34,12140910
12177007,NESTLE Cappuccino Eclr 12(228x4g) IN,ZZ Cappuccino Eclairs 1Kg Jar,12140910,IN C&C : Eclairs Value added,CONFECTIONARY,F&B,12.0,17.9,10.944,62.34,12177007
12169165,Cappuccino Eclairs Poly 30(100x4.3g) IN,ZZ Cappuccino Eclairs Poly 430g,12188545,IN C&C : Eclairs Value added,CONFECTIONARY,F&B,30.0,14.5,12.9,34.44,12169165
12177006,Cappuccino Eclairs Poly 30(100x4g) IN,ZZ Cappuccino Eclairs Poly 430g,12188545,IN C&C : Eclairs Value added,CONFECTIONARY,F&B,30.0,14.5,12.0,34.44,12177006
12186477,Cappuccino Eclairs Poly PR 30(100x4g) IN,ZZ Cappuccino Eclairs Poly 430g,12188545,IN C&C : Eclairs Value added,CONFECTIONARY,F&B,30.0,13.4,12.0,42.269,12186477
12188545,NESTLE Cappuccino Eclr 20(130x4g)IN,ZZ Cappuccino Eclairs Poly 430g,12188545,IN C&C : Eclairs Value added,CONFECTIONARY,F&B,20.0,12.9,10.4,48.904,12188545
12240354,CARAMEL ECLS Jar 4(875*3.4g) IN,ZZ Caramel Eclair Jar,12240354,IN C&C : Eclairs Value added,CONFECTIONARY,F&B,4.0,14.4,11.9,49.256,12240354
12192788,CERELAC STAGE 1 Whe App BIB 24x100g IN,ZZ CERELAC STAGE 1 Whe App BIB 100g,12192788,IN NSB : Cerelac 1,INFANT NUTRITION,NN,24.0,4.33,2.4,24.71,12192788
11340677,CERELAC STAGE 1 Wheat BIB 48x200g IN,ZZ CERELAC STAGE 1 Wheat BIB 200g,11340677,IN NSB : Cerelac 1,INFANT NUTRITION,NN,48.0,12.4,9.6,56.637,11340677
12164655,CERELAC STAGE 3 Mango BIB 24x350gIN,ZZ CERELAC STAGE 3 Mango BIB 300g,12199325,IN NSB : Cerelac 3,INFANT NUTRITION,NN,24.0,10.2,8.4,36.909,12164655
12199325,CERELAC STAGE 3 Mango BIB 24x300g IN,ZZ CERELAC STAGE 3 Mango BIB 300g,12199325,IN NSB : Cerelac 3,INFANT NUTRITION,NN,24.0,9.578,7.2,35.851,12199325
12172929,CERELAC STAGE 3 Mixed Fruit BIB24x350gIN,ZZ CERELAC STAGE 3 Mixed Fruit BIB 350g,12172929,IN NSB : Cerelac 3,INFANT NUTRITION,NN,24.0,10.5,8.4,36.909,12172929
12043314,CERELAC STAGE 3 Mixed Veg BIB 24x375g IN,ZZ CERELAC STAGE 3 Mixed Veg BIB 350g,12172951,IN NSB : Cerelac 3,INFANT NUTRITION,NN,24.0,11.0,9.0,38.683,12043314
12172951,CERELAC STAGE 3 Mixed Veg BIB 24x350g IN,ZZ CERELAC STAGE 3 Mixed Veg BIB 350g,12172951,IN NSB : Cerelac 3,INFANT NUTRITION,NN,24.0,10.5,8.4,36.909,12172951
12095562,NESTLE Eclair Choc Pbg 72(20x4.75g) IN,ZZ CHOKO NESTLE Eclair Pbg 90g,12122031,IN C&C : Eclairs Value added,CONFECTIONARY,F&B,72.0,8.24,6.84,51.98,12095562
12122031,NESTLE Eclairs Choc Pbg 72(20x4.5g) IN,ZZ CHOKO NESTLE Eclair Pbg 90g,12122031,IN C&C : Eclairs Value added,CONFECTIONARY,F&B,72.0,8.0,6.48,51.98,12122031
12125272,NESTLE Choc Eclr 72(25x4.5g) PR Toy IN,ZZ CHOKO NESTLE Eclair Pbg 90g,12122031,IN C&C : Eclairs Value added,CONFECTIONARY,F&B,72.0,10.2,8.1,26.46,12125272
11340477,CROSSE & BLACKWELL SnkDrsngBtl12x1.2kgIN,ZZ CROSSE & BLACKWELL Snk Drsng Btl 1.2kg,11340477,IN CUL : Sauces - FS,NP,NP,12.0,21.92,14.4,32.452,11340477
12014995,CROSSE & BLACKWELL SnkDrsngSac12x1.2kgIN,ZZ CROSSE & BLACKWELL Snk Drsng Sac 1.2kg,12014995,IN CUL : Sauces - FS,NP,NP,12.0,15.7,14.4,32.73,12014995
12213235,NESTLE Dark Chocolate 24(24x18g) IN,ZZ Dark Chocolate 18g,12213235,IN C&C : Nestle Milk Chocolate,CHOCOLATE,F&B,576.0,12.75,10.368,33.444,12213235
12168198,NESTLE Dark Chocolate 24(24x23g) IN,ZZ Dark Chocolate 23g,12168198,IN C&C : Nestle Milk Chocolate,CHOCOLATE,F&B,576.0,17.1,13.248,38.64,12168198
12122024,NESTLE Eclairs Jar 12(275x3.41g) IN,ZZ Eclairs 1 Kg Jar,12152375,IN C&C : Eclairs Regular,CONFECTIONARY,F&B,12.0,14.0,11.254,51.613,12122024
12152375,NESTLE Eclairs Jar 12(275x3.21g) IN,ZZ Eclairs 1 Kg Jar,12152375,IN C&C : Eclairs Regular,CONFECTIONARY,F&B,12.0,12.8,10.592,56.064,12152375
12260158,NEST NEW Eclr Jar15(320x3.4g)PR 10UFr IN,ZZ Eclairs 1 Kg Jar,12152375,IN C&C : NEW Eclairs,CONFECTIONARY,F&B,15.0,19.8,16.32,71.549,12260158
12122025,NESTLE Eclairs Jar 4(920x3.41g) IN,ZZ Eclairs 3 Kg Jar,12192441,IN C&C : Eclairs Regular,CONFECTIONARY,F&B,4.0,14.8,12.56,44.056,12122025
12152376,NESTLE Eclairs Jar 4(920x3.21g) IN,ZZ Eclairs 3 Kg Jar,12192441,IN C&C : Eclairs Regular,CONFECTIONARY,F&B,4.0,14.0,12.0,47.915,12152376
12192441,NESTLE Eclairs Jar 4(1000x3g) IN,ZZ Eclairs 3 Kg Jar,12192441,IN C&C : Eclairs Regular,CONFECTIONARY,F&B,4.0,14.0,12.0,47.915,12192441
11340034,EVERYDAY Dairy Whitener BIB 24x500g IN,ZZ Everyday 500g,11340034,IN SSD : EveryDay DW,DAIRY,F&B,24.0,14.12,12.0,44.402,11340034
11340043,EVERYDAY Dairy Whitener Polybag 25kg IN,ZZ EVERYDAY Dairy Whitener Polybag 25kg,11340043,IN SSD : EveryDay DW - FS,NP,NP,1.0,0.0,0.0,0.0,11340043
12162184,NESTLE EVERYDAY DW 288x13g IN,ZZ EVERYDAY DW 10g,12199033,IN SSD : EveryDay DW,DAIRY,F&B,288.0,6.92,3.744,45.795,12162184
12167920,NESTLE EVERYDAY DW 336x13g IN,ZZ EVERYDAY DW 10g,12199033,IN SSD : EveryDay DW,DAIRY,F&B,336.0,7.72,4.368,28.512,12167920
12175371,NESTLE EVERYDAY DW 336x12g IN,ZZ EVERYDAY DW 10g,12199033,IN SSD : EveryDay DW,DAIRY,F&B,336.0,5.38,4.032,28.512,12175371
12181332,NESTLE EVERYDAY DW 432x12g IN,ZZ EVERYDAY DW 10g,12199033,IN SSD : EveryDay DW,DAIRY,F&B,432.0,7.78,5.184,36.828,12181332
12199033,EVERYDAY DW 432x10g IN,ZZ EVERYDAY DW 10g,12199033,IN SSD : EveryDay DW,DAIRY,F&B,432.0,5.5,4.32,36.828,12199033
12199145,EVERYDAY Dairy Whitening Pwdr 432x10g IN,ZZ EVERYDAY DW 10g,12199033,IN SSD : EveryDay DW,DAIRY,F&B,432.0,7.78,4.32,36.828,12199145
12162749,EVERYDAY DW Sachet 216x32g IN,ZZ EVERYDAY DW Sachet 32g,12162749,IN SSD : EveryDay DW,DAIRY,F&B,216.0,7.5,6.912,45.9,12162749
11340056,EVERYDAY Pure Ghee Tin 15kg IN,ZZ EVERYDAY Pure Ghee Tin 15kg,11340056,IN SSD : Ghee,DAIRY,F&B,1.0,0.0,0.0,0.0,11340056
11340026,EVERYDAY Vend Mix Badam Pouch 12x1kg IN,ZZ EVERYDAY Vend Mix Badam Pouch 1kg,11340026,IN SSD : Everyday Low Sugar - FS,NP,NP,,,,,11340026
11340059,Fresh City Milk Pouch 20x500ml IN,ZZ Fresh City Milk Pouch 500ml,11340059,IN SSD : City Milk,DAIRY,F&B,20.0,11.6,10.3,28.335,11340059
12158271,NESTLE KIT KAT 4F Fmly Pk 128x103.5g IN,ZZ KIT KAT 4F Fmly Pack,12158271,IN C&C : Kitkat,CHOCOLATE,F&B,128.0,17.0,13.248,58.523,12158271
12208391,KIT KAT 4F Fmly Pack (128x111.9g) IN,ZZ KIT KAT 4F Fmly Pack,12158271,IN C&C : Kitkat,CHOCOLATE,F&B,128.0,16.8,14.323,65.912,12208391
12231094,KIT KAT Fmly Pack 128x108g PR NMC IN,ZZ KIT KAT 4F Fmly Pack,12158271,IN C&C : Kitkat,CHOCOLATE,F&B,128.0,18.2,13.824,71.123,12231094
12058987,KIT KAT Chunky Choko 24(20x37g) IN,ZZ KIT KAT Chunky Choko 37g,12058987,IN C&C : Kitkat-IMP,SI,SI,480.0,23.0,17.76,55.646,12058987
12190219,KIT KAT DARK 3F 18(24x27.5g) IN,ZZ KIT KAT DARK 3F 27.5g,12190219,IN C&C : Kitkat Dark,CHOCOLATE,F&B,432.0,14.5,11.88,40.734,12190219
12233124,KIT KAT DARK 3F 18(24x27.5g) PR IN,ZZ KIT KAT DARK 3F 27.5g,12190219,IN C&C : Kitkat Dark,CHOCOLATE,F&B,432.0,14.5,11.88,48.692,12233124
12209478,KIT KAT Dark Multipack 120(3x27.5g) IN,ZZ KIT KAT Dark Multipack 27.5g,12209478,IN C&C : Kitkat Dark,CHOCOLATE,F&B,120.0,13.9,9.9,56.511,12209478
12115529,KIT KAT Gift Pack 48x142g IN,ZZ KIT KAT Gift Pack 142g,12115529,IN C&C : Kitkat,CHOCOLATE,F&B,48.0,10.3,6.816,35.28,12115529
12149755,KIT KAT Gift Pack 48x143g IN,ZZ KIT KAT Gift Pack 142g,12115529,IN C&C : Kitkat,CHOCOLATE,F&B,48.0,10.4,6.864,35.28,12149755
12262575,KIT KAT SENSES Dark 4F 24(15X37.3g) IN,ZZ KitKat senses Dark 4F 37.3g,12262575,IN C&C : KITKAT Senses Dark/Milk,CHOCOLATE,F&B,360.0,16.013,13.428,50.918,12262575
12256368,KIT KAT SENSES Milk 4F 24(15X37.3g) IN,ZZ KitKat senses Milk 4F 37.3g,12256368,IN C&C : KITKAT Senses Dark/Milk,CHOCOLATE,F&B,360.0,16.013,13.428,50.918,12256368
12043229,LACTOGEN 1 Infant Formula Tin 12x950g IN,ZZ LACTOGEN 1 Infant Formula Tin 950g,12043229,IN NSB : Lactogen 1,INFANT NUTRITION,NN,12.0,14.11,11.4,40.306,12043229
12098475,NESTLE Lemonade Pouch 16x750g IN,ZZ Lemonade Pouch 750g,12098475,IN C&B : Fruit Beverages - FS,NP,NP,16.0,13.2,12.0,27.52,12098475
12130442,MAGGI 2-MINN NDLS Multigrain 24x340g IN,ZZ MAGGI 2-MIN NDLS Multigrain 320g,12157053,IN CUL : Multigrainz,CULINARY,F&B,24.0,10.0,8.16,45.59,12130442
12157053,MAGGI 2-MIN NDLS Multigrain 24x320gIN,ZZ MAGGI 2-MIN NDLS Multigrain 320g,12157053,IN CUL : Multigrainz,CULINARY,F&B,24.0,10.0,7.68,45.59,12157053
12032691,MAGGI 2-MINN Chicken Sachet 144x45g IN,ZZ MAGGI 2-MINN Chicken Sachet 45g,12032691,IN CUL : Noodles Chicken,CULINARY,F&B,144.0,8.0,6.48,37.62,12032691
12150032,MAGGI 2-MINN NDLS Guess Flavor 96x85g IN,ZZ MAGGI 2-MINN NDLS Guess Flavor 85g,12150032,IN CUL : Noodles,CULINARY,F&B,96.0,9.7,8.16,45.59,12150032
12130441,MAGGI 2-MINN NDLS Multigrain 96x85g IN,ZZ MAGGI 2-MINN NDLS Multigrain 80,12157052,IN CUL : Multigrainz,CULINARY,F&B,96.0,10.0,8.16,45.59,12130441
12157052,MAGGI 2-MINN NDLS Multigrain 96x80 IN,ZZ MAGGI 2-MINN NDLS Multigrain 80,12157052,IN CUL : Multigrainz,CULINARY,F&B,96.0,10.0,7.68,45.59,12157052
12131949,MAGGI 2-MINN Romantic Capsica 96x86g IN,ZZ MAGGI 2-MINN Romantic Capsica 86g,12131949,IN CUL : MAGGI NDLS - FLAVOURS,CULINARY,F&B,96.0,9.7,8.256,45.59,12131949
12088978,MAGGI 2-MINUTE NOODLES Curry 96x92 IN,ZZ MAGGI 2-MINUTE NOODLES Curry 92g,12088978,IN CUL : Noodles,CULINARY,F&B,96.0,9.76,8.832,45.59,12088978
12131990,MAGGI 2-MINN Ndl Tricky Tomato 96x93g IN,ZZ MAGGI 2-MINUTES Ndls Tricky Tom 83g,12143400,IN CUL : Noodles,CULINARY,F&B,96.0,9.9,8.928,45.59,12131990
12143400,MAGGI 2-MINUTES Ndls Tricky Tom 96x83gIN,ZZ MAGGI 2-MINUTES Ndls Tricky Tom 83g,12143400,IN CUL : Noodles,CULINARY,F&B,96.0,9.39,7.968,45.59,12143400
12111836,MAGGI Chicken Seasoning Powder 24x500gIN,ZZ MAGGI Chicken Seasoning Powder 500g,12111836,IN CUL : Recipe Mixes - FS,NP,NP,24.0,13.8,12.0,28.14,12111836
12152461,MAGGI Cuppa Mania Ndl Masala 82x50g IN,ZZ MAGGI Cuppa Mania Ndl Masala 50g,12152461,IN CUL : Soakable Noodles - FS,NP,NP,82.0,5.6,4.1,43.0,12152461
12068786,MAGGI Cuppa Mania Ndl Yo Masala 12x600g,ZZ MAGGI Cuppa Mania Ndl Yo Masala 600g,12068786,IN CUL : Soakable Noodles - FS,NP,NP,12.0,8.8,7.2,35.195,12068786
12170738,MAGGI Ginger Garlic Paste 6(12x50g) IN,ZZ MAGGI Ginger Garlic Paste 50g,12170738,IN CUL : Cooking Base Juicy,NP,NP,72.0,4.82,3.6,15.582,12170738
12178747,MAGGI Juicy Kadhai Paneer Mix 48x65g IN,ZZ MAGGI Juicy Kadhai Paneer Mix 65g,12178747,IN CUL : Cooking Base Juicy,NP,NP,48.0,4.86,3.12,26.906,12178747
12178748,MAGGI Juicy Paneer Btr Mas 48x65g IN,ZZ MAGGI Juicy Paneer Btr Mas 65g,12178748,IN CUL : Cooking Base Juicy,NP,NP,48.0,4.32,3.12,26.906,12178748
12229090,MAGGI Kadhai base Masala 12x1kg IN,ZZ Maggi Khadai base gravy 1Kg,12229090,IN CUL : Cooking Bases - FS,NP,NP,12.0,12.9,12.0,29.34,12229090
12130873,MAGGI Masala-e-Magic Sachet 24x500g IN,ZZ MAGGI Masala-e-Magic Sachet 500g,12130873,IN CUL: Indian Seasoning - FS,NP,NP,24.0,13.1,12.0,28.14,12130873
12168197,MAGGI Meri Masala Dumdaar Ndl 24x324g IN,ZZ MAGGI Meri Masala Dumdaar Ndl 304g,12202089,IN CUL : Noodles,CULINARY,F&B,24.0,8.52,7.776,45.59,12168197
12202089,MAGGI Meri Masala Dumdaar Ndl 24x304g IN,ZZ MAGGI Meri Masala Dumdaar Ndl 304g,12202089,IN CUL : Noodles,CULINARY,F&B,24.0,8.04,7.296,45.59,12202089
12168195,MAGGI Meri Masala Dumdaar Ndl 144x41g IN,ZZ MAGGI Meri Masala Dumdaar Ndl 41g,12168195,IN CUL : Noodles,CULINARY,F&B,144.0,6.54,5.904,31.598,12168195
12168196,MAGGI Meri Masala Dumdaar Ndl 96x81g IN,ZZ MAGGI Meri Masala Dumdaar Ndl 76g,12202130,IN CUL : Noodles,CULINARY,F&B,96.0,8.52,7.776,45.59,12168196
12202130,MAGGI Meri Masala Dumdaar Ndl 96x76g IN,ZZ MAGGI Meri Masala Dumdaar Ndl 76g,12202130,IN CUL : Noodles,CULINARY,F&B,96.0,8.52,7.296,45.59,12202130
12177320,MAGGI Pazzta Tomato Dbl Pack 48x128g IN,ZZ MAGGI Pazzta Tomato Dbl Pack 128g,12177320,IN CUL : Pazzta,CULINARY,F&B,48.0,6.72,6.144,51.439,12177320
12118486,MAGGI Raseele Chow 360x30g IN,ZZ MAGGI Raseele Chow 30g,12118486,IN CUL : Noodles,CULINARY,F&B,360.0,11.9,10.8,58.853,12118486
11340458,MAGGI RICH Soup Tomato Pouch 12x1kg IN,ZZ MAGGI RICH Soup Tomato Pouch 1kg,11340458,IN CUL : Soups - FS,NP,NP,12.0,13.24,12.0,34.543,11340458
12012358,MAGGI Rich Soups Mushroom Sac 48x51g IN,ZZ MAGGI Rich Soups Mushroom Sac 51g,12012358,IN CUL : Rich Soups,CULINARY,F&B,48.0,3.51,2.448,17.87,12012358
12012298,MAGGI Rich Soups Tomato Veg Sac 48x53gIN,ZZ MAGGI Rich Soups Tomato Veg Sac 53g,12012298,IN CUL : Rich Soups,CULINARY,F&B,48.0,3.6,2.544,17.87,12012298
12106401,MAGGI Soup Dal Tomato Cup (48x14g) IN,ZZ MAGGI Soup Dal Tomato Cup 14g,12106401,IN CUL : Instant Soups,CULINARY,F&B,48.0,1645.0,672.0,35.72,12106401
12149706,MAGGI Soup Mas 4(12x50g) PR H&S 90g IN,ZZ MAGGI Soup Mas 50g,12149706,IN CUL : Rich Soups,CULINARY,F&B,48.0,3.42,2.4,14.918,12149706
12087755,MAGGI Soup Masala Noodle 4(12x50g) IN,ZZ MAGGI Soup Masala Noodle 50g,12087755,IN CUL : Rich Soups,CULINARY,F&B,48.0,3.42,2.4,14.918,12087755
12088730,MAGGI Soup Palak Corn 4(12x48g) IN,ZZ MAGGI Soup Palak Corn 48g,12088730,IN CUL : Rich Soups,CULINARY,F&B,48.0,3.4,2.304,14.918,12088730
12195192,MAGGI Soup Spinach 48x42g IN,ZZ MAGGI Soup Spinach 42g,12195192,IN CUL : Rich Soups,CULINARY,F&B,48.0,3.4,2.016,16.944,12195192
12106402,MAGGI Soup Spinach Veg Cup (48x12g)IN,ZZ MAGGI Soup Spinach Veg Cup 12g,12106402,IN CUL : Instant Soups,CULINARY,F&B,48.0,1550.0,576.0,35.72,12106402
11340622,MAGGI Soup Sweet Corn Veg 48x36g IN,ZZ MAGGI Soup SwCrn Veg 36g,12195197,IN CUL : Rich Soups,CULINARY,F&B,48.0,3.7,1.728,17.87,11340622
12149707,MAGGI Soup SwCrn Veg 48x36g PR H&S90g IN,ZZ MAGGI Soup SwCrn Veg 36g,12195197,IN CUL : Rich Soups,CULINARY,F&B,48.0,3.7,1.728,17.87,12149707
12195197,MAGGI Soup SwCrn Veg 48x36g IN,ZZ MAGGI Soup SwCrn Veg 36g,12195197,IN CUL : Rich Soups,CULINARY,F&B,48.0,3.7,1.728,16.944,12195197
12266196,MAGGI Soup SwCrn Veg 48*36 PR Winter IN,ZZ MAGGI Soup SwCrn Veg 36g,12195197,IN CUL : Rich Soups,CULINARY,F&B,48.0,2.5,1.728,18.72,12266196
12087756,MAGGI Soup Thai Oriental Ndl 4(12x52g)IN,ZZ MAGGI Soup Thai Oriental Ndl 52g,12087756,IN CUL : Rich Soups,CULINARY,F&B,48.0,3.15,2.496,14.918,12087756
12106298,MAGGI Soup Tomato Amla Cup (48x12g) IN,ZZ MAGGI Soup Tomato Amla Cup 12g,12106298,IN CUL : Instant Soups,CULINARY,F&B,48.0,1550.0,576.0,35.72,12106298
12162078,MAGGI Souper Roni Mas Mix Veg 36x96g IN,ZZ MAGGI Souper Roni Mas Mix Veg 96g,12162078,IN CUL : Pasta Soup,CULINARY,F&B,36.0,4.5,3.456,13.813,12162078
12162079,MAGGI Souper Roni Tomato Corn 36X96g IN,ZZ MAGGI Souper Roni Tomato Corn 96g,12162079,IN CUL : Pasta Soup,CULINARY,F&B,36.0,8.5,3.456,27.571,12162079
12123476,MAGGI Soups Mushroom 48x51g PR MasNdl IN,ZZ MAGGI Soups Mushroom 43g,12195194,IN CUL : Rich Soups,CULINARY,F&B,48.0,3.51,2.448,17.87,12123476
12149708,MAGGI Soup Mushroom 48x51g PR H&S 90g IN,ZZ MAGGI Soups Mushroom 43g,12195194,IN CUL : Rich Soups,CULINARY,F&B,48.0,3.51,2.448,17.87,12149708
12179084,MAGGI Soup Mshrm 48x51g PR MasNdl80g IN,ZZ MAGGI Soups Mushroom 43g,12195194,IN CUL : Rich Soups,CULINARY,F&B,48.0,3.51,2.448,17.87,12179084
12195194,MAGGI Soups Mushroom 48x43g IN,ZZ MAGGI Soups Mushroom 43g,12195194,IN CUL : Rich Soups,CULINARY,F&B,48.0,3.51,2.064,16.944,12195194
12266285,MAGGI Soups Mushroom 48*43g PR Winter IN,ZZ MAGGI Soups Mushroom 43g,12195194,IN CUL : Rich Soups,CULINARY,F&B,48.0,3.168,2.064,18.72,12266285
11340370,MAGGI Tomato Ketchup Bottle 24x600g IN,ZZ MAGGI Tom Sauce 500g,11340370,IN CUL : Sauces,CULINARY,F&B,,,,,11340370
11340443,MAGGI Tomato Chatpat Sce Btl 24x200g IN,ZZ MAGGI Tomato Chatpat Sce Btl 200g,11340443,IN CUL : Sauces,CULINARY,F&B,24.0,9.0,4.8,10.549,11340443
12101442,MAGGI Tomato Ketchup Sac 12(90x12g) IN,ZZ MAGGI Tomato Ketchup Sac 12g,12101442,IN CUL : Sauces - FS,NP,NP,1080.0,14.7,12.96,44.055,12101442
12111833,MAGGI Veg Seasoning Powder 24x500g IN,ZZ MAGGI Veg Seasoning Powder 500g,12111833,IN CUL : Recipe Mixes - FS,NP,NP,24.0,13.8,12.0,28.14,12111833
12058773,MAGGI Vegetable Soup Pouch 12x1kg IN,ZZ MAGGI Vegetable Soup Pouch 1kg,12058773,IN CUL : Soups - FS,NP,NP,12.0,13.24,12.0,34.543,12058773
12049301,MILKMAID Badam Milk Premix 24x500g IN,ZZ MILKMAID Badam Milk Premix 500g,12049301,IN SSD : Everyday Low Sugar - FS,NP,NP,24.0,13.3,12.0,35.314,12049301
12179831,NESTLE MILKMAID Besan Laddu 18x255g IN,ZZ MILKMAID Besan Laddu 255g,12179831,IN SSD : Milkmaid Dessert Mixes,DAIRY,F&B,18.0,5.1,4.59,25.76,12179831
12212184,MILKMAID Choc Eggless Cke 18x250g IN,ZZ MILKMAID Choc Eggless Cake 250g,12212184,IN SSD : Milkmaid Dessert Mixes,DAIRY,F&B,18.0,4.68,4.5,25.76,12212184
12179682,Nestle Milkmaid Eggless Cake 18x250g IN,ZZ Milkmaid Eggless Cake 250g,12179682,IN SSD : Milkmaid Dessert Mixes,DAIRY,F&B,18.0,5.1,4.5,25.76,12179682
12036753,MILKMAID FRTND Ygt Mngo 36x100g IN,ZZ MILKMAID FRTND Ygt Mngo 100g,12036753,IN FD : Value Added Dahi,DAIRY,F&B,36.0,4.12,3.6,14.85,12036753
12036752,MILKMAID FRTND Ygt Strawberry 36x100gIN,ZZ MILKMAID FRTND Ygt Strawberry 100g,12036752,IN FD : Value Added Dahi,DAIRY,F&B,36.0,4.24,3.6,14.85,12036752
12590159,NESTLE a+ Greek Ygt Strw 36x90g N3 IN,ZZ MILKMAID FRTND Ygt Strawberry 100g,12036752,IN FD : Value Added Dahi,DAIRY,F&B,36.0,3.67,3.24,11.262,12590159
12045313,MILKMAID Funshakes Choc 30x200ml IN,ZZ MILKMAID Funshakes Choc 200ml,12045313,IN SSD : MILO RTD,DAIRY,F&B,30.0,6.2,6.18,7.634,12045313
12063436,ZZMILKMAID SCM Tin 48x400g PR SNR 13g IN,ZZ Milkmaid Kulfi Plain 155g,12063436,IN SSD : Milkmaid SCM,DAIRY,F&B,48.0,22.02,19.2,25.76,12063436
11340000,MILKMAID PrtSk SCM Tin48x400gPR AsPol IN,ZZ MILKMAID PrtSk SCM Tin 400g AsPol,11340000,IN SSD : Milkmaid SCM - Police,DAIRY,F&B,48.0,22.24,19.2,27.512,11340000
12179684,Nestle Milkmaid Rice Kheer 18x190g IN,ZZ MILKMAID Rice Kheer 158g,12208864,IN SSD : Milkmaid Dessert Mixes,DAIRY,F&B,18.0,3.9,3.42,25.76,12179684
12208864,NESTLE MILKMAID Rice Kheer 18x158g IN,ZZ MILKMAID Rice Kheer 158g,12208864,IN SSD : Milkmaid Dessert Mixes,DAIRY,F&B,18.0,3.62,2.844,25.76,12208864
11340005,MILKMAID Partly Skimmed SCM Tin4x7.5kgIN,ZZ MILKMAID Tin 7.5kg,11340005,IN SSD : Milkmaid SCM – FS,NP,NP,4.0,32.92,30.0,45.779,11340005
12207433,MILKYBAR CHOO Jar 12(45x14g) IN,ZZ MILKYBAR CHOO Jar 14g,12207433,IN C&C : Milkybar Choo,CHOCOLATE,F&B,540.0,7.95,7.56,24.93,12207433
12253839,MILKYBAR CHOO Orange 30(28x10g) IN,ZZ MilkyBar Choo Orange 10g,12253839,IN C&C : Milkybar Choo,CHOCOLATE,F&B,840.0,11.3,8.4,25.822,12253839
12304556,MILKYBAR CHOO Orange 30(28x12g) IN,ZZ MilkyBar Choo Orange 10g,12253839,IN C&C : Milkybar Choo,CHOCOLATE,F&B,840.0,11.74,10.08,27.069,12304556
12118772,NESTLE MILKYBAR Crispy 24(24x15g)IN,ZZ MILKYBAR Crispy Box 13g,12177282,IN C&C : Milkybar Choo,CHOCOLATE,F&B,576.0,13.2,8.64,32.269,12118772
12135450,NESTLE MILKYBAR Crispy 24(24x14g)IN,ZZ MILKYBAR Crispy Box 13g,12177282,IN C&C : Milkybar Choo,CHOCOLATE,F&B,576.0,9.8,8.064,35.338,12135450
12177282,NESTLE MILKYBAR Crispy 24(24x13g)IN,ZZ MILKYBAR Crispy Box 13g,12177282,IN C&C : Milkybar Choo,CHOCOLATE,F&B,576.0,9.8,7.488,35.338,12177282
12177283,NESTLE MILKYBAR Crispy 24(24x12g) IN,ZZ MILKYBAR Crispy Box 13g,12177282,IN C&C : Milkybar Choo,CHOCOLATE,F&B,576.0,9.11,6.912,35.961,12177283
12311126,MILKYBAR ECLR STRW Jar12(225x3.4g)N1 IN,ZZ MILKYBAR Eclair Strw Small Jar,12311126,IN C&C : Milkybar Eclairs,CONFECTIONARY,F&B,12.0,11.5,9.18,40.819,12311126
12214570,MILKYBAR MANGO CHOO 16(24x24g) IN,ZZ MILKYBAR MANGO CHOO Box 24g,12214570,IN C&C : Milkybar Choo,CHOCOLATE,F&B,384.0,10.7,9.216,26.241,12214570
12236401,MUAH GUAVA JELLIE JAR 20(250x3.5g)IN,ZZ MUAH Guava Jellie Jar 3.5g,12236401,IN C&C : Sugar Chews,CHOCOLATE,F&B,20.0,21.0,17.5,93.787,12236401
12252687,MUAH GUAVA JELLIE Pbg 30(100x3.5g) IN,ZZ MUAH Guava Jellie Jar 3.5g,12236401,IN C&C : Sugar Chews,CHOCOLATE,F&B,30.0,14.4,10.5,44.667,12252687
12236618,MUAH NIMBU JELLIE JAR 20(250x3.5g)IN,ZZ MUAH Nimbu Jellie Jar 3.5g,12236618,IN C&C : Sugar Chews,CHOCOLATE,F&B,20.0,21.0,17.5,93.787,12236618
12252686,MUAH NIMBU JELLIE Pbg 30(100x3.5g) IN,ZZ MUAH Nimbu Jellie Jar 3.5g,12236618,IN C&C : Sugar Chews,CHOCOLATE,F&B,30.0,14.4,10.5,44.667,12252686
12236619,MUAH TAMARIND JELLIE JAR 20(250x3.5g)IN,ZZ MUAH Tamarind Jellie Jar 3.5g,12236619,IN C&C : Sugar Chews,CHOCOLATE,F&B,20.0,21.0,17.5,93.787,12236619
12252771,MUAH TAMARIND JELLIE Pbg 30(100x3.5g) IN,ZZ MUAH Tamarind Jellie Jar 3.5g,12236619,IN C&C : Sugar Chews,CHOCOLATE,F&B,30.0,14.4,10.5,44.667,12252771
12206022,MUNCH 12*600g PR Rs. 20 Off IN,ZZ MUNCH 600g,12206022,IN C&C : Munch,CHOCOLATE,F&B,12.0,8.92,7.2,27.677,12206022
12100833,NESTLE MUNCH 12(24x30g)IN,ZZ MUNCH Guru,12177098,IN C&C : Munch,CHOCOLATE,F&B,288.0,11.0,8.64,34.5,12100833
12177098,MUNCH Guru 12(24x25g) N1 IN,ZZ MUNCH Guru,12177098,IN C&C : Munch,CHOCOLATE,F&B,288.0,7.76,7.2,27.677,12177098
12209737,MUNCH Maha Diwali 24(24x13g) IN,ZZ MUNCH Maha Diwali,12209737,IN C&C : Munch,CHOCOLATE,F&B,576.0,10.9,7.488,29.095,12209737
12030891,MUNCH POP CHOC 8(24x23g) IN,ZZ MUNCH POP CHOC 20g,12101879,IN C&C : Munch,CHOCOLATE,F&B,192.0,7.4,4.416,36.0,12030891
12101879,MUNCH POP CHOC 8(24x20g) IN,ZZ MUNCH POP CHOC 20g,12101879,IN C&C : Munch,CHOCOLATE,F&B,192.0,7.0,3.84,49.95,12101879
12177043,NESTLE MUNCH ROLLZ 24x24x12g IN,ZZ MUNCH ROLLZ 12g,12177043,IN C&C : Munch Rollz,CHOCOLATE,F&B,576.0,9.98,6.912,49.027,12177043
12177044,NESTLE MUNCH ROLLZ 24x24x8g IN,ZZ MUNCH ROLLZ 8g,12177044,IN C&C : Munch Rollz,CHOCOLATE,F&B,576.0,6.91,4.608,37.825,12177044
12077932,NAN 3 FU Formula BIB 30x450g IN,ZZ NAN 3 FU Formula BIB 450g,12077932,IN NSB : NAN PRO 3,INFANT NUTRITION,NN,30.0,15.8,13.5,40.139,12077932
12049448,NAN 2 Follow-Up Formula Tin 30x450g IN,ZZ NAN PRO 2 FU FORMULA Tin 400g,12139669,IN NSB : NAN PRO 2,INFANT NUTRITION,NN,30.0,17.5,13.5,50.439,12049448
12139669,NAN PRO 2 FU FORMULA Tin 30x450g IN,ZZ NAN PRO 2 FU FORMULA Tin 400g,12139669,IN NSB : NAN PRO 2,INFANT NUTRITION,NN,30.0,17.5,13.5,50.439,12139669
12182334,NAN PRO 2 FU FORMULA Tin 30x400g IN,ZZ NAN PRO 2 FU FORMULA Tin 400g,12139669,IN NSB : NAN PRO 2,INFANT NUTRITION,NN,30.0,17.5,12.0,50.439,12182334
12193348,NAN PRO 1 INFANT FORMULA CNTNR 24x400gIN,ZZ NAN PRO1 Container 400g,12193348,IN NSB : NAN PRO 1,INFANT NUTRITION,NN,24.0,14.51,9.6,50.439,12193348
12125642,NESCAFE 3in1 Sac 12(36x15g) PR WHangerIN,ZZ NESCAFE 3in1 Sac 15g,12126996,IN C&B : Nescafe Redimix,BEVERAGES,F&B,432.0,8.4,6.48,54.0,12125642
12126996,NESCAFE 3in1 Sachet 14(36x15g) IN,ZZ NESCAFE 3in1 Sac 15g,12126996,IN C&B : Nescafe Redimix,BEVERAGES,F&B,504.0,9.4,7.56,54.0,12126996
12238669,NESCAFE CLAS 15 x 75g PR R Mug IN,ZZ Nescafe 75g,12238669,IN C&B : Nescafe Classic Large Packs,BEVERAGES,F&B,15.0,8.25,1.125,37.692,12238669
12180351,NESCAFE Caramel Macchiato 16x1Kg IN,ZZ NESCAFE Caramel Macchiato 1Kg,12180351,IN C&B : Specialty Coffee Premix - FS,NP,NP,16.0,17.4,16.0,37.249,12180351
12085258,NESCAFE Choco Mocha 48(5x15g) IN,ZZ NESCAFE Choco Mocha 15g,12085258,IN C&B : Nescafe Cappuccino,BEVERAGES,F&B,240.0,5.43,3.6,22.126,12085258
12245115,NESCAFE CLASSIC Sachet 3240x1g IN,ZZ Nescafe Classic 1g,12245115,IN C&B : Nescafe Classic Small Packs,BEVERAGES,F&B,3240.0,5.285,3.24,38.127,12245115
12252380,NESCAFE CLASSIC Sachet 24 (120 x 1g) IN,ZZ Nescafe Classic 1g,12245115,IN C&B : Nescafe Classic Small Packs,BEVERAGES,F&B,2880.0,4.89,2.88,46.332,12252380
11340686,NESCAFE CLASSIC Bag In Box 36x100g IN,ZZ NESCAFE CLASSIC Bag In Box 100g,11340686,IN C&B : Nescafe Classic Large Packs,BEVERAGES,F&B,,,,,11340686
12167802,NESCAFE CLASSIC Jar 12x190g N1 IN,ZZ NESCAFE CLASSIC Jar 190g,12167802,IN C&B : Nescafe Classic Large Packs,BEVERAGES,F&B,12.0,8.7,2.28,19.843,12167802
12055199,NESCAFE CLASSIC Sac WHanger25(96x0.8g)IN,ZZ NESCAFE CLASSIC Sac 0.7g,12152460,IN C&B : Nescafe Classic Large Packs,BEVERAGES,F&B,2400.0,5.9,1.92,49.062,12055199
12074826,NESCAFE CLASSIC Sachet 30(96x0.8g) IN,ZZ NESCAFE CLASSIC Sac 0.7g,12152460,IN C&B : Nescafe Classic Small Packs,BEVERAGES,F&B,2880.0,4.3,2.304,49.062,12074826
12109056,NESCAFE CLASSIC 30x(96+4)x0.8g PR3.2g IN,ZZ NESCAFE CLASSIC Sac 0.7g,12152460,IN C&B : Nescafe Classic Large Packs,BEVERAGES,F&B,3000.0,4.3,2.4,49.062,12109056
12143638,NESCAFE CLASSIC Sac 30(96x0.8g) N1 IN,ZZ NESCAFE CLASSIC Sac 0.7g,12152460,IN C&B : Nescafe Classic Small Packs,BEVERAGES,F&B,2880.0,5.2,2.304,49.062,12143638
12152460,NESCAFE CLASSIC Sac 30(96x0.7g) N1 IN,ZZ NESCAFE CLASSIC Sac 0.7g,12152460,IN C&B : Nescafe Classic Small Packs,BEVERAGES,F&B,2880.0,4.3,2.016,49.062,12152460
12153365,NESCAFE CLASSIC Sac 38(48x1.5g) N1 IN,ZZ NESCAFE CLASSIC Sac 1.5g,12153365,IN C&B : Nescafe Classic Small Packs,BEVERAGES,F&B,1824.0,4.58,2.736,44.064,12153365
12169002,NESCAFE My First Cup Sac 30(96x0.7g) IN,ZZ NESCAFE My First Cup Sac 30(96x0.7g) IN,12169002,IN C&B : Nescafe Classic Small Packs,BEVERAGES,F&B,2880.0,5.2,2.016,49.062,12169002
12169001,NESCAFE My First Cup Sac 38(48x1.5g) IN,ZZ NESCAFE My First Cup Sac 38(48x1.5g) IN,12169001,IN C&B : Nescafe Classic Small Packs,BEVERAGES,F&B,1824.0,4.58,2.736,44.064,12169001
12112664,NESCAFE SPLASH Lemon 24(36x11g) IN,ZZ NESCAFE SPLASH Lemon 11g,12112664,IN C&B : Fruit Beverages,BEVERAGES,F&B,864.0,11.5,9.504,36.884,12112664
12114506,NESCAFE SPLASH Lemon Flavour 96x110g IN,ZZ NESCAFE SPLASH Lemon Flavour 110g,12114506,IN C&B : Fruit Beverages,BEVERAGES,F&B,96.0,22.8,10.56,38.61,12114506
12170807,NESCAFÉ SUNRISE 6(48x11.5g) PR Cont IN,ZZ NESCAFE SUNRISE 11.5g,12170807,IN C&B : Nescafe Sunrise Small Packs,BEVERAGES,F&B,288.0,6.46,3.312,73.125,12170807
12170777,NESCAFÉ SUNRISE Sachet 27(96x1.3g) IN,ZZ NESCAFE SUNRISE Sac 1.2g,12219403,IN C&B : Nescafe Sunrise Small Packs,BEVERAGES,F&B,2592.0,5.76,3.37,39.043,12170777
12191095,NESCAFE SUNRISE Sac 27((96+12)x1.3g) IN,ZZ NESCAFE SUNRISE Sac 1.2g,12219403,IN C&B : Nescafe Sunrise Small Packs,BEVERAGES,F&B,2916.0,5.21,3.791,44.064,12191095
12206440,NESCAFE SUNRISE Sac 24((132+12)x1.2g) IN,ZZ NESCAFE SUNRISE Sac 1.2g,12219403,IN C&B : Nescafe Sunrise Small Packs,BEVERAGES,F&B,3456.0,6.9,4.147,48.549,12206440
12219403,NESCAFE SUNRISE Sac 32(132x1.2g) IN,ZZ NESCAFE SUNRISE Sac 1.2g,12219403,IN C&B : Nescafe Sunrise Small Packs,BEVERAGES,F&B,4224.0,8.16,5.069,48.549,12219403
12240689,NESC SUNRISE Sac 32(132 x 0.8g) IN,ZZ NESCAFE SUNRISE Sac 1.2g,12219403,IN C&B : Nescafe Sunrise Small Packs,BEVERAGES,F&B,4224.0,6.1,3.379,46.332,12240689
12110229,SUNRISE SPECIAL Sac30((72+12)x1.4g)IN,ZZ NESCAFE SUNRISE Sac 1.3g,12170806,IN C&B : Nescafe Sunrise Small Packs,BEVERAGES,F&B,2520.0,4.7,3.528,84.643,12110229
12170806,NESCAFÉ SUNRISE Sac 30((72+12)x1.3g) IN,ZZ NESCAFE SUNRISE Sac 1.3g,12170806,IN C&B : Nescafe Sunrise Small Packs,BEVERAGES,F&B,2520.0,5.73,3.276,44.064,12170806
12170480,NESCAFÉ SUNRISE Sachet 96x50g IN,ZZ NESCAFE SUNRISE Sachet 50g,12170480,IN C&B : Nescafe Sunrise Small Packs,BEVERAGES,F&B,96.0,6.0,4.8,38.61,12170480
12216096,NESCAFE SUNRISE Sac 96x50gPR Movie Fr IN,ZZ NESCAFE SUNRISE Sachet 50g,12170480,IN C&B : Nescafe Sunrise Small Packs,BEVERAGES,F&B,96.0,6.1,4.8,3.339,12216096
12227265,NESCAFE SUNRISE Sac 84x50g PR Hungroo IN,ZZ NESCAFE SUNRISE Sachet 50g,12170480,IN C&B : Nescafe Sunrise Small Packs,BEVERAGES,F&B,84.0,4.98,4.2,30.925,12227265
12231216,NESC SUNRISE Sac 96x50g PR Mg DBL Fr IN,ZZ NESCAFE SUNRISE Sachet 50g,12170480,IN C&B : Nescafe Sunrise Small Packs,BEVERAGES,F&B,96.0,6.0,4.8,38.61,12231216
12504023,NESCAFE SUNRISE Sachet 96x50g FOH IN,ZZ NESCAFE SUNRISE Sachet 50g,12170480,IN C&B : Nescafe Sunrise Small Packs,BEVERAGES,F&B,96.0,5.73,4.8,35.195,12504023
12212267,NESCAFE SUNRISE STRONG Sac 96X50g IN,ZZ NESCAFE SUNRISE STRONG Sac 50g,12212267,IN C&B : Sunrise Strong,BEVERAGES,F&B,96.0,5.53,4.8,34.496,12212267
12216093,SUNRISE STRONG Sac 96 X 50g PR Movie IN,ZZ NESCAFE SUNRISE STRONG Sac 50g,12212267,IN C&B : Sunrise Strong,BEVERAGES,F&B,96.0,5.53,4.8,34.496,12216093
12227264,SUNRISE STRONG Sac 84X50g PR Hungroo IN,ZZ NESCAFE SUNRISE STRONG Sac 50g,12212267,IN C&B : Sunrise Strong,BEVERAGES,F&B,84.0,4.98,4.2,30.925,12227264
12231215,SUNRISE Strong Sac 96x50g PR MgDBL Fr IN,ZZ NESCAFE SUNRISE STRONG Sac 50g,12212267,IN C&B : Sunrise Strong,BEVERAGES,F&B,96.0,6.0,4.8,34.496,12231215
12212301,NESCAFE SUNRISE STRONG Sac34(132x1.2g)IN,ZZ NESCAFE SUNRISE STRONG Sac34 1.2g,12212301,IN C&B : Sunrise Strong,BEVERAGES,F&B,4488.0,8.25,5.386,48.549,12212301
12246348,NESC SUNRISE STRONG Sac 39(132x0.8g) IN,ZZ NESCAFE SUNRISE STRONG Sac34 1.2g,12212301,IN C&B : Sunrise Strong,BEVERAGES,F&B,5148.0,7.35,4.118,57.68,12246348
12085324,NESCAFE Vanilla Latte 48(5x15g) IN,ZZ NESCAFE Vanilla Latte 15g,12085324,IN C&B : Nescafe Cappuccino,BEVERAGES,F&B,240.0,5.43,3.6,22.126,12085324
12155633,NESTLE NESLAC 24x400g IN,ZZ NESLAC 400g,12155633,IN SSD : Neslac,DAIRY,F&B,24.0,11.7,9.6,44.402,12155633
12108226,NESTEA Instant Iced Tea Lemon 192x65g IN,ZZ NESTEA Iced Tea Lemon 65g,12108226,IN C&B : Instant Tea,BEVERAGES,F&B,192.0,13.2,12.48,36.884,12108226
12121722,NESTEA Inst Masala Tea 14(48x12.5g) IN,ZZ NESTEA Inst Masala Tea 12.5g,12121722,IN C&B : Instant Tea,BEVERAGES,F&B,672.0,10.1,8.4,36.884,12121722
12080639,NESTEA Instant Green Tea Mint 64x200g IN,ZZ NESTEA Instant Green Tea Mint 200g,12080639,IN C&B : Instant Tea,BEVERAGES,F&B,64.0,13.2,12.8,53.144,12080639
12123606,NESTEA Instant Tea Premix 14(48x13g) IN,ZZ NESTEA Instant Tea Premix 14(48x13g) IN,12123606,IN C&B : Instant Tea,BEVERAGES,F&B,672.0,11.5,8.736,36.884,12123606
12123618,NESTEA Instant Masala Tea 36(5x12.5g)IN,ZZ NESTEA Masala Tea 12.5g,12123618,IN C&B : Instant Tea,BEVERAGES,F&B,36.0,3.3,2.25,36.884,12123618
11340185,NESTEA PREMIUM LeafTeaBag MP36(100x2g)IN,ZZ NESTEA PREMIUM LeafTeaBag MP 2g,11340185,IN C&B : Tea Bags - FS,NP,NP,36.0,12.0,7.2,60.244,11340185
11340213,NESTEA TPrmx For VendM Cardamom 16x1kgIN,ZZ NESTEA TPrmx For VendM Cardamom 1kg,11340213,IN C&B : Cardamom Tea Premix - FS,NP,NP,16.0,17.28,16.0,42.208,11340213
12246931,NESTLE a+ dahi 12x400g IN,ZZ Nestle a+ Dahi 380g,12246931,IN FD : Dahi_Regular,DAIRY,F&B,12.0,5.5,4.8,46.791,12246931
12569163,NESTLE a+ Dahi 24x380g IN,ZZ Nestle a+ Dahi 380g,12246931,IN FD : Dahi_Regular,DAIRY,F&B,24.0,10.0,9.12,25.124,12569163
12583258,NESTLE a+ Dahi 24x380g N2 IN,ZZ Nestle a+ Dahi 380g,12246931,IN FD : Dahi_Regular,DAIRY,F&B,24.0,9.994,9.12,25.124,12583258
12583246,NESTLE a+ Dahi 24x380g N3 IN,ZZ Nestle a+ Dahi 380g,12246931,IN FD : Dahi_Regular,DAIRY,F&B,24.0,10.0,9.12,25.124,12583246
12308844,NESTLE a+ Greek Yoghurt Orange24x300g IN,ZZ NESTLE a+ Greek Yoghurt Orange 300g,12308844,IN FD : Yoghurt,DAIRY,F&B,24.0,7.952,7.2,24.966,12308844
12309247,NESTLE a+ Greek Yoghurt Straw 24x300g IN,ZZ NESTLE a+ Greek Yoghurt Strawberry 300g,12309247,IN FD : Yoghurt,DAIRY,F&B,24.0,8.12,7.2,24.966,12309247
12231655,NESTLE ALPINO 60(10x11g) IN,ZZ Nestle Alpino 11g,12231655,IN C&C : Alpino,CHOCOLATE,F&B,60.0,13.6,6.6,86.795,12231655
12211404,NESTLE chokotablet 40(30x12g) IN,ZZ Nestle Classic 12g,12240032,IN C&C : Nestle Milk Chocolate,CHOCOLATE,F&B,1200.0,18.125,14.4,26.928,12211404
12231021,NESTLE Mini 40(30x12g) IN,ZZ Nestle Classic 12g,12240032,IN C&C : Nestle Milk Chocolate,CHOCOLATE,F&B,1200.0,17.8,14.4,39.378,12231021
12240032,NESTLE Classic 36(36x9g) IN,ZZ Nestle Classic 12g,12240032,IN C&C : Nestle Milk Chocolate,CHOCOLATE,F&B,1296.0,13.844,11.664,34.502,12240032
12243091,NESTLE Classic 40(30x12g) IN,ZZ Nestle Classic 12g,12240032,IN C&C : Nestle Milk Chocolate,CHOCOLATE,F&B,1200.0,16.4,14.4,38.5,12243091
12164268,NESTLE a+ Nourish Dahi 24x450g PR IN,ZZ NESTLE Dahi 400g,12164268,IN FD : Dahi_Regular,DAIRY,F&B,24.0,11.821,10.8,25.124,12164268
12161489,NESTLE Dahi 24x400g PR Vanilla IN,ZZ NESTLE Dahi 400g Vanilla,12161489,IN FD : Dahi_Regular,DAIRY,F&B,24.0,10.5,9.6,25.124,12161489
12138058,NESTLE Double Tone Milk CP 12x1L IN,ZZ NESTLE Double Tone Milk CP 1L,12138058,IN SSD : UHT Milk - Toned,DAIRY,F&B,12.0,12.9,12.36,14.205,12138058
12126237,NESTLE Double Toned Milk Tetra12x1L IN,ZZ NESTLE Double Toned Milk Tetra 1L,12126237,IN SSD : UHT Milk - Toned,DAIRY,F&B,12.0,12.9,12.36,14.205,12126237
12106122,NESTLE Eclr BtrScotch Pbg36(100x3.23g)IN,ZZ NESTLE Eclr BtrScotch Pbg 323g,12106122,IN C&C : Eclairs Regular,CONFECTIONARY,F&B,36.0,13.2,11.628,32.888,12106122
12129608,NESTLE Fresh n Nat Dahi Pouch 10x1kg IN,ZZ NESTLE Fresh n Nat Dahi Pouch 1kg,12129608,IN FD : Curds,DAIRY,F&B,10.0,13.0,10.0,29.184,12129608
12187672,NESTLE Fruit Daheez Mango 36x100g,ZZ NESTLE Fruit Daheez Mango 100g,12187672,IN FD : Value Added Dahi,DAIRY,F&B,36.0,4.35,3.6,14.85,12187672
12187673,NESTLE FRUIT DAHEEZ STRAWBERRY 36*100 g,ZZ NESTLE FRUIT DAHEEZ STRAWBERRY 100 g,12187673,IN FD : Value Added Dahi,DAIRY,F&B,36.0,4.35,3.6,14.85,12187673
12173815,NESTLE Fudge Bag Cinnamon 6(5x150g) IN,ZZ NESTLE Fudge Bag Cinnamon 150g,12173815,IN C&C : Fudge,CHOCOLATE,F&B,30.0,6.95,4.5,77.316,12173815
12169826,NESTLE Fudge Bag Ging 6(5x150g) IN,ZZ NESTLE Fudge Bag Ging 150g,12169826,IN C&C : Fudge,CHOCOLATE,F&B,30.0,6.95,4.5,77.316,12169826
12169824,NESTLE Fudge Bag Nut 6(5x150g) IN,ZZ NESTLE Fudge Bag Nut 150g,12169824,IN C&C : Fudge,CHOCOLATE,F&B,30.0,6.95,4.5,77.316,12169824
12169827,NESTLE Fudge Bag Orange 6(5x150g) IN,ZZ NESTLE Fudge Bag Orange 150g,12169827,IN C&C : Fudge,CHOCOLATE,F&B,30.0,6.95,4.5,77.316,12169827
12187671,NESTLE Junior Daheez Mango 36x100g,ZZ NESTLE Junior Daheez Mango 100g,12187671,IN FD : Value Added Dahi,DAIRY,F&B,36.0,4.35,3.6,14.85,12187671
12187670,NESTLE Junior Daheez Strawberry 36x100g,ZZ NESTLE Junior Daheez Strawberry 100g,12187670,IN FD : Value Added Dahi,DAIRY,F&B,36.0,4.35,3.6,14.85,12187670
12169148,NESTLE KIT KAT Diwali 40(12x26.3g) IN,ZZ NESTLE KIT KAT Diwali Pack 26.3g,12169148,IN C&C : Kitkat,CHOCOLATE,F&B,40.0,19.0,12.624,46.816,12169148
12090847,NESTLE Milk Choc Multi Pack 80x75g IN,ZZ NESTLE Milk Choc Multi Pack 75g,12090847,IN C&C : Nestle Milk Chocolate,CHOCOLATE,F&B,80.0,7.95,6.0,14.561,12090847
12179683,Nestle Milkmaid Badam Kheer 18x155g IN,ZZ Nestle Milkmaid Badam Kheer 155g,12179683,IN SSD : Milkmaid Dessert Mixes,DAIRY,F&B,18.0,3.3,2.79,25.76,12179683
12141342,NESTLE NESLAC 24x475g IN,ZZ NESTLE NESLAC 475g,12141342,IN SSD : Neslac,DAIRY,F&B,24.0,14.2,11.4,44.402,12141342
12111532,NESTLE Orange Pouch 16x750g IN,ZZ NESTLE Orange Pouch 750g,12111532,IN C&B : Fruit Beverages - FS,NP,NP,16.0,12.7,12.0,27.52,12111532
12177681,NESTLE SELCT Panned Nuts (24x125g) IN,ZZ NESTLE SELCT Panned Nuts 125g,12177681,IN C&C : Chocolate Gift packs,CHOCOLATE,F&B,24.0,12.5,3.0,43.235,12177681
12256299,NESTLE SELECTIONS (38x107.5g) IN,ZZ Nestle Selections 107.5g,12256299,IN C&C : Chocolate Gift packs,CHOCOLATE,F&B,38.0,7.25,4.085,45.412,12256299
12132286,NESTLE SELECTIONS (60x209) IN,ZZ NESTLE SELECTIONS 209,12132286,IN C&C : Chocolate Gift packs,CHOCOLATE,F&B,60.0,20.2,12.54,89.148,12132286
12162785,NESTLE SELECTIONS (36x210.4g) IN,ZZ NESTLE SELECTIONS 209,12132286,IN C&C : Chocolate Gift packs,CHOCOLATE,F&B,36.0,12.0,7.574,54.545,12162785
12132287,NESTLE SELECTIONS (36x257.5g) IN,ZZ NESTLE SELECTIONS 253.9g,12162787,IN C&C : Chocolate Gift packs,CHOCOLATE,F&B,36.0,15.7,9.27,70.706,12132287
12162787,NESTLE SELECTIONS (24x253.9g) IN,ZZ NESTLE SELECTIONS 253.9g,12162787,IN C&C : Chocolate Gift packs,CHOCOLATE,F&B,24.0,10.0,6.094,30.72,12162787
12073385,ZZNESTLE SELECTIONS 36x280.5g IN,ZZ NESTLE SELECTIONS 280.5g,12073385,IN C&C : Chocolate Assorted packs,CHOCOLATE,F&B,36.0,15.6,10.098,74.786,12073385
12073386,ZZNESTLE SELECTIONS 24x344g IN,ZZ NESTLE SELECTIONS 344g,12132316,IN C&C : Chocolate Assorted packs,CHOCOLATE,F&B,24.0,14.8,8.256,59.943,12073386
12132316,NESTLE SELECTIONS (24x346g) IN,ZZ NESTLE SELECTIONS 344g,12132316,IN C&C : Chocolate Gift packs,CHOCOLATE,F&B,24.0,12.7,8.304,30.72,12132316
12146626,NESTLE SELECTIONS Box Pack (48x63g) IN,ZZ NESTLE SELECTIONS Box Pack 63g,12146626,IN C&C : Chocolate Gift packs,CHOCOLATE,F&B,48.0,8.9,3.024,19.337,12146626
11340058,NESTLE Sweetened Condensed Milk BarrelIN,ZZ NESTLE Sweetened Condensed Milk 280 Kg,11340058,IN SSD : SCM - 280Kg,DAIRY,F&B,1.0,0.0,0.0,1.0,11340058
12149092,NESTLE Vanilla Yoghurt 36x100g,ZZ NESTLE Vanilla Yoghurt 100g,12149092,IN FD : FruitN Dahi,DAIRY,F&B,36.0,4.35,3.6,14.85,12149092
12036751,NIDO Milk Powder BIB 24x500g IN,ZZ NIDO Milk Powder BIB 500g,12036751,IN SSD : Neslac,DAIRY,F&B,24.0,14.16,12.0,44.402,12036751
12271879,NESTLE Milk Chocolate  16(18x36g) IN,ZZ NMC 16(18x36g) Rs.40,12271879,IN C&C : Nestle Milk Chocolate,CHOCOLATE,F&B,288.0,12.1,10.368,24.354,12271879
12180966,NESTLE Milk Chocolate 24(24x18g) IN,ZZ NMC 24(24x18g) Rs.20,12180966,IN C&C : Nestle Milk Chocolate,CHOCOLATE,F&B,576.0,12.667,10.368,29.952,12180966
12203093,NUTREN JUNIOR BIB 18X400G IN,ZZ NUTREN JUNIOR BIB 400G,12203093,IN HCN : Nutren Junior,HCN,HCN,18.0,9.03,7.2,30.657,12203093
12123096,OPTIFAST SLIM Strawberry Tin 48x200g IN,ZZ OPTIFAST SLIM Strawberry Tin 200g,12164267,IN HCN : Optifast Slim,HCN,HCN,48.0,18.8,9.6,43.659,12123096
12164267,OPTIFAST SLIM Strawberry Tin 24x200g IN,ZZ OPTIFAST SLIM Strawberry Tin 200g,12164267,IN HCN : Optifast Slim,HCN,HCN,24.0,7.48,4.8,22.408,12164267
12209452,POLO Mini Dispensing Box 36(30X7.81g) IN,ZZ POLO Mini Dispensing Box,12209452,IN C&C : Polo,CONFECTIONARY,F&B,1080.0,12.0,8.435,32.524,12209452
12207102,POLO Mint Cinnamon 18(17x34.37g) IN,ZZ POLO Mint Cinnamon Box 34.37g,12207102,IN C&C : Polo,CONFECTIONARY,F&B,306.0,12.9,10.517,25.568,12207102
12191520,POLO Mint Mini Jug 12(100X7.81g) IN,ZZ POLO Mint Mini Jug,12191520,IN C&C : Polo,CONFECTIONARY,F&B,1200.0,11.5,9.372,52.333,12191520
12162783,POLO Mint Roll Cocoa Mocha 24(20X25g) IN,ZZ POLO Mint Roll Cocoa Mocha Box 25g,12162783,IN C&C : Polo,CONFECTIONARY,F&B,480.0,13.8,12.0,19.851,12162783
12162784,POLO Mint Roll Lime 24(20x25) IN,ZZ POLO Mint Roll Lime 25g,12162784,IN C&C : Polo,CONFECTIONARY,F&B,480.0,13.8,12.0,19.851,12162784
12162781,POLO Mint Roll Peach 24(20x25) IN,ZZ POLO Mint Roll Peach 25g,12162781,IN C&C : Polo,CONFECTIONARY,F&B,480.0,13.8,12.0,19.851,12162781
12162782,POLO Mint Roll Watermelon24(20x25) IN,ZZ POLO Mint Roll Watermelon 25g,12162782,IN C&C : Polo,CONFECTIONARY,F&B,480.0,13.8,12.0,19.851,12162782
12206800,POLO Mint Watermelon 18(17x34.37g) IN,ZZ POLO Mint Roll Watermelon 25g,12162782,IN C&C : Polo,CONFECTIONARY,F&B,306.0,12.9,10.517,25.568,12206800
12614717,POLO Watermelon 24(24x24g) IN,ZZ POLO Mint Roll Watermelon 25g,12162782,IN C&C : Polo,CONFECTIONARY,F&B,576.0,15.7,13.824,36.34,12614717
12206759,POLO Mint Peppermint 18(17x34.37g) IN,ZZ POLO Peppermint Box 34.37g,12206759,IN C&C : Polo,CONFECTIONARY,F&B,306.0,12.9,10.517,25.568,12206759
12174665,RESOURCE DIABETIC Van 12(6x56g) IN,ZZ RESOURCE DIABETIC Van 56g,12174665,IN HCN : Resource Diabetic,HCN,HCN,72.0,5.0,4.032,19.329,12174665
12076273,SJORA Mango Peach Concentrate 12x1L PH,ZZ SJORA Mango Peach Concentrate 1L,12076273,IN C&B : Fruit Beverages - FS,NP,NP,12.0,15.6,14.76,18.107,12076273
12164153,SPERT Chocolate Tin 24x200g IN,ZZ SPERT Chocolate Tin 200g,12164153,IN HCN : Spert,HCN,HCN,24.0,7.16,4.8,22.408,12164153
12166688,SUNRISE PREMIUM Jar 24x25g N1 IN,ZZ SUNRISE PREMIUM Jar 25g,12166688,IN C&B : Nescafe Sunrise Large Packs,BEVERAGES,F&B,24.0,3900.0,600.0,4.925,12166688
12029980,SUNRISE PREMIUM Sachet 18(36x6.4g) IN,ZZ SUNRISE PREMIUM Sachet 6.4g,12029980,IN C&B : Nescafe Sunrise Large Packs,BEVERAGES,F&B,648.0,6.6,4.147,49.062,12029980
12139244,SUNRISE PREMIUM Sac 18(36x6.4g) N1 IN,ZZ SUNRISE PREMIUM Sachet 6.4g,12029980,IN C&B : Nescafe Sunrise Large Packs,BEVERAGES,F&B,648.0,6.6,4.147,49.062,12139244
12114208,SUNRISE SPECIAL Sachet 288x17g IN,ZZ SUNRISE SPECIAL Sachet 17g,12114208,IN C&B : Nescafe Sunrise Small Packs,BEVERAGES,F&B,288.0,6.27,4.896,49.062,12114208
11340182,SUNRISE SPECIAL Sachet 48x200g IN,ZZ SUNRISE SPECIAL Soft Pack 200g,11340182,IN C&B : Nescafe Sunrise Small Packs,BEVERAGES,F&B,48.0,11.18,9.6,50.098,11340182
12158008,SUNRISE SPECIAL Stabillo (24x200g) IN,ZZ SUNRISE SPECIAL Soft Pack 200g,11340182,IN C&B : Nescafe Sunrise Small Packs,BEVERAGES,F&B,24.0,6.2,4.8,31.977,12158008
12249163,NESTLE Sweet Lassi Tub 24x165ml IN,ZZ Sweet Lassi Tub 165ml,12249163,IN FD : Value Added Dahi,DAIRY,F&B,24.0,5.72,3.96,28.8,12249163
12623854,CERELAC STG2 WheApp Chry 12(2x350g)ZS IN,CERELAC STAGE 2 Whe App Chry BIB 700g - ZS,12623854,IN NSB : Cerelac 2,INFANT NUTRITION,NN,12.0,10.652,8.4,48.333,12623854
12623855,CERELAC STG1 Wheat Apple 12(2x350g)ZS IN,CERELAC STAGE 1 Whe Apple BIB 700g - ZS,12623855,IN NSB : Cerelac 1,INFANT NUTRITION,NN,12.0,10.652,8.4,48.333,12623855
12601888,NESTLE PRO KITKAT Spread 6x1kg IN,NESTLE PRO KITKAT Spread 1Kg,12601888,IN C&C: KITKAT Spread-IMP,NP,NP,6.0,6.556,6.0,18.061,12601888
12622568,PRO PLAN ADULT Dog LBr 4x3kg FrW 15kg IN,PRO PLAN ADULT Dog LBr 4x3kg FrW 15kg IN,12622568,IN PP: PROPLAN Adult,PETCARE,PETCARE,4.0,13.11,12.0,57.822,12622568
12622578,PRO PLAN ADULT Dog Med 4x3kg FrW 15kg IN,PRO PLAN ADULT Dog Med 4x3kg FrW 15kg IN,12622578,IN PP: PROPLAN Adult,PETCARE,PETCARE,4.0,13.11,12.0,57.822,12622578
12623529,NESCAFE SUNRISE Sac 30(156x1.9g)SN IN,NESCAFE SUNRISE Sachet Rs 2 TN,12328727,IN C&B : Nescafe Sunrise Small Packs,BEVERAGES,F&B,4680.0,13.731,8.892,64.286,12623529
12620762,MAGGI MeM 640x6g FrW MeM B6G1 IN,MAGGI MeM 640x6g FrW MeM B6G1 IN,12620762,IN CUL : Masala-ae-Magic,CULINARY,F&B,640.0,5.2,3.84,21.168,12620762
12608578,MAGGI 2-MINN Masala 16x420g NR IN,MAGGI 2-MINUTE NOODLES Masala 420g,12339390,IN CUL : Noodles,CULINARY,F&B,16.0,7.43,6.72,36.192,12608578
12625800,MILKYBAR Mould 24(30x12.5g) PR Movie IN,MILKYBAR Mould 13g,12362872,IN C&C : Milkybar,CHOCOLATE,F&B,720.0,11.166,9.0,38.88,12625800
12625779,MILKYBAR 20(14x42g) PR Movie IN,MILKYBAR Mould 42g,12383293,IN C&C : Milkybar,CHOCOLATE,F&B,280.0,14.493,11.76,29.05,12625779
12626604,MILKYBAR Mould 16(24x24g)PR Mve 6.7%X IN,MILKYBAR Mould 25g,12362797,IN C&C : Milkybar,CHOCOLATE,F&B,384.0,10.85,9.216,35.343,12626604
12622628,POLO Mint Roll 27(28x12g)N3 IN,POLO Mint Roll Box 15g,12329838,IN C&C : Polo,CONFECTIONARY,F&B,756.0,10.42,9.072,11.484,12622628
12624452,PRO PLAN ADULT Dog Med 4x3kgPR BIN Fr IN,PRO PLAN ADULT Dog Medium 2.5kg,12455296,IN PP: PROPLAN Adult,PETCARE,PETCARE,4.0,13.11,12.0,57.822,12624452
12521430,NESCAFE RTD Intense Cnd 30x180ml NP,NESCAFE RTD Intense Cafe Cnd 180ml,12374164,IN SSD : Nescafe RTD Cold Coffee,DAIRY,F&B,30.0,6.4,5.562,14.5,12521430
12626027,FRISKIES Seafood 6kg PR Explore Kit IN,FRISKIES Seafood Sensations 6kg,12385495,IN PP: Friskies Adult,PETCARE,PETCARE,1.0,6.1,6.0,18.556,12626027
12624442,PRO PLAN PUPPY Star 4x3kg PR BIN Fr IN,PRO PLAN Puppy Starter 4x3kg XI,12534452,IN PP: PROPLAN Puppy,PETCARE,PETCARE,4.0,13.11,12.0,57.822,12624442
12624443,PRO PLAN PPY Med Chkn 4x3kg PR BIN Fr IN,PRO PLAN PUPPY Medium Chicken 2.5kg,12455292,IN PP: PROPLAN Puppy,PETCARE,PETCARE,4.0,13.11,12.0,57.822,12624443
12624429,PRO PLAN PPY LBr Chkn 4x3kg PR BIN Fr IN,PRO PLAN PUPPY LBr Chkn 3kg,12455321,IN PP: PROPLAN Puppy,PETCARE,PETCARE,4.0,13.11,12.0,57.822,12624429
12626069,FRISKIES Surfin 6kg PR Explore Kit IN,FRISKIES Surfin Favourites 6kg,12497245,IN PP: Friskies Adult,PETCARE,PETCARE,1.0,6.1,6.0,18.556,12626069
12624460,PRO PLAN ADULT Dog LBr 4x3kgPR BIN Fr IN,PRO PLAN ADULT Dog LBr Chkn 2.5kg,12455401,IN PP: PROPLAN Adult,PETCARE,PETCARE,4.0,13.11,12.0,57.822,12624460
12622660,POLO Big Roll 24(24x24g)N4 IN,POLO Mint Big Roll 30g,12329836,IN C&C : Polo,CONFECTIONARY,F&B,576.0,16.8,13.824,36.044,12622660
12619027,NESCAFE Clas Stick 96(144x0.9g)NR N1 IN,NESCAFE Classic Sachet Rs 2,12355244,IN C&B : Nescafe Classic Small Packs,BEVERAGES,F&B,13824.0,18.54,12.442,132.218,12619027
12622616,POLO Mini Jar 16(100x6g) N4 IN,POLO Mini Jar 6g,12329839,IN C&C : Polo,CONFECTIONARY,F&B,1600.0,11.98,9.6,33.12,12622616
12621010,MAGGI Ntr-lcs Atta 24x290g PL IN,MAGGI 2-MINUTE NOODLES Veg Atta 320g,12372674,IN CUL : Noodles Value Added,CULINARY,F&B,24.0,8.0,6.96,41.664,12621010
12617854,MILKYBAR Mould Tin 10(64x12.5g) IN,MILKYBAR Mould 13g,12362872,IN C&C : Milkybar,CHOCOLATE,F&B,640.0,11.438,8.0,33.04,12617854
12621020,MAGGI Ntr-lcs Atta 16x435g PL IN,MAGGI 2-MINUTE NOODLES Nutri-licious Atta 435g,12415559,IN CUL : Noodles Value Added,CULINARY,F&B,16.0,8.0,6.96,41.664,12621020
12625443,MAG Ntr-lcs Atta 24x290g PR Rs 11 Off IN,MAGGI 2-MINUTE NOODLES Veg Atta 320g,12372674,IN CUL : Noodles Value Added,CULINARY,F&B,24.0,8.09,6.96,41.664,12625443
12622651,POLO Big Roll Jar 12((68+4)x12g)N4 IN,POLO Mint Roll Big Jar 15g,12329838,IN C&C : Polo,CONFECTIONARY,F&B,864.0,12.73,10.368,37.527,12622651
12627026,MUNCH Twin Bar 12(42x17.4g)PR PhonePy IN,MUNCH 4X4 20.1g,12356633,IN C&C : Munch,CHOCOLATE,F&B,504.0,11.18,8.77,43.733,12627026
12625289,EVERYDAY DW 12x1kg PR 32g B1G2 KL IN,EVERYDAY Dairy Whitener 1Kg,12199037,IN SSD : EveryDay DW,DAIRY,F&B,12.0,13.12,12.0,32.468,12625289
12625304,EVERYDAY DW 240x32g FrW 1kg B1G2 KL IN,EVERYDAY DW 240x32g FrW 1kg B1G2 KL IN,12625304,IN SSD : EveryDay DW,DAIRY,F&B,240.0,8.81,7.68,50.636,12625304
12618412,EVERYDAY Dairy Creamer 24x450g N1 IN,EVERYDAY Dairy Creamer 450g FS,12243551,IN SSD : EveryDay DW - FS,NP,NP,24.0,14.04,10.8,58.733,12618412
12623519,MAGGI 2-MIN Ndls Masala 8x840 OT NR IN,MAGGI 2-MINUTE NOODLES Masala 840g,12391612,IN CUL : Noodles,CULINARY,F&B,8.0,7.6,6.72,34.687,12623519
12622716,KIT KAT Dark 14x1F Sbg 64x103.6g 3U FrIN,KK Dark sbg 103.6g,12349792,IN C&C : Kitkat Tablets,CHOCOLATE,F&B,64.0,10.393,6.63,75.52,12622716
12602984,MAGGI Chicken Stock Cube 24(24x18g) IN,MAGGI Chicken Stock Cube 24(24x18g) IN,12602984,IN CUL : MAGGI - IMP,SI,SI,576.0,11.8,10.368,18.78,12602984
12622747,MAGGI 2-MIN Ndls Masala 5x1.68Kg N4 IN,MAGGI 2-MINUTE NOODLES Masala 1.68kg,12342079,IN CUL : Noodles - FS,NP,NP,5.0,9.4,8.4,44.074,12622747
12620326,KIT KAT CHUNKY Caramel 16(12x42g) IN,KIT KAT CHUNKY Caramel 42g,12571075,IN C&C : Kitkat-IMP,SI,SI,192.0,8.748,8.064,21.168,12620326
12620350,KIT KAT CHUNKY MP16(12x40g) IN,KIT KAT CHUNKY 40g,12535900,IN C&C : Kitkat-IMP,SI,SI,192.0,8.364,7.68,21.168,12620350
12623325,MAGGI Korean BBQ Chicken 8(9x90g) IN,MAGGI Korean BBQ Chicken 90g,12569989,IN CUL : MAGGI NDLS - KOREAN,CULINARY,F&B,72.0,8.4,6.48,39.061,12623325
12619057,KIT KAT CHUNKY Miniatures 24x126g IN,KITKAT Chunky Miniatures 10.5g,12601408,IN C&C : Kitkat-IMP,SI,SI,24.0,3.564,3.024,29.619,12619057
12622063,MUNCH Cereal Choco Fills 32x100g N1 IN,MUNCH Cereal Choco Fills 100g IN,12609743,IN CPW : Munch Choco Fills,BREAKFAST CEREAL,NBC,32.0,4.537,3.2,53.602,12622063
12623305,MAGGI Korean BBQ Veg 8(9x90g) IN,MAGGI Korean BBQ Veg 90G,12569960,IN CUL : MAGGI NDLS - KOREAN,CULINARY,F&B,72.0,8.4,6.48,39.061,12623305
12621003,NESCAFE Classic latte Can 8(4x200ml) IN,NESCAFE Classic Latte Cnd 30x200ml IN,12610095,IN SSD : Nescafe RTD Cold Coffee,DAIRY,F&B,8.0,7.53,6.592,17.554,12621003
12625663,MUNCH Pouch 28(16x8.7g) IN,MUNCH Pouch 151.5g,12351920,IN C&C : Munch,CHOCOLATE,F&B,28.0,4.989,3.898,30.94,12625663
12622181,MAGGI Coco MlkPwdr48x100g PR Rs15 Off IN,MAGGI Coconut Milk Powder 100g,11450011,IN CUL : Coconut Milk Powder,CULINARY,F&B,48.0,6.3,4.8,31.186,12622181
12623246,KIT KAT CHUNKY 16(12x40g) PR ₹10 OFF IN,KIT KAT CHUNKY White 40g,12613705,IN C&C : Kitkat-IMP,SI,SI,192.0,8.364,7.68,21.168,12623246
12625370,MAGGI MeM 16(2(60x6g) PR Thali IN,MAGGI Masala-ae-Magic Sachet 6g,12365008,IN CUL : Masala-ae-Magic,CULINARY,F&B,1920.0,13.62,11.52,51.437,12625370
12628829,MAGGI 2-MINN Masala 96x95g NR IN,MAGGI 2-MIN Noodles Masala 95g- Dbl Mas,12628829,IN CUL : Noodles,CULINARY,F&B,96.0,10.19,9.12,47.223,12628829
12619132,MILKMAID Doy Pack 64x190g IN,MILKMAID SCM Tin 200g -Doy,12584428,IN SSD : Milkmaid SCM,DAIRY,F&B,64.0,13.4,12.16,37.542,12619132
12621118,MUNCH Maha 27(32x8.7g) Reward IN,MUNCH Maha,12311653,IN C&C : Munch,CHOCOLATE,F&B,864.0,9.983,7.517,53.618,12621118
12621023,MUNCH Maha 18(50x8.7g) Reward IN,MUNCH Maha,12311653,IN C&C : Munch,CHOCOLATE,F&B,900.0,10.44,7.83,47.616,12621023
12615101,FRISKIES Meaty Grill 12x400g IN,FRISKIES Meaty Grill 12x400g IN,12615101,IN PP: Friskies Adult,PETCARE,PETCARE,12.0,5.49,4.8,24.504,12615101
12615083,FRISKIES Meaty Grill 6x1kg IN,FRISKIES Meaty Grill 6x1kg IN,12615083,IN PP: Friskies Adult,PETCARE,PETCARE,6.0,6.78,6.0,29.678,12615083
12615091,FRISKIES Indoor Delights 6x1kg IN,FRISKIES Indoor Delights 6x1kg IN,12615091,IN PP: Friskies Adult,PETCARE,PETCARE,6.0,6.78,6.0,29.678,12615091
12615078,FRISKIES Meaty Grill 4x2.5kg IN,FRISKIES Meaty Grill 4x2.5kg IN,12615078,IN PP: Friskies Adult,PETCARE,PETCARE,4.0,10.96,10.0,42.9,12615078
12615102,FRISKIES Indoor Delights 4x2.5kg IN,FRISKIES Indoor Delights 4x2.5kg IN,12615102,IN PP: Friskies Adult,PETCARE,PETCARE,4.0,10.96,10.0,42.9,12615102
12626065,FELIX ADL Sardine 2(12x85g)PR Toy Fr IN,FELIXADLSardineGiJ2(12x85g) XI,12500196,IN PP: Felix Adult,PETCARE,PETCARE,2.0,2.358,2.04,6.109,12626065
12626061,FELIX ADL Mack GiJ 2(12x85g)PR Toy Fr IN,FELIXADULTMackGiJ2(12x85g) XI,12500199,IN PP: Felix Adult,PETCARE,PETCARE,2.0,2.358,2.04,6.109,12626061
12626072,FELIX ADL Chkn 2(12x85G)PR Toy Free IN,FELIXADLChickenGiJ2(12x85g) XI,12500193,IN PP: Felix Adult,PETCARE,PETCARE,2.0,2.358,2.04,6.109,12626072
12626073,FELIX ADL Salmon 2(12x85G)PR Toy Free IN,FELIXADL Salmon GiJ2(12x85g) XI,12500190,IN PP: Felix Adult,PETCARE,PETCARE,2.0,2.358,2.04,6.109,12626073
12626039,FELIX ADL Tuna GiJ 2(12x85g)PR Toy Fr IN,FELIXADULTTunaGiJ2(12x85g) XI,12500202,IN PP: Felix Adult,PETCARE,PETCARE,2.0,2.358,2.04,6.109,12626039
12626054,FELIX KITTEN Tuna 2(12x85g)PR Toy Fr IN,FELIXKITTENTunaGiJ2(12x85g) XI,12500208,IN PP: Felix Kitten,PETCARE,PETCARE,2.0,2.358,2.04,6.109,12626054
12626029,FELIX AGAIL Ktn Chkn2(12x85g)PRToy Fr IN,FELIXAGAILKtnChknGiJ2(12x85g) XI,12500205,IN PP: Felix Kitten,PETCARE,PETCARE,2.0,2.358,2.04,6.109,12626029
12615905,NESCAFE CLASSIC Sachet 96x45g NR N1 IN,NESCAFE Classic Sachet 50g,12256340,IN C&B : Nescafe Classic Large Packs,BEVERAGES,F&B,96.0,5.14,4.32,35.195,12615905
12616729,NANGROW Sachet 288x33.5g JEFB001-2 N1 IN,NESTLE NANGROW Pouch 112x33.5g Sample IN,12375617,IN NSB : NANGROW,INFANT NUTRITION,NN,288.0,11.95,9.648,57.6,12616729
12626465,MUNCH Cereal Choco Fills 192x15g IN,MUNCH Cereal Choco Fills 19g,12616899,IN CPW : Munch Choco Fills,BREAKFAST CEREAL,NBC,192.0,4.517,2.88,82.485,12626465
12629682,SUPERCOAT Puppy Chkn 10Kg PR 4.8kg Fr IN,SUPERCOAT Puppy Chicken 10kg,12353195,TH Pet DryDogPremium 0-1500g,PETCARE,PETCARE,1.0,10.16,10.0,24.192,12629682
12629676,SUPERCOAT PUPPY Chkn 12x400g FrW 10kg IN,SUPERCOAT PUPPY Chkn 12x400g FrW 10kg IN,12629676,TH Pet DryDogPremium 0-1500g,PETCARE,PETCARE,12.0,5.56,4.8,26.558,12629676
12615676,CEREGROW Multipack 10(12x50g)RDA ZS IN,NESTLE CEREGROW Multipack 50g,12481718,IN NSB : CEREGROW,INFANT NUTRITION,NN,16.0,8.7,6.0,80.535,12615676
12629473,Supercoat Puppy Chkn 10Kg PR 2Kg 910 IN,SUPERCOAT Puppy Chicken 10kg,12353195,TH Pet DryDogPremium 0-1500g,PETCARE,PETCARE,1.0,10.16,10.0,24.192,12629473
12629481,Supercoat Adult Chkn 10Kg PR 2Kg 790 IN,SUPERCOAT Adult AllBreed Chkn 10kg,12444315,TH Pet DryDogPremium 2001-5000g.,PETCARE,PETCARE,1.0,10.16,10.0,24.192,12629481
12629657,NESCAFE Clas Stick 32(72x3.2g) NR1 IN,NESCAFE Classic Sachet Rs 10,12367970,IN C&B : Nescafe Classic Small Packs,BEVERAGES,F&B,2304.0,11.07,7.373,91.65,12629657
12615879,EVERYDAY DW 32x400g+40g X Fr PB N1 IN,EVERYDAY Dairy Whitener Polybag 400g,12310536,IN SSD : EveryDay DW,DAIRY,F&B,32.0,15.6,14.08,48.866,12615879
12599541,MAGGI Tom Ket 12x960g PR Ndls 280g IN,MAGGI Tomato Ketchup Bottle 1kg,11340377,IN CUL : Sauces,CULINARY,F&B,12.0,18.38,11.52,27.825,12599541
12628590,MUNCH Cereal 192x17g PR Superman IN,NESTLE MUNCH Cereal 18g,12565419,IN CPW : Munch Cereals,BREAKFAST CEREAL,NBC,192.0,4.901,3.264,82.485,12628590
12623216,NESTLE MUNCH Cereal 18x300g N1 IN,NESTLE MUNCH Cereal 18x300g IN,12565431,IN CPW : Munch Cereals,BREAKFAST CEREAL,NBC,18.0,6.951,5.4,57.707,12623216
12700626,NESCAFE Sunrise Sac 576x2g TN IN,NESCAFE SUNRISE Sachet Rs 2 TN,12328727,IN C&B : Nescafe Sunrise Small Packs,BEVERAGES,F&B,576.0,1.741,1.152,14.144,12700626
12602116,MUNCH Maxx 12(24x38.5g)PR Reward IN,MUNCH Maxx 42g,12527971,IN C&C : Munch Maxx,CHOCOLATE,F&B,288.0,13.447,11.088,44.698,12602116
12617723,KIT KAT Tablet Rich Choc 10(6x150g)N5 IN,KIT KAT Tablet Rich Choc 10(6x150g) IN,12571648,IN C&C : Kitkat Tablets,CHOCOLATE,F&B,60.0,11.1,9.0,24.188,12617723
12617902,KIT KAT Tablet Rich Choc 12(12x50g)N5 IN,KITKAT Tablet Rich Choc 12(12x50g) IN,12571620,IN C&C : Kitkat Tablets,CHOCOLATE,F&B,144.0,10.52,7.2,19.176,12617902
12619735,KIT KAT 4 Finger Anime 18(21x38.5g) IN,KIT KAT 4F 38.3g,12177284,IN C&C : Kitkat,CHOCOLATE,F&B,378.0,17.42,14.553,48.62,12619735
12619736,KIT KAT 2x3F Anime 18(14x(2x28.5g)) IN,KIT KAT 2X3F 28.3g,12403530,IN C&C : Kitkat,CHOCOLATE,F&B,252.0,17.557,14.364,54.234,12619736
12621098,KIT KAT Gooey Salted Crml 10(6x112g) IN,KK premium Salted Caramel 112g,12621098,IN C&C : Kitkat Tablets,CHOCOLATE,F&B,60.0,7.81,6.72,25.02,12621098
12621099,KIT KAT Hazelnut Crunch 10(6x120g) IN,KK Premium Hazelnut 120g,12621099,IN C&C : Kitkat Tablets,CHOCOLATE,F&B,60.0,8.241,7.2,25.02,12621099
12623878,KIT KAT Tablet Dbl Choc 10(10x63g)N4 IN,KIT KAT Tablet Marbling 63.6g,12596718,IN C&C : Kitkat Tablets,CHOCOLATE,F&B,100.0,8.336,6.3,17.391,12623878
12624782,KIT KAT Tablet Caramel 12(12x50g)N4 IN,KITKAT Tablet Caramel 12(12x50g) IN,12571589,IN C&C : Kitkat Tablets,CHOCOLATE,F&B,144.0,10.52,7.2,19.176,12624782
12625778,NESCAFE Choco Latte Cnd 30x200ml BT,NESCAFE Choco Latte Cnd 30x200ml IN,12610093,IN SSD : Nescafe RTD Cold Coffee,DAIRY,F&B,30.0,7.3,6.18,19.849,12625778
12628353,NESTLE Classic 16(21x28g) IN,NESTLE Classic Chocolate 34g,12368378,IN C&C : Nestle Milk Chocolate,CHOCOLATE,F&B,336.0,11.54,9.408,29.935,12628353
12628835,MAGGI 2-MINN Masala 420x25g NR IN,MAGGI 2-MINUTE NOODLES Masala 25g,12628835,IN CUL : Noodles,CULINARY,F&B,420.0,13.68,10.5,63.897,12628835
12630507,MILKYBAR Mould 16(64x13.2g) PR Extra IN,MILKYBAR Mould 13g,12362872,IN C&C : Milkybar,CHOCOLATE,F&B,1024.0,15.23,13.517,47.35,12630507
12893324,NESC SUNRISE 40(120x1.4g)UP APKNT NR3 IN,NESCAFE SUNRISE Sachet Rs 2 ROTN,12328727,IN C&B : Nescafe Sunrise Small Packs,BEVERAGES,F&B,4800.0,10.412,6.72,132.3,12893324
12893346,NESC SUNRISE Dawn Jar 30x45g AP NR2 IN,NESCAFE SUNRISE Premium Jar 50g,12324861,IN C&B : Nescafe Sunrise Large Packs,BEVERAGES,F&B,30.0,6.247,1.35,8.238,12893346
12893348,NESCAFE SUNRISE Stabilo 80x90g AP NR3 IN,NESCAFE SUNRISE Premium Sachet 100g,12320611,IN C&B : Nescafe Sunrise Large Packs,BEVERAGES,F&B,80.0,8.5,7.2,60.0,12893348
12893364,NESC SUNRISE Sac 30(48x6.7g) AP NR3 IN,NESCAFE SUNRISE Sachet Rs 10,12367454,IN C&B : Nescafe Sunrise Small Packs,BEVERAGES,F&B,1440.0,12.421,9.648,79.957,12893364
12893369,NESC SUNRISE Sac 24(60x3.4g) AP NR 2 IN,NESCAFE SUNRISE Sachet Rs 5,12367459,IN C&B : Nescafe Sunrise Small Packs,BEVERAGES,F&B,1440.0,6.509,4.896,48.906,12893369
12630495,MILKYBAR Mould 24(30x13.2g)PR X ONAM IN,MILKYBAR Mould 13g,12362872,IN C&C : Milkybar,CHOCOLATE,F&B,720.0,11.578,9.504,38.88,12630495
12648448,NESCAFE SUNRISE Sac 24(60x3.4g) TN IN,NESCAFE SUNRISE Sachet Rs 5,12367459,IN C&B : Nescafe Sunrise Small Packs,BEVERAGES,F&B,1440.0,6.509,4.896,48.906,12648448
12632474,NESCAFE SUNRISE Sac 30(48x6.7g)TN IN,NESCAFE SUNRISE Sachet Rs 10,12367454,IN C&B : Nescafe Sunrise Small Packs,BEVERAGES,F&B,1440.0,12.421,9.648,79.957,12632474
12632509,NESCAFE SUNRISE Sac 30((46+2)x6.7g)TN IN,NESCAFE SUNRISE Sachet Rs 10,12367454,IN C&B : Nescafe Sunrise Small Packs,BEVERAGES,F&B,1440.0,12.421,9.648,79.957,12632509
12628755,POLO MINT 50 U Sbg 24x75g IN,POLO MINT Sbg 75g,12628755,IN C&C : Polo,CONFECTIONARY,F&B,24.0,2.8,1.8,22.205,12628755
12893311,NESC SUNRISE Sac30(156x1.4g)TPBLR NR3 IN,NESCAFE SUNRISE Sachet Rs 2 ROTN,12328727,IN C&B : Nescafe Sunrise Small Packs,BEVERAGES,F&B,4680.0,10.316,6.552,64.286,12893311
12602683,NESCAFE RTD latte30x180ml PR Rs10 Off IN,NESCAFE RTD Latte 180ml,12316381,IN SSD : Nescafe RTD Cold Coffee,DAIRY,F&B,30.0,6.24,5.562,7.937,12602683
12602690,NESC RTD Mocha 30x180ml PR Rs10 Off IN,NESCAFE RTD Mochaccino 30x180ml IN,12499422,IN SSD : Nescafe RTD Cold Coffee,DAIRY,F&B,30.0,6.23,5.562,7.937,12602690
12602701,NESCAFE RTD Int 30x180ml PR Rs10 Off IN,NESCAFE RTD Intense Cafe 180ml,12316335,IN SSD : Nescafe RTD Cold Coffee,DAIRY,F&B,30.0,6.25,5.562,7.937,12602701
13107701,MUNCH Twin Bar 18(42x17.4g) IN,MUNCH 4X4 20.1g,12356633,IN C&C : Munch,CHOCOLATE,F&B,756.0,16.77,13.154,64.275,13107701
12617191,MILKMAID TIN 48x380g PR Rmdn Kashmir IN,MILKMAID SCM Tin 400g,12046133,IN SSD : Milkmaid SCM,DAIRY,F&B,48.0,21.0,18.24,23.596,12617191
12623078,LACTOGEN PRO 1 Tin 15x475g INNWPB176 IN,LACTOGEN 1 Infant Formula Tin 400g,12579460,IN NSB : Lactogen 1,INFANT NUTRITION,NN,15.0,10.4,7.125,40.887,12623078
12629608,NESC Clas Stick Hanger 32(72x3.2g)NR1 IN,NESCAFE Classic Sachet Rs 10,12367970,IN C&B : Nescafe Classic Small Packs,BEVERAGES,F&B,2304.0,10.298,7.373,96.0,12629608
12622096,Friskies Ktn Discoveries 12x400g Smpl IN,FRISKIES Kitten Discovery 400g Sample,12622096,IN PP: Friskies Kitten,PETCARE,PETCARE,12.0,5.49,4.8,24.504,12622096
12630029,NESCAFE Black Roast 24x90g PR 50 Off IN,NESCAFE Classic BR Jar 100g,12469758,IN C&B : Nescafe Classic Large Packs,BEVERAGES,F&B,24.0,9.282,2.16,20.719,12630029
12685777,NESCAFE Classic Vend 12x500g N2 IN,NESCAFE Classic Vend Stabilo 500g FS,12300058,IN C&B : NESCAFE Vend Coffee - FS,NP,NP,12.0,7.11,6.0,46.53,12685777
12617829,NAN EXLAPRO1 5HMO Tin24x200gINNWPB309 IN,NAN EXCELLA PRO 1 Infant Formula Tin 200g,12585361,IN NSB : NAN EXCELLAPRO 1,INFANT NUTRITION,NN,24.0,8.539,4.8,41.563,12617829
12623239,EVERYDAY DW 48x200g FrW 1Kg N1 IN,EVERYDAY DW 48x200g FrW 1Kg N1 IN,12623239,IN SSD : EveryDay DW,DAIRY,F&B,48.0,10.44,9.6,32.448,12623239
12630062,MUNCH Cereal Choco Fills 32x100g N2 IN,MUNCH Cereal Choco Fills 100g IN,12609743,IN CPW : Munch Choco Fills,BREAKFAST CEREAL,NBC,32.0,4.537,3.2,53.602,12630062
12630272,MAGGI Ntr-lcs Atta 96x73.5g Tangy Tom IN,MAGGI Ntr-lcs Atta 73.5g Tangy Tom,12630272,IN CUL : Noodles Value Added,CULINARY,F&B,96.0,8.2,7.056,41.664,12630272
12630273,MAG Ntr-lcs Atta 96x76.5g Herby Chsy IN,MAG Ntr-lcs Atta 76.5g Herby Chsy,12630273,IN CUL : Noodles Value Added,CULINARY,F&B,96.0,8.2,7.344,41.664,12630273
12623853,NESTUM STA2 Ri Vegetables BIB 24x300g IN,NESTUM STAGE 2 Rice Veg BIB 300g,12355199,IN NSB : Nestum 2,INFANT NUTRITION,NN,24.0,9.65,7.2,46.642,12623853
13080597,EVERYDAY DW 12x1Kg+200g Extra Fr KL IN,EVERYDAY Dairy Whitener 1Kg,12199037,IN SSD : EveryDay DW,DAIRY,F&B,12.0,13.0,12.0,32.582,13080597
12967284,NESCAFE Sunrise Dawn Jar 24x90g APNR3 IN,NESCAFE SUNRISE Premium Jar 100g,12332898,IN C&B : Nescafe Sunrise Large Packs,BEVERAGES,F&B,24.0,9.282,2.16,20.719,12967284
12967299,NESCAFE Sunrise Stabilo 36x190g APNR3 IN,NESCAFE SUNRISE Premium Stabilo 200g,12271811,IN C&B : Nescafe Sunrise Large Packs,BEVERAGES,F&B,36.0,8.126,6.84,34.823,12967299
12727102,NESCAFE CLASSIC Jar 24x90g PR Kitkat IN,NESCAFE Classic Jar 100g,12256341,IN C&B : Nescafe Classic Large Packs,BEVERAGES,F&B,24.0,9.282,2.16,20.719,12727102
12618417,MAG 2-MINN Mas 96x70g PR Chance toWin IN,MAGGI 2-MINUTE NOODLES Masala 70g,12339391,IN CUL : Noodles,CULINARY,F&B,96.0,7.42,6.72,36.192,12618417
12622501,NESTLE a+ Dahi 24x180g NR IN,NESTLE a+ Nourish dahi 200g,11340479,IN FD : Dahi_Regular,DAIRY,F&B,24.0,4.83,4.32,13.138,12622501
12686527,NESTLE a+ Dahi 24x380g NR N1 IN,ZZ Nestle a+ Dahi 380g,12246931,IN FD : Dahi_Regular,DAIRY,F&B,24.0,9.92,9.12,23.781,12686527
12622468,NESTLE a+ Dahi 24x380g NR IN,ZZ Nestle a+ Dahi 380g,12246931,IN FD : Dahi_Regular,DAIRY,F&B,24.0,9.92,9.12,23.781,12622468
12622510,NESTLE a+ Dahi 36x180g NR IN,NESTLE a+ Nourish dahi 200g,11340479,IN FD : Dahi_Regular,DAIRY,F&B,36.0,7.18,6.48,20.879,12622510
12622466,NESTLE a+ Actiplus Dahi 24x380g NR IN,NESTLE Active Plus Dahi 400g,12079070,IN FD : Value Added Dahi,DAIRY,F&B,24.0,9.92,9.12,23.781,12622466
12622467,NESTLE a+ Slim Dahi 24x380g NR IN,NESTLE Fresh n Nat Slim Dahi 400g,12079058,IN FD : Value Added Dahi,DAIRY,F&B,24.0,9.92,9.12,23.781,12622467
12628771,KIT KAT 2F MINI24(42x11.9g)PR CashbackIN,KIT KAT 2F Mini 13.2g,12366588,IN C&C : Kitkat,CHOCOLATE,F&B,1008.0,14.846,11.995,56.579,12628771
12636270,NESC SUNRISE Sac 30(156x1.9g)Uni TN IN,NESCAFE SUNRISE Sachet Rs 2 TN,12328727,IN C&B : Nescafe Sunrise Small Packs,BEVERAGES,F&B,4680.0,12.986,8.892,114.21,12636270
12867950,NESCAFE Gold Promo 12x200g POF IN,NESCAFE GOLD Original Int5 200g,12391187,IN C&B : Nescafe Gold - Retail,BEVERAGES,F&B,12.0,8.8,2.4,29.25,12867950
12611243,NESTLE MUNCH Cereal 192x17g IN,NESTLE MUNCH Cereal 18g,12565419,IN CPW : Munch Cereals,BREAKFAST CEREAL,NBC,192.0,5.146,3.264,82.485,12611243
12618849,EVERYDAY DW 12x1Kg+200g Extra Fr NR IN,EVERYDAY Dairy Whitener 1Kg,12199037,IN SSD : EveryDay DW,DAIRY,F&B,12.0,13.0,12.0,32.582,12618849
12623550,MAGGI 2-MINN Mas 24(4x70g) NR IN,MAGGI 2-MINUTE NOODLES Masala PBG 70g ECOM,12369426,IN CUL : Noodles,CULINARY,F&B,24.0,7.6,6.72,41.175,12623550
12625812,NESCAFE Caramel Latte Cnd 30x200ml BT,NESCAFE Caramel Latte Cnd 30x200ml IN,12610096,IN SSD : Nescafe RTD Cold Coffee,DAIRY,F&B,30.0,7.3,6.18,19.849,12625812
12627818,LACTOGROW BIB 16x400g PR Kitted 25 IN,NESTLE LACTOGROW BIB 400g,12449544,IN NSB : LACTOGROW,INFANT NUTRITION,NN,16.0,10.73,6.4,43.263,12627818
12628341,CEREGROW BIB 8x300g WS PR Bowl N2 IN,NESTLE Ceregrow BIB 300g,12316928,IN NSB : CEREGROW,INFANT NUTRITION,NN,8.0,5.148,2.4,35.506,12628341
12628549,CEREGROW BIB 8x300g ZS PR Bowl N2 IN,NESTLE Ceregrow BIB 300g -ZS,12316928,IN NSB : CEREGROW,INFANT NUTRITION,NN,8.0,5.148,2.4,35.506,12628549
12630081,NESCAFE CLAS Jar 12x180g PR 70Rs Off IN,NESCAFE Classic Jar 200g,12333320,IN C&B : Nescafe Classic Large Packs,BEVERAGES,F&B,12.0,6.832,2.16,24.024,12630081
12819117,MAG 2-MIN Mas 108x48gPR Chance to Win IN,MAGGI 2-MIN Noodles Masala 52g Deca,12575073,IN CUL : Noodles,CULINARY,F&B,108.0,6.49,5.184,32.844,12819117
12813810,NESTLE BAR ONE 16(24x18g) IN,NESTLE BAR ONE Rs.10 24.2g,12347245,IN C&C : Barone,CHOCOLATE,F&B,384.0,8.36,6.912,25.988,12813810
12993833,NESTLE BAR ONE 24(30x11g) IN,NESTLE BAR ONE Rs.5 13.2g,12347246,IN C&C : Barone,CHOCOLATE,F&B,720.0,9.25,7.92,33.32,12993833
13011192,MUNCH Twin Bar 24(24x17.4g) IN,MUNCH 4X4 20.1g,12356633,IN C&C : Munch,CHOCOLATE,F&B,576.0,13.31,10.022,52.894,13011192
12505978,EVERYDAY DW 240x18g IN,EVERYDAY Dairy Whitener Sachet 20g,12199146,IN SSD : EveryDay DW,DAIRY,F&B,240.0,5.34,4.32,34.965,12505978
12425423,FRIO VendM Cafe Care Charges IN,RED DOOR CAFÉ CARE CHARGES IN,12358119,IN C&B : Solutions Cafe Care - FS,NP,NP,24.0,12.9,12.0,33.66,12425423
12512908,MAGGI 2-MINN Mas 96x70g PR Summer IN,MAGGI 2-MINUTE NOODLES Masala 70g,12339391,IN CUL : Noodles,CULINARY,F&B,96.0,7.42,6.72,38.974,12512908
12519100,NESTLE Classic 9((48+2)x18g) IN,NESTLE Classic Berry 18g,12441751,IN C&C : Nestle Milk Chocolate,CHOCOLATE,F&B,450.0,9.68,8.1,25.718,12519100
12550651,MAGGI MeM 16(2(60x6g) PR 5+1Fr IN,MAGGI Masala-ae-Magic Sachet 6g,12365008,IN CUL : Masala-ae-Magic,CULINARY,F&B,1920.0,14.8,11.52,51.437,12550651
12572700,NESCAFE CLASSIC 6(84x4g) Tin IN,NESCAFE Classic Sachet Rs 10,12367970,IN C&B : Nescafe Classic Small Packs,BEVERAGES,F&B,504.0,5.62,2.016,48.906,12572700
12598021,NESCAFE SUNRISE Stabilo 36x200g NW IN,NESCAFE SUNRISE Premium Stabilo 200g,12271811,IN C&B : Nescafe Sunrise Large Packs,BEVERAGES,F&B,36.0,8.126,7.2,34.823,12598021
12570630,NESCAFE Clas Stick Hanger 28(24x10g) IN,NESCAFE Clas StickHanger28((23+1)x11g)IN,12553886,IN C&B : Nescafe Classic Small Packs,BEVERAGES,F&B,672.0,9.032,6.72,71.68,12570630
12586778,LACTOGEN 3 BIB 24x400g INJE175 IN,LACTOGEN 3 FU Infant Formula BIB 400g,12344434,IN NSB : Lactogen 3,INFANT NUTRITION,NN,24.0,12.12,9.6,43.329,12586778
12425412,INIZIO VendM Cafe Care Charges IN,RED DOOR CAFÉ CARE CHARGES IN,12358119,IN C&B : Solutions Cafe Care - FS,NP,NP,15.0,3.41,2.25,39.962,12425412
12617158,NESCAFE SUNRISE Sac 30(36x3g) NR1 IN,NESCAFE SUNRISE Sachet Rs 10,12367454,IN C&B : Nescafe Sunrise Small Packs,BEVERAGES,F&B,1080.0,6.12,3.24,108.0,12617158
12594481,NESCAFE CLAS 6x190g PR ColdCoff GlsN1 IN,NESCAFE Classic Jar 200g,12333320,IN C&B : Nescafe Classic Large Packs,BEVERAGES,F&B,6.0,7.89,1.14,33.12,12594481
12597526,NESCAFE SUNRISE Sac 96x50g NW N1 IN,NESCAFE SUNRISE Sachet 50g,12395749,IN C&B : Nescafe Sunrise Large Packs,BEVERAGES,F&B,96.0,5.62,4.8,35.195,12597526
12605401,KIT KAT CHUNKY 18(12x40g)PR 10 Off IN,KIT KAT CHUNKY 40g,12535900,IN C&C : Kitkat-IMP,SI,SI,216.0,10.315,8.64,25.83,12605401
12598770,NESCAFE SUNRISE Sachet 30(144x1.3g) IN,NESCAFE SUNRISE Sachet Rs 2 TN,12328727,IN C&B : Nescafe Sunrise Small Packs,BEVERAGES,F&B,4320.0,8.634,5.616,64.935,12598770
12577132,MAG 2-MIN Tikha Mas Single 168x40g N2 IN,MAGGI 2-MIN Tikha Masala 40g,12577202,IN CUL : Noodles,CULINARY,F&B,168.0,8.34,6.72,46.398,12577132
12521441,NESCAFE UHT FlavoredMilk Hzn 30x180ml BT,NESCAFE RTD Hazelnut 180ml,12316334,IN SSD : Nescafe RTD Cold Coffee,DAIRY,F&B,30.0,5.74,5.562,7.44,12521441
12595217,KIT KAT CHUNKY 18(12x40g) IN,KIT KAT CHUNKY 40g,12535900,IN C&C : Kitkat-IMP,SI,SI,18.0,10.315,8.64,25.83,12595217
12569177,NESCAFE SUNRISE 12(96x6.5g) Sling Bag IN,NESCAFE SUNRISE Sachet Rs 10,12367454,IN C&B : Nescafe Sunrise Small Packs,BEVERAGES,F&B,1152.0,10.59,7.488,54.945,12569177
12572097,MAGGI Tom Sce NONG 12x1kg PR NONG 70g IN,MAGGI Tomato Sauce NONG Bottle 1kg,11340436,IN CUL : Sauces,CULINARY,F&B,12.0,18.9,12.0,27.825,12572097
12521653,NESCAFE SUNRISE Sachet 60((48+2)x1.8g)IN,NESCAFE SUNRISE Sachet Rs 2 ROTN,12328727,IN C&B : Nescafe Sunrise Small Packs,BEVERAGES,F&B,3000.0,7.95,5.4,92.4,12521653
12537718,NESCAFE SUNRISE Sachet 1080x7g NR7 IN,NESCAFE SUNRISE Sachet Rs 10,12367454,IN C&B : Nescafe Sunrise Small Packs,BEVERAGES,F&B,1080.0,9.62,7.56,64.8,12537718
12596899,NESTLE MUNCH Cereal 32x120g PR Xbox IN,NESTLE Munch Cereal 32x120g IN,12566927,IN CPW : Munch Cereals,BREAKFAST CEREAL,NBC,32.0,5.12,3.84,59.428,12596899
12612409,MAGGI 2-MINN Masala 96x75g N1 IN,MAGGI 2-MINUTE NOODLES Masala 70g,12339391,IN CUL : Noodles,CULINARY,F&B,96.0,8.2,7.2,36.192,12612409
12553362,NESCAFE CLASS Jar 36x24g PR Biscafe IN,NESCAFE Classic Jar 25g,12256160,IN C&B : Nescafe Classic Large Packs,BEVERAGES,F&B,36.0,4.3,0.864,8.813,12553362
12578121,NESC Allin1 Sac ScratchCrd 10(48x16g) IN,NESCAFE All in1 Sac 16g,12499432,IN C&B : Nescafe Redimix,BEVERAGES,F&B,480.0,9.96,7.68,36.848,12578121
12516474,MAG 2-MINN Mas 24x280g PR Scholarship IN,MAGGI 2-MINUTE NOODLES Masala 280g,12339349,IN CUL : Noodles,CULINARY,F&B,24.0,7.4,6.72,34.827,12516474
12521428,NESC UHT Flavored Milk Latte 30x180ml BT,NESCAFE RTD Latte 180ml,12316381,IN SSD : Nescafe RTD Cold Coffee,DAIRY,F&B,30.0,5.74,5.562,7.937,12521428
12594696,NESCAFE SUNRISE Sac 65(72x1.2g) IN,NESCAFE SUNRISE Sachet Rs 2 ROTN,12328727,IN C&B : Nescafe Sunrise Small Packs,BEVERAGES,F&B,4680.0,9.035,5.616,64.935,12594696
12632714,NESCAFE SUNRISE Sac 24(60x3.4g)AP IN,NESCAFE SR MP 180g,12533727,IN C&B : Nescafe Sunrise Small Packs,BEVERAGES,F&B,1440.0,6.509,4.896,48.906,12632714
12565528,KOKO KRUNCH Millet 18x350g NP,KOKO KRUNCH Millet 350g IN,12564810,IN CPW : Kokos,BREAKFAST CEREAL,NBC,18.0,7.61,6.3,63.27,12565528
12586777,MAGGI 2-MIN Cpta Mas Single 168x40gN1 IN,MAGGI 2-MIN Cpta Masala 40g,12577114,IN CUL : Noodles,CULINARY,F&B,168.0,8.34,6.72,46.398,12586777
12587992,MAGGI 2-MIN Cpta 168x40g PR 5+1 N1 IN,MAGGI 2-MIN Cpta Masala 40g,12577114,IN CUL : Noodles,CULINARY,F&B,168.0,8.34,6.72,46.398,12587992
12573993,MAG 2-MIN Cpta 168x40g Sgl PR 5+1Fr IN,MAGGI 2-MIN Cpta Masala 40g,12577114,IN CUL : Noodles,CULINARY,F&B,168.0,8.34,6.72,46.398,12573993
12570846,NESCAFE SUNRISE Sachet 30(144x1.7g) IN,NESCAFE SUNRISE Sachet Rs 2 TN,12328727,IN C&B : Nescafe Sunrise Small Packs,BEVERAGES,F&B,4320.0,10.54,7.344,64.935,12570846
12576779,NESCAFE SUNRISE Sachet 30(144x1.5g) IN,NESCAFE SUNRISE Sachet Rs 2 TN,12328727,IN C&B : Nescafe Sunrise Small Packs,BEVERAGES,F&B,4320.0,9.498,6.48,64.935,12576779
12521429,NESC UHT Flavored MilkIntense30x180ml BT,NESCAFE RTD Intense Cafe 180ml,12316335,IN SSD : Nescafe RTD Cold Coffee,DAIRY,F&B,30.0,5.74,5.562,7.937,12521429
12527715,MAGGI 2-MINN Chkn 96x71g PR B3G1 IN,MAGGI 2-MINUTE NOODLES Chicken 71g,12303547,IN CUL : Noodles Chicken,CULINARY,F&B,96.0,7.51,6.816,34.684,12527715
12555099,MAGGI Imli Sce Doy 6(12x80g)PR Rs2 OffIN,MAGGI Imli Sauce Doy 90g,12302473,IN CUL : MAGGI Pichkoo,CULINARY,F&B,72.0,7.08,5.76,22.68,12555099
12573994,MAG 2-MIN Mas 16x420g PR Spec PriceN1 IN,MAGGI 2-MINUTE NOODLES Masala 420g,12339390,IN CUL : Noodles,CULINARY,F&B,16.0,7.43,6.72,36.192,12573994
12589870,MAG Tom Pichkoo 6(16x75g) PR PsMasRed IN,MAGGI Tomato Ketchup Pichkoo 90g,12360246,IN CUL : MAGGI Pichkoo,CULINARY,F&B,96.0,8.68,7.2,22.134,12589870
12577210,MAGGI 2-MIN Cpta Mas Single 168x40g IN,MAGGI 2-MIN Cpta Masala 40g,12577114,IN CUL : Noodles,CULINARY,F&B,168.0,8.34,6.72,46.398,12577210
12587343,MAGGI H&S TCS 12x1kg PR Ndls 280g N1 IN,MAGGI HOT & SWEET TCS Bottle 1kg,11340406,IN CUL : Sauces,CULINARY,F&B,12.0,18.9,12.0,27.825,12587343
12609613,MAG Tom Pichkoo 6(16x75g)PR RedPs Mas IN,MAGGI Tomato Ketchup Pichkoo 90g,12360246,IN CUL : MAGGI Pichkoo,CULINARY,F&B,96.0,8.68,7.2,22.134,12609613
12612440,MAGGI 2-MINN Mas 24x300g IN,MAGGI 2-MINUTE NOODLES Masala 280g,12339349,IN CUL : Noodles,CULINARY,F&B,24.0,8.2,7.2,36.192,12612440
12616251,MAGGI 2-MINN Chkn 96x76g IN,MAGGI 2-MINUTE NOODLES Chicken 71g,12303547,IN CUL : Noodles Chicken,CULINARY,F&B,96.0,8.2,7.296,36.192,12616251
12617853,NESTLE Classic Tin 10(50x15g) IN,NESTLE Classic Berry 18g,12441751,IN C&C : Nestle Milk Chocolate,CHOCOLATE,F&B,500.0,11.23,7.5,29.12,12617853
12620462,MAGGI 2-MINN Masala 320x32g PR Rs2Off IN,MAGGI 2-MINUTE NOODLES Masala 32g,12459072,IN CUL : Noodles,CULINARY,F&B,320.0,11.54,10.24,64.089,12620462
12622188,MAG 2-MINN Mas Single 320x32g PR 4+1 IN,MAGGI 2-MINUTE NOODLES Masala 32g,12459072,IN CUL : Noodles,CULINARY,F&B,320.0,11.54,10.24,64.089,12622188
12610822,NESCAFE SR Sac Stickpack 65(72x0.9g) IN,NESCAFE SUNRISE Sachet Rs 2 ROTN,12328727,IN C&B : Nescafe Sunrise Small Packs,BEVERAGES,F&B,4680.0,6.38,4.212,91.8,12610822
12603575,NESTLE NESTOGEN2 BIB24x400gINLE055 FT IN,NESTOGEN 2 Infant Formula BIB 400g,12199839,IN NSB : Nestogen 2,INFANT NUTRITION,NN,24.0,11.921,9.6,43.329,12603575
12606441,MILKMAID Tin 48x380g PR Durga Puja IN,MILKMAID SCM Tin 400g,12046133,IN SSD : Milkmaid SCM,DAIRY,F&B,48.0,21.0,18.24,23.596,12606441
12516462,MAGGI 2-MINN Masala 96x70g PR Bonanza IN,MAGGI 2-MINUTE NOODLES Masala 70g,12339391,IN CUL : Noodles,CULINARY,F&B,96.0,7.5,6.72,38.974,12516462
12522267,NESCAFE CLASSIC Sac 30(48x7.5g)Flash IN,NESCAFE Classic Sachet Rs 10,12367970,IN C&B : Nescafe Classic Small Packs,BEVERAGES,F&B,1440.0,13.3,10.8,64.935,12522267
12520031,NESCAFE CLASSIC Sac 30(48x7g) IN,NESCAFE Classic Sachet Rs 10,12367970,IN C&B : Nescafe Classic Small Packs,BEVERAGES,F&B,1440.0,12.83,10.08,64.935,12520031
12539466,MAGGI 2-MIN Noodles Masala 96x56g N1 IN,MAGGI 2-MIN Noodles Masala 52g Deca,12575073,IN CUL : Noodles,CULINARY,F&B,96.0,6.18,5.376,33.398,12539466
12610618,EVERYDAY DW 72x200g NR IN,EVERYDAY Dairy Whitener NS 175g IN,12526714,IN SSD : EveryDay DW,DAIRY,F&B,72.0,15.65,14.4,46.94,12610618
12629438,MUNCH Choco Fills Superman 192x15g IN,MUNCH Cereal Choco Fills 19g,12616899,IN CPW : Munch Choco Fills,BREAKFAST CEREAL,NBC,192.0,4.838,2.88,82.485,12629438
12358127,SPECTRA CAFÉ CARE CHARGES IN,RED DOOR CAFÉ CARE CHARGES IN,12358119,IN C&B : Solutions Cafe Care - FS,NP,NP,12.0,13.18,12.0,33.369,12358127
12594464,NESCAFE Sunrise Sac 65(72x1.2g) Stick IN,NESCAFE SUNRISE Sachet Rs 2 ROTN,12328727,IN C&B : Nescafe Sunrise Small Packs,BEVERAGES,F&B,4680.0,9.04,5.616,91.8,12594464
12628586,CEREGROW BIB 24x300g WS Price Off IN,NESTLE Ceregrow BIB 300g,12316928,IN NSB : CEREGROW,INFANT NUTRITION,NN,24.0,9.508,7.2,41.386,12628586
12614854,EVERYDAY DW 48x200g+20g Extra KL NR IN,EVERYDAY Dairy Whitener NS 175g IN,12526714,IN SSD : EveryDay DW,DAIRY,F&B,48.0,11.41,10.56,67.379,12614854
12598193,EVERYDAY DW 240x15g+3g Extra Fr IN,EVERYDAY Dairy Whitener Sachet 20g,12199146,IN SSD : EveryDay DW,DAIRY,F&B,240.0,5.38,4.32,34.965,12598193
12594835,NESCAFE SUNRISE Sachet 30(144x1.2g) IN,NESCAFE SUNRISE Sachet Rs 2 TN,12328727,IN C&B : Nescafe Sunrise Small Packs,BEVERAGES,F&B,4320.0,8.282,5.184,64.935,12594835
12623842,NESTUM STAGE 3 Rice Frt BIB 24x300g IN,NESTUM STAGE 3 Rice Fruits BIB 300g,12355198,IN NSB : Nestum 3,INFANT NUTRITION,NN,24.0,9.65,7.2,46.642,12623842
12610539,EVERYDAY DW 32x400g NR IN,EVERYDAY Dairy Whitener Polybag 400g,12310536,IN SSD : EveryDay DW,DAIRY,F&B,32.0,14.12,12.8,45.356,12610539
12607385,NESCAFE CLASSIC Stick 32(60x3.2g) NR IN,NESCAFE Classic Sachet Rs 10,12367970,IN C&B : Nescafe Classic Small Packs,BEVERAGES,F&B,1920.0,10.01,6.144,90.16,12607385
12614842,EVERYDAY DW 240x15g NR N1 IN,EVERYDAY Dairy Whitener Sachet 20g,12199146,IN SSD : EveryDay DW,DAIRY,F&B,240.0,4.68,3.6,34.673,12614842
12584200,MAGGI 2-MIN Mas Ndls 16x420gPR BowlN1 IN,MAGGI 2-MINUTE NOODLES Masala 420g,12339390,IN CUL : Noodles,CULINARY,F&B,16.0,7.43,6.72,36.192,12584200
12594439,NESCAFE SUNRISE Sac 30(36x4g) RecPV IN,NESCAFE SUNRISE Sachet Rs 10,12367454,IN C&B : Nescafe Sunrise Small Packs,BEVERAGES,F&B,1080.0,7.511,4.32,46.8,12594439
12609080,MAGGI 2-MINN Masala 320x32g PR 4+1 N1 IN,MAGGI 2-MINUTE NOODLES Masala 32g,12459072,IN CUL : Noodles,CULINARY,F&B,320.0,12.163,10.24,64.089,12609080
12495391,MAG Tom Ket Pichkoo 6(16x100g)PR10% X IN,MAGGI Tomato Ketchup Pichkoo 90g,12360246,IN CUL : MAGGI Pichkoo,CULINARY,F&B,96.0,11.52,9.6,28.832,12495391
12519206,MUNCH Maha 18(50x10.4g) IPL IN,MUNCH Maha,12311653,IN C&C : Munch,CHOCOLATE,F&B,900.0,11.27,9.36,43.648,12519206
12549522,MAGGI CMP 24x125g PR IN,MAGGI Coconut Milk Powder 100g,11450011,IN CUL : Coconut Milk Powder,CULINARY,F&B,24.0,3.92,3.0,18.628,12549522
12604512,MAGGI PB Savoury Mince 12x1kg N1 IN,MAGGI PB Savoury Mince 1kg,12604512,IN CUL: FROZEN FOOD - FS,NP,NP,12.0,12.78,12.0,36.363,12604512
12521420,NESCAFE SUNRISE Sachet 1080x8g IN,NESCAFE SUNRISE Sachet Rs 10,12367454,IN C&B : Nescafe Sunrise Small Packs,BEVERAGES,F&B,1080.0,10.62,8.64,64.935,12521420
12377582,PROPLAN ADULT Small & Mini 7kg IN,PRO PLAN ADULT Small & Mini 7kg,12377582,IN PP: PROPLAN Adult,PETCARE,PETCARE,1.0,0.0,0.0,0.0,12377582
12525839,NESC SUNRISE 6(72x8g) Recycled Cntnr IN,NESCAFE SUNRISE Sachet Rs 10,12367454,IN C&B : Nescafe Sunrise Small Packs,BEVERAGES,F&B,432.0,7.2,3.456,59.25,12525839
12620991,NESCAFE Allin1 FRP Multiserve 18x300g IN,NESCAFE Allin1 FRP Multiserve 18x300g IN,12620991,IN C&B : All in 1 Frappe,BEVERAGES,F&B,18.0,8.698,5.4,42.772,12620991
12604544,MAGGI PB Burger Patty 8x950g N1 IN,MAGGI PB Burger Patty 950g,12604544,IN CUL: FROZEN FOOD - FS,NP,NP,8.0,9.03,7.6,35.397,12604544
12588827,MAGGI PastaMas Red 16(2(60x8g))5+1 N2 IN,MAGGI Pasta Masala Red 7.5g,12588827,IN CUL : Maggi Pasta Masala,CULINARY,F&B,1920.0,17.46,15.36,51.437,12588827
12554705,MUNCH Box 6((142+8)x8.9g) IN,MUNCH Maha,12311653,IN C&C : Munch,CHOCOLATE,F&B,900.0,10.02,8.01,44.795,12554705
13067175,MUNCH Cereal Choco Fills 192x15g N1 IN,MUNCH Cereal Choco Fills 19g,12616899,IN CPW : Munch Choco Fills,BREAKFAST CEREAL,NBC,192.0,4.517,2.88,82.485,13067175
12492097,PREMIO Cafe Care Charges IN,RED DOOR CAFÉ CARE CHARGES IN,12358119,IN C&B : Solutions Cafe Care - FS,NP,NP,15.0,16.45,15.0,53.779,12492097
12428225,VendM Cashless Dispense Revenue IN,RED DOOR CAFÉ CARE CHARGES IN,12358119,IN C&B : Solutions Cafe Care - FS,NP,NP,15.0,3.41,2.25,39.962,12428225
12492032,AMIGO Cafe Care Charges IN,RED DOOR CAFÉ CARE CHARGES IN,12358119,IN C&B : Solutions Cafe Care - FS,NP,NP,15.0,16.45,15.0,53.779,12492032
12538394,MUNCH Maha 27(32x10.4g) Chath IN,MUNCH Maha,12311653,IN C&C : Munch,CHOCOLATE,F&B,864.0,11.19,8.986,45.414,12538394
12537977,POLO Roll Jar 16((43+2)x12g) Myntra IN,POLO Mint Roll Big Jar 15g,12329837,IN C&C : Polo,CONFECTIONARY,F&B,720.0,10.54,8.64,33.12,12537977
12577663,KIT KAT 2F Tower 24(30x18.5g)WorldCup IN,KIT KAT 2F 18.5g,12190242,IN C&C : Kitkat,CHOCOLATE,F&B,720.0,16.47,13.32,55.598,12577663
12496116,S-26 GOLD 2 Can SEOE 12x400g N1 IN,S-26 GOLD 2 Can SEOE 400g,12298044,IN NSB : S-26 GOLD Stage 2,INFANT NUTRITION,NN,12.0,6.5,4.8,17.861,12496116
13145871,NESCAFE Clas Stick 60(72x0.9g) Ecom2 IN,NESCAFE Classic Sachet Rs 2,12355244,IN C&B : Nescafe Classic Small Packs,BEVERAGES,F&B,60.0,6.274,3.888,49.228,13145871
13265031,NESCAFE CLASSIC Stick 56(60x2g) Ecom IN,NESCAFE Classic Sachet Rs 2,12355244,IN C&B : Nescafe Classic Small Packs,BEVERAGES,F&B,56.0,9.24,6.72,61.749,13265031
12587342,MAGGI Tom Ket 12x970g PR Ndls 280g N1 IN,MAGGI Tomato Ketchup Bottle 1kg,11340377,IN CUL : Sauces,CULINARY,F&B,12.0,18.46,11.64,27.825,12587342
12551166,NESTLE CEREGROW BIB 24x300g PR LCTGRW IN,NESTLE Ceregrow BIB 300g,12316928,IN NSB : CEREGROW,INFANT NUTRITION,NN,24.0,9.6,7.2,41.386,12551166
12524852,NESCAFE Clas Stick 96(64x1.4g) Hanger IN,NESCAFE Classic Sachet Rs 2,12355244,IN C&B : Nescafe Classic Small Packs,BEVERAGES,F&B,6144.0,12.99,8.602,105.0,12524852
12521433,NESTLE MILO RTD 30x180ml N1 BT,NESTLE MILO RDT 180ML,12334040,IN SSD : MILO RTD,DAIRY,F&B,30.0,5.74,5.562,6.926,12521433
12614852,EVERYDAY DW 48x200g+20g Extra NR IN,EVERYDAY Dairy Whitener Sachet 200g,12199039,IN SSD : EveryDay DW,DAIRY,F&B,48.0,11.64,10.56,67.379,12614852
12853868,NESCAFE Classic Stick 25(144x0.9g) N1 IN,NESCAFE Classic Sachet 1.5g FS,12257212,IN C&B : Nescafe Classic - FS,NP,NP,25.0,5.005,3.24,35.712,12853868
12893361,NESC SUNRISE Sac 30(46+2)x6.7g)AP NR3 IN,NESCAFE SUNRISE Sachet Rs 10,12367454,IN C&B : Nescafe Sunrise Small Packs,BEVERAGES,F&B,1440.0,12.421,9.648,79.957,12893361
12542257,NESCAFE Clas Sac 30(48x5.5g) Hanger IN,NESCAFE Classic Sachet Rs 10,12367970,IN C&B : Nescafe Classic Small Packs,BEVERAGES,F&B,1440.0,11.11,7.92,64.935,12542257
12614506,NESC Clas Stick Hanger 32(72x3.2g)NR IN,NESCAFE Classic Sachet Rs 10,12367970,IN C&B : Nescafe Classic Small Packs,BEVERAGES,F&B,2304.0,10.298,7.373,96.0,12614506
12571547,NESCAFE SUNRISE 12(96x5g) Sling Bag IN,NESCAFE SUNRISE Sachet Rs 10,12367454,IN C&B : Nescafe Sunrise Small Packs,BEVERAGES,F&B,1152.0,8.067,5.76,54.945,12571547
12571534,NESCAFE Classic Stick 30(60x4.5g) IN,NESCAFE Classic Sachet Rs 10,12367970,IN C&B : Nescafe Classic Small Packs,BEVERAGES,F&B,1800.0,11.78,8.1,64.935,12571534
12628333,CEREGROW BIB 24x300g ZS PR Price Off IN,NESTLE Ceregrow BIB 300g -ZS,12316928,IN NSB : CEREGROW,INFANT NUTRITION,NN,24.0,9.508,7.2,41.386,12628333
13001902,NESCAFE Sunrise Sac 96x45g AP NR3 IN,NESCAFE SUNRISE Sachet 50g,12395749,IN C&B : Nescafe Sunrise Large Packs,BEVERAGES,F&B,96.0,5.14,4.32,35.195,13001902
12618907,PRO PLAN PERFORMANCE STARTER 4x1kg XI,PRO PLAN Puppy Starter 1kg,12618907,IN PP: PROPLAN Puppy,PETCARE,PETCARE,4.0,4.62,4.0,26.96,12618907
12630048,MAG Cuppa Spicy Garlic Ndls 48x70.5g IN,MAG Cuppa Spicy Garlic Ndls 70.5g,12630048,IN CUL : Noodles Cup,CULINARY,F&B,48.0,5.54,3.384,60.08,12630048
12630049,MAG Cuppa Spicy Manchu Ndls 48x70.5g IN,MAG Cuppa Spicy Manchu Ndls 70.5g,12630049,IN CUL : Noodles Cup,CULINARY,F&B,48.0,5.54,3.384,60.08,12630049
12630063,MAG Cuppa Spicy Cheesy Ndls 48x71.5g IN,MAG Cuppa Spicy Cheesy Ndls 71.5g,12630063,IN CUL : Noodles Cup,CULINARY,F&B,48.0,5.54,3.432,60.08,12630063
13412139,CERELAC STG1 Wheat Apple 24x350g WS N1IN,CERELAC STAGE 1 Whe Apple BIB 300g,12330602,IN NSB : Cerelac 1,INFANT NUTRITION,NN,24.0,10.85,8.4,46.243,13412139
12585004,NESCAFE SUNRISE 6(120x5g) PR Cont IN,NESCAFE SUNRISE Sachet Rs 10,12367459,IN C&B : Nescafe Sunrise Small Packs,BEVERAGES,F&B,720.0,6.304,3.6,45.788,12585004
12585355,NESCAFE Sunrise Sac 65(72x1.5g) Stick IN,NESCAFE SUNRISE Sachet Rs 2 ROTN,12328727,IN C&B : Nescafe Sunrise Small Packs,BEVERAGES,F&B,4680.0,10.272,7.02,90.0,12585355
12535472,MAGGI Imli Sce Doy6(12x80g) NR IN,MAGGI Imli Sauce Doy 90g,12302473,IN CUL : MAGGI Pichkoo,CULINARY,F&B,72.0,7.2,5.76,22.68,12535472
12596631,NESCAFE Classic Stick 32(60x3.5g) IN,NESCAFE Classic Sachet Rs 10,12367970,IN C&B : Nescafe Classic Small Packs,BEVERAGES,F&B,1920.0,9.7,6.72,58.275,12596631
12574003,MAG 2-MIN Tikha 168x40g Sgl PR 5+1Fr IN,MAGGI 2-MIN Tikha Masala 40g,12577202,IN CUL : Noodles,CULINARY,F&B,168.0,8.34,6.72,46.398,12574003
12579182,MAGGI MeM Shahi Mas 16(24x10g) PR MeM IN,MAGGI MeM Shahi Masala 10g,12579182,IN CUL : Masala-ae-Magic,CULINARY,F&B,384.0,5.71,3.84,18.45,12579182
12615856,MAGGI 2-MINN Masala 320x32g PR 4+1 N2 IN,MAGGI 2-MINUTE NOODLES Masala 32g,12459072,IN CUL : Noodles,CULINARY,F&B,320.0,11.54,10.24,64.089,12615856
13176614,MUNCH Cereal Choco Fills 216x15g B5G1 IN,MUNCH Cereal Choco Fills 19g,12616899,IN CPW : Munch Choco Fills,BREAKFAST CEREAL,NBC,216.0,4.939,3.24,82.485,13176614
12633518,MAGGI 2-MIN Spicy Pepper 24x248g IN,MAGGI 2-MIN Spicy BBQ 248g,12589863,IN CUL : MAGGI NDLS - FLAVOURS,CULINARY,F&B,24.0,6.76,5.952,36.679,12633518
12618908,PRO PLAN ADULT Dog LBr Chkn 4x1kg XI,PRO PLAN ADULT Dog LBr Chkn 1kg,12618908,IN PP: PROPLAN Adult,PETCARE,PETCARE,4.0,4.62,4.0,26.96,12618908
12618917,PRO PLAN PUPPY Medium Chicken 4x1kg XI,PRO PLAN PUPPY Medium Chicken 1kg,12618917,IN PP: PROPLAN Puppy,PETCARE,PETCARE,4.0,4.62,4.0,26.96,12618917
12618923,PRO PLAN ADULT Dog Medium 4x1kg XI,PRO PLAN ADULT Dog Medium 1kg,12618923,IN PP: PROPLAN Adult,PETCARE,PETCARE,4.0,4.62,4.0,26.96,12618923
12618935,PRO PLAN PUPPY LBr Chkn 4x1kg XI,PRO PLAN PUPPY Large Breed Chkn 1kg,12618935,IN PP: PROPLAN Puppy,PETCARE,PETCARE,4.0,4.62,4.0,26.96,12618935
12622619,POLO Big Roll Jar12((68+4)x13.5g)10%X IN,POLO Mint Roll Big Jar 15g,12329837,IN C&C : Polo,CONFECTIONARY,F&B,864.0,14.0,11.664,37.527,12622619
12624276,NANGROW 24x200g JEFB001-2 IN,NESTLE NanGrow BIB 200g,12624276,IN NSB : NANGROW,INFANT NUTRITION,NN,24.0,6.91,4.8,36.528,12624276
12726758,MAGGI Masala-ae-Magic Sbg 60x72g N2 IN,MAGGI Masala-ae-Magic 72g,12364526,IN CUL : Masala-ae-Magic,CULINARY,F&B,60.0,6.16,4.32,33.792,12726758
12729796,MAGGI Masala-ae-Magic Sbg 40x120g N4 IN,MAGGI Masala-ae-Magic Sharebag 120g,12358420,IN CUL : Masala-ae-Magic,CULINARY,F&B,40.0,6.7,4.8,51.84,12729796
12729817,MAGGI Masala-ae-Magic 16(2(60x6g) N2 IN,MAGGI Masala-ae-Magic Sachet 6g,12365008,IN CUL : Masala-ae-Magic,CULINARY,F&B,1920.0,14.5,11.52,51.437,12729817
12958509,NESCAFE Sunrise Sac 96x50g NW NR3 IN,NESCAFE SUNRISE Sachet 50g,12395749,IN C&B : Nescafe Sunrise Large Packs,BEVERAGES,F&B,96.0,5.62,4.8,35.195,12958509
12967278,NESCAFE Sunrise Stabilo 36x200gNW NR3 IN,NESCAFE SUNRISE Premium Stabilo 200g,12271811,IN C&B : Nescafe Sunrise Large Packs,BEVERAGES,F&B,36.0,8.126,7.2,34.823,12967278
12967558,MAGGI MeM 16(2(60x6g)PR Thali N1 IN,MAGGI Masala-ae-Magic Sachet 6g,12365008,IN CUL : Masala-ae-Magic,CULINARY,F&B,1920.0,13.62,11.52,51.437,12967558
12980655,MILKYBAR Mould 16(24x21g) IN,MILKYBAR Mould 25g,12362797,IN C&C : Milkybar,CHOCOLATE,F&B,384.0,9.69,8.064,24.642,12980655
13169646,KIT KAT 2F Mini DIWALI BOX 24x178.5g IN,KIT KAT 2F Mini DIWALI BOX 178.5g,13169646,IN C&C : Kitkat,CHOCOLATE,F&B,24.0,6.11,4.284,52.051,13169646
13203285,MAGGI 2-MINN Mas Ecom 8(12x70g) IN,MAGGI 2-MINUTE NOODLES Masala PBG 70g ECOM,12369426,IN CUL : Noodles,CULINARY,F&B,8.0,7.6,6.72,36.108,13203285
13235057,MUNCH Twin Bar 12(42x17.4g)PR Festive IN,MUNCH 4X4 20.1g,12356633,IN C&C : Munch,CHOCOLATE,F&B,504.0,11.183,8.77,43.733,13235057
13244781,MUNCH Twin Bar 24(24x17.4g)PR Festive IN,MUNCH 4X4 20.1g,12356633,IN C&C : Munch,CHOCOLATE,F&B,576.0,13.31,10.022,52.894,13244781
13251921,MILKYBAR Mould 24(30x12.5g) PR Reward IN,MILKYBAR Mould 13g,12362872,IN C&C : Milkybar,CHOCOLATE,F&B,720.0,11.353,9.0,38.88,13251921
13370268,NESCAFE Gold Promo 12x100g POF IN,NESCAFE GOLD Original Int5 100g,12391188,IN C&B : Nescafe Gold - Retail,BEVERAGES,F&B,12.0,6.4,1.2,13.191,13370268
13463319,NESCAFE Sunrise Dawn Jar 15x190gTN N1 IN,NESCAFE SUNRISE Jar 200g,12451879,IN C&B : Nescafe Sunrise Large Packs,BEVERAGES,F&B,15.0,8.475,2.85,25.155,13463319
13463413,NESCAFE CLASSIC Dawn Jar 15x180g NR IN,NESCAFE Classic Jar 200g,12333320,IN C&B : Nescafe Classic Large Packs,BEVERAGES,F&B,15.0,8.425,2.7,25.155,13463413
13116458,NESTLE CLASSIC 16(21x28g) PR Cookies IN,NESTLE Classic Chocolate 34g,12368378,IN C&C : Nestle Milk Chocolate,CHOCOLATE,F&B,336.0,10.8,9.408,29.935,13116458
12612433,MAGGI 2-MINN Masala 16x450g IN,MAGGI 2-MINUTE NOODLES Masala 420g,12339390,IN CUL : Noodles,CULINARY,F&B,16.0,8.2,7.2,36.192,12612433
12575866,MAGGI 2-MIN Mas 24x280g PR SpecP N1 IN,MAGGI 2-MINUTE NOODLES Masala 280g,12339349,IN CUL : Noodles,CULINARY,F&B,24.0,7.43,6.72,36.192,12575866
12993781,NESTLE CLASSIC 16(21x34g) PR 6g X IN,NESTLE Classic Chocolate 34g,12368378,IN C&C : Nestle Milk Chocolate,CHOCOLATE,F&B,336.0,13.076,11.424,30.443,12993781
12953206,MUNCH Cereal Choco Fills 18x250g IN,MUNCH Cereal Choco Fills 250g,12953206,IN CPW : Munch Choco Fills,BREAKFAST CEREAL,NBC,18.0,5.859,4.5,52.8,12953206
13067310,MUNCH Cereal Choco Fills 144x30g N1 IN,MUNCH Cereal Choco Fills 30g IN,12609760,IN CPW : Munch Choco Fills,BREAKFAST CEREAL,NBC,144.0,6.403,4.32,110.448,13067310
12824188,MAG 2-MIN Mas 108x48g PR Chance towin IN,MAGGI 2-MIN Noodles Masala 52g Deca,12575073,IN CUL : Noodles,CULINARY,F&B,108.0,6.34,5.184,33.684,12824188
12612928,EVERYDAY DW 48x200g+20g Extra IN,EVERYDAY Dairy Whitener Sachet 200g,12199039,IN SSD : EveryDay DW,DAIRY,F&B,48.0,11.65,10.56,67.379,12612928
12568483,NESCAFE Classic Stick 30(60x5g) IN,NESCAFE Classic Sachet Rs 10,12367970,IN C&B : Nescafe Classic Small Packs,BEVERAGES,F&B,1800.0,14.54,9.0,64.935,12568483
12893303,NESC SR Sac 30(46+2)x3g RecPV NW NR3 IN,NESCAFE SUNRISE Sachet Rs 10,12367454,IN C&B : Nescafe Sunrise Small Packs,BEVERAGES,F&B,1440.0,6.496,4.32,46.8,12893303
12618896,EVERYDAY DW 48x200g FrW 1Kg NR IN,EVERYDAY DW 48x200g FrW 1Kg NR IN,12618896,IN SSD : EveryDay DW,DAIRY,F&B,48.0,10.44,9.6,32.448,12618896
12622627,POLO Mint Roll 27(28x13.5g)10%X IN,POLO Mint Roll Box 15g,12329838,IN C&C : Polo,CONFECTIONARY,F&B,756.0,11.9,10.206,18.432,12622627
13107571,NESTLE NESTOGEN1 BIB24x400gINNN004-1NRIN,NESTOGEN 1 Infant Formula BIB 400g,12199840,IN NSB : Nestogen 1,INFANT NUTRITION,NN,24.0,11.921,9.6,43.329,13107571
12620325,NESCAFE SUNRISE Sac 30(156x1.7g) TN IN,NESCAFE SUNRISE Sachet Rs 2 TN,12328727,IN C&B : Nescafe Sunrise Small Packs,BEVERAGES,F&B,4680.0,12.327,7.956,64.286,12620325
12604846,MAGGI 2-MIN Noodles Masala 108x48g IN,MAGGI 2-MIN Noodles Masala 52g Deca,12575073,IN CUL : Noodles,CULINARY,F&B,108.0,6.12,5.184,29.9,12604846
12626301,NESCAFE SUNRISE Sac 30(156x1.2g)TPBLR IN,NESCAFE SUNRISE Sachet Rs 2 ROTN,12328727,IN C&B : Nescafe Sunrise Small Packs,BEVERAGES,F&B,4680.0,9.38,5.616,64.286,12626301
13641205,NESCAFE Sunrise Sac 30(156x1.7g) SN IN,NESCAFE SUNRISE Sachet Rs 2 TN,12328727,IN C&B : Nescafe Sunrise Small Packs,BEVERAGES,F&B,4680.0,11.249,7.956,59.108,13641205
12633200,MAGGI 2-MIN Spicy Pepper 96x62g IN,MAGGI 2-MIN Spicy BBQ 62g,12589852,IN CUL : MAGGI NDLS - FLAVOURS,CULINARY,F&B,96.0,6.76,5.952,36.192,12633200
12608496,MAGGI 2-MINN Masala 48x150g N1 IN,MAGGI 2-MINUTE NOODLES Masala 140g,12339347,IN CUL : Noodles,CULINARY,F&B,48.0,8.1,7.2,40.719,12608496
12608543,MAGGI 2-MINN Masala Pouch 12x600g N1 IN,MAGGI 2-MINUTE NOODLES Masala 560g,12339416,IN CUL : Noodles,CULINARY,F&B,12.0,8.1,7.2,36.946,12608543
12608551,MAGGI 2-MINN Masala 12x600g N1 IN,MAGGI 2-MINUTE NOODLES Masala 560g,12339416,IN CUL : Noodles,CULINARY,F&B,12.0,8.1,7.2,38.347,12608551
12609331,MAGGI 2-MIN Ndls Masala 6(16x52g) N3 IN,MAGGI 2-MINUTE NOODLES Masala 840g,12363530,IN CUL : Noodles,CULINARY,F&B,6.0,5.6,4.992,33.443,12609331
13677353,MAG 2-MINN Mas 320x35g Single IN,MAGGI 2-MINUTE NOODLES Masala 32g,12459072,IN CUL : Noodles,CULINARY,F&B,320.0,13.1,11.2,64.089,13677353
13677894,MAGGI 2-MINN Mas Chain 320x35g IN,MAGGI 2-MINUTE NOODLES Masala 32g,12459072,IN CUL : Noodles,CULINARY,F&B,320.0,13.79,11.2,64.089,13677894
13678473,MAGGI 2-MIN NDLS Masala Chain 108x52g IN,MAGGI 2-MIN Noodles Masala 52g Deca,12575073,IN CUL : Noodles,CULINARY,F&B,108.0,6.6,5.616,29.9,13678473
13678704,MAG 2-MIN Mas Sgl 108x52g ChancetoWin IN,MAGGI 2-MIN Noodles Masala 52g Deca,12575073,IN CUL : Noodles,CULINARY,F&B,108.0,6.5,5.616,29.9,13678704
13679901,MAGGI 2-MINN Masala 96x75g IN,MAGGI 2-MINUTE NOODLES Masala 70g,12339391,IN CUL : Noodles,CULINARY,F&B,96.0,8.1,7.2,36.192,13679901
13680239,MAGGI 2-MINN Mas 8(12x75g) Ecom IN,MAGGI 2-MINUTE NOODLES Masala PBG 70g ECOM,12369426,IN CUL : Noodles,CULINARY,F&B,8.0,8.09,7.2,36.108,13680239
13681559,MAGGI 2-MIN Mas 108x52g CTW Chain IN,MAGGI 2-MIN Noodles Masala 52g Deca,12575073,IN CUL : Noodles,CULINARY,F&B,108.0,6.5,5.616,29.9,13681559
13681620,MAGGI 2-MIN Ndls Masala 8x900 OT IN,MAGGI 2-MINUTE NOODLES Masala 840g,12391612,IN CUL : Noodles,CULINARY,F&B,8.0,8.13,7.2,34.687,13681620
13688323,MAGGI 2-MINN Mas Pbg 5((23+1)x75g) N3 IN,MAGGI 2-MINUTE NOODLES Masala 70g RD,12362535,IN CUL : Noodles,CULINARY,F&B,5.0,10.46,9.0,35.0,13688323
13632239,MAGGI MeM 480x6g FrW Sauces N2 IN,MAGGI MeM 480x6g RDA FrW Sauces IN,12583101,IN CUL : Masala-ae-Magic,CULINARY,F&B,480.0,3.72,2.88,11.66,13632239
13688911,MAGGI Imli Sauce Doy 6(16x80g) IN,MAGGI Imli Sauce Doy 90g,12302473,IN CUL : MAGGI Pichkoo,CULINARY,F&B,96.0,9.24,7.68,22.68,13688911
13688953,MAGGI Tom Ket Pichkoo 6(16x80g) IN,MAGGI Tomato Ketchup Pichkoo 90g,12360246,IN CUL : MAGGI Pichkoo,CULINARY,F&B,96.0,9.24,7.68,22.68,13688953
13689089,MAGGI H&S Sauce Doy 6(16x80g) IN,MAGGI HOT & SWEET DOY 90G,12117327,IN CUL : MAGGI Pichkoo,CULINARY,F&B,96.0,9.24,7.68,22.68,13689089
13695409,MAGGI Tom Ket Pichkoo 6(16x80g)PR MeM IN,MAGGI Tomato Ketchup Pichkoo 90g,12360246,IN CUL : MAGGI Pichkoo,CULINARY,F&B,96.0,9.24,7.68,22.68,13695409
12629414,NESCAFE Classic Stick 96(144x1g) IN,NESCAFE Classic Sachet Rs 2,12355244,IN C&B : Nescafe Classic Small Packs,BEVERAGES,F&B,13824.0,20.0,13.824,108.0,12629414
12629680,NESCAFE Classic Stick 32(72x3.6g) NR1 IN,NESCAFE Classic Sachet Rs 10,12367970,IN C&B : Nescafe Classic Small Packs,BEVERAGES,F&B,1920.0,11.95,8.294,90.734,12629680
12629681,NESCAFE Clas Stick 32(72x3.6g) N2 NR1 IN,NESCAFE Classic Sachet Rs 10,12367970,IN C&B : Nescafe Classic Small Packs,BEVERAGES,F&B,1920.0,12.05,8.294,84.15,12629681
13700454,NESCAFE Clas Stick Hanger 32(72x3.6g) IN,NESCAFE Classic Sachet Rs 10,12367970,IN C&B : Nescafe Classic Small Packs,BEVERAGES,F&B,2304.0,12.5,8.294,96.0,13700454
13700481,NESCAFE CLASSIC Stick 56(30x2.2g)Ecom IN,NESCAFE Classic Sachet Rs 2,12355244,IN C&B : Nescafe Classic Small Packs,BEVERAGES,F&B,56.0,5.24,3.696,61.749,13700481
13427634,NESCAFE CLAS Stabilo 36x230g PR 15% X IN,NESCAFE Classic Stabilo 200g,12327543,IN C&B : Nescafe Classic Large Packs,BEVERAGES,F&B,36.0,9.11,8.28,34.823,13427634
13675974,MAGGI 2-MINN Masala 24x300g NP,MAGGI 2-MINUTE NOODLES Masala 280g,12339349,IN CUL : Noodles,CULINARY,F&B,24.0,8.1,7.2,36.192,13675974
13677289,MAGGI 2-MINN Masala 96x75g NP,MAGGI 2-MINUTE NOODLES Masala 70g,12339391,IN CUL : Noodles,CULINARY,F&B,96.0,8.1,7.2,36.192,13677289
13677323,MAGGI 2-MINN Masala 48x150g NP,MAGGI 2-MINUTE NOODLES Masala 140g,12339347,IN CUL : Noodles,CULINARY,F&B,48.0,8.1,7.2,40.719,13677323
13677343,MAGGI 2-MIN Spec Mas 96x75g IN,MAGGI 2-MINUTE NOODLES Special Masala 70g,12378622,IN CUL : MAGGI NDLS-SpecialMasala,CULINARY,F&B,96.0,8.1,7.2,36.192,13677343
13678304,MAGGI 2-MIN Spec Mas 24x300g IN,MAGGI 2-MINN Special Masala 280g,12403678,IN CUL : MAGGI NDLS-SpecialMasala,CULINARY,F&B,24.0,8.1,7.2,36.192,13678304
13450581,MAGGI Ntr-lcs Atta 24x290g RC 2 N1 NP,MAGGI 2-MINUTE NOODLES Veg Atta 320g,12372674,IN CUL : Noodles Value Added,CULINARY,F&B,24.0,8.0,6.96,41.664,13450581
12865918,EVERYDAY Vending Premix 16x1kg N2 IN,EVERYDAY Premix Polybag 1kg FS,11340024,IN SSD : Everyday Vending Premix - FS,NP,NP,16.0,17.0,16.0,44.086,12865918
12617039,MAGGI 2-MIN Ndls Masala 5x1.8Kg N3 IN,MAGGI 2-MINUTE NOODLES Masala 1.68kg,12342079,IN CUL : Noodles - FS,NP,NP,5.0,9.8,9.0,44.074,12617039
13400570,NANGROW BIB16x400g JEFB001-2 PR BookN1IN,NESTLE NanGrow BIB 400g,12363252,IN NSB : NANGROW,INFANT NUTRITION,NN,16.0,11.637,6.4,43.263,13400570
13386842,NESTLE NESTOGEN2 BIB 24x400gINLE055 N1IN,NESTOGEN 2 Infant Formula BIB 400g,12199839,IN NSB : Nestogen 2,INFANT NUTRITION,NN,24.0,11.921,9.6,43.329,13386842
12527485,MILKMAID SCM TIN 48x380g PR Price Off IN,MILKMAID SCM Tin 400g,12046133,IN SSD : Milkmaid SCM,DAIRY,F&B,48.0,21.0,18.24,23.596,12527485
13589425,MILKMAID Tin 48x380g Gajar Halwa IN,MILKMAID SCM Tin 400g,12046133,IN SSD : Milkmaid SCM,DAIRY,F&B,48.0,20.5,18.24,22.326,13589425
13268484,MAG Ntr-lcs Atta 48(2x73.5g)Tom Twist IN,MAGGI Ntr-lcs Atta 73.5g Tangy Tom,12630272,IN CUL : Noodles Value Added,CULINARY,F&B,48.0,8.0,7.056,49.764,13268484
13268487,MAG Ntr-lcs Atta 48(2x76.5g)Herbychsy IN,MAGGI 2-MINN Herby Cheesy 96x63.5g IN,12522079,IN CUL : Noodles Value Added,CULINARY,F&B,48.0,8.0,7.344,49.764,13268487
13045253,NESC Sunrise Sac 30(156x1.2g)UP APNR3 IN,NESCAFE SUNRISE Sachet Rs 2 ROTN,12328727,IN C&B : Nescafe Sunrise Small Packs,BEVERAGES,F&B,4680.0,8.474,5.616,114.21,13045253
13679806,MAGGI 2-MIN NDLS Mas NONG 96x75g IN,MAGGI 2-MINUTE NOODLES Masala NONG 70g,12315172,IN CUL : MAGGI Noodles NONG,CULINARY,F&B,96.0,8.1,7.2,36192.0,13679806
13578953,KIT KAT DELIGHTS Multipack 48x150g IN,KIT KAT DELIGHTS Multipack 150g,13578953,IN C&C : Kitkat Tablets,CHOCOLATE,F&B,48.0,15.09,7.2,90.44,13578953
12749328,MAGGI MeM 16(2(60x6g) PR B3G1 N2 IN,MAGGI Masala-ae-Magic Sachet 6g,12365008,IN CUL : Masala-ae-Magic,CULINARY,F&B,1920.0,14.9,11.52,51.437,12749328
12625345,NESC SUNRISE Sac 40(120x1.2g)TP APKNT IN,NESCAFE SUNRISE Sachet Rs 2 ROTN,12328727,IN C&B : Nescafe Sunrise Small Packs,BEVERAGES,F&B,4800.0,10.412,5.76,69.3,12625345
12744892,MAGGI MeM 16(2(60x6g) PR B6G1 N2 IN,MAGGI Masala-ae-Magic Sachet 6g,12365008,IN CUL : Masala-ae-Magic,CULINARY,F&B,1920.0,13.62,11.52,51.437,12744892
13680087,MAGGI 2-MINN Mas 24x300g PR Rs 2 Off IN,MAGGI 2-MINUTE NOODLES Masala 280g,12339349,IN CUL : Noodles,CULINARY,F&B,24.0,8.1,7.2,36.192,13680087
13680206,MAGGI 2-MINN Mas 24x300g N1 IN,MAGGI 2-MINUTE NOODLES Masala 280g,12339349,IN CUL : Noodles,CULINARY,F&B,24.0,7.85,7.2,36.192,13680206
13680299,MAGGI 2-MINN Mas 16x450g PR Rs 4 Off IN,MAGGI 2-MINUTE NOODLES Masala 420g,12339390,IN CUL : Noodles,CULINARY,F&B,16.0,8.1,7.2,36.192,13680299
13680372,MAGGI 2-MINN Masala 16x450g N1 IN,MAGGI 2-MINUTE NOODLES Masala 420g,12339390,IN CUL : Noodles,CULINARY,F&B,16.0,8.1,7.2,36.192,13680372
12629157,KIT KAT 2F MINI 24(42x13.2g) IN,KIT KAT 2F Mini 13.2g,12366588,IN C&C : Kitkat,CHOCOLATE,F&B,1008.0,15.617,13.306,53.852,12629157
13737115,KIT KAT 2F MINI 24(42x12.1g) IN,KIT KAT 2F Mini 13.2g,12366588,IN C&C : Kitkat,CHOCOLATE,F&B,1008.0,14.611,12.197,52.112,13737115
13737134,KIT KAT 2F MINI 24(42x12.1g) N1 IN,KIT KAT 2F Mini 13.2g,12366588,IN C&C : Kitkat,CHOCOLATE,F&B,1008.0,14.614,12.197,52.112,13737134
13718181,KIT KAT 2F 24(30x22.1g) IN,KIT KAT 2F 18.5g,12190242,IN C&C : Kitkat,CHOCOLATE,F&B,720.0,20.383,15.912,58.664,13718181
13746819,NESTLE BAR ONE Ctln 16(24x20.2g) IN,NESTLE BAR ONE Rs.10 24.2g,12347245,IN C&C : Barone,CHOCOLATE,F&B,384.0,9.17,7.757,25.988,13746819
13746857,NESTLE Ctln BarOne 24(30x12.4g) IN,NESTLE BAR ONE Rs.5 13.2g,12347246,IN C&C : Barone,CHOCOLATE,F&B,720.0,10.647,8.928,33.32,13746857
13756941,NESTLE CLASSIC 16(21x31g) IN,NESTLE Classic Chocolate 34g,12368378,IN C&C : Nestle Milk Chocolate,CHOCOLATE,F&B,336.0,12.53,10.416,29.935,13756941
13758152,NESTLE CLASSIC 24(28x17g) IN,NESTLE Classic Chocolate 18g,12240009,IN C&C : Nestle Milk Chocolate,CHOCOLATE,F&B,672.0,14.106,11.424,34.944,13758152
13768076,MILKYBAR Multipack 84(6x13.2g) N2 IN,MILKYBAR Multipack 6x11g,12344037,IN C&C : Milkybar,CHOCOLATE,F&B,84.0,12.264,6.653,56.288,13768076
13768136,POLO MINT 56 U Sbg 24x84g IN,POLO MINT Sbg 75g,12628755,IN C&C : Polo,CONFECTIONARY,F&B,24.0,2.776,2.016,21.62,13768136
13744650,MUNCH Maha 27(32x9.8g) IN,MUNCH Maha,12311653,IN C&C : Munch,CHOCOLATE,F&B,864.0,10.71,8.467,47.768,13744650
13745602,MUNCH Maha 18(50x9.8g) IN,MUNCH Maha,12311653,IN C&C : Munch,CHOCOLATE,F&B,900.0,11.056,8.82,43.648,13745602
13745724,MUNCH Twin Bar 12(42x19.6g) IN,MUNCH 4X4 20.1g,12356633,IN C&C : Munch,CHOCOLATE,F&B,504.0,12.291,9.878,43.733,13745724
13745831,MUNCH Jar 6((100+5)x9.8g) IN,MUNCH Maha Jar 10.1g,12351903,IN C&C : Munch,CHOCOLATE,F&B,630.0,8.15,6.174,61.605,13745831
13753713,MUNCH Twin Bar 24(24x19.6g) IN,MUNCH 4X4 20.1g,12356633,IN C&C : Munch,CHOCOLATE,F&B,576.0,14.57,11.29,52.894,13753713
13763554,MUNCH Pouch 28(17x9.8g) IN,MUNCH Pouch 151.5g,12351920,IN C&C : Munch,CHOCOLATE,F&B,28.0,5.238,4.665,30.94,13763554
12613024,NESCAFE SUNRISE Sac 65(72x0.9g) NR1 IN,NESCAFE SUNRISE Sachet Rs 2 ROTN,12355244,IN C&B : Nescafe Classic Small Packs,BEVERAGES,F&B,4680.0,8.099,4.212,91.8,12613024
12611305,NESTLE CLASSIC 24(28x15g)PR Biscuit IN,NESTLE Classic Chocolate 34g,12368378,IN C&C : Nestle Milk Chocolate,CHOCOLATE,F&B,672.0,12.62,10.08,33.734,12611305
12628933,KIT KAT 2F MINI 24(24x11.9g) IN,KIT KAT 2F Mini 13.2g,12366588,IN C&C : Kitkat,CHOCOLATE,F&B,576.0,9.252,6.854,32.993,12628933
12611170,NESCAFE SUNRISE Sac 65(72x1g)NW N1 IN,NESCAFE SUNRISE Sachet Rs 2 ROTN,12328727,IN C&B : Nescafe Sunrise Small Packs,BEVERAGES,F&B,4680.0,8.099,4.68,91.8,12611170
12615801,MAGGI Tom Ket 12x970g PR Ndls Pk of 6 IN,MAGGI Tomato Ketchup Bottle 1kg,11340377,IN CUL : Sauces,CULINARY,F&B,12.0,18.46,11.64,27.825,12615801
13756869,MILKYBAR CHOO StrawberrySbg64(8x10.5g)IN,MILKYBAR Choo Strawberry Sharebag 10g,12582755,IN C&C : Milkybar Choo,CHOCOLATE,F&B,64.0,7.92,5.376,75.52,13756869
13758044,MILKYBAR Mould 16(24x24.5g) N1 IN,MILKYBAR Mould 25g,12362797,IN C&C : Milkybar,CHOCOLATE,F&B,384.0,12.13,9.408,24.642,13758044
13768171,KIT KAT 2F MINI Jar 6((58+2)x12.1g)Fr IN,KIT KAT 2F Mini Jar 13.2g,12284403,IN C&C : Kitkat,CHOCOLATE,F&B,360.0,5.882,4.356,29.881,13768171
13707042,NESCAFE Clas Stick 56(60x2.2g)Ecom IN,NESCAFE Classic Sachet Rs 2,12355244,IN C&B : Nescafe Classic Small Packs,BEVERAGES,F&B,56.0,9.991,7.392,61.749,13707042
12629463,NESCAFE Classic Hanger 96(144x1g) IN,NESCAFE Classic Sachet Rs 2,12355244,IN C&B : Nescafe Classic Small Packs,BEVERAGES,F&B,13824.0,21.429,13.824,108.0,12629463
13700425,NESCAFE Clas Stick 60(72x1g) Ecom IN,NESCAFE Classic Sachet Rs 2,12355244,IN C&B : Nescafe Classic Small Packs,BEVERAGES,F&B,60.0,6.706,4.32,49.228,13700425
13700492,NESC SUNRISE Sac 30(156x1.3g)TPBLR IN,NESCAFE SUNRISE Sachet Rs 2 ROTN,12328727,IN C&B : Nescafe Sunrise Small Packs,BEVERAGES,F&B,4680.0,10.455,6.084,64.286,13700492
13700494,NESC SUNRISE Sac 30(156x1.3g)UP APNR3 IN,NESCAFE SUNRISE Sachet Rs 2 ROTN,12328727,IN C&B : Nescafe Sunrise Small Packs,BEVERAGES,F&B,4680.0,10.245,6.084,114.21,13700494
13700496,NESC SUNRISE Sac 24(60x3.8g) TN IN,NESCAFE SUNRISE Sachet Rs 5,12367459,IN C&B : Nescafe Sunrise Small Packs,BEVERAGES,F&B,1440.0,7.709,5.472,53.889,13700496
13700501,NESC SUNRISE Sac 30(48x7.6g) TN NR IN,NESCAFE SUNRISE Sachet Rs 10,12367459,IN C&B : Nescafe Sunrise Small Packs,BEVERAGES,F&B,1440.0,13.98,10.944,79.957,13700501
13700511,NESC SUNRISE Sac 24(60x3.8g) AP NR3 IN,NESCAFE SUNRISE Sachet Rs 5,12367459,IN C&B : Nescafe Sunrise Small Packs,BEVERAGES,F&B,1440.0,7.709,5.472,53.889,13700511
13700513,NESC SUNRISE Sac 30(48x7.6g) AP NR3 IN,NESCAFE SUNRISE Sachet Rs 10,12367459,IN C&B : Nescafe Sunrise Small Packs,BEVERAGES,F&B,1440.0,13.98,10.944,79.957,13700513
13700522,NESC SUNRISE Sac Stickpack65(72x1g)NR3IN,NESCAFE SUNRISE Sachet Rs 2 ROTN,12328727,IN C&B : Nescafe Sunrise Small Packs,BEVERAGES,F&B,4680.0,7.01,4.68,91.8,13700522
13717609,MILKYBAR Mould 20(14x47.2g) IN,MILKYBAR Mould 42g,12383293,IN C&C : Milkybar,CHOCOLATE,F&B,280.0,15.613,13.216,29.05,13717609
13718223,MILKYBAR Mould 24(30x13.2g) IN,MILKYBAR Mould 13g,12362872,IN C&C : Milkybar,CHOCOLATE,F&B,720.0,11.746,9.504,38.88,13718223
13744847,MILKYBAR CHOO Plain 30(28x10.5g) IN,MILKYBAR Choo Box 10g,12352188,IN C&C : Milkybar Choo,CHOCOLATE,F&B,840.0,12.08,8.82,25.925,13744847
13745534,MILKYBAR CHOO Mix Fruits 30(28x10.5g) IN,MILKYBAR Choo Mixed Fruit 10g,12352185,IN C&C : Milkybar Choo,CHOCOLATE,F&B,840.0,10.98,8.82,26.306,13745534
13746779,MILKYBAR CHOO Strawberry 30(28x10.5g) IN,MILKYBAR Choo Strawberry Box 10g,12352187,IN C&C : Milkybar Choo,CHOCOLATE,F&B,840.0,12.08,8.82,25.925,13746779
12630058,CERELAC STG1 Wheat Apple 128x33g ZS IN,CERELAC STAGE 1 Whe Apple BIB 33g - ZS,12630058,IN NSB : Cerelac 1,INFANT NUTRITION,NN,128.0,6.364,4.224,43.329,12630058
12791632,FRISKIES Surfin 6kg PR Cat Scratcher IN,FRISKIES Surfin Favourites 6kg,12497245,IN PP: Friskies Adult,PETCARE,PETCARE,1.0,6.1,6.0,18.556,12791632
12791637,FRISKIES Seafood 6kg PR Cat Scratcher IN,FRISKIES Seafood Sensations 6kg,12385495,IN PP: Friskies Adult,PETCARE,PETCARE,1.0,6.1,6.0,18.556,12791637
13565236,NAN PRO1 BIB 24x400g INNWPB296 GF IN,NAN PRO 1 Infant Formula BIB 400g,12299904,IN NSB : NAN PRO 1,INFANT NUTRITION,NN,24.0,11.7,9.6,43.329,13565236
13572804,NAN PRO 1 BIB 8(3x400g) INNWPB296 GF IN,NAN PRO 1 Infant Formula BIB 1.2Kg,12610392,IN NSB : NAN PRO 1,INFANT NUTRITION,NN,8.0,11.82,9.6,43.329,13572804
12619133,NESCAFE Cappuccino Delite 24x125g IN,NESCAFE GOLD Cappuccino 25g FS,12409264,IN C&B : Nescafe Cappuccino - FS,NP,NP,24.0,4.741,3.0,42.208,12619133
12629987,KITKAT Chunky Miniatures Hzn 24x107g IN,KITKAT Chunky Miniatures 10.5g,12601408,IN C&C : Kitkat-IMP,SI,SI,24.0,3.108,2.568,23.397,12629987
12631056,MAGGI MeM 16(2(60x6g)PR B3G1 N1 IN,MAGGI Masala-ae-Magic Sachet 6g,12365008,IN CUL : Masala-ae-Magic,CULINARY,F&B,1920.0,13.62,11.52,51.437,12631056
12610543,EVERYDAY DW 12x1kg NR IN,EVERYDAY Dairy Whitener 1Kg,12199037,IN SSD : EveryDay DW,DAIRY,F&B,12.0,13.09,12.0,34.271,12610543
12607864,NESCAFE CLAS Stick 32(60x3.2g) N2 NR IN,NESCAFE Classic Sachet Rs 10,12367970,IN C&B : Nescafe Classic Small Packs,BEVERAGES,F&B,1920.0,9.56,6.144,90.16,12607864
12633426,NESCAFE SUNRISE Sac 30(48x6.7g)AP NR2 IN,NESCAFE SUNRISE Sachet Rs 10,12367454,IN C&B : Nescafe Sunrise Small Packs,BEVERAGES,F&B,1440.0,12.421,9.648,79.957,12633426
12596376,MAGGI Imli Sce Doy 6(16x75g) N2 IN,MAGGI Imli Sauce Doy 90g,12302473,IN CUL : MAGGI Pichkoo,CULINARY,F&B,96.0,8.43,7.2,22.134,12596376
12618138,MAG Pasta Mas Red 5(2(60x7.5g)) 5+1N1 IN,MAGGI Pasta Masala Red 7.5g,12588827,IN CUL : Maggi Pasta Masala,CULINARY,F&B,1920.0,5.5,4.5,51.437,12618138
12505957,EVERYDAY DW 32x400g Tripura IN,EVERYDAY Dairy Whitener Polybag 400g,12310536,IN SSD : EveryDay DW,DAIRY,F&B,32.0,14.12,12.8,45.356,12505957
12616536,MAGGI 2-MINN Chkn 24x304g IN,MAGGI 2-MINUTE NOODLES Chicken 284g,12303548,IN CUL : Noodles Chicken,CULINARY,F&B,24.0,8.2,7.296,36.192,12616536
13797740,MAGGI Ntr-lcs Atta 96x55g Rurban IN,MAGGI Ntr-lcs Atta 96x51g Rurban,12586402,IN CUL : Noodles Value Added,CULINARY,F&B,96.0,7.52,5.28,30.745,13797740
12616560,MAGGI 2-MINN Chkn 48x152g IN,MAGGI 2-MINUTE NOODLES Chicken 142g,12378316,IN CUL : Noodles Chicken,CULINARY,F&B,96.0,8.2,7.296,40.719,12616560
13776790,MILKYBAR Moosha Ctln 12(24x20g) N3 IN,MILKYBAR Moosha 20g,12356739,IN C&C : Milkybar Choo,CHOCOLATE,F&B,288.0,7.23,5.76,23.598,13776790
13776709,MILKYBAR Moosha Ctln 12(15x40.5g) IN,MILKYBAR Moosha 40g,12361933,IN C&C : Milkybar Choo,CHOCOLATE,F&B,180.0,8.75,7.29,23.598,13776709
13756599,MUNCH Maxx 12(24x42g) N2 IN,MUNCH Maxx 42g,12527971,IN C&C : Munch Maxx,CHOCOLATE,F&B,288.0,14.46,12.096,46.08,13756599
13769007,KIT KAT 1F MINI 16(48x8.6g) IN,KIT KAT 1F 8.6g,12174231,IN C&C : Kitkat,CHOCOLATE,F&B,1152.0,12.09,9.907,43.811,13769007
12587374,KIT KAT 18x1F Sharebag 64x133.2g IN,KIT KAT 2F Mini Sharebag 12.8g,12349792,IN C&C : Kitkat,CHOCOLATE,F&B,64.0,12.112,8.525,75.52,12587374
13796414,MUNCH Twin Bar 12(42x19.6g) IN,MUNCH 4X4 20.1g,12356633,IN C&C : Munch,CHOCOLATE,F&B,504.0,12.291,9.878,43.733,13796414
13767984,POLO Mini Jar 12(120x7.5g) IN,POLO Mini Jar 6g,12329839,IN C&C : Polo,CONFECTIONARY,F&B,1440.0,13.14,10.8,41.065,13767984
13757803,POLO Mint Roll 27(28x13.5g) N3 IN,POLO Mint Roll Box 15g,12329838,IN C&C : Polo,CONFECTIONARY,F&B,756.0,11.9,10.206,18.432,13757803
13757661,POLO Big Roll Jar12((68+4)x13.5g)4UFr IN,POLO Mint Roll Big Jar 15g,12329837,IN C&C : Polo,CONFECTIONARY,F&B,864.0,14.0,11.664,37.527,13757661
13757524,POLO Big Roll 24(24x27g) IN,POLO Mint Big Roll 30g,12329836,IN C&C : Polo,CONFECTIONARY,F&B,576.0,17.97,15.552,41.07,13757524
12623269,KITKAT Cookie Crmble Tblet 6x1.8kg IN,KITKAT Tablet Cookie 1.8kg,12580609,IN C&C : Kitkat Tablets,CHOCOLATE,F&B,6.0,11.652,10.8,24.697,12623269
13796407,MUNCH Twin Bar 24(24x19.6g) IN,MUNCH 4X4 20.1g,12356633,IN C&C : Munch,CHOCOLATE,F&B,576.0,13.31,11.29,52.894,13796407
12606410,NESCAFE Classic Bag Stabilo 6(2x500g) IN,NESCAFE Classic Bag In Box 500g FS,12266195,IN C&B : Nescafe Classic - FS,NP,NP,12.0,9.58,6.0,55.575,12606410
12608636,MAGGI 2-MIN Ndls Mas Sgl 108x52g N1 IN,MAGGI 2-MIN Noodles Masala 52g Deca,12575073,IN CUL : Noodles,CULINARY,F&B,108.0,6.76,5.616,33.696,12608636
13681122,MAGGI 2-MINN Chkn 108x51g N1 IN,MAG 2-MINN Chkn 51g -Deca,13681122,IN CUL : Noodles Chicken,CULINARY,F&B,108.0,6.5,5.508,29.9,13681122
13677305,MAGGI 2-MINN Mas 24(4x75g) NR IN,MAGGI 2-MINUTE NOODLES Masala PBG 70g ECOM,12369426,IN CUL : Noodles,CULINARY,F&B,24.0,8.2,7.2,41.175,13677305
13304250,NESC SUNRISE Sac 30(156x1.9g) Mspk TN IN,NESCAFE SUNRISE Sachet Rs 2 TN,12328727,IN C&B : Nescafe Sunrise Small Packs,BEVERAGES,F&B,4680.0,12.82,8.892,64.286,13304250
13767298,NESCAFE Classic Stick 25(144x1g) N1 IN,NESCAFE Classic Sachet 1.5g FS,12257212,IN C&B : Nescafe Classic - FS,NP,NP,25.0,5.365,3.6,35.712,13767298
12609343,MAGGI 2-MIN Ndls Masala 6(16x48g) N2 IN,MAGGI 2-MINUTE NOODLES Masala 840g,12363530,IN CUL : Noodles,CULINARY,F&B,6.0,5.6,4.608,33.443,12609343
12613029,MAGGI Tom Ket 12x960g PR Ndls300g N1 IN,MAGGI Tomato Ketchup Bottle 1kg,11340377,IN CUL : Sauces,CULINARY,F&B,12.0,18.3,11.52,27.825,12613029
12622626,POLO Roll Jar 16((43+2)x12g)N3 IN,POLO Mint Roll Big Jar 15g,12329837,IN C&C : Polo,CONFECTIONARY,F&B,720.0,10.54,8.64,34.2,12622626
12629234,KIT KAT POPS 12(18x17.6g) IN,Kitkat Pops Small,12629234,IN C&C : Kitkat,CHOCOLATE,F&B,216.0,6.34,3.802,71.043,12629234
12629235,KIT KAT POPS 12(8x32g) IN,Kitkat Pops Large,12629235,IN C&C : Kitkat,CHOCOLATE,F&B,96.0,5.427,3.072,74.554,12629235
13542085,LACTOGEN PRO2 BIB 8(3x400g)INLEB086 N1IN,LACTOGEN 2 FU Infant Formula BIB 1.2Kg,12616966,IN NSB : Lactogen 2,INFANT NUTRITION,NN,8.0,11.9,9.6,43.329,13542085
13627651,LACTOGEN PRO 4 BIB 24x400g INJE091 N1 IN,LACTOGEN 4 FU Infant Formula BIB 400g,12344432,IN NSB : Lactogen 4,INFANT NUTRITION,NN,24.0,11.921,9.6,43.329,13627651
13632235,LACTOGEN PRO2 BIB 24x400g INLEB086 N1 IN,LACTOGEN 2 FU Infant Formula BIB 400g,12364914,IN NSB : Lactogen 2,INFANT NUTRITION,NN,24.0,11.921,9.6,43.329,13632235
13632238,LACTOGEN PRO 3 BIB 24x400g INJE087 N1 IN,LACTOGEN 3 FU Infant Formula BIB 400g,12344434,IN NSB : Lactogen 3,INFANT NUTRITION,NN,24.0,11.921,9.6,43.329,13632238
13756600,NAN PRO 1 Tin 24x200g INNWPB296 GF IN,NAN PRO 1 Infant Formula Tin 200g,12525887,IN NSB : NAN PRO 1,INFANT NUTRITION,NN,24.0,8.539,4.8,41.563,13756600
13762637,NESCAFE GOLD Blend Int5 12x100g N3 IN,NESCAFE GOLD Original Int5 100g,12391188,IN C&B : Nescafe Gold - Retail,BEVERAGES,F&B,12.0,4.9,1.2,9.455,13762637
13762638,NESCAFE GOLD Blend Int5 12x100g N4 IN,NESCAFE GOLD Original Int5 100g,12391188,IN C&B : Nescafe Gold - Retail,BEVERAGES,F&B,12.0,4.8,1.2,9.455,13762638
13762639,NESCAFE GOLD Blend Int5 6x200g N3 IN,NESCAFE GOLD Original Int5 200g,12391187,IN C&B : Nescafe Gold - Retail,BEVERAGES,F&B,6.0,4.591,1.2,9.124,13762639
13762711,NESC ROASTERY Medium Rst Can 6x95g N1 IN,NESC ROASTERY Medium Rst Can 95g,12572905,IN C&B : Nescafe Gold - Retail,BEVERAGES,F&B,6.0,3.0,0.57,4.344,13762711
13762739,NESCAFE GOLD Blend Int5 12x50g N3 IN,NESCAFE GOLD Sgnt Jar 50g,12392474,IN C&B : Nescafe Gold - Retail,BEVERAGES,F&B,12.0,3.1,0.6,5.268,13762739
13762810,NESCAFE GOLD Blend Int5 6x200g N4 IN,NESCAFE GOLD Original Int5 200g,12391187,IN C&B : Nescafe Gold - Retail,BEVERAGES,F&B,6.0,4.591,1.2,9.124,13762810
13762811,NESC ROASTERY Dk Rst Can 6x95g N1 IN,NESC ROASTERY Dk Rst Can 95g,12572863,IN C&B : Nescafe Gold - Retail,BEVERAGES,F&B,6.0,3.0,0.57,4.344,13762811
13796954,MUNCH Maha 27(32x10.4g)PR 20% LONG N1 IN,MUNCH Maha,12311653,IN C&C : Munch,CHOCOLATE,F&B,864.0,11.19,8.986,51.51,13796954
13797046,MUNCH Jar6((100+5)x10.4g)PR20% LONG N1IN,MUNCH Maha Jar 10.1g,12351903,IN C&C : Munch,CHOCOLATE,F&B,630.0,8.51,6.552,61.605,13797046
13797726,MAGGI MeM 16(2(60x6g) PR B5G1 N2 IN,MAGGI Masala-ae-Magic Sachet 6g,12365008,IN CUL : Masala-ae-Magic,CULINARY,F&B,1920.0,13.62,11.52,51.437,13797726
13811692,NAN PRO 1 Tin 15x400g INNWPB296 GF IN,NAN PRO 1 Infant Formula Tin 400g,12182335,IN NSB : NAN PRO 1,INFANT NUTRITION,NN,15.0,9.0,6.0,35.105,13811692
13843427,MILKYBAR CHOO Plain 30(28x11g) IN,MILKYBAR Choo Box 10g,12352188,IN C&C : Milkybar Choo,CHOCOLATE,F&B,840.0,11.774,9.24,25.925,13843427
13843429,MILKYBAR CHOO Mix Fruits 30(28x11g) IN,MILKYBAR Choo Mixed Fruit 10g,12352185,IN C&C : Milkybar Choo,CHOCOLATE,F&B,840.0,11.774,9.24,25.925,13843429
13843471,MILKYBAR CHOO Strawberry 30(28x11g) IN,MILKYBAR Choo Strawberry Box 10g,12352187,IN C&C : Milkybar Choo,CHOCOLATE,F&B,840.0,11.774,9.24,25.925,13843471
13843479,MILKYBAR CHOO Strawberry Sbg 64(9x11g)IN,MILKYBAR Choo Strawberry Sharebag 10g,12582755,IN C&C : Milkybar Choo,CHOCOLATE,F&B,64.0,8.094,6.336,75.52,13843479
13942550,MILKYBAR Mould 24(30x13.2g) PR iPad IN,MILKYBAR Mould 13g,12362872,IN C&C : Milkybar,CHOCOLATE,F&B,720.0,11.753,9.504,38.88,13942550
13816840,MAGGI PAZZTA Chse 96x75g PR Rs4Off N1 IN,MAGGI Pazzta Cheese 70g,12317065,IN CUL : Pazzta,CULINARY,F&B,96.0,8.15,7.2,55.376,13816840
13816850,MAGGI PAZZTA Tom 80x68.5g PR Rs4 Off IN,MAGGI PAZZTA Tomato 64g,12320945,IN CUL : Pazzta,CULINARY,F&B,80.0,6.6,5.48,55.376,13816850
13816860,MAGGI PAZZTA Mshrm 96x68.5gPR Rs4 Off IN,MAGGI PAZZTA Mushroom 64g,12317063,IN CUL : Pazzta,CULINARY,F&B,96.0,7.65,6.576,55.376,13816860
13816870,MAGGI PAZZTA Mas 96x69.5gPR Rs4Off N1 IN,MAGGI PAZZTA Masala 65g,12317064,IN CUL : Pazzta,CULINARY,F&B,96.0,7.65,6.672,55.376,13816870
13796960,MUNCH Maha 18(50x10.4g)PR 20% LONG N1 IN,MUNCH Maha,12311653,IN C&C : Munch,CHOCOLATE,F&B,900.0,11.27,9.36,46.464,13796960
13351154,MAGGI MeM 640x6g PR MeM B6G1 IN,MAGGI Masala-ae-Magic Sachet 6g,12365008,IN CUL : Masala-ae-Magic,CULINARY,F&B,640.0,5.2,3.84,21.168,13351154
13797936,MAGGI MeM 768x6g FrW MeM B5G1 N2 IN,MAGGI MeM 768x6g FrW MeM B5G1 N2 IN,13797936,IN CUL : Masala-ae-Magic,CULINARY,F&B,768.0,5.72,4.608,21.168,13797936
13811691,MAGGI Ntr-lcs Atta 24x290g PR Rs9 Off IN,MAGGI 2-MINUTE NOODLES Veg Atta 320g,12372674,IN CUL : Noodles Value Added,CULINARY,F&B,24.0,8.0,6.96,41.664,13811691
12623900,KIT KAT Tablet RASPBERRY 10(10x63g)N2 IN,KIT KAT Tablet RASPBERRY 10(10x63 g) IN,12605721,IN C&C : Kitkat Tablets,CHOCOLATE,F&B,100.0,8.336,6.3,17.391,12623900
13700480,NESCAFE Clas Sac 56(60x2.2g) PR B4G1 IN,NESCAFE Classic Sachet Rs 2,12355244,IN C&B : Nescafe Classic Small Packs,BEVERAGES,F&B,3360.0,9.991,7.392,61.749,13700480
12618764,FELIX Gravy Lover Salmon Pch2(12x70g)XI,FELIXADL Salmon GiJ2(12x85g) XI,12500190,IN PP: Felix Adult,PETCARE,PETCARE,24.0,1.998,1.68,6.109,12618764
12618765,FELIX Gravy Lover Chkn Pch2(12x70g)XI,FELIXADLChickenGiJ2(12x85g) XI,12500193,IN PP: Felix Adult,PETCARE,PETCARE,24.0,1.998,1.68,6.109,12618765
12618766,FELIX Gravy Lover Tuna Pch2(12x70g)XI,FELIXADULTTunaGiJ2(12x85g) XI,12500202,IN PP: Felix Adult,PETCARE,PETCARE,24.0,1.998,1.68,6.109,12618766
12618792,FELIX GravyLover Mackerel Pch2(12x70g)XI,FELIXADULTMackGiJ2(12x85g) XI,12500199,IN PP: Felix Adult,PETCARE,PETCARE,24.0,1.998,1.68,6.109,12618792
13879982,MUNCH Max Crunchies 20(14x45g) IN,Maxx Crunchies 45g,13879982,IN C&C : Munch Maxx,CHOCOLATE,F&B,280.0,15.712,12.6,30.16,13879982
13966893,KIT KAT Tablet Rich Choc10(6x150g)CardIN,KIT KAT Tablet Rich Choc 10(6x150g) IN,12571648,IN C&C : Kitkat Tablets,CHOCOLATE,F&B,60.0,11.1,9.0,24.188,13966893
13979440,MUNCH Twin Bar 12(42x19.8g) IN,MUNCH 4X4 20.1g,12356633,IN C&C : Munch,CHOCOLATE,F&B,504.0,12.391,9.979,43.733,13979440
13979829,MUNCH Twin Bar 24(24x19.8g) IN,MUNCH 4X4 20.1g,12356633,IN C&C : Munch,CHOCOLATE,F&B,576.0,13.42,11.405,52.894,13979829
14029042,MAGGI 2-MINN Mas 8(2x450)Bowl Pack IN,MAGGI 2-MINUTE NOODLES Masala 450g-Ecom,14029042,IN CUL : Noodles,CULINARY,F&B,8.0,13.0,7.2,59.711,14029042
14084633,MUNCH Pouch 28(17x9.9g) IN,MUNCH Pouch 151.5g,12351920,IN C&C : Munch,CHOCOLATE,F&B,28.0,5.64,4.712,30.94,14084633
14142786,KIT KAT 2F Mini GIFT BOX 24x181.5g IN,KIT KAT 2F Mini GIFT BOX 181.5g,14142786,IN C&C : Kitkat,CHOCOLATE,F&B,24.0,6.198,4.356,49.0,14142786
12618354,NESCAFE ICE PREMIX 24x500g N2 IN,NESCAFE Frappe Premix 500g FS,12312522,IN C&B : Nescafe Frappe Premix - FS,NP,NP,24.0,13.2,12.0,35.314,12618354
13647308,LACTOGEN PRO2 BIB 24x200g INLEB086 N1 IN,LACTOGEN 2 Infant Formula BIB 200g,12616022,IN NSB : Lactogen 2,INFANT NUTRITION,NN,24.0,6.91,4.8,36.528,13647308
13760412,MILKYBAR Mould Butterscotch 20(14x45g)IN,Milkybar Mould Butterscotch 45g,13760412,IN C&C : Milkybar,CHOCOLATE,F&B,280.0,15.366,12.6,29.05,13760412
14126283,NESC SR Stabilo 36x190g AP Rs200 Off IN,NESCAFE SUNRISE Premium Stabilo 200g,12271811,IN C&B : Nescafe Sunrise Large Packs,BEVERAGES,F&B,36.0,7.672,6.84,34.823,14126283
14102109,MILKYBAR Mould16(24x24.5g)PR Puzzle FrIN,MILKYBAR Mould 25g,12362797,IN C&C : Milkybar,CHOCOLATE,F&B,384.0,11.909,9.408,23.324,14102109
14126451,NESC SR Stabilo 36x190g TN Rs200 Off IN,NESCAFE SUNRISE Premium Stabilo 200g,12271811,IN C&B : Nescafe Sunrise Large Packs,BEVERAGES,F&B,36.0,7.672,6.84,34.823,14126451
13879865,MUNCH Maxx Pillow PO3 40(3x42g) IN,MUNCH Maxx 42g-Ecom,12605914,IN C&C : Munch Maxx,CHOCOLATE,F&B,40.0,6.172,5.04,33.67,13879865
12623327,NESCAFE CLAS Stick 56(60x2g)PR B4G1 IN,NESCAFE Classic Sachet Rs 2,12355244,IN C&B : Nescafe Classic Small Packs,BEVERAGES,F&B,3360.0,8.654,6.72,84.6,12623327
13400530,CERELAC STG1 Wheat Apple128x33g ZS N1 IN,CERELAC STAGE 1 Whe Apple BIB 33g - ZS,12630058,IN NSB : Cerelac 1,INFANT NUTRITION,NN,128.0,6.364,4.224,43.329,13400530
13485442,NESCAFE Sunrise Pouch 12x500g N1 IN,NESCAFE SUNRISE Premium Pouch 500g FS,12276650,IN C&B : Sunrise Premium - FS,NP,NP,12.0,7.76,6.0,29.952,13485442
13871458,MUNCH Cereal Choco Fills 192x17g IN,MUNCH Cereal Choco Fills 19g,12616899,IN CPW : Munch Choco Fills,BREAKFAST CEREAL,NBC,192.0,4.901,3.264,82.485,13871458
13767909,NESCAFE Roastery MedRoast 12x95g N2 IN,NESC ROASTERY Med Rst Can 95g,12617688,IN C&B : Nescafe Gold - Retail,BEVERAGES,F&B,12.0,2.87,1.14,20.743,13767909
13768016,NESCAFE Gold Jar 12x200g N3 IN,NESCAFE GOLD Original Int5 200g,12391187,IN C&B : Nescafe Gold - Retail,BEVERAGES,F&B,12.0,8.8,2.4,29.25,13768016
14176741,FELIX GravyLover Chkn Pch 2(12x70g)SP IN,FELIX GravyLover Chkn Pch 70g Sample ,14176741,IN PP: Felix Adult,PETCARE,PETCARE,24.0,2.0,1.68,6.109,14176741
13767913,NESCAFE Roastery Dark Roast 12x95g N2 IN,NESC ROASTERY Dk Rst Can 95g,12572863,IN C&B : Nescafe Gold - Retail,BEVERAGES,F&B,12.0,2.87,1.14,20.743,13767913
12625864,NESTUM STAGE 1 Rice BIB 24x300g N4 IN,NESTUM STAGE 1 Rice BIB 300g,12355196,IN NSB : Nestum 1,INFANT NUTRITION,NN,24.0,9.65,7.2,43.702,12625864
13696422,NESTLE CEREGROW BIB 24x300g ZS N8 IN,NESTLE Ceregrow BIB 300g -ZS,12316928,IN NSB : CEREGROW,INFANT NUTRITION,NN,24.0,9.452,7.2,41.386,13696422
13871439,MUNCH Cereal 192x19g IN,NESTLE MUNCH Cereal 18g,12565419,IN CPW : Munch Cereals,BREAKFAST CEREAL,NBC,192.0,5.285,3.648,82.485,13871439
13696332,NESTLE CEREGROW BIB 24x300g WS N8 IN,NESTLE Ceregrow BIB 300g,12316928,IN NSB : CEREGROW,INFANT NUTRITION,NN,24.0,9.452,7.2,41.386,13696332
14176123,FELIX Gravy Lover SlmnPch 2(12x70g)SP IN,FELIXADL Salmon GiJ2(12x85g) XI,12500190,IN PP: Felix Adult,PETCARE,PETCARE,24.0,2.0,1.68,6.109,14176123
14494495,FELIX Gravy Lover Smn Pch2(12x70g)PO12XI,FELIXADL Salmon GiJ2(12x85g) XI,12500190,IN PP: Felix Adult,PETCARE,PETCARE,2.0,1.998,1.68,6.109,14494495
14503661,FELIX Gravy Lover TunaPch2(12x70g)PO12XI,FELIXADULTTunaGiJ2(12x85g) XI,12500202,IN PP: Felix Adult,PETCARE,PETCARE,2.0,1.998,1.68,6.109,14503661
14503671,FELIX Gravy Lover ChknPch2(12x70g)PO12XI,FELIXADLChickenGiJ2(12x85g) XI,12500193,IN PP: Felix Adult,PETCARE,PETCARE,2.0,1.998,1.68,6.109,14503671
14503672,FELIX GravyLover Mack Pch2(12x70g)PO12XI,FELIXADULTMackGiJ2(12x85g) XI,12500199,IN PP: Felix Adult,PETCARE,PETCARE,2.0,1.998,1.68,6.109,14503672
14118476,MUNCH Cereal 216x19g PR MB Choo IN,NESTLE MUNCH Cereal 18g,12565419,IN CPW : Munch Cereals,BREAKFAST CEREAL,NBC,216.0,5.82,4.104,86.609,14118476
13708859,CEREGROW Sample Pack 48x50g ZS N4 IN,NESTLE CEREGROW Doctor Sample 48x50g IN,12510426,IN NSB : CEREGROW,INFANT NUTRITION,NN,48.0,3.378,2.4,27.144,13708859
13924529,MUNCH Cereal 192x19g PR Superman IN,NESTLE MUNCH Cereal 18g,12565419,IN CPW : Munch Cereals,BREAKFAST CEREAL,NBC,192.0,5.285,3.648,82.485,13924529
14184312,MUNCH Maxx 12(24x42g) PR IPhone IN,MUNCH Maxx 42g,12527971,IN C&C : Munch Maxx,CHOCOLATE,F&B,288.0,14.46,12.096,46.08,14184312
14204688,KITKAT TAB RICH 14x1F BOX 24x103.6g IN,KIT KAT Tablet Rich Choc 103.6g,14204688,IN C&C : Kitkat Tablets,CHOCOLATE,F&B,24.0,7.57,2.486,91.08,14204688
14227474,EVERYDAY DW 32x400g PR 100g IN,EVERYDAY Dairy Whitener Polybag 400g,12310536,IN SSD : EveryDay DW,DAIRY,F&B,32.0,13.7,12.8,41.46,14227474
14328933,KK 2F MINI Jar 6((58+2)x13.2g) Free IN,KIT KAT 2F Mini Jar 13.2g,12284403,IN C&C : Kitkat,CHOCOLATE,F&B,360.0,6.587,4.752,29.881,14328933
12602130,NESCAFE SR Sac 24((56+4)x3.8g)AP NR3 IN,NESCAFE SUNRISE Sachet Rs 5,12367459,IN C&B : Nescafe Sunrise Small Packs,BEVERAGES,F&B,1440.0,7.709,5.472,53.889,12602130
12616096,MAGGI 2-MINN Mas 24x300g FrW Sauces IN,MAGGI 2-MINN Mas 24x300g FrW Sauces IN,12616096,IN CUL : Noodles,CULINARY,F&B,24.0,8.2,7.2,36.192,12616096
14378859,EVERYDAY DW 32x400g+100g IN,EVERYDAY Dairy Whitener Polybag 400g,12310536,IN SSD : EveryDay DW,DAIRY,F&B,32.0,17.9,16.0,70.758,14378859
14220779,EVERYDAY DW 96x100g FrW 400g IN,EVERYDAY DW 96x100g FrW 400g IN,14220779,IN SSD : EveryDay DW,DAIRY,F&B,96.0,10.6,9.6,42.965,14220779
14175003,NESCAFE CLASSIC Jar 24x90g PR 35 Off IN,NESCAFE Classic Jar 100g,12256341,IN C&B : Nescafe Classic Large Packs,BEVERAGES,F&B,24.0,9.83,2.16,20.719,14175003
12610097,NESCAFE Iced Cappuccino 60x170ml IN,NESCAFE Iced Cappuccino Cnd 170ml,12610097,IN SSD : Nescafe RTD Cold Coffee,DAIRY,F&B,60.0,11.56,10.5,24.26,12610097
13941893,NESCAFE Vietnamese Coffee 30x200ml NR IN,NESCAFE Vietnamese Cnd 30x200ml IN,13941893,IN SSD : Nescafe RTD Cold Coffee,DAIRY,F&B,30.0,6.83,6.18,19.849,13941893
12956336,MUNCH Maxx 12(24x38.5g) N1 IN,MUNCH Maxx 42g,12527971,IN C&C : Munch Maxx,CHOCOLATE,F&B,288.0,13.447,11.088,44.698,12956336
12957459,MUNCH Maxx Brownie 18(20x37.5g) N1 IN,MUNCH Brownie 40g,12585703,IN C&C : Munch,CHOCOLATE,F&B,360.0,16.208,13.5,63.475,12957459
12957521,MUNCH Maxx Nuts 18(20x37.5g) N1 IN,MUNCH Maxx Nuts 37.5g,12611340,IN C&C : Munch Maxx,CHOCOLATE,F&B,360.0,16.208,13.5,63.475,12957521
12967360,NESCAFE Ice Roast 6x90g PR Glass IN,NESCAFE Ice Roast 90g IN,12591613,IN C&B : Nescafe Classic Large Packs,BEVERAGES,F&B,24.0,4.085,0.54,20.719,12967360
13944227,MAGGI MeM 16(2(60x6g) PR Cassrole N1 IN,MAGGI Masala-ae-Magic Sachet 6g,12365008,IN CUL : Masala-ae-Magic,CULINARY,F&B,1920.0,15.0,11.52,51.437,13944227
13970024,CERELAC STG1 Wheat Apple 24x360 ZS IN,CERELAC STAGE 1 Whe Apple BIB 300g - ZS,12601932,IN NSB : Cerelac 1,INFANT NUTRITION,NN,24.0,11.09,8.64,44.3,13970024
13970092,CERELAC STG2 Wheat App Chry 24x360gZS IN,CERELAC STAGE 2 Whe App Chry BIB 300g - ZS,12607972,IN NSB : Cerelac 2,INFANT NUTRITION,NN,24.0,11.09,8.64,44.3,13970092
14033758,CERELAC STG2 Whe App Chry 24x360g WS IN,CERELAC STAGE 2 Whe App Chry BIB 300g,12330253,IN NSB : Cerelac 2,INFANT NUTRITION,NN,24.0,11.09,8.64,44.3,14033758
14033759,CERELAC STG1 Wheat Apple 24x360g WS IN,CERELAC STAGE 1 Whe Apple BIB 300g,12330602,IN NSB : Cerelac 1,INFANT NUTRITION,NN,24.0,11.09,8.64,44.3,14033759
14033996,MAGGI MeM 16(2((58+2)x6g))PR HangerN2 IN,MAGGI Masala-ae-Magic Sachet 6g,12365008,IN CUL : Masala-ae-Magic,CULINARY,F&B,1920.0,15.0,11.52,51.437,14033996
14199857,MUNCH Maha 27(32x10.4g) NR IN,MUNCH Maha,12311653,IN C&C : Munch,CHOCOLATE,F&B,864.0,11.19,8.986,51.51,14199857
14200017,MUNCH Pouch 28(17x9.9g) NR IN,MUNCH Pouch 151.5g,12351920,IN C&C : Munch,CHOCOLATE,F&B,28.0,5.64,4.712,30.94,14200017
14200053,MUNCH Jar 6((100+5)x10.4g) NR IN,MUNCH Maha,12311653,IN C&C : Munch,CHOCOLATE,F&B,630.0,8.51,6.552,61.605,14200053
14228238,CEREGROW BIB 8x300g WS PR Bowl N3 IN,NESTLE Ceregrow BIB 300g,12316928,IN NSB : CEREGROW,INFANT NUTRITION,NN,8.0,5.148,2.4,35.506,14228238
14228266,CEREGROW BIB 8x300g ZS PR Bowl N3 IN,NESTLE Ceregrow BIB 300g -ZS,12316928,IN NSB : CEREGROW,INFANT NUTRITION,NN,8.0,5.148,2.4,35.506,14228266
14293213,NESCAFE CLASSIC Jar 30x45g PR Cshbck IN,NESCAFE Classic Jar 50g,12256161,IN C&B : Nescafe Classic Large Packs,BEVERAGES,F&B,30.0,6.247,1.35,8.238,14293213
14296882,NESCAFE SUNRISE Stabilo 80x90g NR4 IN,NESCAFE SUNRISE Premium Sachet 100g,12320611,IN C&B : Nescafe Sunrise Large Packs,BEVERAGES,F&B,80.0,8.5,7.2,60.0,14296882
14301146,NESCAFE SUNRISE Dawn Jar 24x90g NR4 IN,NESCAFE SUNRISE Premium Jar 100g,12332898,IN C&B : Nescafe Sunrise Large Packs,BEVERAGES,F&B,24.0,9.282,2.16,20.719,14301146
14301208,NESCAFE SUNRISE Dawn Jar 15x190g NR4 IN,NESCAFE SUNRISE Jar 200g,12451879,IN C&B : Nescafe Sunrise Large Packs,BEVERAGES,F&B,15.0,8.475,2.85,25.155,14301208
14316364,NESC SUNRISE Sac 30(48x7.6g) NR4 IN,NESCAFE SUNRISE Sachet Rs 10,12367454,IN C&B : Nescafe Sunrise Small Packs,BEVERAGES,F&B,1440.0,13.717,10.944,79.957,14316364
14322581,NESC Sunrise Sac 30(156x1.3g)UPAP NR4 IN,NESCAFE SUNRISE Sachet Rs 2 ROTN,12328727,IN C&B : Nescafe Sunrise Small Packs,BEVERAGES,F&B,4680.0,10.245,6.084,114.21,14322581
14333175,NESCAFE SUNRISE Dawn Jar 30x45g NR4 IN,NESCAFE SUNRISE Premium Jar 50g,12324861,IN C&B : Nescafe Sunrise Large Packs,BEVERAGES,F&B,30.0,6.247,1.35,8.238,14333175
14346869,POLO BUBBLE GUM 27(28x13.5g) IN,POLO BUBBLE MINT 24g,12589284,IN C&C : Polo,CONFECTIONARY,F&B,756.0,12.24,10.206,18.432,14346869
14356092,NESCAFE SUNRISE Stabilo 36x190g NR4 IN,NESCAFE SUNRISE Premium Stabilo 200g,12271811,IN C&B : Nescafe Sunrise Large Packs,BEVERAGES,F&B,36.0,7.672,6.84,34.823,14356092
14357429,NESCAFE SUNRISE Sachet 96x50g NW NR4 IN,NESCAFE SUNRISE Sachet 50g,12395749,IN C&B : Nescafe Sunrise Large Packs,BEVERAGES,F&B,96.0,5.62,4.8,35.195,14357429
14378778,MUNCH Twin Bar 24(24x19.8g) NR IN,MUNCH 4X4 20.1g,12356633,IN C&C : Munch,CHOCOLATE,F&B,576.0,13.42,11.405,52.894,14378778
14378780,MUNCH Twin Bar 12(42x19.8g) NR N1 IN,MUNCH 4X4 20.1g,12356633,IN C&C : Munch,CHOCOLATE,F&B,504.0,12.391,9.979,43.733,14378780
14379191,NESC SUNRISE Sac 24(60x3.8g) NR4 IN,NESCAFE SUNRISE Sachet Rs 5,12367459,IN C&B : Nescafe Sunrise Small Packs,BEVERAGES,F&B,1440.0,7.709,5.472,53.889,14379191
14397430,CERELAC STG1 Wheat 24x330g ZS IN,CERELAC STAGE 1 Wheat BIB 300g -ZS,12601907,IN NSB : Cerelac 1,INFANT NUTRITION,NN,24.0,10.37,7.92,46.243,14397430
14397512,CERELAC STG1 Wht App Carrot 24x330gZS IN,CERELAC STAGE 1 Crt & App BIB 300g - ZS,12601931,IN NSB : Cerelac 1,INFANT NUTRITION,NN,24.0,10.37,7.92,46.243,14397512
14427066,MUNCH Maxx Nuts18(20x37.5g)PR CB Rs50 IN,MUNCH Maxx Nuts 37.5g,12611340,IN C&C : Munch Maxx,CHOCOLATE,F&B,360.0,16.208,13.5,62.373,14427066
14378755,MUNCH Maxx Nuts18(20x37.5g)PR CB Rs10 IN,MUNCH Maxx Nuts 37.5g,12611340,IN C&C : Munch Maxx,CHOCOLATE,F&B,360.0,16.208,13.5,62.373,14378755
14378799,MUNCH Home Pack 88 (8x9.9g) IN,MUNCH Maha Home,12351907,IN C&C : Munch,CHOCOLATE,F&B,88.0,9.613,6.97,71.4,14378799
14378937,NESC SUNRISE Sac 30(156x1.7g) TN NR4 IN,NESCAFE SUNRISE Sachet Rs 2 TN,12328727,IN C&B : Nescafe Sunrise Small Packs,BEVERAGES,F&B,4680.0,10.967,7.956,57.443,14378937
14199858,MUNCH Maha 18(50x10.4g) NR IN,MUNCH Maha,12311653,IN C&C : Munch,CHOCOLATE,F&B,900.0,11.27,9.36,46.464,14199858
14301186,NESC Sunrise Sac 30(156x1.3g)TPBLRNR4 IN,NESCAFE SUNRISE Sachet Rs 2 ROTN,12328727,IN C&B : Nescafe Sunrise Small Packs,BEVERAGES,F&B,4680.0,10.455,6.084,64.286,14301186
14296600,NESCAFE SUNRISE Sachet 96x45g NR4 IN,NESCAFE SUNRISE Sachet 50g,12395749,IN C&B : Nescafe Sunrise Large Packs,BEVERAGES,F&B,96.0,5.14,4.32,35.195,14296600
14137037,MILKYBAR CHOO Cola 30(24x16g) N1 IN,MILKYBAR Choo Cola 16g,14137037,IN C&C : Milkybar Choo,CHOCOLATE,F&B,720.0,13.774,11.52,42.935,14137037
13126870,MAGGI Masala-ae-Magic 60x200g N4 IN,MAGGI Masala-ae-Magic 200g FS,12489120,IN CUL : Recipe Mixes - FS,NP,NP,60.0,13.932,12.0,38.743,13126870
13722293,MUNCH Cereal Choco Fills 216x17g IN,MUNCH Cereal Choco Fills 19g,12616899,IN CPW : Munch Choco Fills,BREAKFAST CEREAL,NBC,216.0,5.371,3.672,82.485,13722293
14175158,NESCAFE Intense 30x180ml NR IN,NESCAFE RTD Intense Cafe 180ml,12316335,IN SSD : Nescafe RTD Cold Coffee,DAIRY,F&B,30.0,6.25,5.562,7.914,14175158
14176077,NESCAFE Chilled Latte 30x180ml NR IN,NESCAFE RTD Latte 180ml,12316381,IN SSD : Nescafe RTD Cold Coffee,DAIRY,F&B,30.0,6.24,5.562,7.914,14176077
13767871,NESCAFE Gold Jar 20x100g N3 IN,NESCAFE GOLD Original Int5 100g,12391188,IN C&B : Nescafe Gold - Retail,BEVERAGES,F&B,20.0,10.6,2.0,17.748,13767871
14176172,NESCAFE Mocha 30x180ml NR IN,NESCAFE RTD Mochaccino 30x180ml IN,12499422,IN SSD : Nescafe RTD Cold Coffee,DAIRY,F&B,30.0,6.35,5.562,7.914,14176172
12625781,PRO PLAN ADULT Cat Chicken 6.6kg XI,PRO PLAN ADULT Cat Chicken 6.6kg XI,12625781,IN PP: PROPLAN Adult -CAT Dry,PETCARE,PETCARE,1.0,6.7,6.6,20.6,12625781
12625782,PRO PLAN UrinaryCare Cat Chkn 4x1.2kg XI,PRO PLAN UrinaryCare Cat Chkn 4x1.2kg XI,12625782,IN PP: PROPLAN Adult -CAT Dry,PETCARE,PETCARE,4.0,5.42,4.8,26.96,12625782
12625790,PRO PLAN ADULT Cat SalmonTuna 4x1.2kg XI,PRO PLAN ADULT Cat SalmonTuna 4x1.2kg XI,12625790,IN PP: PROPLAN Adult -CAT Dry,PETCARE,PETCARE,4.0,5.42,4.8,26.96,12625790
12625791,PRO PLAN Sterilcat Chicken 4x1.2kg XI,PRO PLAN Sterilcat Chicken 4x1.2kg XI,12625791,IN PP: PROPLAN Adult -CAT Dry,PETCARE,PETCARE,4.0,5.42,4.8,26.96,12625791
13765154,POLO MINT 56 U Sbg 56x84g IN,POLO MINT Sbg 75g,12628755,IN C&C : Polo,CONFECTIONARY,F&B,56.0,6.5,4.704,75.52,13765154
12625748,PRO PLAN Indoor Cat Chkn 8x380g XI,PRO PLAN Indoor Cat Chkn 8x380g XI,12625748,IN PP: PROPLAN Adult -CAT Dry,PETCARE,PETCARE,8.0,3.49,3.04,19.562,12625748
12625766,PRO PLAN Indoor Cat Chkn 4x1.2kg XI,PRO PLAN Indoor Cat Chkn 4x1.2kg XI,12625766,IN PP: PROPLAN Adult -CAT Dry,PETCARE,PETCARE,4.0,5.42,4.8,26.96,12625766
12625749,PRO PLAN KITTEN Chicken 4x1.2kg XI,PRO PLAN KITTEN Chicken 4x1.2kg XI,12625749,IN PP: Friskies Kitten,PETCARE,F&B,4.0,5.42,4.8,26.96,12625749
12625773,PRO PLAN KITTEN Chicken 8x380g XI,PRO PLAN KITTEN Chicken 8x380g XI,12625773,IN PP: Friskies Kitten,PETCARE,F&B,8.0,3.49,3.04,19.562,12625773
12625765,PRO PLAN ADULT Cat Chicken 8x380g XI,PRO PLAN ADULT Cat Chicken 8x380g XI,12625765,IN PP: PROPLAN Adult -CAT Dry,PETCARE,PETCARE,8.0,3.49,3.04,19.562,12625765
12625775,PRO PLAN ADULT Cat Chicken 4x1.2kg XI,PRO PLAN ADULT Cat Chicken 4x1.2kg XI,12625775,IN PP: PROPLAN Adult -CAT Dry,PETCARE,PETCARE,4.0,5.42,4.8,26.96,12625775
12625780,PRO PLAN ADULT Cat SalmonTuna 8x380g XI,PRO PLAN ADULT Cat SalmonTuna 8x380g XI,12625780,IN PP: PROPLAN Adult -CAT Dry,PETCARE,PETCARE,8.0,3.49,3.04,19.562,12625780
14328985,KIT KAT POPS 12(15x32g) IN,Kitkat Pops Large 32g,14328985,IN C&C : Kitkat,CHOCOLATE,F&B,180.0,8.49,5.76,74.554,14328985
14397514,CERELAC STG1 Wheat App 12(2x360g) ZS IN,CERELAC STAGE 1 Whe Apple BIB 700g - ZS,12623855,IN NSB : Cerelac 1,INFANT NUTRITION,NN,12.0,10.892,8.64,46.243,14397514
14504222,MAGGI 2-MIN Spicy Green Chilli 96x62g IN,MAGGI 2-MINN Green Chilli Cheese 62g,14504222,IN CUL : MAGGI NDLS - FLAVOURS,CULINARY,F&B,96.0,6.76,5.952,36.192,14504222
14508807,NESTLE BAR ONE Countline 16(30x18g) IN,NESTLE BAR ONE Rs.10 24.2g,12347245,IN C&C : Barone,CHOCOLATE,F&B,480.0,10.122,8.64,25.988,14508807
14508808,NESTLE BAR ONE Countline 24(36x11g) IN,NESTLE BAR ONE Rs.5 13.2g,12347246,IN C&C : Barone,CHOCOLATE,F&B,864.0,11.14,9.504,37.356,14508808
14328996,KK 2F MINI Jar 6((58+2)x12.1g) Free IN,KIT KAT 2F Mini Jar 13.2g,12284403,IN C&C : Kitkat,CHOCOLATE,F&B,360.0,6.505,4.356,29.881,14328996
14506526,MILKYBAR Multipack 84(6x13.2g)Festive IN,MILKYBAR Multipack 6x11g,12344037,IN C&C : Milkybar,CHOCOLATE,F&B,84.0,8.5,6.653,57.606,14506526
14504152,MILKYBAR CHOO Jar 6(100x11g)PR Pen Fr IN,MILKYBAR Choo Box 10g,12352188,IN C&C : Milkybar Choo,CHOCOLATE,F&B,6.0,8.42,6.6,28.83,14504152
14504142,MUNCH King Size 18(42x19g) IN,MUNCH 4X4 20.1g,12356633,IN C&C : Munch,CHOCOLATE,F&B,756.0,17.31,14.364,66.24,14504142
14507586,MUNCH Pouch 28(16x9.9g) NR IN,MUNCH Pouch 151.5g,12351920,IN C&C : Munch,CHOCOLATE,F&B,28.0,5.35,4.435,30.94,14507586
14445547,MAGGI 2-MINN Masala 96x75g N2 IN,MAGGI 2-MINUTE NOODLES Masala 70g,12339391,IN CUL : Noodles,CULINARY,F&B,96.0,8.2,7.2,36.192,14445547
14503923,MAGGI Ntr-lcs Atta 96x72.5g RC 3 IN,MAGGI 2-MINUTE NOODLES Veg Atta 80g,12350528,IN CUL : Noodles Value Added,CULINARY,F&B,96.0,8.0,6.96,41.664,14503923
13278855,MAGGI Magic Cubes Veg 120(10x4g) N2 IN,MAGGI MAGIC Cubes Veg 10X4g,12365002,IN CUL : Cubes,CULINARY,F&B,120.0,6.6,4.8,31.0,13278855
14508794,NESCAFE CLAS Jar 24x90g PR 70 Off IN,NESCAFE Classic Jar 100g,12256341,IN C&B : Nescafe Classic Large Packs,BEVERAGES,F&B,24.0,9.282,2.16,20.719,14508794
14506421,NESTUM STA2 Rice Vegetables BIB24x325gIN,NESTUM STAGE 2 Rice Veg BIB 300g,12355199,IN NSB : Nestum 2,INFANT NUTRITION,NN,24.0,10.196,7.8,48.186,14506421
14506414,NESTUM STAGE 3 Rice Frt BIB 24x325g IN,NESTUM STAGE 3 Rice Fruits BIB 300g,12355198,IN NSB : Nestum 3,INFANT NUTRITION,NN,24.0,10.196,7.8,48.186,14506414
14507209,EVERYDAY Dairy Creamer 72x200g ROI IN,EVERYDAY Dairy Whitener Sachet 200g,12199039,IN SSD : EveryDay DW,DAIRY,F&B,72.0,15.708,14.4,44.249,14507209
14507233,EVERYDAY Dairy Creamer 72x200g KL IN,EVERYDAY Dairy Whitener Sachet 200g,12199039,IN SSD : EveryDay DW,DAIRY,F&B,72.0,15.3,14.4,44.249,14507233
14507428,EVERYDAY Dairy Creamer 384x15g IN,EVERYDAY Dairy Whitener Sachet 20g,12199146,IN SSD : EveryDay DW,DAIRY,F&B,384.0,7.104,5.76,48.535,14507428
14507419,EVERYDAY Dairy Creamer 384x18g IN,EVERYDAY Dairy Whitener Sachet 20g,12199146,IN SSD : EveryDay DW,DAIRY,F&B,384.0,8.371,6.912,52.612,14507419
14507254,EVERYDAY Dairy Creamer 32x400g ROI IN,EVERYDAY Dairy Whitener Polybag 400g,12310536,IN SSD : EveryDay DW,DAIRY,F&B,32.0,14.074,12.8,42.937,14507254
14508643,EVERYDAY Dairy Creamer 32x400g KL IN,EVERYDAY Dairy Whitener Polybag 400g,12310536,IN SSD : EveryDay DW,DAIRY,F&B,32.0,14.01,12.8,42.937,14508643
14507405,EVERYDAY Dairy Creamer 12x1Kg ROI IN,EVERYDAY Dairy Whitener 1Kg,12199037,IN SSD : EveryDay DW,DAIRY,F&B,12.0,13.09,12.0,34.271,14507405
14507397,EVERYDAY Dairy Creamer 12x1Kg KL IN,EVERYDAY Dairy Whitener 1Kg,12199037,IN SSD : EveryDay DW,DAIRY,F&B,12.0,13.105,12.0,34.271,14507397
14507882,EVERYDAY Dairy Creamer 108x100g IN,EVERYDAY Dairy Whitener Sachet 100g,12281181,IN SSD : EveryDay DW,DAIRY,F&B,108.0,12.28,10.8,42.757,14507882
12629684,NESCAFE Signature Blend 16x1Kg N3 IN,NESCAFE Premix Vending Mix 1kg FS,12277526,IN C&B : Nescafe Premix - FS,NP,NP,16.0,16.998,16.0,44.55,12629684
14505767,NESCAFE CLASSIC Jar 15x180g PR 145Off IN,NESCAFE Classic Jar 200g,12333320,IN C&B : Nescafe Classic Large Packs,BEVERAGES,F&B,15.0,9.51,2.7,14.782,14505767
14507911,NESC SUNRISE Sac 24((56+4)x3.8g)TNNR4 IN,NESCAFE SUNRISE Sachet Rs 5,12367459,IN C&B : Nescafe Sunrise Small Packs,BEVERAGES,F&B,1440.0,7.709,5.472,53.889,14507911
14507913,NESC SUNRISE Sac 30((46+2)x7.6g)TNNR4 IN,NESCAFE SUNRISE Sachet Rs 10,12367454,IN C&B : Nescafe Sunrise Small Packs,BEVERAGES,F&B,1440.0,13.754,10.944,74.1,14507913
14503950,MAGGI Ntr-lcs Atta 24x290g RC3 IN,MAGGI 2-MINUTE NOODLES Veg Atta 320g,12372674,IN CUL : Noodles Value Added,CULINARY,F&B,24.0,8.0,6.96,41.664,14503950
14296888,NESC SUNRISE Stabilo 36x200g NW NR4 IN,NESCAFE SUNRISE Premium Stabilo 200g,12271811,IN C&B : Nescafe Sunrise Large Packs,BEVERAGES,F&B,36.0,8.032,7.2,34.823,14296888
14508795,NESC SR Stabilo 36x190g Rs145Off NR4 IN,NESCAFE SUNRISE Premium Stabilo 200g,12271811,IN C&B : Nescafe Sunrise Large Packs,BEVERAGES,F&B,36.0,7.672,6.84,34.823,14508795
14424187,NESC SUNRISE Jar 6x190g PRMugFR TNNR4 IN,NESCAFE SUNRISE Jar 200g,12451879,IN C&B : Nescafe Sunrise Large Packs,BEVERAGES,F&B,6.0,8.72,1.14,38.558,14424187
14503951,MAGGI Ntr-lcs Atta 16x435g RC 2 N1 IN,MAGGI 2-MINUTE NOODLES Nutri-licious Atta 435g,12415559,IN CUL : Noodles Value Added,CULINARY,F&B,16.0,8.0,6.96,41.664,14503951
13696359,CEREGROW Multipack 10(12x50g)RDA N4 ZSIN,NESTLE CEREGROW Multipack 50g,12481718,IN NSB : CEREGROW,INFANT NUTRITION,NN,10.0,8.7,6.0,53.802,13696359
14503947,MAGGI Ntr-lcs Atta 96x55g Rurban RC3 IN,MAGGI Ntr-lcs Atta 96x51g Rurban,12586402,IN CUL : Noodles Value Added,CULINARY,F&B,96.0,7.52,5.28,30.745,14503947
14424091,CERELAC STG2 WheApp Chry 12(2x360g)ZS IN,CERELAC STAGE 2 Whe App Chry BIB 700g - ZS,12623854,IN NSB : Cerelac 2,INFANT NUTRITION,NN,12.0,10.892,8.64,46.243,14424091
14427643,MUNCH Maxx Pillow PO3 40(3x38.5g) NR IN,MUNCH Maxx 42g-Ecom,12605914,IN C&C : Munch Maxx,CHOCOLATE,F&B,40.0,5.75,4.62,33.67,14427643
12625774,PRO PLAN ADULT Cat SalmonTuna 6.6kg XI,PRO PLAN ADULT Cat SalmonTuna 6.6kg XI,12625774,IN PP: PROPLAN Adult -CAT Dry,PETCARE,PETCARE,1.0,6.7,6.6,20.6,12625774
12625792,PRO PLAN Hairball Ctrl CatChkn4x1.2kg XI,PRO PLAN Hairball Ctrl Cat Chkn 4x1.2kg XI,12625792,IN PP: PROPLAN Adult -CAT Dry,PETCARE,PETCARE,4.0,5.42,4.8,26.96,12625792
14504199,MAGGI 2-MIN Spicy Grn Chilli 24x248g IN,MAGGI 2-MINN Green Chilli Cheese 248g,14504222,IN CUL : MAGGI NDLS - FLAVOURS,CULINARY,F&B,24.0,6.76,5.952,36.192,14504199
14506411,NESTUM STAGE 1 Rice BIB 24x325g IN,NESTUM STAGE 1 Rice BIB 300g,12355196,IN NSB : Nestum 1,INFANT NUTRITION,NN,24.0,10.196,7.8,48.186,14506411
12620662,FRISKIES CAT Gravy OcnFish Pc2(12x70g)XI,FRISKIES CAT Gravy OcnFish 70g,12620662,IN PP: Friskies Adult,PETCARE,PETCARE,24.0,1.998,1.68,6.109,12620662
12620670,FRISKIES CAT Gravy Tuna Pc2(12x70g)XI,FRISKIES CAT Gravy Tuna 70g,12620670,IN PP: Friskies Adult,PETCARE,PETCARE,24.0,1.998,1.68,6.109,12620670
12620671,FRISKIES KITTEN Gravy Chkn Pc2(12x70g)XI,FRISKIES KITTEN Gravy Chkn 70g,12620671,IN PP: Friskies Adult,PETCARE,PETCARE,24.0,1.998,1.68,6.109,12620671
12620753,FRISKIES CAT Gravy Chicken Pc2(12x70g)XI,FRISKIES CAT Gravy Chicken 70g,12620753,IN PP: Friskies Adult,PETCARE,PETCARE,24.0,1.998,1.68,6.109,12620753
12625805,NESCAFE Caramel Latte Cnd 30x230ml N1 IN,NESCAFE Caramel Latte Cnd 230ml,12625805,Nescafe RTD Cold coffee FS,NP,NP,30.0,6.83,6.18,19.849,12625805
12630876,FRISKIES Dog ADULT Dry Chckn 6x1kg XI,FRISKIES Dog ADULT Dry Chckn 1kg,12630876,IN PP: Friskies Adult Dog,PETCARE,PETCARE,6.0,6.78,6.0,29.678,12630876
12630889,FRISKIES Dog ADULT Dry Chckn 4x2.5kg XI,FRISKIES Dog ADULT Dry Chckn 2.5kg,12630889,IN PP: Friskies Adult Dog,PETCARE,PETCARE,4.0,10.96,10.0,42.9,12630889
12630891,FRISKIES Dog ADULT Dry Meat 6x1kg XI,FRISKIES Dog ADULT Dry Meat 1kg,12630891,IN PP: Friskies Adult Dog,PETCARE,PETCARE,6.0,6.78,6.0,29.678,12630891
12630892,FRISKIES Dog ADULT Dry Meat 4x2.5kg XI,FRISKIES Dog ADULT Dry Meat 2.5kg,12630892,IN PP: Friskies Adult Dog,PETCARE,PETCARE,4.0,10.96,10.0,42.9,12630892
12630895,FRISKIES Puppy Dry Chckn 6x1kg XI,FRISKIES Puppy Dry Chckn 1kg,12630895,IN PP: Friskies Puppy Dog,PETCARE,PETCARE,6.0,6.78,6.0,29.678,12630895
12630900,FRISKIES Dog ADULT Dry Chckn 10kg XI,Friskies Dog 10kg,12630900,IN PP: Friskies Adult Dog,PETCARE,PETCARE,1.0,10.16,10.0,35.1,12630900
12630903,FRISKIES Dog SmllBreedAd Chkn 4x2.5kg XI,FRISKIES Dog SmllBreedAd Chkn 2.5kg,12630903,IN PP: Friskies Adult Dog,PETCARE,PETCARE,4.0,10.96,10.0,42.9,12630903
12630904,FRISKIES Puppy Dry Chckn 10kg XI,FRISKIES Puppy Dry Chckn 10kg,12630904,IN PP: Friskies Puppy Dog,PETCARE,PETCARE,1.0,10.16,10.0,35.1,12630904
12630920,FRISKIES Puppy Dry Chckn 4x2.5kg XI,FRISKIES Puppy Dry Chckn 2.5kg,12630920,IN PP: Friskies Puppy Dog,PETCARE,PETCARE,4.0,10.96,10.0,42.9,12630920
13760181,KITKAT Dark 14x1F Sbg64x103.6g 3U FrN1IN,KK Dark sbg 103.6g,12349792,IN C&C : Kitkat Tablets,CHOCOLATE,F&B,64.0,10.393,6.63,75.52,13760181
13760183,KIT KAT DELIGHTS Dark 12(12x50g) IN,KIT KAT Tablet Dark 12(12x50g) IN,12599119,IN C&C : Kitkat Tablets,CHOCOLATE,F&B,144.0,10.52,7.2,19.176,13760183
13760186,KIT KAT DELIGHTS Rich Choc 12(12x50g) IN,KITKAT Tablet Rich Choc 12(12x50g) IN,12571620,IN C&C : Kitkat Tablets,CHOCOLATE,F&B,144.0,10.52,7.2,19.176,13760186
13760187,KIT KAT DELIGHTS Caramel 12(12x50g) IN,KITKAT Tablet Caramel 12(12x50g) IN,12571589,IN C&C : Kitkat Tablets,CHOCOLATE,F&B,144.0,10.52,7.2,19.176,13760187
13776781,MUNCH Cereal 216x19g IN,NESTLE MUNCH Cereal 18g,12565419,IN CPW : Munch Cereals,BREAKFAST CEREAL,NBC,216.0,5.803,4.104,82.485,13776781
13944737,MAGGI MeM 16(2(60x6g) PR Insl Disp IN,MAGGI Masala-ae-Magic Sachet 6g,12365008,IN CUL : Masala-ae-Magic,CULINARY,F&B,1920.0,13.62,11.52,51.437,13944737
14508792,NESCAFE CLAS Stabilo 36x200gPR110 Off IN,NESCAFE Classic Stabilo 200g,12327543,IN C&B : Nescafe Classic Large Packs,BEVERAGES,F&B,36.0,8.126,7.2,34.823,14508792
14510911,NESTLE Shikanji Premix 24x500g IN,NESTLE Shikanji Premix 500g,14510911,IN C&B : Iced Tea Premix - FS,NP,NP,24.0,13.13,12.0,32.725,14510911
14512303,KIT KAT DELIGHTS Rich Choc10(6x150g)N1IN,KIT KAT Tablet Rich Choc 10(6x150g) IN,12571648,IN C&C : Kitkat Tablets,CHOCOLATE,F&B,60.0,11.413,9.0,24.188,14512303
14512304,KIT KAT DELIGHTS Dark 10(6x150g) N2 IN,KIT KAT Tablet Dark 10(6x150g) IN,12569777,IN C&C : Kitkat Tablets,CHOCOLATE,F&B,60.0,11.41,9.0,24.188,14512304
14512322,KIT KAT DELIGHTS Dbl Choc 10(10x63g)N2IN,KIT KAT Tablet Marbling 63.6g,12596718,IN C&C : Kitkat Tablets,CHOCOLATE,F&B,100.0,8.33,6.3,17.391,14512322
14378939,NESC SUNRISE Sac 30(156x1.6g)TN NR4N2 IN,NESCAFE SUNRISE Sachet Rs 2 TN,12328727,IN C&B : Nescafe Sunrise Small Packs,BEVERAGES,F&B,4680.0,11.4,7.488,57.443,14378939
12610536,EVERYDAY DW Sprice 12x1kg NR N1 IN,EVERYDAY Dairy Whitener 1Kg,12199037,IN SSD : EveryDay DW,DAIRY,F&B,12.0,13.05,12.0,32.468,12610536
13950362,FRISKIES CAT GravyChkn Pc2(12x70g) SP XI,FRISKIES CAT Gravy Chicken 70g,12620753,IN PP: Friskies Adult,PETCARE,PETCARE,24.0,2.0,1.68,6.109,13950362
13417009,NESCAFE Iced Latte Cnd 48x170ml IN,NESCAFE Iced Latte Cnd 170ml,12374202,IN SSD : Nescafe RTD Cold Coffee,DAIRY,F&B,48.0,9.44,8.405,17.671,13417009
13417100,NESCAFE Classic Latte Cnd 48x200ml IN,NESCAFE Classic Latte Cnd 30x200ml IN,12610095,IN SSD : Nescafe RTD Cold Coffee,DAIRY,F&B,48.0,11.01,9.888,22.261,13417100
14515456,PRO PLAN ADULT Dog Medium 4x1kg B1G1 IN,PRO PLAN ADULT Dog Medium 1kg,12618923,IN PP: PROPLAN Adult,PETCARE,PETCARE,4.0,4.62,4.0,26.96,14515456
14515505,PRO PLAN ADULT Dog LBr Chkn 4x1Kg B1G1IN,PRO PLAN ADULT Dog LBr Chkn 1kg,12618908,IN PP: PROPLAN Adult,PETCARE,PETCARE,4.0,4.62,4.0,26.96,14515505
14515467,PRO PLAN PERFORMANCE Star 4x1kg B1G1 IN,PRO PLAN Puppy Starter 1kg,12618907,IN PP: PROPLAN Puppy,PETCARE,PETCARE,4.0,4.62,4.0,26.96,14515467
14515521,PRO PLAN PUPPY Medium Chkn 4x1kg B1G1 IN,PRO PLAN PUPPY Medium Chicken 1kg,12618917,IN PP: PROPLAN Puppy,PETCARE,PETCARE,4.0,4.62,4.0,26.96,14515521
14515524,PRO PLAN PUPPY LBr Chkn 4x1kg B1G1 IN,PRO PLAN PUPPY Large Breed Chkn 1kg,12618935,IN PP: PROPLAN Puppy,PETCARE,PETCARE,4.0,4.62,4.0,26.96,14515524
14510109,LACTOGEN PRO3 BIB 8(3x400g) INJE087-2 IN,LACTOGEN 2 FU Infant Formula BIB 1.2Kg,12616966,IN NSB : Lactogen 2,INFANT NUTRITION,NN,8.0,11.9,9.6,43.329,14510109
14512131,KIT KAT 2F 24(25x22.1g) IN,KIT KAT 2F 18.5g,12190242,IN C&C : Kitkat,CHOCOLATE,F&B,600.0,15.9,13.26,51.359,14512131
14510098,LACTOGEN PRO4 BIB 8(3x400g) INJE091-1 IN,LACTOGEN 4 FU Infant Formula BIB 1.2Kg,12344432,IN NSB : Lactogen 4,INFANT NUTRITION,NN,8.0,11.9,9.6,43.329,14510098
12691006,NESCAFE GOLD Blend Int5 6x200g N2 IN,NESCAFE GOLD Original Int5 200g,12391187,IN C&B : Nescafe Gold - Retail,BEVERAGES,F&B,6.0,4.02,1.2,9.262,12691006
14514212,MUNCH Cereal 216x17g IN,NESTLE MUNCH Cereal 18g,12565419,IN CPW : Munch Cereals,BREAKFAST CEREAL,NBC,216.0,5.371,3.672,82.485,14514212
14513613,NESCAFE SUNRISE 48(30x3.8g) Ecom NR4 IN,NESCAFE SUNRISE Sachet Rs 5 -ECOM,12367459,IN C&B : Nescafe Sunrise Small Packs,BEVERAGES,F&B,1440.0,7.131,5.472,41.664,14513613
12691004,NESCAFE GOLD Blend Int5 12x100g N2 IN,NESCAFE GOLD Original Int5 100g,12391188,IN C&B : Nescafe Gold - Retail,BEVERAGES,F&B,12.0,4.4,1.2,9.611,12691004
12691005,NESCAFE GOLD Blend Int5 12x50g N2 IN,NESCAFE GOLD Sgnt Jar 50g,12392474,IN C&B : Nescafe Gold - Retail,BEVERAGES,F&B,12.0,2.71,0.6,5.604,12691005
14511910,NESC SUNRISE Jar 12x90g PR Mug Fr NR4 IN,NESCAFE SUNRISE Premium Jar 100g,12332898,IN C&B : Nescafe Sunrise Large Packs,BEVERAGES,F&B,12.0,6.299,1.08,43.788,14511910
14512141,MAGGI 2-MINN Mas 16x420g PR Sprice IN,MAGGI 2-MINUTE NOODLES Masala 420g,12339390,IN CUL : Noodles,CULINARY,F&B,16.0,7.51,6.72,36.192,14512141
14512618,NESCAFE Sunrise Pouch 12x500g NR4 IN,NESCAFE SUNRISE Premium Pouch 500g FS,12276650,IN C&B : Sunrise Premium - FS,NP,NP,12.0,7.76,6.0,45.312,14512618
14512671,MAGGI 2-MINN Mas 24x280g PR Sprice N1 IN,MAGGI 2-MINUTE NOODLES Masala 280g,12339349,IN CUL : Noodles,CULINARY,F&B,24.0,7.57,6.72,36.192,14512671
14513168,POLO Mini Jar 12(120x6g) IN,POLO Mini Jar 6g,12329839,IN C&C : Polo,CONFECTIONARY,F&B,1440.0,11.45,8.64,41.065,14513168
14514818,NAN EXCELLAPRO3 BIB 24x400gINJW041 LS IN,NAN EXCELLA PRO 3 Infant Formula BIB 400g,12396213,IN NSB : NAN EXCELLAPRO 3,INFANT NUTRITION,NN,24.0,11.7,9.6,43.329,14514818
14514829,NAN PRO2 BIB 24x400g INLW070 LS IN,NAN PRO 2 FU Infant Formula BIB 400g,12299905,IN NSB : NAN PRO 2,INFANT NUTRITION,NN,24.0,11.7,9.6,43.329,14514829
14514832,NAN PRO2 BIB 8(3x400g) INLW070 LS IN,NAN PRO 2 FU Infant Formula BIB 1.2Kg,12616573,IN NSB : NAN PRO 2,INFANT NUTRITION,NN,8.0,11.82,9.6,43.329,14514832
14514842,NAN PRO 4 BIB 24x400g INJE097-1 LS IN,NAN PRO 4 FU Infant Formula BIB 400g,12299907,IN NSB : NAN PRO 4,INFANT NUTRITION,NN,24.0,11.7,9.6,43.329,14514842
14514850,NAN EXCELLAPRO2 BIB8(3x400g)INLW071LS IN,NAN EXCELLA PRO 2 Infant Formula BIB 1.2Kg,12616549,IN NSB : NAN EXCELLAPRO 2,INFANT NUTRITION,NN,8.0,11.82,9.6,43.329,14514850
14514852,NAN PRO 3 BIB 24x400g INJE096-1 LS IN,NAN PRO 3 FU Infant Formula BIB 400g,12299906,IN NSB : NAN PRO 3,INFANT NUTRITION,NN,24.0,11.7,9.6,43.329,14514852
14515244,NAN EXCELLA PRO2 BIB24x400gINLW071 LS IN,NAN EXCELLA PRO 2 Infant Formula BIB 400g,12396212,IN NSB : NAN EXCELLAPRO 2,INFANT NUTRITION,NN,24.0,11.9,9.6,43.329,14515244
14039309,NAN PRO3 BIB FUF 8(3x400g) INJE096-1 IN,NAN PRO 3 FU Infant Formula BIB 1.2Kg,14039309,IN NSB : NAN PRO 3,INFANT NUTRITION,NN,8.0,11.82,9.6,43.329,14039309
14510910,NAN EXCELLA PRO3 BIB 8(3x400g)INJW041 IN,NAN EXCELLA PRO 3 Infant Formula BIB 1.2Kg,14510910,IN NSB : NAN EXCELLAPRO 3,INFANT NUTRITION,NN,8.0,11.82,9.6,43.329,14510910
14514846,NAN PRO 4 BIB 8(3x400g) INJE097-1 LS IN,NAN PRO 4 FU Infant Formula BIB 1.2Kg,14514846,IN NSB : NAN PRO 4,INFANT NUTRITION,NN,8.0,11.82,9.6,43.329,14514846
14512321,MAGGI 2-MINN Curry Masala 96x74g IN,MAGGI 2-MINN Curry Masala 96x74g,14512321,Maggi Noodles Masala +,CULINARY,F&B,96.0,7.8,7.104,36.192,14512321
14512330,MAGGI 2-MINN Tandoori Masala 96x71.5g IN,MAGGI 2-MINN Tandoori Masala 96x71.5g,14512330,Maggi Noodles Masala +,CULINARY,F&B,96.0,7.7,6.864,36.192,14512330
13925062,MUNCH Cereal Choco Fills 216x17g B5G1 IN,MUNCH Cereal Choco Fills 19g,12616899,IN CPW : Munch Choco Fills,BREAKFAST CEREAL,NBC,216.0,4.901,3.672,82.485,13925062
14510782,CERELAC STG 4 MU Fruit 24x300g WS N1 IN,CERELAC STAGE 4 MU & Fruit BIB 300g,12330255,IN NSB : Cerelac 4,INFANT NUTRITION,NN,24.0,9.221,7.2,41.386,14510782
14093103,MUNCH Choco Fills 216x16g IN,MUNCH Cereal Choco Fills 19g,12616899,IN CPW : Munch Choco Fills,BREAKFAST CEREAL,NBC,216.0,5.172,3.456,86.609,14093103
14519647,NESCAFE Caramel Latte Cnd 30x230ml N2 IN,NESCAFE Caramel Latte Cnd 230ml,12625805,Nescafe RTD Cold coffee FS,NP,NP,30.0,7.95,7.21,19.849,14519647
14513114,CERELAC STG1 Whe App Crt 24x330g ZS N1IN,CERELAC STAGE 1 Crt & App BIB 300g - ZS,12601931,IN NSB : Cerelac 1,INFANT NUTRITION,NN,24.0,10.37,7.92,46.243,14513114
14520881,NESC SUNRISE 48(30x3.8g) Ecom NR4 N1 IN,NESCAFE SUNRISE Sachet Rs 5 -ECOM,12367459,IN C&B : Nescafe Sunrise Small Packs,BEVERAGES,F&B,48.0,7.131,5.472,41.664,14520881
14520686,MAGGI Tomato Ketchup 12x960g N1 IN,MAGGI Tomato Ketchup Bottle 1kg,11340377,IN CUL : Sauces,CULINARY,F&B,12.0,18.3,11.52,27.825,14520686
14514865,NESC SUNRISE Pouch 36x190gNR4 145 off IN,NESCAFE SUNRISE Premium Stabilo 200g,12271811,IN C&B : Nescafe Sunrise Large Packs,BEVERAGES,F&B,36.0,7.672,6.84,34.823,14514865
13268453,MAGGI Magic Cubes Veg 20(60x4g) N2 IN,MAGGI MAGIC Cubes Veg 60X4g,12365002,IN CUL : Cubes,CULINARY,F&B,20.0,6.2,4.8,20.007,13268453
12607774,NESTLE Munch Cereal 32x120g BD,NESTLE Munch Cereal 32x120g IN,12566927,IN CPW : Munch Cereals,BREAKFAST CEREAL,NBC,32.0,5.12,3.84,59.428,12607774
12993823,NESTLE MUNCH Cereal Doy 18x300g N1 BD,NESTLE MUNCH Cereal 18x300g IN,12565431,IN CPW : Munch Cereals,BREAKFAST CEREAL,NBC,18.0,6.951,5.4,63.27,12993823
14517441,CERELAC STG1 Wheat App12(2x360g)ZS N1 IN,CERELAC STAGE 1 Whe Apple BIB 700g - ZS,12623855,IN NSB : Cerelac 1,INFANT NUTRITION,NN,12.0,10.892,8.64,46.243,14517441
14504143,MAGGI Tom Ket Pouch 12x800g IN,MAGGI Tomato Ket Pichkoo 800g,14504143,IN CUL : Sauces,CULINARY,F&B,12.0,10.66,9.6,26.56,14504143
14517291,KIT KAT GIFT BOX 36x199.5g IN,Kitkat Assorted Gift Box,14517291,IN C&C : Chocolate Gift packs,CHOCOLATE,F&B,36.0,13.696,7.182,86.376,14517291
14517277,KIT KAT F1 Tin 36(10x11g) N1 IN,KIT KAT 1F 8.6g,12174231,IN C&C : Kitkat,CHOCOLATE,F&B,360.0,11.26,3.96,43.713,14517277
14519601,KIT KAT 2F 24(30x18.5g) IN,KIT KAT 2F 18.5g,12190242,IN C&C : Kitkat,CHOCOLATE,F&B,720.0,16.477,13.32,52.295,14519601
14516495,KIT KAT 4 Finger 18(21x38.5g) F1 IN,KIT KAT 4F 38.3g,12177284,IN C&C : Kitkat,CHOCOLATE,F&B,378.0,17.42,14.553,48.62,14516495
14517384,MUNCH King Size 24(24x17.4g) NR 3 IN,MUNCH 4X4 20.1g,12356633,IN C&C : Munch,CHOCOLATE,F&B,576.0,13.0,10.022,52.894,14517384
14517412,MUNCH Home Pack 88 (8x8.7g) NR 3 IN,MUNCH Maha Home,12351907,IN C&C : Munch,CHOCOLATE,F&B,88.0,8.8,6.125,71.4,14517412
14518375,MUNCH Pouch 28(17x8.7g) NR 3 IN,MUNCH Pouch 151.5g,12351920,IN C&C : Munch,CHOCOLATE,F&B,28.0,5.1,4.141,30.94,14518375
14513839,CERELAC STG2 Whe App Chry 24x360gWS N1IN,CERELAC STAGE 2 Whe App Chry BIB 300g,12330253,IN NSB : Cerelac 2,INFANT NUTRITION,NN,24.0,11.09,8.64,44.3,14513839
14513872,CERELAC STG2 Whe App Chry 24x360gWS N1NP,CERELAC STAGE 2 Whe App Chry BIB 300g,12330253,IN NSB : Cerelac 2,INFANT NUTRITION,NN,24.0,11.09,8.64,44.3,14513872
12610051,CERL STG3 Whe Rice Mix Frt 24x300g WS NP,CERELAC STAGE 3 Whe Ri Mxd Fruit 300g,12330132,IN NSB : Cerelac 3,INFANT NUTRITION,NN,24.0,9.221,7.2,41.386,12610051
14515243,CERL STG3 Whe Ri Mix Frt 24x300gWS N1 IN,CERELAC STAGE 3 Whe Ri Mxd Fruit 300g,12330132,IN NSB : Cerelac 3,INFANT NUTRITION,NN,24.0,9.221,7.2,41.386,14515243
14510605,CERELAC STG 4 MU Fruit 24x300g WS N1 NP,CERELAC STAGE 4 MU & Fruit BIB 300g,12330255,IN NSB : Cerelac 4,INFANT NUTRITION,NN,24.0,9.221,7.2,41.386,14510605
12549696,NAN PRO2 FU Form BIB24x400g INLW070 NVBT,NAN PRO 2 FU Infant Formula BIB 400g,12299905,IN NSB : NAN PRO 2,INFANT NUTRITION,NN,24.0,11.7,9.6,43.329,12549696
14513612,NESCAFE CLAS 6x180g PR Vibe SeekerMug IN,NESCAFE Classic Jar 200g,12333320,IN C&B : Nescafe Classic Large Packs,BEVERAGES,F&B,6.0,7.46,1.08,37.17,14513612
14513833,NESCAFE CLASSIC 6x180g PR AnalyzerMug IN,NESCAFE Classic Jar 200g,12333320,IN C&B : Nescafe Classic Large Packs,BEVERAGES,F&B,6.0,7.46,1.08,37.17,14513833
14518865,MAGGI 2-MIN Mas Chain 120x48g PR CTW IN,MAGGI 2-MIN Noodles Masala 52g Deca,12575073,IN CUL : Noodles,CULINARY,F&B,120.0,6.8,5.76,34.615,14518865
14518899,MAGGI 2-MIN NDLS Masala Chain 120x48g IN,MAGGI 2-MIN Noodles Masala 52g Deca,12575073,IN CUL : Noodles,CULINARY,F&B,120.0,7.1,5.76,29.9,14518899
14514880,NESC SUNRISE Pouch 80x90g NR4 30 off IN,NESCAFE SUNRISE Premium Sachet 100g,12320611,IN C&B : Nescafe Sunrise Large Packs,BEVERAGES,F&B,80.0,8.5,7.2,60.0,14514880
14512617,NESTLE GOLD Crunchy Flakes 12x475g N1 IN,NESPLUS Flakes Classic 500g,12579961,IN CPW : Flakes,BREAKFAST CEREAL,NBC,12.0,6.5,5.7,78.185,14512617
14516491,NESCAFE Gold Jar 12x200g N6 IN,NESCAFE GOLD Original Int5 200g,12391187,IN C&B : Nescafe Gold - Retail,BEVERAGES,F&B,12.0,8.8,2.4,29.25,14516491
14517026,NESCAFE Gold Jar 20x100g N6 IN,NESCAFE GOLD Original Int5 100g,12391188,IN C&B : Nescafe Gold - Retail,BEVERAGES,F&B,20.0,10.6,2.0,17.748,14517026
14515595,NESCAFE SUNRISE Jar 30x45g NR4 30 Off IN,NESCAFE SUNRISE Premium Jar 50g,12324861,IN C&B : Nescafe Sunrise Large Packs,BEVERAGES,F&B,30.0,6.37,1.35,16.463,14515595
14514881,NESCAFE SUNRISE Jar 24x90g NR4 40 off IN,NESCAFE SUNRISE Premium Jar 100g,12332898,IN C&B : Nescafe Sunrise Large Packs,BEVERAGES,F&B,24.0,9.282,2.16,20.719,14514881
14515577,NESC SUNRISE Sachet 96x45g NR4 30 Off IN,NESCAFE SUNRISE Sachet 50g,12395749,IN C&B : Nescafe Sunrise Large Packs,BEVERAGES,F&B,96.0,5.14,4.32,33.589,14515577
14517258,KIT KAT 2x3F 18(14x(2x28.5g)) F1 IN,KIT KAT 2X3F 28.3g,12403530,IN C&C : Kitkat,CHOCOLATE,F&B,252.0,17.557,14.364,54.234,14517258
14516478,MUNCH CEREAL 216x17g PR Spe Mario Pcl IN,NESTLE MUNCH Cereal 18g,12565419,IN CPW : Munch Cereals,BREAKFAST CEREAL,NBC,216.0,6.036,3.672,86.609,14516478
14519416,KIT KAT Tab Rich Choc10(6x150g)CardN1 IN,KIT KAT Tablet Rich Choc 10(6x150g) IN,12571648,IN C&C : Kitkat Tablets,CHOCOLATE,F&B,60.0,13.31,9.0,38.346,14519416
14518357,MUNCH Maxx Brownie18(20x37.5g)PR CB50 IN,MUNCH Brownie 40g,12585703,IN C&C : Munch,CHOCOLATE,F&B,360.0,16.4,13.5,62.373,14518357
14518376,MUNCH Maxx Brownie18(20x37.5g)PR CB10 IN,MUNCH Brownie 40g,12585703,IN C&C : Munch,CHOCOLATE,F&B,360.0,16.4,13.5,63.475,14518376
14513153,CERELAC STG1 Whe App 24x360g ZS N1 IN,CERELAC STAGE 1 Whe Apple BIB 300g - ZS,12601932,IN NSB : Cerelac 1,INFANT NUTRITION,NN,24.0,11.09,8.64,44.3,14513153
14513674,CERELAC STG2 Whe App Chry 24x360gZS N1IN,CERELAC STAGE 2 Whe App Chry BIB 300g - ZS,12607972,IN NSB : Cerelac 2,INFANT NUTRITION,NN,24.0,11.09,8.64,44.3,14513674
12585093,FELIX Mackerel in Jelly 2(12x70g)XI,FELIXADULTMackGiJ2(12x85g) XI,12500199,IN PP: Felix Adult,PETCARE,PETCARE,24.0,2.0,1.68,6.109,12585093
12585118,FELIX Sardine in Jelly 2(12x70g)XI,FELIXADLSardineGiJ2(12x85g) XI,12500196,IN PP: Felix Adult,PETCARE,PETCARE,24.0,2.0,1.68,6.109,12585118
12585107,FELIX KITTEN Chkn in Jelly 2(12x70g)XI,FELIXAGAILKtnChknGiJ2(12x85g) XI,12500205,IN PP: Felix Kitten,PETCARE,PETCARE,24.0,2.0,1.68,6.109,12585107
12585077,FELIX Chicken in Jelly 2(12x70g)XI,FELIXAGAILKtnChknGiJ2(12x85g) XI,12500205,IN PP: Felix Kitten,PETCARE,PETCARE,24.0,2.0,1.68,6.109,12585077
12585115,FELIX Tuna in Jelly 2(12x70g)XI,FELIXADULTTunaGiJ2(12x85g) XI,12500202,IN PP: Felix Adult,PETCARE,PETCARE,24.0,2.0,1.68,6.109,12585115
12585092,FELIX KITTEN Tuna in Jelly 2(12x70g)XI,FELIXADULTTunaGiJ2(12x85g) XI,12500202,IN PP: Felix Adult,PETCARE,PETCARE,24.0,2.0,1.68,6.109,12585092
12585105,FELIX Salmon in Jelly 2(12x70g)XI,FELIXADL Salmon GiJ2(12x85g) XI,12500190,IN PP: Felix Adult,PETCARE,PETCARE,24.0,2.0,1.68,6.109,12585105
14516304,MUNCH ChocoFills216x15gPR SpeMarioPcl IN,MUNCH Cereal Choco Fills 19g,12616899,IN CPW : Munch Choco Fills,BREAKFAST CEREAL,NBC,216.0,5.549,3.24,86.609,14516304
14513237,POLO MINT 50 U Sbg 56x75g IN,POLO MINT Sbg 75g,12628755,IN C&C : Polo,CONFECTIONARY,F&B,56.0,7.0,4.2,75.52,14513237
14511871,MAGGI MeM 16(2(60x6g) PR Kadai IN,MAGGI Masala-ae-Magic Sachet 6g,12365008,IN CUL : Masala-ae-Magic,CULINARY,F&B,1920.0,13.62,11.52,51.437,14511871
14517660,KIT KAT Delights Gifting 20(14x7.4)N1 IN,Kitkat Premium Gift Pack,14517660,IN C&C : Kitkat Tablets,CHOCOLATE,F&B,280.0,5.742,2.072,63.521,14517660
14378526,NESC Sunrise Sac30(48x3.4g)RecPVNWNR4 IN,NESCAFE SUNRISE Sachet Rs 10,12367454,IN C&B : Nescafe Sunrise Small Packs,BEVERAGES,F&B,1440.0,7.709,4.896,53.889,14378526
14515576,NESC SUNRISE Sac 96x50g NWNR4 30 Off IN,NESCAFE SUNRISE Sachet 50g,12395749,IN C&B : Nescafe Sunrise Large Packs,BEVERAGES,F&B,96.0,5.62,4.8,33.589,14515576
14514226,MUNCH Choco Fills 216x15g IN,MUNCH Cereal Choco Fills 19g,12616899,IN CPW : Munch Choco Fills,BREAKFAST CEREAL,NBC,216.0,4.884,3.24,82.485,14514226
12955296,MUNCH Pch 28(16x8.7g) N1 IN,MUNCH Pouch 151.5g,12351920,IN C&C : Munch,CHOCOLATE,F&B,448.0,4.6,3.898,30.94,12955296
13413241,NESCAFE Choco Latte Cnd 48x200ml IN,NESCAFE Choco Latte Cnd 30x200ml IN,12610093,IN SSD : Nescafe RTD Cold Coffee,DAIRY,F&B,48.0,11.01,9.888,22.261,13413241
13417032,NESCAFE Caramel Latte Cnd 48x200ml IN,NESCAFE Caramel Latte Cnd 30x200ml IN,12610096,IN SSD : Nescafe RTD Cold Coffee,DAIRY,F&B,48.0,11.01,9.888,22.261,13417032
13417154,NESCAFE Iced Frappe 48x170ml IN,NESCAFE Iced Frappe Cnd 170ml,12374164,IN SSD : Nescafe RTD Cold Coffee,DAIRY,F&B,48.0,9.36,8.405,17.671,13417154
14282171,MUNCH Choco Loops 192x17g IN,MUNCH Choco Loops 17g,14282171,IN CPW : Munch Cereals,BREAKFAST CEREAL,NBC,192.0,4.901,3.264,82.485,14282171
14509852,NESTLE CEREGROW BIB 24x300g WS N9 IN,NESTLE Ceregrow BIB 300g,12316928,IN NSB : CEREGROW,INFANT NUTRITION,NN,24.0,9.508,7.2,41.386,14509852
14509853,NESTLE CEREGROW BIB 24x300g ZS N9 IN,NESTLE Ceregrow BIB 300g -ZS,12316928,IN NSB : CEREGROW,INFANT NUTRITION,NN,24.0,9.508,7.2,41.386,14509853
14515227,CERELAC STG1 Wheat BIB 24x330g WS IN,CERELAC STAGE 1 Wheat BIB 300g,12330605,IN NSB : Cerelac 1,INFANT NUTRITION,NN,24.0,10.37,7.92,46.243,14515227
14515240,CERELAC STG1 Rice 24x300g N3 WS IN,CERELAC STAGE 1 Rice BIB 300g,12330589,IN NSB : Cerelac 1,INFANT NUTRITION,NN,24.0,9.719,7.2,43.329,14515240
14517427,NESCAFE CLASSIC Jar 30x45g PR Rs25Off IN,NESCAFE Classic Jar 50g,12256161,IN C&B : Nescafe Classic Large Packs,BEVERAGES,F&B,30.0,6.37,1.35,16.463,14517427
14520450,NESCAFE CLASSIC Jar 6x90g PR Red Mug IN,NESCAFE Classic Jar 100g,12256341,IN C&B : Nescafe Classic Large Packs,BEVERAGES,F&B,6.0,4.086,0.54,26.296,14520450
14521094,NESCAFE Vietnamese Cnd 48x200ml IN,NESCAFE Vietnamese Cnd 30x200ml IN,13941893,IN SSD : Nescafe RTD Cold Coffee,DAIRY,F&B,48.0,11.01,9.888,22.261,14521094
14521276,KIT KAT 2F 24(30x18.5g) PR TN IN,KIT KAT 2F 18.5g,12190242,IN C&C : Kitkat,CHOCOLATE,F&B,720.0,16.477,13.32,52.295,14521276
14521293,KIT KAT 2F 24(30x18.5g) PR ROI IN,KIT KAT 2F 18.5g,12190242,IN C&C : Kitkat,CHOCOLATE,F&B,720.0,16.477,13.32,52.295,14521293
14521310,NESCAFE Iced Cappuccino 48x170ml IN,NESCAFE Iced Cappuccino Cnd 170ml,12610097,IN SSD : Nescafe RTD Cold Coffee,DAIRY,F&B,48.0,9.4,8.4,17.671,14521310
14523180,MUNCH Pouch 28(16x8.7g) NR 3 IN,MUNCH Pouch 151.5g,12351920,IN C&C : Munch,CHOCOLATE,F&B,28.0,4.9,3.898,30.94,14523180
14523190,MUNCH King Size 24(24x17.4g)PR RS10Fr IN,MUNCH 4X4 20.1g,12356633,IN C&C : Munch,CHOCOLATE,F&B,576.0,13.0,10.022,52.894,14523190
14523518,CERELAC STG1 Wheat Apple 24x360g WSN1 IN,CERELAC STAGE 1 Whe Apple BIB 300g,12330602,IN NSB : Cerelac 1,INFANT NUTRITION,NN,24.0,11.09,8.64,44.3,14523518
14523522,CERELAC STG2 Whe App Chry 24x360gWS N2IN,CERELAC STAGE 2 Whe App Chry BIB 300g,12330253,IN NSB : Cerelac 2,INFANT NUTRITION,NN,24.0,11.09,8.64,44.3,14523522
14529274,KIT KAT 15x1F Sharebag 64x111g IN,KIT KAT 2F Mini Sharebag 12.8g,12349792,IN C&C : Kitkat,CHOCOLATE,F&B,64.0,9.264,7.104,75.52,14529274
14513513,KIT KAT DLGHTS Choco Fudge 10(6x112g) IN,KKD Choco Fudge 112g,14513513,IN C&C : Kitkat Tablets,CHOCOLATE,F&B,60.0,9.35,6.72,25.02,14513513
14521136,MUNCH Maxx Assorted Pack 20x304g IN,Munch Max Assorted Pack,14521136,IN C&C : Munch Maxx,CHOCOLATE,F&B,20.0,10.11,6.08,71.4,14521136
14517899,FRISKIES SEAFOOD Snst 12x400g Smpl IN,FRISKIES Seafood Sensations 400g,12385495,IN PP: Friskies Adult,PETCARE,PETCARE,12.0,5.49,4.8,24.504,14517899
14522277,FRISKIES Puppy Dry Chkn 6x1kg Smpl IN,FRISKIES Puppy Dry Chckn 1kg,12630895,IN PP: Friskies Puppy Dog,PETCARE,PETCARE,6.0,6.78,6.0,29.678,14522277
14522354,FRISKIES Dog Adt Dry Meat 6x1kg Smpl IN,FRISKIES Dog ADULT Dry Meat 1kg,12630891,IN PP: Friskies Adult Dog,PETCARE,PETCARE,6.0,6.78,6.0,29.678,14522354
14523216,FRISKIES Meaty Grill 4x2.5kg PR50%Off IN,FRISKIES Meaty Grill 4x2.5kg IN,12615078,IN PP: Friskies Adult,PETCARE,PETCARE,4.0,10.96,10.0,42.9,14523216
14523217,FRISKIES INDOOR 4x2.5kg PR 50% Off IN,FRISKIES Indoor Delights 4x2.5kg IN,12615102,IN PP: Friskies Adult,PETCARE,PETCARE,4.0,10.96,10.0,42.9,14523217
14523218,FRISKIES Indoor Delights 6x1kg PR B1G1IN,FRISKIES Indoor Delights 6x1kg IN,12615091,IN PP: Friskies Adult,PETCARE,PETCARE,6.0,6.78,6.0,29.678,14523218
14523312,FRISKIES Meaty Grill 6x1kg PR B1G1 IN,FRISKIES Meaty Grill 6x1kg IN,12615083,IN PP: Friskies Adult,PETCARE,PETCARE,6.0,6.78,6.0,29.678,14523312
14523493,FRISKIES Meaty Grill 12x400g Smpl IN,FRISKIES Meaty Grill 12x400g IN,12615101,IN PP: Friskies Adult,PETCARE,PETCARE,12.0,5.49,4.8,24.504,14523493
14523369,NESCAFE CLAS Stabilo 36x190g IN,NESCAFE Classic Stabilo 200g,12327543,IN C&B : Nescafe Classic Large Packs,BEVERAGES,F&B,36.0,8.126,7.2,34.823,14523369
14519700,NESCAFE CLAS Stick 32(36x4.5g) Hanger IN,NESCAFE Classic Sachet Rs 10,12367970,IN C&B : Nescafe Classic Small Packs,BEVERAGES,F&B,1920.0,9.56,6.144,90.16,14519700
12579514,PPVS FELINE HYDRA CARE MP 2(12x75g) XI,PPVS FELINE HYDRA CARE,,IN PP: PPVS Hydracare,PETCARE,PETCARE,,,,,12579514
14514737,CEREGROW Strw Burst BIB 24(3x20g) IN,NESTLE CEREGROW Multipack 50g,12481718,IN NSB : CEREGROW,INFANT NUTRITION,NN,16.0,8.7,6.0,80.535,14514737
14514738,CEREGROW Onion Twist Sac BIB 24(3x20g)IN,NESTLE CEREGROW Multipack 50g,12481718,IN NSB : CEREGROW,INFANT NUTRITION,NN,16.0,8.7,6.0,80.535,14514738
14532996,MAGGI Ccnt MlkPwdr 12x1kg PR Milkmaid IN,MAGGI Coconut Milk Powder 1kg,11450190,IN CUL : Coconut Milk Powder - FS,NP,NP,12.0,13.04,12.0,39.525,14532996
14532233,FELIX Gravy Lover Tuna 2(12x70g)B10G2 IN,FELIXADULTTunaGiJ2(12x85g) XI,12500202,IN PP: Felix Adult,PETCARE,PETCARE,2.0,1.998,1.68,6.109,14532233
14532242,FELIX Gravy Lover Mack 2(12x70g)B10G2 IN,FELIXADULTMackGiJ2(12x85g) XI,12500199,IN PP: Felix Adult,PETCARE,PETCARE,2.0,1.998,1.68,6.109,14532242
14534092,MILKMAID Tin 48x380g FrW MCMP IN,MILKMAID SCM Tin 400g,12046133,IN SSD : Milkmaid SCM,DAIRY,F&B,48.0,20.5,18.24,22.326,14534092
14532223,FELIX Gravy Lover Smn 2(12x70g) B10G2 IN,FELIXADL Salmon GiJ2(12x85g) XI,12500190,IN PP: Felix Adult,PETCARE,PETCARE,24.0,2.0,1.68,6.109,14532223
14531284,FELIX AdlChkn Jelly EC 2(12x85g) Smpl IN,FELIXAGAILKtnChknGiJ2(12x85g) XI,12500205,IN PP: Felix Kitten,PETCARE,PETCARE,24.0,2.0,1.68,6.109,14531284
14531288,FELIX Chkn Gravy EC 2(12x70g) Smpl IN,FELIXADL Salmon GiJ2(12x85g) XI,12500190,IN PP: Felix Adult,PETCARE,PETCARE,24.0,2.0,1.68,6.109,14531288
14531290,FELIX KtnChkn Jelly EC 2(12x85g) Smpl IN,FELIXAGAILKtnChknGiJ2(12x85g) XI,12500205,IN PP: Felix Kitten,PETCARE,PETCARE,24.0,2.0,1.68,6.109,14531290
14519712,NESCAFE CLAS Stick 32(72x4.5g) Hanger IN,NESCAFE Classic Sachet Rs 10,12367970,IN C&B : Nescafe Classic Small Packs,BEVERAGES,F&B,2304.0,12.5,8.294,96.0,14519712
106120501,Milkybar Onam2026 Game Cards,Milkybar Onam2026 Game Cards,12352188,IN C&C : Milkybar Choo,CHOCOLATE,F&B,6.0,8.42,6.6,28.83,10612050
14532243,FELIX Gravy Lover Chkn 2(12x70g)B10G2 IN,FELIXADULTTunaGiJ2(12x85g) XI,12500202,IN PP: Felix Adult,PETCARE,PETCARE,2.0,1.998,1.68,6.109,14532243
14514751,CEREGROW Choco Crnc Sac BIB 24(3x20g) IN,NESTLE CEREGROW Multipack 50g,12481718,IN NSB : CEREGROW,INFANT NUTRITION,NN,16.0,8.7,6.0,80.535,14514751
14515241,CERELAC STG3WheRi Mix Frt 24x300gZS N1IN,CERELAC STAGE 3 Whe Ri Mxd Fruit 300g,12330132,IN NSB : Cerelac 3,INFANT NUTRITION,NN,24.0,9.221,7.2,41.386,14515241
14510606,CERELAC STG 4 MU Fruit 24x300g ZS N1 IN,CERELAC STAGE 4 MU & Fruit BIB 300g,12330255,IN NSB : Cerelac 4,INFANT NUTRITION,NN,24.0,9.221,7.2,41.386,14510606
14522729,NESCAFE CLASSIC Jar 24x90g PR RTD Fr IN,NESCAFE Classic Jar 100g,12256341,IN C&B : Nescafe Classic Large Packs,BEVERAGES,F&B,6.0,4.086,0.54,26.296,14522729
14531568,NESC SUNRISE Sac 30(48x4.5g)NWHngrNR4 IN,NESCAFE SUNRISE Sachet Rs 10,12367454,IN C&B : Nescafe Sunrise Small Packs,BEVERAGES,F&B,1440.0,7.709,4.896,53.889,14531568
