Ticket_Number,Product_Code,Brand,CAT,BU,SKU_Name,Mapping_Status
6852868-20260428-163605,,Not Available,Not Available,Not Available,Nescafe Gold Original Rs. 1450,Not Available
6852868-20260428-164006,,Not Available,Not Available,Not Available,Damage and wet cartons of chocolate- Kitkat Rs. 25,Not Available
6852868-20260130-160237,,Not Available,Not Available,Not Available,,Not Available
6852868-20260127-120147,,Not Available,Not Available,Not Available,Milkybar Mould Rs. 20; Milkybar Mould 16(24*24.5g) N1 IN SKU Code: 5341C711AA,Not Available
6852868-20260127-120439,,Not Available,Not Available,Not Available,Iced Premix- 2,Not Available
5242655-20260408-160308,12586422,IN CUL : Noodles Value Added,CULINARY,F&B,MAGGI NTR-ICS ATTA 96*72.5G RC 2 IN -1,Exact Product Code Match
5242655-20260302-140013,60170453,Not Available,Not Available,Not Available,,Not Available
5242655-20260302-140013,60440453,Not Available,Not Available,Not Available,,Not Available
6973481-20260416-111911,,Not Available,Not Available,Not Available,,Not Available
6999039-20260415-124530,14328933,IN C&C : Kitkat,CHOCOLATE,F&B,KK 2F MINI JAR6((58+2)*13.2G ),Exact Product Code Match
6999039-20260415-124835,13680087,IN CUL : Noodles,CULINARY,F&B,MAGGI MASALA 16*450GM,Exact Product Code Match
6999039-20260120-190922,12584920,IN SSD : Milkmaid SCM,DAIRY,F&B,MILK MAID,Exact Product Code Match
7485824-20260506-131313,13680206,IN CUL : Noodles,CULINARY,F&B,MAGGI 2-MINN Mas 24*300g N1 IN,Exact Product Code Match
6824058-20260630-131544,,Not Available,Not Available,Not Available,MAGGI HOT & SWEET 24x500g N1,Not Available
6824058-20260603-155215,,Not Available,Not Available,Not Available,KITKAT CHUNKY Miniatures 24x126g,Not Available
6824058-20260530-113030,,Not Available,Not Available,Not Available,MAGGI 2-MINN Masala 48x150g N1,Not Available
6824058-20260528-130103,,Not Available,Not Available,Not Available,MAGGI Coconut Milk Liquid 6(6x180ml) IN,Not Available
6824058-20260512-124517,,Not Available,Not Available,Not Available,MAGGI 2-MINN Masala 48x150g N1,Not Available
6824058-20260512-125430,,Not Available,Not Available,Not Available,MAGGI Tomato Ketchup 12x960g IN,Not Available
6824058-20260508-140201,,Not Available,Not Available,Not Available,CERL STG3 Whe Rice Mix Frt 24x300g WS IN,Not Available
6824058-20260428-124743,,Not Available,Not Available,Not Available,NESTLE Munch Cereal 32x120g IN,Not Available
6824058-20260420-121358,,Not Available,Not Available,Not Available,MAGGI 2-MINN Masala 96x75g N2 IN,Not Available
6824058-20260410-135740,,Not Available,Not Available,Not Available,CERELAC STG2 Rice Veg 24x300g ZS IN,Not Available
6824058-20260410-135943,,Not Available,Not Available,Not Available,CERELAC STG2 Whe App Chry ZS 24x350g IN,Not Available
6824058-20260404-114351,,Not Available,Not Available,Not Available,MUNCH Maxx 12(24x42g) PR Iphone IN,Not Available
6824058-20260327-175401,,Not Available,Not Available,Not Available,MAGGI Coconut Milk Liquid 6(6x180ml) IN,Not Available
6824058-20260206-155104,,Not Available,Not Available,Not Available,MAGGI Coconut Milk Powder 12x1kg N2 IN,Not Available
6824058-20260110-123234,,Not Available,Not Available,Not Available,KIT KAT 2F MINI 24(42x13.2g) IN,Not Available
7023429-20260302-100313,12602710,IN C&B : Nescafe Sunrise Large Packs,BEVERAGES,F&B,NESCAFE CLASSIC JAR 36X24g NR IN,Exact Product Code Match
7023429-20260213-115522,12567446,IN NSB : Pre NAN,INFANT NUTRITION,NN,PRE NAN IF TIN 15X400g DS520-2 IN,Exact Product Code Match
6903453-20260430-123404,,Not Available,Not Available,Not Available,,Not Available
6903453-20260430-123632,,Not Available,Not Available,Not Available,,Not Available
6903453-20260427-124433,,Not Available,Not Available,Not Available,,Not Available
5584508-20260223-174234,,Not Available,Not Available,Not Available,,Not Available
5584508-20260223-174643,12559238,IN CUL : MAGGI NDLS - FLAVOURS,CULINARY,F&B,PROD NAME MAGGI 2-MIN Spicy Garlic 24x248g IN,Exact Product Code Match
600977-20260505-122925,12610509,IN SSD : EveryDay DW,DAIRY,F&B,SHORT : EVERYDAY DW 12x1kg NR KL IN 2 CS,Exact Product Code Match
600977-20260505-122925,12616536,IN CUL : Noodles Chicken,CULINARY,F&B,SHORT : EVERYDAY DW 12x1kg NR KL IN 2 CS,Exact Product Code Match
600980-20260508-225758,,Not Available,Not Available,Not Available,,Not Available
600983-20260622-144417,14515244,IN NSB : NAN EXCELLAPRO 2,INFANT NUTRITION,NN,Nan Excella Pro2 Bib 24x400g,Exact Product Code Match
600983-20260618-160722,12616966,IN NSB : Lactogen 2,INFANT NUTRITION,NN,"LACTOGEN PRO2 BIB (3X400g)INLEB086 IN Sir, The above mentioned item has a shelf life of only 3 months Up To 10.09.2026 .Therefore we cannot Supply this product to the Hospitals",Exact Product Code Match
600983-20260612-161346,10584810,Not Available,Not Available,Not Available,Product Description Rice Ada,Not Available
600983-20260508-155830,12623078,IN NSB : Lactogen 1,INFANT NUTRITION,NN,LACTOGEN PRO 1TIN 15x475G INNWPB176 IN,Exact Product Code Match
600983-20260508-160255,12518425,IN NSB : NAN EXCELLAPRO 2,INFANT NUTRITION,NN,NAN EXCELLA PRO2 BIB 24x400G INLW071 IN,Exact Product Code Match
600983-20260325-132847,13679901,IN CUL : Noodles,CULINARY,F&B,MAGGI 2 MINN Masala 96x75g IN X244 -MRP 15/,Exact Product Code Match
600983-20260325-133325,13680087,IN CUL : Noodles,CULINARY,F&B,MAGGI 2 MINN MAS 24x300G PR Rs 2 OFF IN,Exact Product Code Match
600983-20260325-133850,10584810,Not Available,Not Available,Not Available,Rice Ada,Not Available
5531976-20260318-165642,,Not Available,Not Available,Not Available,,Not Available
600983-20260313-164308,12585176,IN NSB : Lactogen 3,INFANT NUTRITION,NN,,Exact Product Code Match
600983-20260313-164816,12616560,IN CUL : Noodles Chicken,CULINARY,F&B,MAGGI 2 MINN Chkn 48x152g IN X244-68.00,Exact Product Code Match
5531976-20260303-154710,12559592,IN CUL : Pazzta,CULINARY,F&B,,Exact Product Code Match
600985-20260623-153909,,Not Available,Not Available,Not Available,LACTOGEN PRO2 BIB 24x400g INLEB086 N1 IN,Not Available
600985-20260611-151319,13970092,IN NSB : Cerelac 2,INFANT NUTRITION,NN,CERELAC STG2 Wheat App Chry 24x360gZS IN,Exact Product Code Match
600985-20260611-152949,12499422,IN SSD : Nescafe RTD Cold Coffee,DAIRY,F&B,NESCAFE RTD Mochaccino 30x180ml IN,Exact Product Code Match
600985-20260605-171842,12230487,IN SSD : Milkmaid SCM – FS,NP,NP,MILKMAID Partly Skimmed SCM Tin 4x5kg IN,Exact Product Code Match
600985-20260509-175635,,Not Available,Not Available,Not Available,MAGGI Masala-ae-Magic Sbg 40x120g N4 IN,Not Available
600985-20260509-180126,,Not Available,Not Available,Not Available,MAGGI Masala-ae-Magic Sbg 40x120g N4 IN,Not Available
600985-20260424-132434,,Not Available,Not Available,Not Available,CERELAC STG1 Wht App Carrot 24x330gZS IN,Not Available
600985-20260418-142943,,Not Available,Not Available,Not Available,LACTOGEN PRO1 BIB 24x400g INNWPB176 IN,Not Available
600985-20260407-175952,12601761,IN CUL : Sauces,CULINARY,F&B,12601761 MAGGI HOT & SWEET 24x500g N1 IN,Exact Product Code Match
600985-20260407-180408,12610392,IN NSB : NAN PRO 1,INFANT NUTRITION,NN,12610392 NAN PRO1 BIB 8(3x400g)INNWB174 NV IN,Exact Product Code Match
600985-20260312-164131,13632235,IN NSB : Lactogen 2,INFANT NUTRITION,NN,LACTOGEN PRO2 BIB 24x400g INLEB086 N1 IN,Exact Product Code Match
600985-20260312-164613,12595301,IN CUL : Sauces,CULINARY,F&B,MAGGI Sauce NONG 24x485g N1 IN,Exact Product Code Match
600985-20260207-135418,13680299,IN CUL : Noodles,CULINARY,F&B,MAGGI 2-MINN Mas 16x450g PR Rs 4 Off IN,Exact Product Code Match
600985-20260130-164353,,Not Available,Not Available,Not Available,,Not Available
600985-20260130-164828,12518426,IN NSB : NAN PRO 2,INFANT NUTRITION,NN,NAN PRO2 FU Form BIB 24x400g INLW070 IN,Exact Product Code Match
600985-20260123-141004,12616966,IN NSB : Lactogen 2,INFANT NUTRITION,NN,,Exact Product Code Match
600985-20260123-141635,12609877,IN NSB : Cerelac 4,INFANT NUTRITION,NN,,Exact Product Code Match
600985-20260123-142139,,Not Available,Not Available,Not Available,,Not Available
3997672-20260111-174711,,Not Available,Not Available,Not Available,,Not Available
7566721-20260630-182134,,Not Available,Not Available,Not Available,,Not Available
600991-20260618-103006,,Not Available,Not Available,Not Available,,Not Available
600991-20260403-103530,,Not Available,Not Available,Not Available,,Not Available
600991-20260203-104125,,Not Available,Not Available,Not Available,,Not Available
600991-20260126-115228,,Not Available,Not Available,Not Available,,Not Available
7542191-20260609-135040,,Not Available,Not Available,Not Available,,Not Available
7313829-20260618-155617,,Not Available,Not Available,Not Available,MAGGI 2-MINN Mas 24X300g PR RS 2 Off IN X244,Not Available
7313829-20260521-181253,13680087,IN CUL : Noodles,CULINARY,F&B,MAGGI 2-MINN MAS 24X300g PR Rs 2 offin,Exact Product Code Match
7313829-20260411-163054,,Not Available,Not Available,Not Available,NESCAFE Clas Black Roast Jar 24X90g IN,Not Available
7313829-20260411-163616,,Not Available,Not Available,Not Available,MAGGI 2-MINN Chkn 24X304g IN X244 - 62.00,Not Available
7313829-20260115-130151,19023010,Not Available,Not Available,Not Available,"MAG-NTR-ICS-ATTA 96*73.5G TANGY TOM IN,",Not Available
601004-20260624-163128,12608497,IN CUL : Noodles,CULINARY,F&B,PRODUCT,Exact Product Code Match
601004-20260624-163346,12595279,IN CUL : Sauces,CULINARY,F&B,PRODUCT,Exact Product Code Match
601004-20260624-163546,12448239,IN C&B : NESTEA RTD COLD,BEVERAGES,F&B,PRODUCT,Exact Product Code Match
601004-20260624-163742,12595279,IN CUL : Sauces,CULINARY,F&B,PRODUCT,Exact Product Code Match
601004-20260611-111751,12458968,IN C&B : Nescafe Gold - Retail,BEVERAGES,F&B,PRODUCT,Exact Product Code Match
601004-20260610-104548,12629234,IN C&C : Kitkat,CHOCOLATE,F&B,PRODUCT,Exact Product Code Match
601004-20260610-104548,12622716,IN C&C : Kitkat Tablets,CHOCOLATE,F&B,PRODUCT,Exact Product Code Match
601004-20260610-104601,12608551,IN CUL : Noodles,CULINARY,F&B,PRODUCT,Exact Product Code Match
601004-20260610-104601,12606043,IN CUL : Sauces,CULINARY,F&B,PRODUCT,Exact Product Code Match
601004-20260608-124723,12608497,IN CUL : Noodles,CULINARY,F&B,PRODUCT,Exact Product Code Match
601004-20260608-124759,14507209,IN SSD : EveryDay DW,DAIRY,F&B,PRODUCT,Exact Product Code Match
601004-20260608-124832,,Not Available,Not Available,Not Available,,Not Available
601004-20260528-103940,12603833,IN CUL : Sauces,CULINARY,F&B,PRODUCT,Exact Product Code Match
601004-20260528-103940,12606043,IN CUL : Sauces,CULINARY,F&B,PRODUCT,Exact Product Code Match
601004-20260518-103126,13679901,IN CUL : Noodles,CULINARY,F&B,PRODUCT,Exact Product Code Match
601004-20260518-103151,12630048,IN CUL : Noodles Cup,CULINARY,F&B,PRODUCT,Exact Product Code Match
601004-20260515-160719,12612451,IN C&C : Kitkat,CHOCOLATE,F&B,PRODUCT,Exact Product Code Match
601004-20260430-150206,14445547,IN CUL : Noodles,CULINARY,F&B,PRODUCT,Exact Product Code Match
601004-20260430-150304,14199857,IN C&C : Munch,CHOCOLATE,F&B,PRODUCT,Exact Product Code Match
601004-20260408-113050,13680372,IN CUL : Noodles,CULINARY,F&B,PRODUCT,Exact Product Code Match
601004-20260408-113050,12559595,IN CUL : Pazzta,CULINARY,F&B,PRODUCT,Exact Product Code Match
601004-20260408-113146,12559252,IN CUL : MAGGI NDLS - FLAVOURS,CULINARY,F&B,PRODUCT,Exact Product Code Match
601004-20260311-102429,,Not Available,Not Available,Not Available,,Not Available
601004-20260311-102511,12623878,IN C&C : Kitkat Tablets,CHOCOLATE,F&B,PRODUCT,Exact Product Code Match
601004-20260224-110003,12608496,IN CUL : Noodles,CULINARY,F&B,PRODUCT,Exact Product Code Match
601004-20260224-110003,13680087,IN CUL : Noodles,CULINARY,F&B,PRODUCT,Exact Product Code Match
601004-20260218-111714,12606197,IN C&B : Nescafe Classic Large Packs,BEVERAGES,F&B,PRODUCT,Exact Product Code Match
601004-20260218-111836,12567446,IN NSB : Pre NAN,INFANT NUTRITION,NN,PRODUCT,Exact Product Code Match
601004-20260218-111934,12616251,IN CUL : Noodles Chicken,CULINARY,F&B,PRODUCT,Exact Product Code Match
601004-20260218-112030,13679901,IN CUL : Noodles,CULINARY,F&B,PRODUCT,Exact Product Code Match
601004-20260218-112124,13679901,IN CUL : Noodles,CULINARY,F&B,PRODUCT,Exact Product Code Match
601004-20260130-113534,12602710,IN C&B : Nescafe Sunrise Large Packs,BEVERAGES,F&B,NESCAFE SUNRISE Dawn Jar 30x45g TN NR IN,Exact Product Code Match
601004-20260130-113750,12516486,IN SSD : Nescafe RTD Cold Coffee,DAIRY,F&B,,Exact Product Code Match
601004-20260130-113750,12584920,IN SSD : Milkmaid SCM,DAIRY,F&B,,Exact Product Code Match
601004-20260130-113750,12608543,IN CUL : Noodles,CULINARY,F&B,,Exact Product Code Match
601004-20260130-113849,12617902,IN C&C : Kitkat Tablets,CHOCOLATE,F&B,,Exact Product Code Match
601004-20260130-113849,12553664,IN C&C : Milkybar,CHOCOLATE,F&B,,Exact Product Code Match
601004-20260121-160642,12630272,IN CUL : Noodles Value Added,CULINARY,F&B,,Exact Product Code Match
601004-20260120-131042,13680206,IN CUL : Noodles,CULINARY,F&B,,Exact Product Code Match
601004-20260120-131137,12620326,IN C&C : Kitkat-IMP,SI,SI,,Exact Product Code Match
601004-20260120-131218,12610093,IN SSD : Nescafe RTD Cold Coffee,DAIRY,F&B,,Exact Product Code Match
601004-20260108-134554,12607462,IN C&B : Nescafe Classic Large Packs,BEVERAGES,F&B,,Exact Product Code Match
601004-20260108-134554,12595301,IN CUL : Sauces,CULINARY,F&B,,Exact Product Code Match
7453826-20260622-132201,12602710,IN C&B : Nescafe Sunrise Large Packs,BEVERAGES,F&B,NESCAFE SUNRISE Dawn Jar 30x45g TN NR IN,Exact Product Code Match
7453826-20260416-152351,,Not Available,Not Available,Not Available,,Not Available
6224559-20260608-181318,,Not Available,Not Available,Not Available,,Not Available
601014-20260525-192337,19023010,Not Available,Not Available,Not Available,,Not Available
601014-20260512-124059,13776709,IN C&C : Milkybar Choo,CHOCOLATE,F&B,,Exact Product Code Match
601014-20260415-171515,12610048,IN NSB : Cerelac 3,INFANT NUTRITION,NN,,Exact Product Code Match
601014-20260415-171830,19011090,Not Available,Not Available,Not Available,,Not Available
601014-20260129-130343,12609877,IN NSB : Cerelac 4,INFANT NUTRITION,NN,,Exact Product Code Match
6441951-20260620-164409,,Not Available,Not Available,Not Available,,Not Available
6441951-20260508-184949,,Not Available,Not Available,Not Available,,Not Available
6441951-20260331-163702,,Not Available,Not Available,Not Available,,Not Available
6441951-20260331-193005,,Not Available,Not Available,Not Available,,Not Available
6441951-20260328-180739,,Not Available,Not Available,Not Available,,Not Available
4766881-20260624-162305,12516484,IN SSD : Nescafe RTD Cold Coffee,DAIRY,F&B,,Exact Product Code Match
4766881-20260619-104442,14378778,IN C&C : Munch,CHOCOLATE,F&B,,Exact Product Code Match
4766881-20260617-134104,12608635,IN CUL : Noodles,CULINARY,F&B,,Exact Product Code Match
4766881-20260617-134608,12608635,IN CUL : Noodles,CULINARY,F&B,,Exact Product Code Match
4766881-20260604-175832,12584920,IN SSD : Milkmaid SCM,DAIRY,F&B,VEH NO TS08UC6758,Exact Product Code Match
4766881-20260602-160959,12607949,IN NSB : Cerelac 2,INFANT NUTRITION,NN,VEH NO AP29TB9289,Exact Product Code Match
4766881-20260515-165915,,Not Available,Not Available,Not Available,,Not Available
4766881-20260505-132128,13700494,IN C&B : Nescafe Sunrise Small Packs,BEVERAGES,F&B,TNV,Exact Product Code Match
4766881-20260502-110041,,Not Available,Not Available,Not Available,,Not Available
4766881-20260501-195540,,Not Available,Not Available,Not Available,,Not Available
4766881-20260428-124850,,Not Available,Not Available,Not Available,,Not Available
4766881-20260423-155354,,Not Available,Not Available,Not Available,,Not Available
4766881-20260421-154908,12599497,IN CUL : Sauces,CULINARY,F&B,,Exact Product Code Match
4766881-20260325-185734,12601933,IN NSB : Cerelac 1,INFANT NUTRITION,NN,,Exact Product Code Match
4766881-20260318-130630,13680206,IN CUL : Noodles,CULINARY,F&B,,Exact Product Code Match
4766881-20260225-104457,13797726,IN CUL : Masala-ae-Magic,CULINARY,F&B,,Exact Product Code Match
4766881-20260212-134300,12629157,IN C&C : Kitkat,CHOCOLATE,F&B,,Exact Product Code Match
4766881-20260128-163822,,Not Available,Not Available,Not Available,,Not Available
4766881-20260115-155323,13680206,IN CUL : Noodles,CULINARY,F&B,VEH TS12UA7564,Exact Product Code Match
4766881-20260105-113635,12426635,IN SSD : EveryDay DW - FS,NP,NP,,Exact Product Code Match
7043746-20260528-145031,,Not Available,Not Available,Not Available,,Not Available
7043746-20260528-145213,,Not Available,Not Available,Not Available,,Not Available
7043746-20260220-161421,12595279,IN CUL : Sauces,CULINARY,F&B,,Exact Product Code Match
601034-20260620-124852,12612451,IN C&C : Kitkat,CHOCOLATE,F&B,,Exact Product Code Match
601034-20260620-124852,14514842,IN NSB : NAN PRO 4,INFANT NUTRITION,NN,,Exact Product Code Match
7301189-20260525-120401,12608496,IN CUL : Noodles,CULINARY,F&B,,Exact Product Code Match
7301189-20260518-153106,,Not Available,Not Available,Not Available,,Not Available
7301189-20260518-153529,12607462,IN C&B : Nescafe Classic Large Packs,BEVERAGES,F&B,,Exact Product Code Match
7301189-20260518-153615,12602710,IN C&B : Nescafe Sunrise Large Packs,BEVERAGES,F&B,,Exact Product Code Match
2514206-20260430-111033,12623842,IN NSB : Nestum 3,INFANT NUTRITION,NN,,Exact Product Code Match
6077575-20260630-141256,,Not Available,Not Available,Not Available,,Not Available
6077575-20260630-141622,,Not Available,Not Available,Not Available,,Not Available
6077575-20260629-151132,,Not Available,Not Available,Not Available,,Not Available
6077575-20260624-152200,,Not Available,Not Available,Not Available,,Not Available
6077575-20260619-121704,,Not Available,Not Available,Not Available,,Not Available
6077575-20260619-121832,,Not Available,Not Available,Not Available,,Not Available
6077575-20260602-150817,12618907,IN PP: PROPLAN Puppy,PETCARE,PETCARE,PERFORMANCE 12KG- 2PC,Exact Product Code Match
6077575-20260526-154623,,Not Available,Not Available,Not Available,,Not Available
6077575-20260512-132303,12518405,IN PP: PROPLAN Puppy,PETCARE,PETCARE,PROPLAN PUPPY MEDIUM 3KG-5,Exact Product Code Match
6077575-20260512-132303,12518388,IN PP: PROPLAN Adult,PETCARE,PETCARE,PROPLAN PUPPY MEDIUM 3KG-5,Exact Product Code Match
6077575-20260512-133145,12353192,TH Pet DryDogPremium 2001-5000g.,PETCARE,PETCARE,SUPERCOAT ADULT 10KG - 2 BAGS PRODUCT CODE: 12518389 PROPLAN LARGE ADULT 15KG - 1 BAG PRODUCT CODE:12564739 FRISKIES SEAFOOD 6 KG - 6 BAGS PRODUCT CODE: 12400230 SUPERCOAT ADULT 20KG -1 BAG,Exact Product Code Match
6077575-20260512-133145,12518389,IN PP: PROPLAN Adult,PETCARE,PETCARE,SUPERCOAT ADULT 10KG - 2 BAGS PRODUCT CODE: 12518389 PROPLAN LARGE ADULT 15KG - 1 BAG PRODUCT CODE:12564739 FRISKIES SEAFOOD 6 KG - 6 BAGS PRODUCT CODE: 12400230 SUPERCOAT ADULT 20KG -1 BAG,Exact Product Code Match
6077575-20260512-133145,12564739,IN PP: Friskies Adult,PETCARE,PETCARE,SUPERCOAT ADULT 10KG - 2 BAGS PRODUCT CODE: 12518389 PROPLAN LARGE ADULT 15KG - 1 BAG PRODUCT CODE:12564739 FRISKIES SEAFOOD 6 KG - 6 BAGS PRODUCT CODE: 12400230 SUPERCOAT ADULT 20KG -1 BAG,Exact Product Code Match
6077575-20260512-133145,12400230,TH Pet DryDogPremium 2001-5000g.,PETCARE,PETCARE,SUPERCOAT ADULT 10KG - 2 BAGS PRODUCT CODE: 12518389 PROPLAN LARGE ADULT 15KG - 1 BAG PRODUCT CODE:12564739 FRISKIES SEAFOOD 6 KG - 6 BAGS PRODUCT CODE: 12400230 SUPERCOAT ADULT 20KG -1 BAG,Exact Product Code Match
6077575-20260505-131032,12353192,TH Pet DryDogPremium 2001-5000g.,PETCARE,PETCARE,,Exact Product Code Match
6077575-20260428-133438,12581838,Not Available,Not Available,Not Available,,Not Available
6077575-20260428-133609,12353192,TH Pet DryDogPremium 2001-5000g.,PETCARE,PETCARE,,Exact Product Code Match
6077575-20260428-133757,12400230,TH Pet DryDogPremium 2001-5000g.,PETCARE,PETCARE,2. SC ADULT 10KG- 3 PC- PRODUCT CODE: 12353192,Exact Product Code Match
6077575-20260428-133757,12353192,TH Pet DryDogPremium 2001-5000g.,PETCARE,PETCARE,2. SC ADULT 10KG- 3 PC- PRODUCT CODE: 12353192,Exact Product Code Match
6077575-20260428-134006,12353192,TH Pet DryDogPremium 2001-5000g.,PETCARE,PETCARE,,Exact Product Code Match
6077575-20260325-121805,,Not Available,Not Available,Not Available,,Not Available
6077575-20260325-121824,,Not Available,Not Available,Not Available,,Not Available
6077575-20260318-123719,,Not Available,Not Available,Not Available,,Not Available
6077575-20260313-164414,,Not Available,Not Available,Not Available,,Not Available
6077575-20260310-131851,,Not Available,Not Available,Not Available,,Not Available
6077575-20260228-144435,,Not Available,Not Available,Not Available,,Not Available
6077575-20260227-111013,,Not Available,Not Available,Not Available,,Not Available
6077575-20260227-112206,,Not Available,Not Available,Not Available,,Not Available
6077575-20260217-181717,,Not Available,Not Available,Not Available,,Not Available
6077575-20260211-175234,,Not Available,Not Available,Not Available,,Not Available
6077575-20260211-175503,,Not Available,Not Available,Not Available,,Not Available
6077575-20260211-175635,,Not Available,Not Available,Not Available,,Not Available
6077575-20260211-175710,,Not Available,Not Available,Not Available,,Not Available
6077575-20260211-175857,,Not Available,Not Available,Not Available,,Not Available
6077575-20260124-115342,,Not Available,Not Available,Not Available,,Not Available
6077575-20260113-115610,,Not Available,Not Available,Not Available,,Not Available
6077575-20260113-115741,,Not Available,Not Available,Not Available,,Not Available
6077575-20260108-173359,,Not Available,Not Available,Not Available,,Not Available
7209162-20260523-123940,,Not Available,Not Available,Not Available,,Not Available
6967310-20260502-095331,,Not Available,Not Available,Not Available,,Not Available
6967310-20260502-095604,,Not Available,Not Available,Not Available,,Not Available
6967310-20260502-095755,,Not Available,Not Available,Not Available,,Not Available
6967310-20260502-100214,,Not Available,Not Available,Not Available,,Not Available
6967310-20260416-124001,,Not Available,Not Available,Not Available,,Not Available
6967310-20260416-124824,,Not Available,Not Available,Not Available,,Not Available
6967310-20260416-125341,,Not Available,Not Available,Not Available,,Not Available
7087765-20260625-172640,12616560,IN CUL : Noodles Chicken,CULINARY,F&B,,Exact Product Code Match
7087765-20260516-123908,,Not Available,Not Available,Not Available,,Not Available
7087765-20260326-124801,13680087,IN CUL : Noodles,CULINARY,F&B,,Exact Product Code Match
7016001-20260425-140222,12601916,IN NSB : Cerelac 1,INFANT NUTRITION,NN,CERELAC STG1Ragi Apple ZS24x300g IN; CERELAC STG1 Wht App Carrot24x330gZS IN,Exact Product Code Match
7016001-20260425-140222,14397512,IN NSB : Cerelac 1,INFANT NUTRITION,NN,CERELAC STG1Ragi Apple ZS24x300g IN; CERELAC STG1 Wht App Carrot24x330gZS IN,Exact Product Code Match
3068405-20260425-111248,12595301,IN CUL : Sauces,CULINARY,F&B,,Exact Product Code Match
3068405-20260223-180550,,Not Available,Not Available,Not Available,,Not Available
7463388-20260526-161342,,Not Available,Not Available,Not Available,EVERYDAY 1KG,Not Available
7463388-20260508-180157,12623239,IN SSD : EveryDay DW,DAIRY,F&B,,Exact Product Code Match
7463388-20260429-142234,13776790,IN C&C : Milkybar Choo,CHOCOLATE,F&B,MILKYBAR MOOSHA,Exact Product Code Match
7463388-20260225-133742,12615905,IN C&B : Nescafe Classic Large Packs,BEVERAGES,F&B,NESCAFE CLASSIC SAC 45G,Exact Product Code Match
7463388-20260129-151026,14118476,IN CPW : Munch Cereals,BREAKFAST CEREAL,NBC,MUNCH CEREAL PB MB CHOO THIS PRODUCT FREE STOCK MB CHOO NOT RECIVED,Exact Product Code Match
7463388-20260129-151228,12608496,IN CUL : Noodles,CULINARY,F&B,MAGGI 150G; MAGGI 75G,Exact Product Code Match
7463388-20260129-151228,13679901,IN CUL : Noodles,CULINARY,F&B,MAGGI 150G; MAGGI 75G,Exact Product Code Match
601086-20260606-125448,,Not Available,Not Available,Not Available,,Not Available
601086-20260602-112617,,Not Available,Not Available,Not Available,,Not Available
601086-20260512-113746,12359005,IN C&B : Sunrise Extra - FS,NP,NP,SUNRISE EXTRA48X200GM.,Exact Product Code Match
601086-20260509-165427,,Not Available,Not Available,Not Available,,Not Available
601086-20260423-122907,,Not Available,Not Available,Not Available,,Not Available
601086-20260423-123552,,Not Available,Not Available,Not Available,,Not Available
601086-20260324-120213,,Not Available,Not Available,Not Available,,Not Available
601086-20260202-134310,,Not Available,Not Available,Not Available,,Not Available
601086-20260202-134512,,Not Available,Not Available,Not Available,,Not Available
601086-20260130-132218,,Not Available,Not Available,Not Available,,Not Available
601086-20260123-173530,,Not Available,Not Available,Not Available,,Not Available
7396975-20260530-175223,13677894,IN CUL : Noodles,CULINARY,F&B,MAGGI 2-MINN Mas Chain 320x35g,Exact Product Code Match
5835653-20260321-114356,,Not Available,Not Available,Not Available,,Not Available
3765015-20260617-143511,,Not Available,Not Available,Not Available,,Not Available
601101-20260312-154337,,Not Available,Not Available,Not Available,,Not Available
601101-20260305-161039,,Not Available,Not Available,Not Available,Maggi Hot & sweet 24*500g NI IN,Not Available
1024735-20260304-140243,,Not Available,Not Available,Not Available,,Not Available
3891254-20260319-095836,,Not Available,Not Available,Not Available,,Not Available
3891254-20260227-125232,13680087,IN CUL : Noodles,CULINARY,F&B,,Exact Product Code Match
3891254-20260227-125813,12571219,IN CUL : MAGGI NDLS-SpecialMasala,CULINARY,F&B,MAGGI 2-MIN Spec Mas 96x70g N2 IN,Exact Product Code Match
3891254-20260227-125813,12622660,IN C&C : Polo,CONFECTIONARY,F&B,MAGGI 2-MIN Spec Mas 96x70g N2 IN,Exact Product Code Match
6955143-20260617-181449,,Not Available,Not Available,Not Available,,Not Available
6955143-20260409-150005,,Not Available,Not Available,Not Available,,Not Available
6969849-20260313-072016,,Not Available,Not Available,Not Available,KIT KAT 8x1F Family Pack 120x59.2 IN ITEM CODE - 12605821,Not Available
6631049-20260109-110912,,Not Available,Not Available,Not Available,,Not Available
7499215-20260324-172218,60640454,Not Available,Not Available,Not Available,,Not Available
7569809-20260606-170459,,Not Available,Not Available,Not Available,,Not Available
601120-20260626-160437,13485442,IN C&B : Sunrise Premium - FS,NP,NP,Nescafe Sunrise Premix 16*1 Kg,Exact Product Code Match
601120-20260513-163238,14199857,IN C&C : Munch,CHOCOLATE,F&B,Product Name MUNCH Maha 27(32x10.4g) NR IN,Exact Product Code Match
7402262-20260205-210806,13700501,IN C&B : Nescafe Sunrise Small Packs,BEVERAGES,F&B,SUNRISE SAC RS.10 MISSING STOCK,Exact Product Code Match
3650468-20260325-134347,,Not Available,Not Available,Not Available,,Not Available
3650468-20260129-183130,,Not Available,Not Available,Not Available,,Not Available
6204243-20260428-183709,,Not Available,Not Available,Not Available,Suparcoat adult chicken 20kg -1 bag,Not Available
6204243-20260324-181809,,Not Available,Not Available,Not Available,Suparcoat adult chicken 20kg -1 bag proplan puppy large breed 15 kg -1 bag,Not Available
6204243-20260206-185602,,Not Available,Not Available,Not Available,Suparcoat adult chicken 10kg -1 bag,Not Available
6204243-20260126-152342,,Not Available,Not Available,Not Available,proplan puppy starter 12 kg -1 bag,Not Available
6204243-20260113-193416,,Not Available,Not Available,Not Available,Supercoat adult 20 kg -2 bag,Not Available
6204243-20260113-194314,,Not Available,Not Available,Not Available,Supercoat adult 10 kg -2 bag -Supercoat adult 20 kg-1 BAG,Not Available
6204243-20260113-194619,,Not Available,Not Available,Not Available,Supercoat adult 10 kg -2 bag,Not Available
6875547-20260404-135025,14445547,IN CUL : Noodles,CULINARY,F&B,Recived 1cas short against,Exact Product Code Match
6875547-20260404-135351,12359021,IN C&B : Sunrise Extra - FS,NP,NP,,Exact Product Code Match
7351693-20260207-171149,,Not Available,Not Available,Not Available,,Not Available
6870565-20260307-143659,,Not Available,Not Available,Not Available,,Not Available
7347613-20260416-144056,13762638,IN C&B : Nescafe Gold - Retail,BEVERAGES,F&B,NESCAFE GOLD BLEND INT5 12X100G,Exact Product Code Match
7347613-20260302-145959,12518426,IN NSB : NAN PRO 2,INFANT NUTRITION,NN,NAN PRO 2 FU FORM BIB 24X400G (PRODUCT MISMATCHED); NAN PRO 4 FU FORM BIB 24X400G (PRODUCT MISMATCHED),Exact Product Code Match
7347613-20260226-175438,12595301,IN CUL : Sauces,CULINARY,F&B,MAGGI SAUCE NONG 24X485G (PRODUCT INTERCHANGE),Exact Product Code Match
7347613-20260127-115507,12603833,IN CUL : Sauces,CULINARY,F&B,MAGGI TOM KET 24X190G,Exact Product Code Match
7347613-20260119-190835,13762739,IN C&B : Nescafe Gold - Retail,BEVERAGES,F&B,NESCAFE GOLD BLEND INT5 12X50G,Exact Product Code Match
7347613-20260108-143827,12603833,IN CUL : Sauces,CULINARY,F&B,MAGGI TOM KET 24X190G,Exact Product Code Match
7296533-20260306-113301,,Not Available,Not Available,Not Available,,Not Available
7083698-20260625-155214,,Not Available,Not Available,Not Available,,Not Available
6912092-20260624-153702,14199858,IN C&C : Munch,CHOCOLATE,F&B,MUNCH Maha 18(50x10.4g) NR IN; MILKYBAR Mould 16(24x21g) IN,Exact Product Code Match
6912092-20260624-153702,12980655,IN C&C : Milkybar,CHOCOLATE,F&B,MUNCH Maha 18(50x10.4g) NR IN; MILKYBAR Mould 16(24x21g) IN,Exact Product Code Match
7402251-20260623-131704,,Not Available,Not Available,Not Available,,Not Available
7035170-20260622-145146,12579448,IN NSB : Lactogen 1,INFANT NUTRITION,NN,,Exact Product Code Match
7083698-20260620-174342,,Not Available,Not Available,Not Available,,Not Available
6912092-20260617-130751,12595279,IN CUL : Sauces,CULINARY,F&B,MAGGI Sauce NONG 24x190g N1 IN,Exact Product Code Match
7083698-20260615-174415,,Not Available,Not Available,Not Available,,Not Available
7083698-20260615-174544,,Not Available,Not Available,Not Available,,Not Available
7083698-20260613-154053,,Not Available,Not Available,Not Available,,Not Available
7366995-20260613-180959,14512131,IN C&C : Kitkat,CHOCOLATE,F&B,KIT KAT2F24(25X22.1G)IN 20/,Exact Product Code Match
7083698-20260612-160555,,Not Available,Not Available,Not Available,,Not Available
7402251-20260612-164719,,Not Available,Not Available,Not Available,,Not Available
7083698-20260606-154953,,Not Available,Not Available,Not Available,,Not Available
7083698-20260606-155156,,Not Available,Not Available,Not Available,,Not Available
7366995-20260605-115542,12601761,IN CUL : Sauces,CULINARY,F&B,TRANSPORT DETAILES : SHANOM BOLT LOGISTICS PRIVATE LIMITED (TG 12T4863),Exact Product Code Match
7366995-20260605-124034,13680087,IN CUL : Noodles,CULINARY,F&B,TRANSPORT DETAILES : SHANOM BOLT LOGISTICS PRIVATE LIMITED (TG 12T4863),Exact Product Code Match
7402251-20260605-171410,,Not Available,Not Available,Not Available,,Not Available
7402251-20260604-173942,,Not Available,Not Available,Not Available,,Not Available
7083698-20260602-162716,,Not Available,Not Available,Not Available,,Not Available
7255337-20260602-152105,,Not Available,Not Available,Not Available,,Not Available
7255337-20260602-152527,,Not Available,Not Available,Not Available,,Not Available
7402251-20260529-174253,,Not Available,Not Available,Not Available,,Not Available
7083698-20260526-145127,,Not Available,Not Available,Not Available,,Not Available
7366995-20260526-154857,,Not Available,Not Available,Not Available,,Not Available
7366995-20260526-184428,14503923,IN CUL : Noodles Value Added,CULINARY,F&B,TRANSPORT DETAILES : SHANOM BOLT LOGISTICS PRIVATE LIMITED (TG 12T4863),Exact Product Code Match
7366995-20260520-125136,12601933,IN NSB : Cerelac 1,INFANT NUTRITION,NN,,Exact Product Code Match
7039866-20260518-143747,12553664,IN C&C : Milkybar,CHOCOLATE,F&B,MILKYBAR Mould 20(14*42g); NESTLE Classic 16(21*28g); MILKYBAR CHOO Plain 30(28*11g,Exact Product Code Match
7039866-20260518-143747,12628353,IN C&C : Nestle Milk Chocolate,CHOCOLATE,F&B,MILKYBAR Mould 20(14*42g); NESTLE Classic 16(21*28g); MILKYBAR CHOO Plain 30(28*11g,Exact Product Code Match
7039866-20260518-143747,13843427,IN C&C : Milkybar Choo,CHOCOLATE,F&B,MILKYBAR Mould 20(14*42g); NESTLE Classic 16(21*28g); MILKYBAR CHOO Plain 30(28*11g,Exact Product Code Match
7366995-20260518-173528,12595301,IN CUL : Sauces,CULINARY,F&B,,Exact Product Code Match
6912092-20260516-175446,13678473,IN CUL : Noodles,CULINARY,F&B,MAGGI 2-MIN NDLS Masala Chain 108x52g IN,Exact Product Code Match
7083698-20260516-163857,,Not Available,Not Available,Not Available,,Not Available
7083698-20260514-104512,,Not Available,Not Available,Not Available,,Not Available
7083698-20260511-115459,,Not Available,Not Available,Not Available,,Not Available
7083698-20260511-144539,,Not Available,Not Available,Not Available,,Not Available
7402251-20260509-164105,,Not Available,Not Available,Not Available,,Not Available
7402251-20260509-174801,,Not Available,Not Available,Not Available,,Not Available
6912092-20260506-153211,12616861,IN C&C : Kitkat,CHOCOLATE,F&B,KIT KAT 3F Duo 18(28x28.5g) IN; MILKYBAR Mould 20(14x42g)N1 IN,Exact Product Code Match
6912092-20260506-153211,12553664,IN C&C : Milkybar,CHOCOLATE,F&B,KIT KAT 3F Duo 18(28x28.5g) IN; MILKYBAR Mould 20(14x42g)N1 IN,Exact Product Code Match
7035170-20260506-121020,12609877,IN NSB : Cerelac 4,INFANT NUTRITION,NN,,Exact Product Code Match
7035170-20260506-121213,,Not Available,Not Available,Not Available,,Not Available
7035170-20260506-121431,12586404,IN CUL : Noodles Value Added,CULINARY,F&B,,Exact Product Code Match
7035170-20260506-121622,12612134,IN C&C : Munch,CHOCOLATE,F&B,,Exact Product Code Match
7402251-20260505-165640,,Not Available,Not Available,Not Available,,Not Available
7083698-20260428-104644,,Not Available,Not Available,Not Available,,Not Available
7083698-20260428-104744,,Not Available,Not Available,Not Available,,Not Available
6912092-20260425-152651,12359021,IN C&B : Sunrise Extra - FS,NP,NP,SUNRISE EXTRA Sachet 12(5x200g) PR MB IN,Exact Product Code Match
7366995-20260425-121647,,Not Available,Not Available,Not Available,,Not Available
6912092-20260421-153837,12595301,IN CUL : Sauces,CULINARY,F&B,MAGGI Sauce NONG 24x485g N1 IN,Exact Product Code Match
7083698-20260421-101618,,Not Available,Not Available,Not Available,,Not Available
7402251-20260421-105257,,Not Available,Not Available,Not Available,,Not Available
6912092-20260418-121038,13757661,IN C&C : Polo,CONFECTIONARY,F&B,POLO Big Roll Jar12((68+4)x13.5g)4UFr IN,Exact Product Code Match
7083698-20260416-171029,,Not Available,Not Available,Not Available,,Not Available
6912092-20260413-115145,14445547,IN CUL : Noodles,CULINARY,F&B,MAGGI 2-MINN Masala 96x75g N2 IN,Exact Product Code Match
7083698-20260413-162401,,Not Available,Not Available,Not Available,,Not Available
7366995-20260413-162947,,Not Available,Not Available,Not Available,,Not Available
7366995-20260410-135910,,Not Available,Not Available,Not Available,,Not Available
7402251-20260410-170233,,Not Available,Not Available,Not Available,,Not Available
7083698-20260409-172037,,Not Available,Not Available,Not Available,,Not Available
7366995-20260408-123508,,Not Available,Not Available,Not Available,,Not Available
7035170-20260407-104051,14445547,IN CUL : Noodles,CULINARY,F&B,,Exact Product Code Match
7402251-20260406-160005,,Not Available,Not Available,Not Available,,Not Available
7083698-20260330-155358,,Not Available,Not Available,Not Available,,Not Available
7083698-20260328-183411,,Not Available,Not Available,Not Available,,Not Available
7083698-20260328-183512,,Not Available,Not Available,Not Available,,Not Available
7083698-20260326-181931,,Not Available,Not Available,Not Available,,Not Available
7083698-20260324-102351,,Not Available,Not Available,Not Available,,Not Available
7198887-20260320-163006,,Not Available,Not Available,Not Available,,Not Available
7366995-20260320-141440,,Not Available,Not Available,Not Available,,Not Available
7035170-20260318-172303,13679901,IN CUL : Noodles,CULINARY,F&B,,Exact Product Code Match
6912092-20260317-142410,13776709,IN C&C : Milkybar Choo,CHOCOLATE,F&B,MILKYBAR Moosha Ctln 12(15x40.5g) IN,Exact Product Code Match
7402251-20260316-162334,,Not Available,Not Available,Not Available,,Not Available
6912092-20260314-173823,12559338,IN CUL : MAGGI NDLS - FLAVOURS,CULINARY,F&B,MAGGI 2-MINN Spicy Garlic 96x62g N1 IN,Exact Product Code Match
7402251-20260313-161203,,Not Available,Not Available,Not Available,,Not Available
7035170-20260309-105343,12603833,IN CUL : Sauces,CULINARY,F&B,,Exact Product Code Match
7035170-20260306-175811,12620325,IN C&B : Nescafe Sunrise Small Packs,BEVERAGES,F&B,,Exact Product Code Match
6912092-20260303-153059,13680206,IN CUL : Noodles,CULINARY,F&B,MAGGI 2-MINN Mas 24x300g N1 IN,Exact Product Code Match
6912092-20260303-153059,12230487,IN SSD : Milkmaid SCM – FS,NP,NP,MAGGI 2-MINN Mas 24x300g N1 IN,Exact Product Code Match
7366995-20260228-122919,,Not Available,Not Available,Not Available,,Not Available
7366995-20260228-123828,,Not Available,Not Available,Not Available,,Not Available
7402251-20260227-162337,,Not Available,Not Available,Not Available,,Not Available
7083698-20260224-125150,,Not Available,Not Available,Not Available,,Not Available
7083698-20260223-154031,,Not Available,Not Available,Not Available,,Not Available
7083698-20260223-154150,,Not Available,Not Available,Not Available,,Not Available
7083698-20260221-120912,,Not Available,Not Available,Not Available,,Not Available
7035170-20260219-120813,12617852,IN NSB : NAN EXCELLAPRO 1,INFANT NUTRITION,NN,,Exact Product Code Match
7083698-20260211-182240,,Not Available,Not Available,Not Available,,Not Available
7083698-20260211-182448,,Not Available,Not Available,Not Available,,Not Available
7255337-20260209-122950,,Not Available,Not Available,Not Available,,Not Available
7035170-20260207-114432,12612134,IN C&C : Munch,CHOCOLATE,F&B,,Exact Product Code Match
7035170-20260207-114902,12609877,IN NSB : Cerelac 4,INFANT NUTRITION,NN,,Exact Product Code Match
7035170-20260207-115329,12630048,IN CUL : Noodles Cup,CULINARY,F&B,,Exact Product Code Match
7035170-20260207-115722,12586404,IN CUL : Noodles Value Added,CULINARY,F&B,,Exact Product Code Match
7035170-20260207-120057,12579448,IN NSB : Lactogen 1,INFANT NUTRITION,NN,,Exact Product Code Match
7035170-20260207-120911,12602711,IN C&B : Nescafe Sunrise Large Packs,BEVERAGES,F&B,,Exact Product Code Match
6865552-20260205-123147,,Not Available,Not Available,Not Available,,Not Available
7083698-20260205-163141,,Not Available,Not Available,Not Available,,Not Available
7366995-20260205-130533,13718181,IN C&C : Kitkat,CHOCOLATE,F&B,,Exact Product Code Match
7083698-20260204-173353,,Not Available,Not Available,Not Available,,Not Available
7402251-20260203-182557,,Not Available,Not Available,Not Available,,Not Available
7039866-20260202-130234,12359021,IN C&B : Sunrise Extra - FS,NP,NP,SUNRISE EXTRA Sachet 12(5x200g) PR MB IN,Exact Product Code Match
7366995-20260202-141124,12595302,IN CUL : Sauces,CULINARY,F&B,,Exact Product Code Match
7366995-20260202-141740,12569170,IN NSB : NAN Lo-Lac,INFANT NUTRITION,NN,,Exact Product Code Match
7366995-20260202-142238,12608321,IN NSB : Cerelac 2,INFANT NUTRITION,NN,,Exact Product Code Match
7366995-20260202-142639,12608321,IN NSB : Cerelac 2,INFANT NUTRITION,NN,,Exact Product Code Match
7366995-20260202-152625,12606043,IN CUL : Sauces,CULINARY,F&B,,Exact Product Code Match
7402251-20260130-165910,,Not Available,Not Available,Not Available,,Not Available
7402251-20260127-170011,,Not Available,Not Available,Not Available,,Not Available
7402251-20260127-171851,,Not Available,Not Available,Not Available,,Not Available
7039866-20260126-132940,14118476,IN CPW : Munch Cereals,BREAKFAST CEREAL,NBC,MUNCH Cereal 216x19g PR MB Choo IN,Exact Product Code Match
7083698-20260124-174404,,Not Available,Not Available,Not Available,,Not Available
7402251-20260122-163949,,Not Available,Not Available,Not Available,,Not Available
7083698-20260121-121255,,Not Available,Not Available,Not Available,,Not Available
7083698-20260121-121548,,Not Available,Not Available,Not Available,,Not Available
7083698-20260121-121640,,Not Available,Not Available,Not Available,,Not Available
7083698-20260121-121726,,Not Available,Not Available,Not Available,,Not Available
7366995-20260119-114014,12609883,IN NSB : Cerelac 5,INFANT NUTRITION,NN,,Exact Product Code Match
7402251-20260119-172932,,Not Available,Not Available,Not Available,,Not Available
7083698-20260114-180124,,Not Available,Not Available,Not Available,,Not Available
7083698-20260112-111548,,Not Available,Not Available,Not Available,,Not Available
7402251-20260112-172201,,Not Available,Not Available,Not Available,,Not Available
7083698-20260108-172926,,Not Available,Not Available,Not Available,,Not Available
7083698-20260108-173032,,Not Available,Not Available,Not Available,,Not Available
7402251-20260105-104747,,Not Available,Not Available,Not Available,,Not Available
6912092-20260102-132752,,Not Available,Not Available,Not Available,,Not Available
7083698-20260102-155612,,Not Available,Not Available,Not Available,,Not Available
7402251-20260102-104504,,Not Available,Not Available,Not Available,,Not Available
6912092-20260101-195641,,Not Available,Not Available,Not Available,,Not Available
5845138-20260530-132218,12957459,IN C&C : Munch,CHOCOLATE,F&B,,Exact Product Code Match
3878245-20260623-192541,,Not Available,Not Available,Not Available,,Not Available
3878245-20260609-162633,,Not Available,Not Available,Not Available,,Not Available
7256197-20260323-125110,12567446,IN NSB : Pre NAN,INFANT NUTRITION,NN,PRE NAN IF TIN 15X400G DS520-2,Exact Product Code Match
6969839-20260419-112937,,Not Available,Not Available,Not Available,,Not Available
6969839-20260105-110221,,Not Available,Not Available,Not Available,,Not Available
601172-20260328-102101,12614862,IN SSD : EveryDay DW,DAIRY,F&B,,Exact Product Code Match
601172-20260323-092832,,Not Available,Not Available,Not Available,,Not Available
601172-20260313-102802,,Not Available,Not Available,Not Available,,Not Available
7083713-20260605-125843,12566807,IN C&C : Nestle Milk Chocolate,CHOCOLATE,F&B,,Exact Product Code Match
7083713-20260605-130554,12608543,IN CUL : Noodles,CULINARY,F&B,,Exact Product Code Match
7083713-20260605-131601,10584810,Not Available,Not Available,Not Available,,Not Available
7083713-20260227-170000,10604753,Not Available,Not Available,Not Available,408 PUZZLES ARE MISSING ON THAT,Not Available
7083713-20260224-155852,13680087,IN CUL : Noodles,CULINARY,F&B,,Exact Product Code Match
7083713-20260224-160312,12607972,IN NSB : Cerelac 2,INFANT NUTRITION,NN,,Exact Product Code Match
7083713-20260224-160607,12610593,IN SSD : EveryDay DW,DAIRY,F&B,,Exact Product Code Match
7437394-20260415-131652,12567336,IN SSD : MILO RTD,DAIRY,F&B,NESTLE MILO RTD,Exact Product Code Match
7541792-20260629-102033,12607947,IN NSB : Cerelac 2,INFANT NUTRITION,NN,CERELAC STG2 khichidi 24x300g ZS IN,Exact Product Code Match
7541792-20260514-093423,13678473,IN CUL : Noodles,CULINARY,F&B,,Exact Product Code Match
7541792-20260514-093759,13680087,IN CUL : Noodles,CULINARY,F&B,,Exact Product Code Match
7541792-20260421-123343,12584920,IN SSD : Milkmaid SCM,DAIRY,F&B,,Exact Product Code Match
7541792-20260421-123343,12585176,IN NSB : Lactogen 3,INFANT NUTRITION,NN,,Exact Product Code Match
7541792-20260217-204009,,Not Available,Not Available,Not Available,,Not Available
7329921-20260629-125426,10527353,Not Available,Not Available,Not Available,,Not Available
7329921-20260509-125051,12608551,IN CUL : Noodles,CULINARY,F&B,,Exact Product Code Match
5144802-20260404-113758,,Not Available,Not Available,Not Available,,Not Available
6630974-20260510-070738,,Not Available,Not Available,Not Available,,Not Available
6630974-20260510-070856,,Not Available,Not Available,Not Available,,Not Available
6630974-20260510-071051,,Not Available,Not Available,Not Available,,Not Available
6630974-20260510-071446,,Not Available,Not Available,Not Available,,Not Available
7469478-20260511-183501,,Not Available,Not Available,Not Available,,Not Available
7469478-20260406-114128,,Not Available,Not Available,Not Available,,Not Available
7469478-20260327-125054,,Not Available,Not Available,Not Available,,Not Available
7469478-20260317-204500,,Not Available,Not Available,Not Available,,Not Available
601208-20260609-172238,,Not Available,Not Available,Not Available,,Not Available
601208-20260609-172901,,Not Available,Not Available,Not Available,,Not Available
601208-20260519-171205,,Not Available,Not Available,Not Available,,Not Available
601208-20260414-153318,,Not Available,Not Available,Not Available,,Not Available
601213-20260303-102957,12606197,IN C&B : Nescafe Classic Large Packs,BEVERAGES,F&B,CLASSIC DAWN JAR 45G NR IN,Exact Product Code Match
601213-20260303-104503,,Not Available,Not Available,Not Available,MUNCH MAHA (10.4G) PRODUT CODE :14199857,Not Available
601213-20260303-104857,13776709,IN C&C : Milkybar Choo,CHOCOLATE,F&B,MILKYBAR MOOSHA (40.5G),Exact Product Code Match
601213-20260223-162913,,Not Available,Not Available,Not Available,KIT KAT 2F MINI PRODUCT COD:12629157,Not Available
7589387-20260511-163054,,Not Available,Not Available,Not Available,,Not Available
7589387-20260511-163944,,Not Available,Not Available,Not Available,,Not Available
7093228-20260619-153751,14333175,IN C&B : Nescafe Sunrise Large Packs,BEVERAGES,F&B,,Exact Product Code Match
7093228-20260617-174144,,Not Available,Not Available,Not Available,,Not Available
7093228-20260610-160808,,Not Available,Not Available,Not Available,,Not Available
7093228-20260421-152453,,Not Available,Not Available,Not Available,,Not Available
7093228-20260418-122930,,Not Available,Not Available,Not Available,,Not Available
7093228-20260326-192415,,Not Available,Not Available,Not Available,,Not Available
7093228-20260325-131028,,Not Available,Not Available,Not Available,,Not Available
7093228-20260303-180021,,Not Available,Not Available,Not Available,,Not Available
7093228-20260217-132637,,Not Available,Not Available,Not Available,,Not Available
601233-20260430-204403,,Not Available,Not Available,Not Available,,Not Available
601233-20260310-124102,,Not Available,Not Available,Not Available,,Not Available
3343334-20260514-114605,13680299,IN CUL : Noodles,CULINARY,F&B,MAGGI 2MINN MAS 16X450 G - 1,Exact Product Code Match
3343334-20260514-115310,12607462,IN C&B : Nescafe Classic Large Packs,BEVERAGES,F&B,NESCAFE CLASSIC JAR 36X24g 1,Exact Product Code Match
601236-20260330-181917,,Not Available,Not Available,Not Available,,Not Available
601236-20260320-180026,12616941,IN SSD : Nescafe RTD Cold Coffee,DAIRY,F&B,NESCAFE ICED LATTE CND 60ML,Exact Product Code Match
601236-20260313-173811,,Not Available,Not Available,Not Available,,Not Available
601236-20260313-174827,,Not Available,Not Available,Not Available,,Not Available
6605551-20260623-165401,,Not Available,Not Available,Not Available,,Not Available
6605551-20260623-165939,,Not Available,Not Available,Not Available,,Not Available
6235172-20260126-114010,13796954,IN C&C : Munch,CHOCOLATE,F&B,MUNCH Maha 27(32x10.4g) 20% More IN,Exact Product Code Match
5600288-20260328-090803,13718223,IN C&C : Milkybar,CHOCOLATE,F&B,,Exact Product Code Match
5600288-20260327-122913,14293213,IN C&B : Nescafe Classic Large Packs,BEVERAGES,F&B,,Exact Product Code Match
5600288-20260327-150111,12559338,IN CUL : MAGGI NDLS - FLAVOURS,CULINARY,F&B,,Exact Product Code Match
5600288-20260327-150435,12603852,IN CUL : Sauces,CULINARY,F&B,,Exact Product Code Match
7097726-20260526-115632,14507911,IN C&B : Nescafe Sunrise Small Packs,BEVERAGES,F&B,,Exact Product Code Match
7097726-20260526-115632,14316364,IN C&B : Nescafe Sunrise Small Packs,BEVERAGES,F&B,,Exact Product Code Match
6700167-20260629-142502,,Not Available,Not Available,Not Available,,Not Available
6700167-20260615-145839,,Not Available,Not Available,Not Available,,Not Available
6700167-20260615-152145,,Not Available,Not Available,Not Available,,Not Available
6700167-20260612-163922,,Not Available,Not Available,Not Available,,Not Available
6700167-20260529-194407,,Not Available,Not Available,Not Available,,Not Available
6700167-20260520-190529,,Not Available,Not Available,Not Available,,Not Available
6700167-20260516-145957,,Not Available,Not Available,Not Available,,Not Available
6700167-20260417-183847,,Not Available,Not Available,Not Available,,Not Available
6700167-20260414-130448,,Not Available,Not Available,Not Available,,Not Available
6700167-20260328-183901,,Not Available,Not Available,Not Available,,Not Available
6700167-20260317-184942,,Not Available,Not Available,Not Available,,Not Available
6700167-20260206-161240,,Not Available,Not Available,Not Available,,Not Available
6700167-20260110-112000,12458968,IN C&B : Nescafe Gold - Retail,BEVERAGES,F&B,,Exact Product Code Match
6700167-20260110-150609,12518426,IN NSB : NAN PRO 2,INFANT NUTRITION,NN,,Exact Product Code Match
6700167-20260110-151306,,Not Available,Not Available,Not Available,,Not Available
5881290-20260626-120815,14520881,IN C&B : Nescafe Sunrise Small Packs,BEVERAGES,F&B,prod name: NESC SUNRISE 48930X3.5g)Ecom NR4 N1 IN,Exact Product Code Match
5881290-20260626-133335,12608635,IN CUL : Noodles,CULINARY,F&B,prod name: maggi masala chain 320x32g pack 48 pieces short we received,Exact Product Code Match
5881290-20260617-124511,12612451,IN C&C : Kitkat,CHOCOLATE,F&B,prod name : KIT KAT 4 Finger 18(21x38.5g)N1 IN,Exact Product Code Match
5881290-20260617-124842,13680087,IN CUL : Noodles,CULINARY,F&B,prod name: MAGGI 2-MINN Mas 24X300g PR Rs 2off IN mro: 58 ...one,Exact Product Code Match
5881290-20260418-131446,,Not Available,Not Available,Not Available,,Not Available
5881290-20260416-115248,12570655,IN CUL : Noodles Oats,CULINARY,F&B,prod name :MAGGI Ntr-lcs Oats Millets 24x298g IN,Exact Product Code Match
5881290-20260408-165739,12589871,IN CUL : MAGGI NDLS - FLAVOURS,CULINARY,F&B,PROD NAME :MAGGI 2-MINN Spicy Cheesy 24x304g IN,Exact Product Code Match
5881290-20260407-112753,12967299,IN C&B : Nescafe Sunrise Large Packs,BEVERAGES,F&B,PROD NAME: NESCAFE Sunrise Stabilo 36x190g APNR3IN,Exact Product Code Match
5881290-20260406-185618,12425168,IN C&B : Instant Tea,BEVERAGES,F&B,PROD NAME: NESTEA Iced Tea Lemon 30x400g NR IN BILLED,Exact Product Code Match
5881290-20260206-105202,12616251,IN CUL : Noodles Chicken,CULINARY,F&B,PROD NAME : MAGGI 2-MINN Chkn 96x76g IN,Exact Product Code Match
5881290-20260206-110409,12609894,IN C&B : All in 1 Frappe,BEVERAGES,F&B,PROD NAME : NESCAFE Allin1 FRAPPE Sac10(30x28g N2 IN,Exact Product Code Match
5881290-20260206-110502,12609894,IN C&B : All in 1 Frappe,BEVERAGES,F&B,PROD NAME : NESCAFE Allin1 FRAPPE Sac10(30x28g N2 IN,Exact Product Code Match
5881290-20260206-122923,13679901,IN CUL : Noodles,CULINARY,F&B,PROD NAME :MAGGI 2-MINN Masala 96x75g IN,Exact Product Code Match
7209865-20260103-145648,,Not Available,Not Available,Not Available,,Not Available
7281254-20260122-123952,,Not Available,Not Available,Not Available,,Not Available
6006337-20260627-120342,,Not Available,Not Available,Not Available,,Not Available
6006337-20260624-122627,12619057,IN C&C : Kitkat-IMP,SI,SI,,Exact Product Code Match
6006337-20260620-203102,,Not Available,Not Available,Not Available,,Not Available
6006337-20260609-200345,,Not Available,Not Available,Not Available,,Not Available
6006337-20260515-174923,,Not Available,Not Available,Not Available,,Not Available
6006337-20260515-175214,,Not Available,Not Available,Not Available,,Not Available
6006337-20260128-135651,14118476,IN CPW : Munch Cereals,BREAKFAST CEREAL,NBC,,Exact Product Code Match
6006337-20260109-133902,,Not Available,Not Available,Not Available,,Not Available
6006337-20260109-134019,,Not Available,Not Available,Not Available,,Not Available
601258-20260627-101618,,Not Available,Not Available,Not Available,,Not Available
601258-20260509-145407,,Not Available,Not Available,Not Available,,Not Available
601258-20260509-145700,,Not Available,Not Available,Not Available,,Not Available
601258-20260302-175340,,Not Available,Not Available,Not Available,,Not Available
601258-20260302-175710,,Not Available,Not Available,Not Available,,Not Available
601258-20260210-110310,,Not Available,Not Available,Not Available,,Not Available
601258-20260124-093011,,Not Available,Not Available,Not Available,,Not Available
6775174-20260619-143222,,Not Available,Not Available,Not Available,,Not Available
6775174-20260608-105501,,Not Available,Not Available,Not Available,,Not Available
6775174-20260529-125503,12589871,IN CUL : MAGGI NDLS - FLAVOURS,CULINARY,F&B,,Exact Product Code Match
6775174-20260525-160023,,Not Available,Not Available,Not Available,,Not Available
6775174-20260421-124546,13776709,IN C&C : Milkybar Choo,CHOCOLATE,F&B,,Exact Product Code Match
6775174-20260323-145213,,Not Available,Not Available,Not Available,,Not Available
6775174-20260320-144500,,Not Available,Not Available,Not Available,,Not Available
6775174-20260316-122748,,Not Available,Not Available,Not Available,,Not Available
6775174-20260311-125823,,Not Available,Not Available,Not Available,,Not Available
6775174-20260309-143026,,Not Available,Not Available,Not Available,,Not Available
6775174-20260306-165423,,Not Available,Not Available,Not Available,,Not Available
6775174-20260227-100058,,Not Available,Not Available,Not Available,,Not Available
6775174-20260217-133259,13776790,IN C&C : Milkybar Choo,CHOCOLATE,F&B,,Exact Product Code Match
6775174-20260122-122054,,Not Available,Not Available,Not Available,,Not Available
6775174-20260115-175740,,Not Available,Not Available,Not Available,,Not Available
6775174-20260106-124820,,Not Available,Not Available,Not Available,,Not Available
6775174-20260103-111615,,Not Available,Not Available,Not Available,,Not Available
6775174-20260102-121832,,Not Available,Not Available,Not Available,,Not Available
7564898-20260610-180219,,Not Available,Not Available,Not Available,,Not Available
5811821-20260124-100012,13797726,IN CUL : Masala-ae-Magic,CULINARY,F&B,MAGGI MeM 16(2X60X6G) PRB5G1 N2 IN,Exact Product Code Match
7466487-20260211-153204,,Not Available,Not Available,Not Available,,Not Available
6089280-20260629-122559,,Not Available,Not Available,Not Available,MAGGI HOT&SWEET 34*500G-2; MAGGI Tom Ket 24*190g-2; MAGGI Tom Ket 24*480g-1; MAGGI HOT&SWEET 24*200G-1,Not Available
6089280-20260530-170119,12623517,IN CUL : Noodles,CULINARY,F&B,Product Descp:MAGGI 2MINNI MASALA48*140GM,Exact Product Code Match
6089280-20260530-170119,13680087,IN CUL : Noodles,CULINARY,F&B,Product Descp:MAGGI 2MINNI MASALA48*140GM,Exact Product Code Match
6089280-20260530-170119,13737115,IN C&C : Kitkat,CHOCOLATE,F&B,Product Descp:MAGGI 2MINNI MASALA48*140GM,Exact Product Code Match
6089280-20260417-114544,14445547,IN CUL : Noodles,CULINARY,F&B,maggie 2-Minn Masala 95*75g,Exact Product Code Match
6089280-20260324-151543,,Not Available,Not Available,Not Available,,Not Available
6089280-20260320-114145,,Not Available,Not Available,Not Available,,Not Available
6089280-20260224-181852,,Not Available,Not Available,Not Available,,Not Available
7530594-20260416-122212,13632235,IN NSB : Lactogen 2,INFANT NUTRITION,NN,Lactogen pro 2 BIB 24 X 400 gm - 1,Exact Product Code Match
7530594-20260306-140412,13700494,IN C&B : Nescafe Sunrise Small Packs,BEVERAGES,F&B,NESC SUNRISE SAC 30(156X1.3G) UP APNR3 IN.,Exact Product Code Match
7530594-20260224-143524,12612446,IN C&C : Kitkat,CHOCOLATE,F&B,,Exact Product Code Match
7530594-20260209-210941,12608551,IN CUL : Noodles,CULINARY,F&B,MAGGI 2-MINN MASALA 12X600G N1 IN 1 PC (RAT BITTEN,Exact Product Code Match
7489063-20260617-123450,,Not Available,Not Available,Not Available,,Not Available
7489063-20260214-125249,,Not Available,Not Available,Not Available,,Not Available
7321775-20260228-185744,,Not Available,Not Available,Not Available,,Not Available
6986983-20260613-100044,13970024,IN NSB : Cerelac 1,INFANT NUTRITION,NN,CERELAC STG1 WHEAT APPLE 24X360 ZS IN,Exact Product Code Match
6986983-20260608-110446,14378778,IN C&C : Munch,CHOCOLATE,F&B,MUNCH TWINBAR 24(24X19.8G)NR IN,Exact Product Code Match
6986983-20260429-102040,12607948,IN NSB : Cerelac 2,INFANT NUTRITION,NN,CERELAC STG2 RICEVEG 24X300G ZS,Exact Product Code Match
6986983-20260326-094916,12570266,IN CUL : MAGGI NDLS - FLAVOURS,CULINARY,F&B,,Exact Product Code Match
6657817-20260623-100834,,Not Available,Not Available,Not Available,,Not Available
6657817-20260616-215313,,Not Available,Not Available,Not Available,MAGGI 2-MINN MASALA 48X140G INSIDE SEALED BOX - 6 NOS OF MAGGI SHORT IDENTIFIED WHILE UNLOADING DUE TO WEIGHT LOSS,Not Available
6657817-20260612-213640,,Not Available,Not Available,Not Available,,Not Available
5670356-20260406-163702,14504152,IN C&C : Milkybar Choo,CHOCOLATE,F&B,MILKYBAR CHOO Jar 6(100x11g)PR Pen Fr IN,Exact Product Code Match
724111-20260611-163234,,Not Available,Not Available,Not Available,,Not Available
724111-20260428-111839,,Not Available,Not Available,Not Available,,Not Available
724111-20260209-161742,,Not Available,Not Available,Not Available,,Not Available
724111-20260203-140834,,Not Available,Not Available,Not Available,,Not Available
724111-20260110-115214,,Not Available,Not Available,Not Available,,Not Available
7228376-20260605-104326,,Not Available,Not Available,Not Available,,Not Available
7228376-20260525-115903,,Not Available,Not Available,Not Available,,Not Available
7228376-20260323-121554,,Not Available,Not Available,Not Available,,Not Available
7228376-20260323-121859,,Not Available,Not Available,Not Available,,Not Available
7228376-20260221-152531,,Not Available,Not Available,Not Available,,Not Available
7228376-20260105-132403,12607948,IN NSB : Cerelac 2,INFANT NUTRITION,NN,,Exact Product Code Match
7366969-20260207-112534,,Not Available,Not Available,Not Available,,Not Available
601328-20260622-162943,,Not Available,Not Available,Not Available,,Not Available
601328-20260608-151604,,Not Available,Not Available,Not Available,,Not Available
601328-20260320-133018,,Not Available,Not Available,Not Available,,Not Available
601328-20260207-212607,,Not Available,Not Available,Not Available,,Not Available
601328-20260128-161928,,Not Available,Not Available,Not Available,Maggi Sauce Nong 24X190gm Invoiced,Not Available
601328-20260112-143614,,Not Available,Not Available,Not Available,,Not Available
3388216-20260418-141542,12508385,IN C&B : Sunrise Premix - FS,NP,NP,Nescafe Sunrise Premix 1Kg,Exact Product Code Match
6455305-20260512-150759,14033758,IN NSB : Cerelac 2,INFANT NUTRITION,NN,CERELAC STG2 Whe App Chry 24x360g WS IN,Exact Product Code Match
601342-20260202-110600,,Not Available,Not Available,Not Available,,Not Available
601342-20260202-111028,,Not Available,Not Available,Not Available,,Not Available
6836463-20260520-174856,12957521,IN C&C : Munch Maxx,CHOCOLATE,F&B,PROD NAME-MUNCH MAXX NUTS PROD,Exact Product Code Match
601347-20260314-130848,12567336,IN SSD : MILO RTD,DAIRY,F&B,"NESTLE MILO RTD 30X180ML ,",Exact Product Code Match
7544037-20260611-152809,,Not Available,Not Available,Not Available,,Not Available
7544037-20260609-173449,,Not Available,Not Available,Not Available,,Not Available
5727251-20260527-183650,,Not Available,Not Available,Not Available,,Not Available
6379784-20260527-162837,,Not Available,Not Available,Not Available,,Not Available
5640631-20260210-145345,,Not Available,Not Available,Not Available,,Not Available
7350721-20260528-172321,12616861,IN C&C : Kitkat,CHOCOLATE,F&B,,Exact Product Code Match
7437797-20260318-172146,12601932,IN NSB : Cerelac 1,INFANT NUTRITION,NN,Cerelac STG 1 Wheat Apple ZS 24x350g IN Vec no : TN18BT5926,Exact Product Code Match
601366-20260518-182532,,Not Available,Not Available,Not Available,,Not Available
601366-20260425-115607,,Not Available,Not Available,Not Available,CASE RECEIVED; NESCAFE SUNRICE 90G,Not Available
601366-20260425-121036,,Not Available,Not Available,Not Available,CASE RECEIVED; MAGGI HOT & SWEET 12x1Kg N1 IN; MAGGI Tomato Ketchup 12x960g IN,Not Available
601366-20260425-121214,,Not Available,Not Available,Not Available,CASE RECEIVED; MILKYBAR Moosha Ctln 12(15x40.5g) IN; MILKYBAR Moosha Ctln 12(24x20g) N3 IN,Not Available
601366-20260102-123313,12595279,IN CUL : Sauces,CULINARY,F&B,,Exact Product Code Match
3000212-20260626-172507,,Not Available,Not Available,Not Available,,Not Available
3000212-20260528-134032,,Not Available,Not Available,Not Available,,Not Available
3000212-20260521-151924,14176077,IN SSD : Nescafe RTD Cold Coffee,DAIRY,F&B,Nescafe chilled Latte 30x180ml,Exact Product Code Match
3000212-20260505-120750,,Not Available,Not Available,Not Available,,Not Available
3000212-20260413-155931,12621098,IN C&C : Kitkat Tablets,CHOCOLATE,F&B,,Exact Product Code Match
3000212-20260307-151922,,Not Available,Not Available,Not Available,,Not Available
601369-20260228-134803,,Not Available,Not Available,Not Available,,Not Available
7417239-20260605-103128,12608543,IN CUL : Noodles,CULINARY,F&B,product name Maggi 2 minn masala pouch 12*600g N1 IN,Exact Product Code Match
7417239-20260430-194659,14504152,IN C&C : Milkybar Choo,CHOCOLATE,F&B,product name milkybar choo jar 6(100*11g) PR Pen Fr in 5,Exact Product Code Match
7417239-20260430-195438,12608496,IN CUL : Noodles,CULINARY,F&B,product name Maggi 2 minn masala 48*150g Ni in 8 Units shortage,Exact Product Code Match
601383-20260624-195004,,Not Available,Not Available,Not Available,MAGGI Masala-ae-Magic 16(2(60x6g) N2 IN; MAGGI MeM 16(2(60x6g) PR Cassrole N1 IN,Not Available
601383-20260615-114252,,Not Available,Not Available,Not Available,LACTOGEN PRO 3 BIB 24x400g INJE087-2 IN,Not Available
601383-20260615-114541,,Not Available,Not Available,Not Available,MAGGI 2-MIN Spicy Garlic 24x248g IN,Not Available
601383-20260615-115356,,Not Available,Not Available,Not Available,MAGGI PAZZTA Masala 48x139g IN,Not Available
601383-20260613-183035,,Not Available,Not Available,Not Available,LACTOGEN PRO 3 BIB 24x400g INJE087-2 IN,Not Available
601383-20260523-164414,,Not Available,Not Available,Not Available,MAGGI 2-MINN Spicy Garlic 96x62g N1 IN,Not Available
601383-20260410-163354,,Not Available,Not Available,Not Available,MAGGI Masala-ae-Magic Sbg 60x72g N2 IN,Not Available
601383-20260410-163856,,Not Available,Not Available,Not Available,MAGGI 2-MIN Spicy Garlic 24x248g IN,Not Available
601383-20260410-164409,,Not Available,Not Available,Not Available,MAGGI PAZZTA Cheese 96x75g IN,Not Available
601383-20260410-164701,,Not Available,Not Available,Not Available,NESCAFE Classic Latte Cnd 30x200ml IN INVOICED,Not Available
601383-20260402-105418,,Not Available,Not Available,Not Available,KIT KAT DELIGHTS Multipack 48x150g IN,Not Available
601383-20260402-105833,,Not Available,Not Available,Not Available,NAN LO-LAC IF BIB 24x200g INNE003 IN,Not Available
601383-20260402-110820,,Not Available,Not Available,Not Available,NESTLE NESTOGEN1 BIB24x400gINNN004-1NRIN,Not Available
601383-20260323-172313,,Not Available,Not Available,Not Available,EVERYDAY DW 12x1kg NR IN; MAGGI H&S Sce Doy 6(16x75g) N2 IN,Not Available
601383-20260313-125242,,Not Available,Not Available,Not Available,MAGGI 2-MIN Spicy Garlic 24x248g IN,Not Available
601383-20260313-130835,,Not Available,Not Available,Not Available,MAGGI 2-MIN Spicy Garlic 24x248g IN,Not Available
601383-20260305-124702,,Not Available,Not Available,Not Available,MAGGI 2-MIN Spicy Garlic 24x248g IN,Not Available
601383-20260124-105342,,Not Available,Not Available,Not Available,CERELAC STG 4MU Dal Veg 24x300g ZS IN,Not Available
601383-20260112-184305,12559238,IN CUL : MAGGI NDLS - FLAVOURS,CULINARY,F&B,Product Name MAGGI 2-MIN Spicy Garlic 24x248g IN,Exact Product Code Match
601383-20260112-184614,12559238,IN CUL : MAGGI NDLS - FLAVOURS,CULINARY,F&B,Product Name MAGGI 2-MIN Spicy Garlic 24x248g IN,Exact Product Code Match
601383-20260102-184610,12585176,IN NSB : Lactogen 3,INFANT NUTRITION,NN,Product Name LACTOGEN PRO 3 BIB 24x400g INJE087 IN,Exact Product Code Match
601383-20260102-184610,12610495,IN SSD : EveryDay DW,DAIRY,F&B,Product Name LACTOGEN PRO 3 BIB 24x400g INJE087 IN,Exact Product Code Match
601383-20260102-185140,12559339,IN CUL : MAGGI NDLS - FLAVOURS,CULINARY,F&B,Product Name MAGGI 2-MINN Spicy Manchurian 96x61g IN,Exact Product Code Match
601383-20260102-185406,12621098,IN C&C : Kitkat Tablets,CHOCOLATE,F&B,Product Name KIT KAT Gooey Salted Crml 10(6x112g) IN,Exact Product Code Match
7291479-20260628-185240,12601932,IN NSB : Cerelac 1,INFANT NUTRITION,NN,CERELAC STG1 Wheat Apple ZS 24x350g IN,Exact Product Code Match
7291479-20260609-125525,14520881,IN C&B : Nescafe Sunrise Small Packs,BEVERAGES,F&B,NESC SUNRISE 48(30x3.8g) Ecom NR4 N1 IN; NESCAFE CLASSIC Dawn Jar 30x45g NR Batc53180452DA,Exact Product Code Match
7291479-20260609-125525,12606197,IN C&B : Nescafe Classic Large Packs,BEVERAGES,F&B,NESC SUNRISE 48(30x3.8g) Ecom NR4 N1 IN; NESCAFE CLASSIC Dawn Jar 30x45g NR Batc53180452DA,Exact Product Code Match
7291479-20260514-174025,12458968,IN C&B : Nescafe Gold - Retail,BEVERAGES,F&B,NESCAFE GOLD Original Int5 12*100g N1 IN,Exact Product Code Match
7291479-20260506-144003,14176172,IN SSD : Nescafe RTD Cold Coffee,DAIRY,F&B,Product Name NESCAFE Mocha 30x180ml NR IN,Exact Product Code Match
7291479-20260415-120141,12603833,IN CUL : Sauces,CULINARY,F&B,MAGGI Tom Ket 24x190g N1 IN,Exact Product Code Match
7291479-20260413-105208,13680372,IN CUL : Noodles,CULINARY,F&B,MAGGI 2-MINN Masala 16x450g N1 IN,Exact Product Code Match
7291479-20260410-110232,12230487,IN SSD : Milkmaid SCM – FS,NP,NP,MILKMAID Partly Skimmed SCM Tin 4x5kg IN; CERELAC STG1 Rice ZS 24x300g IN,Exact Product Code Match
7291479-20260410-110232,12601933,IN NSB : Cerelac 1,INFANT NUTRITION,NN,MILKMAID Partly Skimmed SCM Tin 4x5kg IN; CERELAC STG1 Rice ZS 24x300g IN,Exact Product Code Match
7291479-20260202-120429,13679901,IN CUL : Noodles,CULINARY,F&B,Maggi 2-MINN Masala 96*75g IN X244,Exact Product Code Match
7291479-20260123-132038,12601907,IN NSB : Cerelac 1,INFANT NUTRITION,NN,CERELAC STG2 Whe App Chry ZS 24x350g IN,Exact Product Code Match
7291479-20260123-132038,12601931,IN NSB : Cerelac 1,INFANT NUTRITION,NN,CERELAC STG2 Whe App Chry ZS 24x350g IN,Exact Product Code Match
7291479-20260123-132038,12607972,IN NSB : Cerelac 2,INFANT NUTRITION,NN,CERELAC STG2 Whe App Chry ZS 24x350g IN,Exact Product Code Match
7291479-20260123-133547,12601755,IN CUL : Sauces,CULINARY,F&B,MAGGI HOT & SWEET 12x1Kg N1 IN,Exact Product Code Match
7291479-20260123-133547,12602711,IN C&B : Nescafe Sunrise Large Packs,BEVERAGES,F&B,MAGGI HOT & SWEET 12x1Kg N1 IN,Exact Product Code Match
7291479-20260123-133547,12609885,IN NSB : Cerelac 5,INFANT NUTRITION,NN,MAGGI HOT & SWEET 12x1Kg N1 IN,Exact Product Code Match
7339382-20260625-183859,,Not Available,Not Available,Not Available,,Not Available
7339382-20260625-183947,,Not Available,Not Available,Not Available,,Not Available
7339382-20260625-184430,,Not Available,Not Available,Not Available,,Not Available
7339382-20260625-184532,,Not Available,Not Available,Not Available,,Not Available
7339382-20260623-125232,,Not Available,Not Available,Not Available,,Not Available
7339382-20260623-133501,,Not Available,Not Available,Not Available,,Not Available
7339382-20260318-191938,,Not Available,Not Available,Not Available,,Not Available
7339382-20260213-201959,,Not Available,Not Available,Not Available,,Not Available
7096754-20260616-184636,,Not Available,Not Available,Not Available,,Not Available
7096754-20260519-175818,,Not Available,Not Available,Not Available,,Not Available
3643313-20260623-172831,,Not Available,Not Available,Not Available,,Not Available
4685760-20260604-122459,,Not Available,Not Available,Not Available,,Not Available
4685760-20260511-114629,,Not Available,Not Available,Not Available,,Not Available
4685760-20260219-115726,12499557,IN C&B : Sunrise Extra - FS,NP,NP,PRODUCT DESC: NESCAFE SUNRISE STRONG 12(5X200g) IN,Exact Product Code Match
4685760-20260204-114206,12602687,IN C&B : Nescafe Sunrise Large Packs,BEVERAGES,F&B,,Exact Product Code Match
4685760-20260105-121032,,Not Available,Not Available,Not Available,"BILLED; MAGGI CUPPA CHILLI NDLS 48X70G N2 IN; MAGGI CUPPA MASALA NOODLES 48X70G,",Not Available
4808207-20260119-161513,,Not Available,Not Available,Not Available,,Not Available
7466101-20260425-135952,,Not Available,Not Available,Not Available,,Not Available
601408-20260625-103410,,Not Available,Not Available,Not Available,,Not Available
601408-20260625-105526,,Not Available,Not Available,Not Available,,Not Available
601408-20260409-091137,,Not Available,Not Available,Not Available,,Not Available
601408-20260409-092332,,Not Available,Not Available,Not Available,,Not Available
601408-20260327-144038,,Not Available,Not Available,Not Available,,Not Available
5444484-20260128-124659,12359021,IN C&B : Sunrise Extra - FS,NP,NP,SUNRISE EXTRA 12(5*200G),Exact Product Code Match
5444484-20260120-132834,13632235,IN NSB : Lactogen 2,INFANT NUTRITION,NN,LACTOGEN 2 (24*400G),Exact Product Code Match
5444484-20260120-134750,13678304,IN CUL : MAGGI NDLS-SpecialMasala,CULINARY,F&B,MAGGI SPEC MAS 24*300G,Exact Product Code Match
7038326-20260627-011512,,Not Available,Not Available,Not Available,,Not Available
970494-20260317-181156,,Not Available,Not Available,Not Available,,Not Available
970494-20260317-181351,,Not Available,Not Available,Not Available,,Not Available
970494-20260223-120732,12603840,IN C&B : Nescafe Sunrise Large Packs,BEVERAGES,F&B,,Exact Product Code Match
1996721-20260509-173238,14378778,IN C&C : Munch,CHOCOLATE,F&B,,Exact Product Code Match
1996721-20260509-173238,12956336,IN C&C : Munch Maxx,CHOCOLATE,F&B,,Exact Product Code Match
1996721-20260509-173238,13718181,IN C&C : Kitkat,CHOCOLATE,F&B,,Exact Product Code Match
1996721-20260509-173238,13737115,IN C&C : Kitkat,CHOCOLATE,F&B,,Exact Product Code Match
1996721-20260509-173238,14506414,IN NSB : Nestum 3,INFANT NUTRITION,NN,,Exact Product Code Match
1996721-20260509-173238,12610048,IN NSB : Cerelac 3,INFANT NUTRITION,NN,,Exact Product Code Match
1996721-20260509-173238,12518426,IN NSB : NAN PRO 2,INFANT NUTRITION,NN,,Exact Product Code Match
1996721-20260404-150823,13757661,IN C&C : Polo,CONFECTIONARY,F&B,POLO BIG ROLL JAR 12((68+4)X13.5G)4UFr IN,Exact Product Code Match
1996721-20260121-152812,,Not Available,Not Available,Not Available,,Not Available
7319065-20260609-180858,,Not Available,Not Available,Not Available,,Not Available
7319065-20260207-083000,,Not Available,Not Available,Not Available,,Not Available
7453150-20260601-141540,,Not Available,Not Available,Not Available,,Not Available
7453150-20260307-120657,,Not Available,Not Available,Not Available,SHORTAGE RECEIVED ON 04-03-2026 1.; MILKYBAR moosha Ctln 12(15x40.5g) IN - 1CS; MAGGI Ntr-Ics Atta 96x72.5g RC 2 IN- 20PCS,Not Available
601426-20260411-131123,13680372,IN CUL : Noodles,CULINARY,F&B,MAGGI 2-MINN Masala 16x450g N1 IN,Exact Product Code Match
3101322-20260514-173128,13688323,IN CUL : Noodles,CULINARY,F&B,MAGGI 2-MINN Mas Pbg 5((23+1)x75g) N3 IN,Exact Product Code Match
3101322-20260514-173629,12584920,IN SSD : Milkmaid SCM,DAIRY,F&B,MILKMAID SCM EOE Tin 48x 380g N2 IN,Exact Product Code Match
3101322-20260302-143642,13767984,IN C&C : Polo,CONFECTIONARY,F&B,POLO Mini Jar12(120x7.5g)IN,Exact Product Code Match
6958240-20260401-120255,13679901,IN CUL : Noodles,CULINARY,F&B,,Exact Product Code Match
6958240-20260401-120255,13680372,IN CUL : Noodles,CULINARY,F&B,,Exact Product Code Match
6958240-20260307-123006,,Not Available,Not Available,Not Available,,Not Available
601440-20260406-122308,,Not Available,Not Available,Not Available,,Not Available
7256641-20260623-144527,14511910,IN C&B : Nescafe Sunrise Large Packs,BEVERAGES,F&B,NESC SUNRISE Jar 12x90g PR Mug Fr NR4 IN,Exact Product Code Match
7256641-20260615-114056,12606043,IN CUL : Sauces,CULINARY,F&B,Product Des :MAGGI HOT & SWEET 24x200g N2 IN,Exact Product Code Match
7256641-20260529-114302,12603818,IN C&B : Nescafe Sunrise Large Packs,BEVERAGES,F&B,Product Des :NESCAFE SUNRISE Stabilo 80x90g TN NR IN,Exact Product Code Match
7256641-20260529-121419,12624782,IN C&C : Kitkat Tablets,CHOCOLATE,F&B,KIT KAT Tablet Caramel 12(12x50g)N4 IN,Exact Product Code Match
7256641-20260526-122529,14508794,IN C&B : Nescafe Classic Large Packs,BEVERAGES,F&B,Product Name NESCAFE CLAS Jar 24x90g PR 70 Off IN,Exact Product Code Match
7256641-20260526-122640,12559339,IN CUL : MAGGI NDLS - FLAVOURS,CULINARY,F&B,Product Name MAGGI 2-MINN Spicy Manchurian 96x61g IN,Exact Product Code Match
7256641-20260526-122753,,Not Available,Not Available,Not Available,,Not Available
7256641-20260511-145124,13718181,IN C&C : Kitkat,CHOCOLATE,F&B,KIT KAT 2F 24(30x22.1g) In,Exact Product Code Match
7256641-20260422-162520,,Not Available,Not Available,Not Available,,Not Available
7256641-20260408-120856,12516486,IN SSD : Nescafe RTD Cold Coffee,DAIRY,F&B,NESC RTD Int 30x180ml NR PaperStrw N1,Exact Product Code Match
7256641-20260403-111917,13776709,IN C&C : Milkybar Choo,CHOCOLATE,F&B,MILKYBAR Moosha Ctln 12(15x40.5g) IN,Exact Product Code Match
7083699-20260516-123051,,Not Available,Not Available,Not Available,,Not Available
7216265-20260516-190556,,Not Available,Not Available,Not Available,,Not Available
7216265-20260502-180620,,Not Available,Not Available,Not Available,,Not Available
7216265-20260228-113713,,Not Available,Not Available,Not Available,,Not Available
7216265-20260228-114532,,Not Available,Not Available,Not Available,no- 1099838082 Kitkat Tablet Caramel - 1 cs (90 rs ) batch code- 60370454x2 Above,Not Available
7216265-20260131-175656,12620350,IN C&C : Kitkat-IMP,SI,SI,,Exact Product Code Match
7060882-20260212-134807,12567336,IN SSD : MILO RTD,DAIRY,F&B,,Exact Product Code Match
6077584-20260424-132423,,Not Available,Not Available,Not Available,,Not Available
7231947-20260313-143322,,Not Available,Not Available,Not Available,,Not Available
7231947-20260313-144159,,Not Available,Not Available,Not Available,,Not Available
601476-20260611-121617,,Not Available,Not Available,Not Available,,Not Available
601476-20260525-133657,,Not Available,Not Available,Not Available,,Not Available
601476-20260403-160256,12610095,IN SSD : Nescafe RTD Cold Coffee,DAIRY,F&B,,Exact Product Code Match
6310775-20260328-194016,,Not Available,Not Available,Not Available,,Not Available
6310775-20260309-212852,,Not Available,Not Available,Not Available,,Not Available
6310775-20260213-132935,,Not Available,Not Available,Not Available,,Not Available
7459084-20260605-133446,12400230,TH Pet DryDogPremium 2001-5000g.,PETCARE,PETCARE,SUPERCOAT ADULT 20KG; SUPERCOAT ADULT 10KG,Exact Product Code Match
7459084-20260605-133446,12353192,TH Pet DryDogPremium 2001-5000g.,PETCARE,PETCARE,SUPERCOAT ADULT 20KG; SUPERCOAT ADULT 10KG,Exact Product Code Match
7459084-20260603-120404,12518403,IN PP: PROPLAN Puppy,PETCARE,PETCARE,PRODUCT CODE : PRO PLAN PUPPY Large Breed Chkn 15kg XI,Exact Product Code Match
7459084-20260603-120404,12518384,IN PP: PROPLAN Puppy,PETCARE,PETCARE,PRODUCT CODE : PRO PLAN PUPPY Large Breed Chkn 15kg XI,Exact Product Code Match
7459084-20260603-120404,12353195,TH Pet DryDogPremium 0-1500g,PETCARE,PETCARE,PRODUCT CODE : PRO PLAN PUPPY Large Breed Chkn 15kg XI,Exact Product Code Match
7459084-20260603-123245,12353192,TH Pet DryDogPremium 2001-5000g.,PETCARE,PETCARE,SUPERCOAT ALL BREED ADULT 10KG; SUPERCOAT PUPPY CHICKEN 10KG; PROPLAN ADULT PERFORMANCE 12KG,Exact Product Code Match
7459084-20260603-123245,12353195,TH Pet DryDogPremium 0-1500g,PETCARE,PETCARE,SUPERCOAT ALL BREED ADULT 10KG; SUPERCOAT PUPPY CHICKEN 10KG; PROPLAN ADULT PERFORMANCE 12KG,Exact Product Code Match
7459084-20260603-123245,12518385,IN PP: PROPLAN Adult,PETCARE,PETCARE,SUPERCOAT ALL BREED ADULT 10KG; SUPERCOAT PUPPY CHICKEN 10KG; PROPLAN ADULT PERFORMANCE 12KG,Exact Product Code Match
7459084-20260526-170039,,Not Available,Not Available,Not Available,,Not Available
7012481-20260622-121025,,Not Available,Not Available,Not Available,,Not Available
7012481-20260615-125630,,Not Available,Not Available,Not Available,,Not Available
7012481-20260615-130040,,Not Available,Not Available,Not Available,,Not Available
7012481-20260615-130401,,Not Available,Not Available,Not Available,,Not Available
7012481-20260615-130630,,Not Available,Not Available,Not Available,,Not Available
7012481-20260425-165405,,Not Available,Not Available,Not Available,,Not Available
7012481-20260412-180242,,Not Available,Not Available,Not Available,,Not Available
7012481-20260406-141247,,Not Available,Not Available,Not Available,,Not Available
7012481-20260319-135858,,Not Available,Not Available,Not Available,,Not Available
7012481-20260319-140130,,Not Available,Not Available,Not Available,,Not Available
7012481-20260319-140458,,Not Available,Not Available,Not Available,,Not Available
7012481-20260219-130421,,Not Available,Not Available,Not Available,,Not Available
7012481-20260207-150318,,Not Available,Not Available,Not Available,,Not Available
7012481-20260131-124828,,Not Available,Not Available,Not Available,,Not Available
7586580-20260421-122611,12610509,IN SSD : EveryDay DW,DAIRY,F&B,EVERYDAY DW 12x1kg NR KL IN; MAGGI HOT & SWEET 12x1Kg N1 IN; MAGGI HOT & SWEET 24x500g N1 IN,Exact Product Code Match
7586580-20260421-122611,12601755,IN CUL : Sauces,CULINARY,F&B,EVERYDAY DW 12x1kg NR KL IN; MAGGI HOT & SWEET 12x1Kg N1 IN; MAGGI HOT & SWEET 24x500g N1 IN,Exact Product Code Match
7586580-20260421-122611,60650455,Not Available,Not Available,Not Available,EVERYDAY DW 12x1kg NR KL IN; MAGGI HOT & SWEET 12x1Kg N1 IN; MAGGI HOT & SWEET 24x500g N1 IN,Not Available
7586580-20260421-122611,12601761,IN CUL : Sauces,CULINARY,F&B,EVERYDAY DW 12x1kg NR KL IN; MAGGI HOT & SWEET 12x1Kg N1 IN; MAGGI HOT & SWEET 24x500g N1 IN,Exact Product Code Match
7586580-20260421-122611,60720455,Not Available,Not Available,Not Available,EVERYDAY DW 12x1kg NR KL IN; MAGGI HOT & SWEET 12x1Kg N1 IN; MAGGI HOT & SWEET 24x500g N1 IN,Not Available
7566631-20260420-113028,12585137,IN NSB : Lactogen 4,INFANT NUTRITION,NN,,Exact Product Code Match
7566631-20260321-115737,12607948,IN NSB : Cerelac 2,INFANT NUTRITION,NN,,Exact Product Code Match
7566631-20260321-115737,60440453,Not Available,Not Available,Not Available,,Not Available
7566631-20260321-115851,12617857,IN NSB : NAN EXCELLAPRO 1,INFANT NUTRITION,NN,,Exact Product Code Match
7566631-20260321-115851,60260453,Not Available,Not Available,Not Available,,Not Available
7566631-20260321-115946,12616932,IN SSD : Nescafe RTD Cold Coffee,DAIRY,F&B,NESCAFE Iced Frappe Cnd 60x170ml IN; MAG Cuppa Spicy Garlic Ndls 48x70.5g IN,Exact Product Code Match
7566631-20260321-115946,60637742,Not Available,Not Available,Not Available,NESCAFE Iced Frappe Cnd 60x170ml IN; MAG Cuppa Spicy Garlic Ndls 48x70.5g IN,Not Available
7566631-20260321-115946,12630048,IN CUL : Noodles Cup,CULINARY,F&B,NESCAFE Iced Frappe Cnd 60x170ml IN; MAG Cuppa Spicy Garlic Ndls 48x70.5g IN,Exact Product Code Match
7566631-20260321-115946,60410451,Not Available,Not Available,Not Available,NESCAFE Iced Frappe Cnd 60x170ml IN; MAG Cuppa Spicy Garlic Ndls 48x70.5g IN,Not Available
7566631-20260321-115946,13718181,IN C&C : Kitkat,CHOCOLATE,F&B,NESCAFE Iced Frappe Cnd 60x170ml IN; MAG Cuppa Spicy Garlic Ndls 48x70.5g IN,Exact Product Code Match
7566631-20260321-115946,60680454,Not Available,Not Available,Not Available,NESCAFE Iced Frappe Cnd 60x170ml IN; MAG Cuppa Spicy Garlic Ndls 48x70.5g IN,Not Available
6754856-20260611-144828,,Not Available,Not Available,Not Available,,Not Available
6754856-20260611-144938,,Not Available,Not Available,Not Available,,Not Available
6754856-20260611-145138,,Not Available,Not Available,Not Available,,Not Available
6754856-20260407-150200,,Not Available,Not Available,Not Available,,Not Available
6754856-20260214-123639,,Not Available,Not Available,Not Available,,Not Available
6754856-20260120-103243,,Not Available,Not Available,Not Available,,Not Available
7560358-20260314-111112,,Not Available,Not Available,Not Available,,Not Available
7368848-20260109-180454,,Not Available,Not Available,Not Available,,Not Available
7098872-20260212-154243,12584334,IN C&B : Nescafe Classic Large Packs,BEVERAGES,F&B,. Spicy Garlic 100/,Exact Product Code Match
7098872-20260212-154243,12559235,Not Available,Not Available,Not Available,. Spicy Garlic 100/,Not Available
6935414-20260610-141028,13001902,IN C&B : Nescafe Sunrise Large Packs,BEVERAGES,F&B,14503951,Exact Product Code Match
6935414-20260528-115430,12603852,IN CUL : Sauces,CULINARY,F&B,,Exact Product Code Match
6935414-20260528-115734,13776709,IN C&C : Milkybar Choo,CHOCOLATE,F&B,,Exact Product Code Match
6935414-20260407-124026,12586404,IN CUL : Noodles Value Added,CULINARY,F&B,,Exact Product Code Match
6935414-20260407-124442,12586404,IN CUL : Noodles Value Added,CULINARY,F&B,,Exact Product Code Match
6935414-20260401-130452,12628829,IN CUL : Noodles,CULINARY,F&B,12586420,Exact Product Code Match
6935414-20260309-190938,12729796,IN CUL : Masala-ae-Magic,CULINARY,F&B,,Exact Product Code Match
6935414-20260225-120405,12616941,IN SSD : Nescafe RTD Cold Coffee,DAIRY,F&B,,Exact Product Code Match
6819782-20260606-104236,,Not Available,Not Available,Not Available,,Not Available
6819782-20260410-181805,,Not Available,Not Available,Not Available,,Not Available
6819782-20260330-155758,,Not Available,Not Available,Not Available,,Not Available
6819782-20260314-091745,,Not Available,Not Available,Not Available,,Not Available
6819782-20260109-121948,,Not Available,Not Available,Not Available,,Not Available
3593882-20260319-114241,,Not Available,Not Available,Not Available,,Not Available
6793235-20260306-102713,12534452,IN PP: PROPLAN Puppy,PETCARE,PETCARE,,Exact Product Code Match
6625977-20260223-181902,13680299,IN CUL : Noodles,CULINARY,F&B,MAGGI 2-MINS MAS 16*450G PR RS4 OFF IN,Exact Product Code Match
7465624-20260213-120606,,Not Available,Not Available,Not Available,,Not Available
7320085-20260616-121106,,Not Available,Not Available,Not Available,,Not Available
6248455-20260612-090338,,Not Available,Not Available,Not Available,,Not Available
6248455-20260529-115821,,Not Available,Not Available,Not Available,,Not Available
6248455-20260521-163146,,Not Available,Not Available,Not Available,,Not Available
6248455-20260521-163719,,Not Available,Not Available,Not Available,,Not Available
6248455-20260507-180115,,Not Available,Not Available,Not Available,,Not Available
6248455-20260423-203759,,Not Available,Not Available,Not Available,,Not Available
6248455-20260406-135141,,Not Available,Not Available,Not Available,,Not Available
6248455-20260327-155847,,Not Available,Not Available,Not Available,,Not Available
6248455-20260327-160035,,Not Available,Not Available,Not Available,,Not Available
6248455-20260318-092645,,Not Available,Not Available,Not Available,,Not Available
6248455-20260310-153015,,Not Available,Not Available,Not Available,,Not Available
6248455-20260226-123440,,Not Available,Not Available,Not Available,,Not Available
6248455-20260213-091732,,Not Available,Not Available,Not Available,,Not Available
6248455-20260207-181711,,Not Available,Not Available,Not Available,,Not Available
6248455-20260103-071517,,Not Available,Not Available,Not Available,,Not Available
601517-20260509-103234,,Not Available,Not Available,Not Available,,Not Available
601517-20260428-094940,14378939,IN C&B : Nescafe Sunrise Small Packs,BEVERAGES,F&B,,Exact Product Code Match
601517-20260317-084229,12585176,IN NSB : Lactogen 3,INFANT NUTRITION,NN,,Exact Product Code Match
601517-20260303-081111,12601755,IN CUL : Sauces,CULINARY,F&B,,Exact Product Code Match
601517-20260203-221809,,Not Available,Not Available,Not Available,,Not Available
601526-20260417-105054,12531641,IN C&C : Kitkat,CHOCOLATE,F&B,NO OF,Exact Product Code Match
7276075-20260512-173736,,Not Available,Not Available,Not Available,,Not Available
7276075-20260512-174143,14102109,IN C&C : Milkybar,CHOCOLATE,F&B,PRODUCT DESCRIPTION MILKYBAR MOULD 16(24*24.5G)PR PUZZLE FR IN 8 BOXES HAS BEEN MISSED IN THIS,Exact Product Code Match
601532-20260323-175939,12630063,IN CUL : Noodles Cup,CULINARY,F&B,,Exact Product Code Match
3595640-20260612-153820,,Not Available,Not Available,Not Available,,Not Available
3595640-20260404-145727,19023010,Not Available,Not Available,Not Available,MRP - 87 MAGGI 2 MINN Mas 24*450g PR Rs 4 off IN - 4 CS Shortages,Not Available
7356847-20260105-112052,,Not Available,Not Available,Not Available,milky bar choo strawberry sbg 64(9*11g),Not Available
5660941-20260506-101104,14503947,IN CUL : Noodles Value Added,CULINARY,F&B,,Exact Product Code Match
7328904-20260221-130229,12458982,IN C&B : Nescafe Gold - Retail,BEVERAGES,F&B,Nescafe Gold Blend Int5 12X50g N1 IN No Of,Exact Product Code Match
601543-20260616-171947,12581886,IN CUL : Coconut Milk Powder - FS,NP,NP,,Exact Product Code Match
6217756-20260428-173738,,Not Available,Not Available,Not Available,,Not Available
7532371-20260228-153930,12531641,IN C&C : Kitkat,CHOCOLATE,F&B,Kit Kat 3F 18(28x28.5g) IN,Exact Product Code Match
5533884-20260619-205013,12606782,IN C&B : Nescafe Classic Large Packs,BEVERAGES,F&B,,Exact Product Code Match
5533884-20260616-103154,12601933,IN NSB : Cerelac 1,INFANT NUTRITION,NN,,Exact Product Code Match
5533884-20260608-182750,12601933,IN NSB : Cerelac 1,INFANT NUTRITION,NN,,Exact Product Code Match
5533884-20260520-203615,12579448,IN NSB : Lactogen 1,INFANT NUTRITION,NN,,Exact Product Code Match
5533884-20260520-203615,12584920,IN SSD : Milkmaid SCM,DAIRY,F&B,,Exact Product Code Match
5533884-20260507-191824,12601933,IN NSB : Cerelac 1,INFANT NUTRITION,NN,,Exact Product Code Match
5533884-20260501-205140,12601933,IN NSB : Cerelac 1,INFANT NUTRITION,NN,,Exact Product Code Match
5533884-20260412-172312,12601932,IN NSB : Cerelac 1,INFANT NUTRITION,NN,,Exact Product Code Match
5533884-20260404-192238,12616941,IN SSD : Nescafe RTD Cold Coffee,DAIRY,F&B,,Exact Product Code Match
5533884-20260402-205739,14033996,IN CUL : Masala-ae-Magic,CULINARY,F&B,,Exact Product Code Match
5533884-20260326-204214,12607948,IN NSB : Cerelac 2,INFANT NUTRITION,NN,,Exact Product Code Match
5533884-20260216-224158,12610063,IN C&C : Polo,CONFECTIONARY,F&B,,Exact Product Code Match
5533884-20260216-224158,12562440,IN SSD : UHT Milk - Toned,DAIRY,F&B,,Exact Product Code Match
5533884-20260123-181745,12606197,IN C&B : Nescafe Classic Large Packs,BEVERAGES,F&B,,Exact Product Code Match
5533884-20260119-185425,12585137,IN NSB : Lactogen 4,INFANT NUTRITION,NN,,Exact Product Code Match
5533884-20260104-093957,12569989,IN CUL : MAGGI NDLS - KOREAN,CULINARY,F&B,,Exact Product Code Match
5533884-20260104-095319,12623305,IN CUL : MAGGI NDLS - KOREAN,CULINARY,F&B,,Exact Product Code Match
601632-20260506-105038,,Not Available,Not Available,Not Available,,Not Available
601632-20260325-110200,,Not Available,Not Available,Not Available,,Not Available
5802282-20260629-103647,,Not Available,Not Available,Not Available,,Not Available
5802282-20260626-131250,14356092,IN C&B : Nescafe Sunrise Large Packs,BEVERAGES,F&B,We are short of 36 pcs. Kindly dispatch the remaining 36 pcs immediately to avoid any production delay.,Exact Product Code Match
5802282-20260522-174147,,Not Available,Not Available,Not Available,MAGGI Ntr-lcs Atta 96*72.5G,Not Available
5802282-20260519-170505,12608551,IN CUL : Noodles,CULINARY,F&B,prooduct name:MAGGI 2-MINN Masala 12x600g N1 IN mrp116.00,Exact Product Code Match
601550-20260511-094958,,Not Available,Not Available,Not Available,,Not Available
5802282-20260501-103338,12559252,IN CUL : MAGGI NDLS - FLAVOURS,CULINARY,F&B,MAGGI 2-MIN Spicy Manchurian 24x244g IN,Exact Product Code Match
601550-20260429-150608,,Not Available,Not Available,Not Available,,Not Available
601550-20260423-145158,,Not Available,Not Available,Not Available,,Not Available
5802282-20260323-130548,12625864,IN NSB : Nestum 1,INFANT NUTRITION,NN,NESTUM STAGE 1 Rice BIB 24x300g N4 IN; MUNCH Cereal 216x19g PR MB Choo IN,Exact Product Code Match
5802282-20260323-130548,14118476,IN CPW : Munch Cereals,BREAKFAST CEREAL,NBC,NESTUM STAGE 1 Rice BIB 24x300g N4 IN; MUNCH Cereal 216x19g PR MB Choo IN,Exact Product Code Match
5802282-20260323-130633,13722293,IN CPW : Munch Choco Fills,BREAKFAST CEREAL,NBC,MUNCH Cereal Choco Fills 216x17g IN,Exact Product Code Match
5802282-20260323-130719,12609878,IN NSB : Cerelac 4,INFANT NUTRITION,NN,CERELAC STG 4 MU Fruit 24x300g WS IN,Exact Product Code Match
5802282-20260323-130835,12559252,IN CUL : MAGGI NDLS - FLAVOURS,CULINARY,F&B,MAGGI 2-MIN Spicy Manchurian 24x244g IN,Exact Product Code Match
5802282-20260306-103323,12609878,IN NSB : Cerelac 4,INFANT NUTRITION,NN,CERELAC STG 4 MU Fruit 24x300g WS IN,Exact Product Code Match
5802282-20260306-103951,12559252,IN CUL : MAGGI NDLS - FLAVOURS,CULINARY,F&B,MAGGI 2-MIN Spicy Manchurian 24x244g IN,Exact Product Code Match
5802282-20260303-132503,12625864,IN NSB : Nestum 1,INFANT NUTRITION,NN,NESTUM STAGE 1 Rice BIB 24x300g N4 IN; MUNCH Cereal 216x19g PR MB Choo IN,Exact Product Code Match
5802282-20260303-132503,14118476,IN CPW : Munch Cereals,BREAKFAST CEREAL,NBC,NESTUM STAGE 1 Rice BIB 24x300g N4 IN; MUNCH Cereal 216x19g PR MB Choo IN,Exact Product Code Match
5802282-20260303-132815,13722293,IN CPW : Munch Choco Fills,BREAKFAST CEREAL,NBC,MUNCH Cereal Choco Fills 216x17g IN,Exact Product Code Match
5802282-20260120-121628,12585137,IN NSB : Lactogen 4,INFANT NUTRITION,NN,LACTOGEN PRO 4 BIB 24x400g IN,Exact Product Code Match
5802282-20260110-161649,12595301,IN CUL : Sauces,CULINARY,F&B,MAGGI Sauce NONG 24x485g N1 IN,Exact Product Code Match
5802282-20260108-125926,13679901,IN CUL : Noodles,CULINARY,F&B,MAGGI 2-MASALA 96*75G,Exact Product Code Match
5802282-20260108-130227,,Not Available,Not Available,Not Available,KIT KAT TAB CARAMEL12(12*50G),Not Available
601550-20260108-131342,,Not Available,Not Available,Not Available,,Not Available
601550-20260108-131546,,Not Available,Not Available,Not Available,,Not Available
5257100-20260403-115419,12312522,IN C&B : Nescafe Frappe Premix - FS,NP,NP,,Exact Product Code Match
7442727-20260212-124726,13718181,IN C&C : Kitkat,CHOCOLATE,F&B,,Exact Product Code Match
7447235-20260520-113330,,Not Available,Not Available,Not Available,WHEAT APPLE 400G DESCRIPTION: ONE PIECE OF WHEAT APPLE 400G,Not Available
7447235-20260509-140408,,Not Available,Not Available,Not Available,EVERYDAY DAIRY CREAMER 400G DESCRIPTION: ONE,Not Available
7447235-20260506-152425,,Not Available,Not Available,Not Available,NESCAFE GOLD BLEND 90G DESCRIPTION : ONE,Not Available
7447235-20260425-114712,,Not Available,Not Available,Not Available,MAGGI CHKN 76G DESCRIPTION: ONE,Not Available
7447235-20260408-141537,,Not Available,Not Available,Not Available,HAZELNUT CRUNCH 120G DESCRIPTION,Not Available
7447235-20260325-112358,,Not Available,Not Available,Not Available,kit kat tablet rich choc 10(6*150g) Description : 1case,Not Available
7459087-20260622-164048,14515595,IN C&B : Nescafe Sunrise Large Packs,BEVERAGES,F&B,Product: NESCAFE SUNRISE Jar 30x45g NR4 30 Off IN,Exact Product Code Match
7459087-20260611-163236,13680087,IN CUL : Noodles,CULINARY,F&B,Product: MAGGI 2-MINN Mas 24x300g PR Rs 2 Off IN,Exact Product Code Match
7459087-20260513-180410,13107571,IN NSB : Nestogen 1,INFANT NUTRITION,NN,Product: NESTLE NESTOGEN1 BIB24x400gINNN004-1NRIN,Exact Product Code Match
7459087-20260513-180534,12296327,IN SSD : UHT Milk - Slim,DAIRY,F&B,Product: NESTLE SLIM Skmd Milk TBrik 12x1L N5 IN,Exact Product Code Match
7459087-20260413-164100,14445547,IN CUL : Noodles,CULINARY,F&B,Product: MAGGI 2-MINN Masala 96x75g N2 IN,Exact Product Code Match
7459087-20260413-164303,14505767,IN C&B : Nescafe Classic Large Packs,BEVERAGES,F&B,Product: NESCAFE CLASSIC Jar 15x180g PR 145Off IN,Exact Product Code Match
7459087-20260413-164329,12615615,IN NSB : NANGROW,INFANT NUTRITION,NN,Product: NANGROW 24x400g JEFB001-2 N1 IN,Exact Product Code Match
7459087-20260406-181552,12526099,IN CUL : MAGGI - IMP,SI,SI,Product: MAGGI Coconut Milk Liquid 6(6x180ml) IN,Exact Product Code Match
7459087-20260330-122511,12629157,IN C&C : Kitkat,CHOCOLATE,F&B,Product: KIT KAT 2F MINI 24(42x13.2g) IN,Exact Product Code Match
7459087-20260225-110141,13700492,IN C&B : Nescafe Sunrise Small Packs,BEVERAGES,F&B,Product: NESC SUNRISE Sac 30(156x1.3g)TPBLR IN,Exact Product Code Match
7459087-20260225-110231,13680299,IN CUL : Noodles,CULINARY,F&B,Product: MAGGI 2-MINN Mas 16x450g PR Rs 4 Off IN,Exact Product Code Match
7459087-20260214-170920,14378778,IN C&C : Munch,CHOCOLATE,F&B,Product: MUNCH Twin Bar 24(24x19.8g) NR IN,Exact Product Code Match
7459087-20260214-171015,13679901,IN CUL : Noodles,CULINARY,F&B,Product: MAGGI 2-MINN Masala 96x75g IN,Exact Product Code Match
7459087-20260211-172800,13680299,IN CUL : Noodles,CULINARY,F&B,Product: MAGGI 2-MINN Mas 16x450g PR Rs 4 Off IN,Exact Product Code Match
7459087-20260124-163518,12586404,IN CUL : Noodles Value Added,CULINARY,F&B,Product: MAGGI Ntr-lcs Atta 16x435g RC 2 IN,Exact Product Code Match
7459087-20260121-124200,12629157,IN C&C : Kitkat,CHOCOLATE,F&B,Product: KIT KAT 2F MINI 24(42x13.2g) IN,Exact Product Code Match
7459087-20260121-124400,12559238,IN CUL : MAGGI NDLS - FLAVOURS,CULINARY,F&B,Product: MAGGI 2-MIN Spicy Garlic 24x248g IN,Exact Product Code Match
7459087-20260105-180255,12630048,IN CUL : Noodles Cup,CULINARY,F&B,Product:MAG Cuppa Spicy Garlic Ndls 48x70.5g IN,Exact Product Code Match
7459087-20260101-182140,12621098,IN C&C : Kitkat Tablets,CHOCOLATE,F&B,Product:KIT KAT Gooey Salted Crml 10(6x112g) IN,Exact Product Code Match
7459087-20260101-182140,12629234,IN C&C : Kitkat,CHOCOLATE,F&B,Product:KIT KAT Gooey Salted Crml 10(6x112g) IN,Exact Product Code Match
6007542-20260325-133935,60024176,Not Available,Not Available,Not Available,KIT KAT Hazelnut Crunch 10(6x120g),Not Available
6007542-20260319-175344,12629157,IN C&C : Kitkat,CHOCOLATE,F&B,KIT KAT 2F MINI 24(42X13.2g)IN,Exact Product Code Match
601559-20260323-105538,,Not Available,Not Available,Not Available,,Not Available
601559-20260316-104609,,Not Available,Not Available,Not Available,,Not Available
601559-20260205-174837,,Not Available,Not Available,Not Available,,Not Available
601559-20260119-113122,,Not Available,Not Available,Not Available,,Not Available
601559-20260112-115905,,Not Available,Not Available,Not Available,,Not Available
601559-20260105-105035,,Not Available,Not Available,Not Available,,Not Available
601564-20260407-150555,,Not Available,Not Available,Not Available,,Not Available
601564-20260407-151212,,Not Available,Not Available,Not Available,,Not Available
601564-20260407-151640,,Not Available,Not Available,Not Available,,Not Available
601564-20260407-152209,,Not Available,Not Available,Not Available,,Not Available
601564-20260407-152630,,Not Available,Not Available,Not Available,,Not Available
601564-20260407-153157,,Not Available,Not Available,Not Available,,Not Available
601564-20260407-153450,,Not Available,Not Available,Not Available,,Not Available
3030771-20260624-105942,12559592,IN CUL : Pazzta,CULINARY,F&B,,Exact Product Code Match
3030771-20260624-110119,12623517,IN CUL : Noodles,CULINARY,F&B,,Exact Product Code Match
601572-20260321-125205,13718223,IN C&C : Milkybar,CHOCOLATE,F&B,milkybar 30x13.2g,Exact Product Code Match
6801093-20260216-154250,,Not Available,Not Available,Not Available,,Not Available
5962679-20260514-160023,12579448,IN NSB : Lactogen 1,INFANT NUTRITION,NN,LACTOGEN PRO1 BIB 24x400g INNWPB176 IN,Exact Product Code Match
7005926-20260617-124051,14508794,IN C&B : Nescafe Classic Large Packs,BEVERAGES,F&B,,Exact Product Code Match
7005926-20260312-144651,13680206,IN CUL : Noodles,CULINARY,F&B,,Exact Product Code Match
7005926-20260312-145313,12579461,IN NSB : Lactogen 1,INFANT NUTRITION,NN,,Exact Product Code Match
7005926-20260212-153346,12601932,IN NSB : Cerelac 1,INFANT NUTRITION,NN,CERELAC STG 1 Wheat Apple ZS 24x350 g IN,Exact Product Code Match
7327061-20260610-112054,13737115,IN C&C : Kitkat,CHOCOLATE,F&B,INV NUMBER 1099854501 DATED 08.06.2026,Exact Product Code Match
6863779-20260526-130437,,Not Available,Not Available,Not Available,,Not Available
6863779-20260411-172154,,Not Available,Not Available,Not Available,,Not Available
7557703-20260606-164257,,Not Available,Not Available,Not Available,MAGGI 2-MINN Mas 24x300g PR Rs 2 Off IN,Not Available
7557703-20260604-140155,,Not Available,Not Available,Not Available,Maggi 2-Minn Chkn 24*304g IN,Not Available
7090083-20260514-133328,12614433,IN C&C : Kitkat Tablets,CHOCOLATE,F&B,Name : KIT KAT Tablet Dark 12(12x50g),Exact Product Code Match
7090083-20260128-092719,13797726,IN CUL : Masala-ae-Magic,CULINARY,F&B,MAGGI MeM 16(2(60x6g) PR B5G1,Exact Product Code Match
7227511-20260527-181525,12463609,IN C&B : Cardamom Tea Premix - FS,NP,NP,NESTEA Cardamom Tea 16x1Kg IN; MILKMAID Partly Skimmed SCM Tin 4x5kg IN,Exact Product Code Match
7227511-20260527-181525,12230487,IN SSD : Milkmaid SCM – FS,NP,NP,NESTEA Cardamom Tea 16x1Kg IN; MILKMAID Partly Skimmed SCM Tin 4x5kg IN,Exact Product Code Match
7227511-20260314-161200,13718181,IN C&C : Kitkat,CHOCOLATE,F&B,KIT KAT 2F 24(30x22.1g) IN,Exact Product Code Match
7253085-20260602-213744,14378778,IN C&C : Munch,CHOCOLATE,F&B,PRODUCT DETAILS - MUNCH TWIN BAR 24(24X19.8g)NR IN,Exact Product Code Match
7253085-20260602-214651,12601933,IN NSB : Cerelac 1,INFANT NUTRITION,NN,PRODUCT DETAILS - CERELAC STG 1 RICE ZS 24 X 300g IN,Exact Product Code Match
7253085-20260508-114349,12587374,IN C&C : Kitkat,CHOCOLATE,F&B,PRODUCT DETAILS - KIT KAT 18X1F SHAREBAG 64X 133.2G IN,Exact Product Code Match
5038599-20260512-153020,,Not Available,Not Available,Not Available,,Not Available
6151677-20260621-130413,,Not Available,Not Available,Not Available,,Not Available
6151677-20260620-172311,,Not Available,Not Available,Not Available,,Not Available
6151677-20260620-174050,12584920,IN SSD : Milkmaid SCM,DAIRY,F&B,,Exact Product Code Match
6151677-20260620-174050,12616251,IN CUL : Noodles Chicken,CULINARY,F&B,,Exact Product Code Match
6151677-20260620-174050,14511910,IN C&B : Nescafe Sunrise Large Packs,BEVERAGES,F&B,,Exact Product Code Match
601607-20260618-203108,,Not Available,Not Available,Not Available,,Not Available
601607-20260111-130318,,Not Available,Not Available,Not Available,,Not Available
4409276-20260624-184933,12726758,IN CUL : Masala-ae-Magic,CULINARY,F&B,MAGGI Masala-ae-Magic Sbg 60x72g N2 IN,Exact Product Code Match
4409276-20260504-175129,,Not Available,Not Available,Not Available,,Not Available
4409276-20260421-201216,,Not Available,Not Available,Not Available,,Not Available
4409276-20260421-201546,,Not Available,Not Available,Not Available,,Not Available
4409276-20260417-132928,,Not Available,Not Available,Not Available,,Not Available
7595920-20260613-111639,12608496,IN CUL : Noodles,CULINARY,F&B,MAGGI 2-MINN Masala 48x150g N1 IN,Exact Product Code Match
7354266-20260606-203502,,Not Available,Not Available,Not Available,,Not Available
7198893-20260629-224730,,Not Available,Not Available,Not Available,,Not Available
7198893-20260511-160510,,Not Available,Not Available,Not Available,,Not Available
7198893-20260318-152254,12497672,IN NSB : NAN PRO 1,INFANT NUTRITION,NN,,Exact Product Code Match
7198893-20260120-134804,13767984,IN C&C : Polo,CONFECTIONARY,F&B,,Exact Product Code Match
7031803-20260529-163543,,Not Available,Not Available,Not Available,,Not Available
7031803-20260523-201429,12629157,IN C&C : Kitkat,CHOCOLATE,F&B,kit kat 2f mini 24(42x13.2g),Exact Product Code Match
7031803-20260523-202155,12448239,IN C&B : NESTEA RTD COLD,BEVERAGES,F&B,Nestea iced tea lemon RTD 30X200ml,Exact Product Code Match
7031803-20260523-202902,12448239,IN C&B : NESTEA RTD COLD,BEVERAGES,F&B,NESTEA ICED TEA LEMON(30X200ml),Exact Product Code Match
7031803-20260522-163241,12448239,IN C&B : NESTEA RTD COLD,BEVERAGES,F&B,,Exact Product Code Match
7031803-20260103-124711,,Not Available,Not Available,Not Available,,Not Available
7031803-20260103-130740,,Not Available,Not Available,Not Available,,Not Available
601615-20260630-183043,,Not Available,Not Available,Not Available,,Not Available
601615-20260411-162608,,Not Available,Not Available,Not Available,,Not Available
601615-20260411-163040,,Not Available,Not Available,Not Available,,Not Available
601615-20260411-163353,,Not Available,Not Available,Not Available,,Not Available
601615-20260224-135032,12609881,IN NSB : Cerelac 4,INFANT NUTRITION,NN,,Exact Product Code Match
6659937-20260521-190120,13737115,IN C&C : Kitkat,CHOCOLATE,F&B,logistics name : avg,Exact Product Code Match
6659937-20260310-134115,,Not Available,Not Available,Not Available,,Not Available
6659937-20260226-133648,,Not Available,Not Available,Not Available,,Not Available
6659937-20260218-125950,,Not Available,Not Available,Not Available,,Not Available
6126390-20260506-104702,,Not Available,Not Available,Not Available,,Not Available
7283707-20260504-191911,,Not Available,Not Available,Not Available,,Not Available
5987453-20260629-115648,,Not Available,Not Available,Not Available,MAGGI 2 - MINN MASALA 48X140g N6,Not Available
5987453-20260629-125206,,Not Available,Not Available,Not Available,,Not Available
5987453-20260617-131751,12608551,IN CUL : Noodles,CULINARY,F&B,,Exact Product Code Match
5987453-20260420-125105,,Not Available,Not Available,Not Available,MAGGI NTR-ICS OATS MILLETS 24X298G IN,Not Available
4966450-20260625-122406,,Not Available,Not Available,Not Available,,Not Available
4966450-20260625-125456,,Not Available,Not Available,Not Available,,Not Available
4966450-20260624-184202,,Not Available,Not Available,Not Available,,Not Available
4966450-20260624-184429,,Not Available,Not Available,Not Available,,Not Available
4966450-20260608-125904,,Not Available,Not Available,Not Available,,Not Available
4966450-20260605-123618,,Not Available,Not Available,Not Available,,Not Available
4966450-20260605-135409,,Not Available,Not Available,Not Available,,Not Available
4966450-20260603-182229,12602711,IN C&B : Nescafe Sunrise Large Packs,BEVERAGES,F&B,,Exact Product Code Match
4966450-20260603-183824,12623842,IN NSB : Nestum 3,INFANT NUTRITION,NN,,Exact Product Code Match
4966450-20260603-191133,12584920,IN SSD : Milkmaid SCM,DAIRY,F&B,,Exact Product Code Match
4966450-20260603-191344,13796407,IN C&C : Munch,CHOCOLATE,F&B,,Exact Product Code Match
4966450-20260603-191520,12518426,IN NSB : NAN PRO 2,INFANT NUTRITION,NN,,Exact Product Code Match
4966450-20260603-191641,12584920,IN SSD : Milkmaid SCM,DAIRY,F&B,,Exact Product Code Match
4966450-20260603-191848,12607948,IN NSB : Cerelac 2,INFANT NUTRITION,NN,,Exact Product Code Match
4966450-20260603-191848,12601933,IN NSB : Cerelac 1,INFANT NUTRITION,NN,,Exact Product Code Match
4966450-20260409-115945,,Not Available,Not Available,Not Available,,Not Available
4966450-20260303-104630,12608635,IN CUL : Noodles,CULINARY,F&B,,Exact Product Code Match
4966450-20260228-132537,12612451,IN C&C : Kitkat,CHOCOLATE,F&B,,Exact Product Code Match
4966450-20260223-132834,,Not Available,Not Available,Not Available,,Not Available
4966450-20260209-114736,14102109,IN C&C : Milkybar,CHOCOLATE,F&B,,Exact Product Code Match
4966450-20260205-132655,,Not Available,Not Available,Not Available,,Not Available
601620-20260606-140756,,Not Available,Not Available,Not Available,,Not Available
601620-20260418-115740,,Not Available,Not Available,Not Available,,Not Available
601620-20260410-115654,,Not Available,Not Available,Not Available,,Not Available
601620-20260316-141210,,Not Available,Not Available,Not Available,,Not Available
601620-20260310-140914,,Not Available,Not Available,Not Available,,Not Available
601620-20260310-141541,,Not Available,Not Available,Not Available,,Not Available
601620-20260114-122630,,Not Available,Not Available,Not Available,,Not Available
7090540-20260629-115650,,Not Available,Not Available,Not Available,,Not Available
7090540-20260624-121720,,Not Available,Not Available,Not Available,,Not Available
7090540-20260619-105144,,Not Available,Not Available,Not Available,,Not Available
6655301-20260613-185845,12561850,IN NSB : LACTOGROW,INFANT NUTRITION,NN,NESTLE LACTOGROW 400GRMS,Exact Product Code Match
601623-20260629-161144,,Not Available,Not Available,Not Available,,Not Available
6975857-20260416-183655,12893346,IN C&B : Nescafe Sunrise Large Packs,BEVERAGES,F&B,,Exact Product Code Match
6975857-20260325-125852,12608551,IN CUL : Noodles,CULINARY,F&B,we found a discrepancy in the following; Product Name: MAGGI 2-MIN Masala 12x600g; MAGGI 2-MIN Masala 12x600g,Exact Product Code Match
6975857-20260324-110654,12607947,IN NSB : Cerelac 2,INFANT NUTRITION,NN,,Exact Product Code Match
6975857-20260131-123658,14118476,IN CPW : Munch Cereals,BREAKFAST CEREAL,NBC,MUNCH Cereal PR MB Choo IN,Exact Product Code Match
6043092-20260626-134300,13680087,IN CUL : Noodles,CULINARY,F&B,MAGGI 2-MINN MAS 24*300G PR RS 2 OFF IN,Exact Product Code Match
7453842-20260625-180040,,Not Available,Not Available,Not Available,,Not Available
7453842-20260623-091015,,Not Available,Not Available,Not Available,,Not Available
7453842-20260623-091152,,Not Available,Not Available,Not Available,,Not Available
6043092-20260619-123439,12559595,IN CUL : Pazzta,CULINARY,F&B,MAGGI PAZZTA MUSHROOM 96*68.5G IN (IN,Exact Product Code Match
7453842-20260616-182007,,Not Available,Not Available,Not Available,,Not Available
7453842-20260616-182130,,Not Available,Not Available,Not Available,,Not Available
6043092-20260611-125216,,Not Available,Not Available,Not Available,,Not Available
6043092-20260605-121816,14505767,IN C&B : Nescafe Classic Large Packs,BEVERAGES,F&B,NESCAFE CLASSIC JAR 15*180G PR 145OFF IN,Exact Product Code Match
6043092-20260603-095230,14504152,IN C&C : Milkybar Choo,CHOCOLATE,F&B,milkybar chooc jar 6(100*11g)pr pen fr in,Exact Product Code Match
6043092-20260603-140546,12601761,IN CUL : Sauces,CULINARY,F&B,MAGGI HOT&SWEET 24*500G N1,Exact Product Code Match
7453842-20260523-175703,12458983,IN C&B : Nescafe Gold - Retail,BEVERAGES,F&B,,Exact Product Code Match
6043092-20260416-122715,13463319,IN C&B : Nescafe Sunrise Large Packs,BEVERAGES,F&B,NESCAFE SUNRISE DAWN JAR 15*190G TN IN,Exact Product Code Match
6043092-20260320-133546,,Not Available,Not Available,Not Available,MAGGI PAZZTA CHSY TOM 80*68.5G IN,Not Available
6043092-20260317-131244,,Not Available,Not Available,Not Available,KIT KAT HAZELNUT CRUNCH 10(6*120G)IN,Not Available
7453842-20260310-152648,60506640,Not Available,Not Available,Not Available,Munch pouch,Not Available
601627-20260608-143122,13944227,IN CUL : Masala-ae-Magic,CULINARY,F&B,MAGGI MEM 16(2(60*6g) PR CASSROLE N1 IN,Exact Product Code Match
601627-20260601-135104,13680087,IN CUL : Noodles,CULINARY,F&B,MAGGI 2-MINN MAS 24*300G PR RS 2 OFF IN,Exact Product Code Match
601627-20260601-135741,12608543,IN CUL : Noodles,CULINARY,F&B,MAGGI 2-MINN MASALA POUCH 12*600G N1 IN,Exact Product Code Match
601627-20260601-200648,13843471,IN C&C : Milkybar Choo,CHOCOLATE,F&B,MILKYBAR CHOO STRAWBERRY 30(28*11G) IN,Exact Product Code Match
601627-20260601-201018,13680087,IN CUL : Noodles,CULINARY,F&B,MAGGI 2-MINN MAS 24*300G PR RS 2 OFF IN,Exact Product Code Match
601630-20260610-115416,,Not Available,Not Available,Not Available,,Not Available
601630-20260610-120413,12608303,IN NSB : Lactogen 1,INFANT NUTRITION,NN,,Exact Product Code Match
601630-20260325-123027,12609884,IN NSB : Cerelac 5,INFANT NUTRITION,NN,COMPANY,Exact Product Code Match
601630-20260109-132352,12585137,IN NSB : Lactogen 4,INFANT NUTRITION,NN,,Exact Product Code Match
6614197-20260220-172509,12956336,IN C&C : Munch Maxx,CHOCOLATE,F&B,MUNCH MAX RS.20/- 1.,Exact Product Code Match
6614197-20260220-172840,12614824,IN SSD : EveryDay DW,DAIRY,F&B,EVERYDAY 15G 1CASES SHORTAGE,Exact Product Code Match
601631-20260206-143510,,Not Available,Not Available,Not Available,,Not Available
7448515-20260308-111526,12608496,IN CUL : Noodles,CULINARY,F&B,,Exact Product Code Match
7448515-20260108-110910,12729817,IN CUL : Masala-ae-Magic,CULINARY,F&B,,Exact Product Code Match
6952712-20260616-085509,12608497,IN CUL : Noodles,CULINARY,F&B,,Exact Product Code Match
6952712-20260616-085509,12608578,IN CUL : Noodles,CULINARY,F&B,,Exact Product Code Match
6952712-20260306-155647,12609874,IN NSB : Cerelac 3,INFANT NUTRITION,NN,CERELAC STG3 WheRi Mix Frt 24*300g ZS IN - 3CFC Shortage INV No: 1099838707 INV Dt: 06/03/2026 Product Code: 12609877 - CERELAC STG4 MU Dal Veg 24*300g ZS IN - 2CFC Excess,Exact Product Code Match
6952712-20260306-155647,12609877,IN NSB : Cerelac 4,INFANT NUTRITION,NN,CERELAC STG3 WheRi Mix Frt 24*300g ZS IN - 3CFC Shortage INV No: 1099838707 INV Dt: 06/03/2026 Product Code: 12609877 - CERELAC STG4 MU Dal Veg 24*300g ZS IN - 2CFC Excess,Exact Product Code Match
6952712-20260207-091801,13797726,IN CUL : Masala-ae-Magic,CULINARY,F&B,,Exact Product Code Match
6952712-20260112-095915,12609878,IN NSB : Cerelac 4,INFANT NUTRITION,NN,,Exact Product Code Match
3382314-20260507-174453,13737115,IN C&C : Kitkat,CHOCOLATE,F&B,,Exact Product Code Match
3382314-20260428-173049,12585137,IN NSB : Lactogen 4,INFANT NUTRITION,NN,,Exact Product Code Match
3382314-20260428-173049,12601932,IN NSB : Cerelac 1,INFANT NUTRITION,NN,,Exact Product Code Match
3382314-20260324-113635,12571548,IN CUL : Noodles Value Added,CULINARY,F&B,PRODUCT DISC : MAGGI Ntr-lcs Atta Mas Spin 24*290gRC IN,Exact Product Code Match
3382314-20260313-185522,12606043,IN CUL : Sauces,CULINARY,F&B,BILLED,Exact Product Code Match
3382314-20260313-185522,12603833,IN CUL : Sauces,CULINARY,F&B,BILLED,Exact Product Code Match
3382314-20260313-190742,12610479,IN SSD : EveryDay DW,DAIRY,F&B,,Exact Product Code Match
3382314-20260313-191816,12610097,IN SSD : Nescafe RTD Cold Coffee,DAIRY,F&B,INVOICED,Exact Product Code Match
3382314-20260216-171232,12612434,IN C&B : Nescafe Sunrise Large Packs,BEVERAGES,F&B,,Exact Product Code Match
3382314-20260206-165458,12497672,IN NSB : NAN PRO 1,INFANT NUTRITION,NN,NAN PRO 1 IF BIB 24*400g INNWB174 NV IN,Exact Product Code Match
3382314-20260106-103816,,Not Available,Not Available,Not Available,,Not Available
1081682-20260620-194813,13757661,IN C&C : Polo,CONFECTIONARY,F&B,,Exact Product Code Match
1081682-20260620-194813,14033758,IN NSB : Cerelac 2,INFANT NUTRITION,NN,,Exact Product Code Match
1081682-20260612-094415,14379191,IN C&B : Nescafe Sunrise Small Packs,BEVERAGES,F&B,maggi 12-560 g 1,Exact Product Code Match
1081682-20260612-094415,12623518,IN CUL : Noodles,CULINARY,F&B,maggi 12-560 g 1,Exact Product Code Match
1081682-20260612-094415,13767984,IN C&C : Polo,CONFECTIONARY,F&B,maggi 12-560 g 1,Exact Product Code Match
1081682-20260323-124349,12426635,IN SSD : EveryDay DW - FS,NP,NP,,Exact Product Code Match
1081682-20260122-131456,12609760,IN CPW : Munch Choco Fills,BREAKFAST CEREAL,NBC,,Exact Product Code Match
1081682-20260103-130308,12629157,IN C&C : Kitkat,CHOCOLATE,F&B,,Exact Product Code Match
7461710-20260126-143916,13680372,IN CUL : Noodles,CULINARY,F&B,MAGGI 2-MINN MASALA 16x450G N1 IN,Exact Product Code Match
6704644-20260619-103745,12608497,IN CUL : Noodles,CULINARY,F&B,,Exact Product Code Match
7023418-20260316-104839,,Not Available,Not Available,Not Available,,Not Available
7369977-20260610-121859,,Not Available,Not Available,Not Available,,Not Available
7369977-20260528-162455,,Not Available,Not Available,Not Available,,Not Available
7369977-20260403-171134,,Not Available,Not Available,Not Available,,Not Available
7369977-20260320-162808,,Not Available,Not Available,Not Available,,Not Available
7369977-20260202-190055,,Not Available,Not Available,Not Available,,Not Available
7369977-20260121-122525,,Not Available,Not Available,Not Available,,Not Available
7369977-20260121-170849,,Not Available,Not Available,Not Available,,Not Available
7369977-20260121-171902,,Not Available,Not Available,Not Available,,Not Available
7369977-20260121-172458,,Not Available,Not Available,Not Available,,Not Available
7093900-20260529-181607,,Not Available,Not Available,Not Available,,Not Available
7093900-20260228-143626,,Not Available,Not Available,Not Available,,Not Available
7093900-20260127-133140,,Not Available,Not Available,Not Available,,Not Available
5622725-20260629-113337,12608635,IN CUL : Noodles,CULINARY,F&B,MAGGI 320*32GMS M.R.P:07/- 4,Exact Product Code Match
5622725-20260626-105338,14301186,IN C&B : Nescafe Sunrise Small Packs,BEVERAGES,F&B,NESCAFE SUNRISE 30(156*1.3GMS) 2/- ONE,Exact Product Code Match
5622725-20260519-104917,13843427,IN C&C : Milkybar Choo,CHOCOLATE,F&B,MILKYBAR CHOO 5/- 30(28*11G) ONE,Exact Product Code Match
5622725-20260507-184006,13680087,IN CUL : Noodles,CULINARY,F&B,MAGGI 24*300GMS PR 2rs OFF M.R.P : 58/- TWO; CERELAC MU FRT 24*300 GMS M.R.P : 295/- ONE,Exact Product Code Match
5622725-20260507-184006,12609881,IN NSB : Cerelac 4,INFANT NUTRITION,NN,MAGGI 24*300GMS PR 2rs OFF M.R.P : 58/- TWO; CERELAC MU FRT 24*300 GMS M.R.P : 295/- ONE,Exact Product Code Match
5622725-20260420-123519,12584920,IN SSD : Milkmaid SCM,DAIRY,F&B,MILKMAID 48*380GMS WE HAVE GOT STOCK OF M.R.P : 145/- BUT IN,Exact Product Code Match
5622725-20260331-114604,12579461,IN NSB : Lactogen 1,INFANT NUTRITION,NN,LACTOGEN PRO 1 TIN 30*200GMS 245/- M.RP ONE,Exact Product Code Match
5622725-20260307-185007,12628829,IN CUL : Noodles,CULINARY,F&B,MAGGI 96*95GMS M.R.P:20/- ONE,Exact Product Code Match
5622725-20260212-124338,12610495,IN SSD : EveryDay DW,DAIRY,F&B,LACOGEN PRO 4 24*400 GMS IN,Exact Product Code Match
5622725-20260211-182714,13718181,IN C&C : Kitkat,CHOCOLATE,F&B,KITKAT 2F 24(30*22.1G) 20/- ONE,Exact Product Code Match
5622725-20260204-183940,14118476,IN CPW : Munch Cereals,BREAKFAST CEREAL,NBC,MUNCH CEREALS 216*19G MB CHOO 5/-OFFER STOCK WAS INVOICED BUT OFFER STOCK OF MB CHOO 5/- NOT,Exact Product Code Match
5622725-20260120-111031,13797772,Not Available,Not Available,Not Available,MAGGI MEM 162(60-6G)PRB5G1 ONE,Not Available
5622725-20260108-103050,12629157,IN C&C : Kitkat,CHOCOLATE,F&B,KITKAT 2F MINI 24(42*13.2G) M.R.P : 10/- ONE,Exact Product Code Match
5272377-20260429-202448,,Not Available,Not Available,Not Available,,Not Available
7083062-20260427-170809,14199858,IN C&C : Munch,CHOCOLATE,F&B,Product,Exact Product Code Match
7083062-20260328-123402,,Not Available,Not Available,Not Available,,Not Available
601658-20260622-180357,,Not Available,Not Available,Not Available,,Not Available
601658-20260513-095138,12579461,IN NSB : Lactogen 1,INFANT NUTRITION,NN,,Exact Product Code Match
601658-20260120-104014,12609760,IN CPW : Munch Choco Fills,BREAKFAST CEREAL,NBC,MUNCH Cereal Choco Fills 144x30g IN one,Exact Product Code Match
4637644-20260504-151240,14033758,IN NSB : Cerelac 2,INFANT NUTRITION,NN,CERELAC STG2 Whe App Chry 24x360g WS IN,Exact Product Code Match
4637644-20260415-184210,13680299,IN CUL : Noodles,CULINARY,F&B,MAGGI 2-MINN Mas 16x450g PR Rs 4 Off IN,Exact Product Code Match
4637644-20260330-115803,13678473,IN CUL : Noodles,CULINARY,F&B,MAGGI 2-MIN NDLS Masala Chain 108x52g IN,Exact Product Code Match
4637644-20260226-164805,12612451,IN C&C : Kitkat,CHOCOLATE,F&B,KIT KAT 4 Finger 18(21x38.5g)N1 IN,Exact Product Code Match
4637644-20260207-123657,12606043,IN CUL : Sauces,CULINARY,F&B,MAGGI HOT & SWEET 24x200g N2 IN,Exact Product Code Match
601669-20260611-173640,13678304,IN CUL : MAGGI NDLS-SpecialMasala,CULINARY,F&B,MAGGI 2-MIN Spec Mas 24x300g IN Invoiced,Exact Product Code Match
601669-20260430-093032,14301186,IN C&B : Nescafe Sunrise Small Packs,BEVERAGES,F&B,NESC Sunrise Sac 30(156x1.3g)TPBLRNR4 IN,Exact Product Code Match
601669-20260406-205202,12359021,IN C&B : Sunrise Extra - FS,NP,NP,SUNRISE EXTRA Sachet 12(5x200g) PR MB IN INVOICED,Exact Product Code Match
7206600-20260626-185232,,Not Available,Not Available,Not Available,,Not Available
7206600-20260505-112205,,Not Available,Not Available,Not Available,,Not Available
7206600-20260421-115313,12556491,IN NSB : NAN Lo-Lac,INFANT NUTRITION,NN,,Exact Product Code Match
7206600-20260421-115809,14504152,IN C&C : Milkybar Choo,CHOCOLATE,F&B,,Exact Product Code Match
7206600-20260223-180638,13718181,IN C&C : Kitkat,CHOCOLATE,F&B,,Exact Product Code Match
7206600-20260129-182851,12610047,IN NSB : Cerelac 4,INFANT NUTRITION,NN,,Exact Product Code Match
601683-20260620-125118,,Not Available,Not Available,Not Available,,Not Available
601683-20260330-164525,,Not Available,Not Available,Not Available,,Not Available
601683-20260205-193440,12630062,IN CPW : Munch Choco Fills,BREAKFAST CEREAL,NBC,,Exact Product Code Match
601683-20260205-193440,12617902,IN C&C : Kitkat Tablets,CHOCOLATE,F&B,,Exact Product Code Match
7486326-20260121-203809,13796414,IN C&C : Munch,CHOCOLATE,F&B,MUNCH TWIN BAR 12(42*19.6g) MISSING,Exact Product Code Match
4796159-20260518-160000,12584920,IN SSD : Milkmaid SCM,DAIRY,F&B,MILKMAID SCN EOE TIN 48*380G- 10,Exact Product Code Match
4796159-20260518-161847,12584920,IN SSD : Milkmaid SCM,DAIRY,F&B,MILKMAID SCN EOE TIN 48*380G- 10,Exact Product Code Match
4796159-20260508-133830,12609874,IN NSB : Cerelac 3,INFANT NUTRITION,NN,CEEELAC MIXED FRT - 5,Exact Product Code Match
4796159-20260326-184707,12559238,IN CUL : MAGGI NDLS - FLAVOURS,CULINARY,F&B,MAGGI 2-MINN Spicy Garlic24*248g- 2,Exact Product Code Match
4796159-20260304-181920,12591613,IN C&B : Nescafe Classic Large Packs,BEVERAGES,F&B,NESCAFE Ice Roast 24*90g- 1,Exact Product Code Match
4796159-20260202-141114,12499557,IN C&B : Sunrise Extra - FS,NP,NP,Nescafe Sunrise Strong 12*5*200g - 1,Exact Product Code Match
5213822-20260623-142447,12567446,IN NSB : Pre NAN,INFANT NUTRITION,NN,product,Exact Product Code Match
5213822-20260618-134930,,Not Available,Not Available,Not Available,,Not Available
5213822-20260515-192354,12628829,IN CUL : Noodles,CULINARY,F&B,Product,Exact Product Code Match
5213822-20260410-183930,13632235,IN NSB : Lactogen 2,INFANT NUTRITION,NN,,Exact Product Code Match
7045944-20260525-143653,14508643,IN SSD : EveryDay DW,DAIRY,F&B,G R NO - 5874,Exact Product Code Match
601707-20260618-173014,14503950,IN CUL : Noodles Value Added,CULINARY,F&B,,Exact Product Code Match
601707-20260618-173515,14505767,IN C&B : Nescafe Classic Large Packs,BEVERAGES,F&B,,Exact Product Code Match
601707-20260618-173515,12595279,IN CUL : Sauces,CULINARY,F&B,,Exact Product Code Match
601707-20260618-173515,12595302,IN CUL : Sauces,CULINARY,F&B,,Exact Product Code Match
601707-20260618-173515,12570655,IN CUL : Noodles Oats,CULINARY,F&B,,Exact Product Code Match
601707-20260618-173515,14503951,IN CUL : Noodles Value Added,CULINARY,F&B,,Exact Product Code Match
601707-20260618-173636,14507586,IN C&C : Munch,CHOCOLATE,F&B,,Exact Product Code Match
601707-20260618-174000,14505767,IN C&B : Nescafe Classic Large Packs,BEVERAGES,F&B,,Exact Product Code Match
601707-20260618-174336,12957459,IN C&C : Munch,CHOCOLATE,F&B,,Exact Product Code Match
601707-20260512-112802,,Not Available,Not Available,Not Available,,Not Available
601707-20260508-122742,,Not Available,Not Available,Not Available,,Not Available
601707-20260508-123030,,Not Available,Not Available,Not Available,,Not Available
601707-20260508-123422,,Not Available,Not Available,Not Available,,Not Available
601707-20260508-123608,,Not Available,Not Available,Not Available,,Not Available
601707-20260508-123902,,Not Available,Not Available,Not Available,,Not Available
601707-20260508-124452,,Not Available,Not Available,Not Available,,Not Available
601707-20260420-122416,12586422,IN CUL : Noodles Value Added,CULINARY,F&B,,Exact Product Code Match
601707-20260420-122638,12559338,IN CUL : MAGGI NDLS - FLAVOURS,CULINARY,F&B,,Exact Product Code Match
601707-20260420-123521,12458968,IN C&B : Nescafe Gold - Retail,BEVERAGES,F&B,,Exact Product Code Match
601707-20260420-123521,12584920,IN SSD : Milkmaid SCM,DAIRY,F&B,,Exact Product Code Match
601707-20260420-123841,12562440,IN SSD : UHT Milk - Toned,DAIRY,F&B,,Exact Product Code Match
601707-20260216-130319,12615905,IN C&B : Nescafe Classic Large Packs,BEVERAGES,F&B,,Exact Product Code Match
601707-20260119-144218,12967299,IN C&B : Nescafe Sunrise Large Packs,BEVERAGES,F&B,,Exact Product Code Match
601707-20260119-144218,12586404,IN CUL : Noodles Value Added,CULINARY,F&B,,Exact Product Code Match
601707-20260119-144541,12586404,IN CUL : Noodles Value Added,CULINARY,F&B,,Exact Product Code Match
601707-20260119-144736,12606197,IN C&B : Nescafe Classic Large Packs,BEVERAGES,F&B,,Exact Product Code Match
601707-20260119-144935,12606197,IN C&B : Nescafe Classic Large Packs,BEVERAGES,F&B,,Exact Product Code Match
601707-20260119-145211,12615905,IN C&B : Nescafe Classic Large Packs,BEVERAGES,F&B,,Exact Product Code Match
601707-20260119-145351,12499422,IN SSD : Nescafe RTD Cold Coffee,DAIRY,F&B,,Exact Product Code Match
6775176-20260604-112803,12608496,IN CUL : Noodles,CULINARY,F&B,,Exact Product Code Match
6775176-20260604-112803,12603833,IN CUL : Sauces,CULINARY,F&B,,Exact Product Code Match
6775176-20260603-145246,12610617,IN SSD : EveryDay DW,DAIRY,F&B,,Exact Product Code Match
6775176-20260603-145246,12584920,IN SSD : Milkmaid SCM,DAIRY,F&B,,Exact Product Code Match
6775176-20260326-154417,,Not Available,Not Available,Not Available,,Not Available
6775176-20260302-142540,12586420,IN CUL : Noodles Value Added,CULINARY,F&B,PRODUCT NAME;MAGGI ATTA;290G,Exact Product Code Match
5653625-20260623-175227,14378939,IN C&B : Nescafe Sunrise Small Packs,BEVERAGES,F&B,NESC SUNRISE SAC 30(156*1.6.G)TN NR 4N2 IN,Exact Product Code Match
6960711-20260625-220612,,Not Available,Not Available,Not Available,,Not Available
6960711-20260430-082501,12616861,IN C&C : Kitkat,CHOCOLATE,F&B,,Exact Product Code Match
6960711-20260424-140645,12525887,IN NSB : NAN PRO 1,INFANT NUTRITION,NN,,Exact Product Code Match
6960711-20260417-210501,,Not Available,Not Available,Not Available,,Not Available
6960711-20260320-215742,,Not Available,Not Available,Not Available,,Not Available
6960711-20260130-082806,14118476,IN CPW : Munch Cereals,BREAKFAST CEREAL,NBC,,Exact Product Code Match
601713-20260615-134106,,Not Available,Not Available,Not Available,,Not Available
601713-20260612-122324,,Not Available,Not Available,Not Available,,Not Available
601713-20260417-115552,,Not Available,Not Available,Not Available,,Not Available
601713-20260417-175142,,Not Available,Not Available,Not Available,,Not Available
601713-20260203-174155,,Not Available,Not Available,Not Available,,Not Available
601713-20260203-174719,,Not Available,Not Available,Not Available,,Not Available
5651903-20260413-120424,12609874,IN NSB : Cerelac 3,INFANT NUTRITION,NN,,Exact Product Code Match
5651903-20260413-120424,12497672,IN NSB : NAN PRO 1,INFANT NUTRITION,NN,,Exact Product Code Match
5651903-20260413-120424,12625864,IN NSB : Nestum 1,INFANT NUTRITION,NN,,Exact Product Code Match
6077583-20260415-175013,12359021,IN C&B : Sunrise Extra - FS,NP,NP,SUNRISE EXTRA Sachet 12(5x200g),Exact Product Code Match
7099587-20260618-131607,14199858,IN C&C : Munch,CHOCOLATE,F&B,Product Name MUNCH Maha 18(50x10.4g) NR IN,Exact Product Code Match
7099587-20260501-132500,12612446,IN C&C : Kitkat,CHOCOLATE,F&B,Product Name KIT KAT 2x3F 18(14x(2x28.5g))N1 IN,Exact Product Code Match
7099587-20260501-132500,12612451,IN C&C : Kitkat,CHOCOLATE,F&B,Product Name KIT KAT 2x3F 18(14x(2x28.5g))N1 IN,Exact Product Code Match
7099587-20260414-125322,,Not Available,Not Available,Not Available,,Not Available
6952263-20260617-164126,,Not Available,Not Available,Not Available,,Not Available
6952263-20260610-133215,13737115,IN C&C : Kitkat,CHOCOLATE,F&B,KIT KAT 2F MINI - 2 BOXES (84 PCS) INV NO : 1365365907 ITEM PRODUCT CODE : 13627651 LACTOGEN PRO 4 - 2PCS,Exact Product Code Match
6952263-20260610-133215,13627651,IN NSB : Lactogen 4,INFANT NUTRITION,NN,KIT KAT 2F MINI - 2 BOXES (84 PCS) INV NO : 1365365907 ITEM PRODUCT CODE : 13627651 LACTOGEN PRO 4 - 2PCS,Exact Product Code Match
7265306-20260404-132700,,Not Available,Not Available,Not Available,,Not Available
7265306-20260205-140432,,Not Available,Not Available,Not Available,,Not Available
601743-20260619-124253,13797726,IN CUL : Masala-ae-Magic,CULINARY,F&B,MAGGI MeM 16(2(60x6g) PR B5G1 N2 IN; MAGGI Ntr-lcs Atta 16x435g RC 2 IN,Exact Product Code Match
601743-20260619-124253,60172814,Not Available,Not Available,Not Available,MAGGI MeM 16(2(60x6g) PR B5G1 N2 IN; MAGGI Ntr-lcs Atta 16x435g RC 2 IN,Not Available
601743-20260619-124253,12586404,IN CUL : Noodles Value Added,CULINARY,F&B,MAGGI MeM 16(2(60x6g) PR B5G1 N2 IN; MAGGI Ntr-lcs Atta 16x435g RC 2 IN,Exact Product Code Match
601743-20260619-124253,60400455,Not Available,Not Available,Not Available,MAGGI MeM 16(2(60x6g) PR B5G1 N2 IN; MAGGI Ntr-lcs Atta 16x435g RC 2 IN,Not Available
601743-20260619-130444,12623517,IN CUL : Noodles,CULINARY,F&B,MAGGI 2-MINN Masala 48x140g N6 IN,Exact Product Code Match
601743-20260619-130444,61382814,Not Available,Not Available,Not Available,MAGGI 2-MINN Masala 48x140g N6 IN,Not Available
601743-20260619-130641,12623518,IN CUL : Noodles,CULINARY,F&B,MAGGI 2-MINN Masala 12x560g NR IN,Exact Product Code Match
601743-20260619-130641,61359939,Not Available,Not Available,Not Available,MAGGI 2-MINN Masala 12x560g NR IN,Not Available
601743-20260619-130916,12571560,IN CUL : Noodles Chicken,CULINARY,F&B,MAGGI 2-MINN Chkn 24x284g RC IN,Exact Product Code Match
601743-20260619-130916,61450455,Not Available,Not Available,Not Available,MAGGI 2-MINN Chkn 24x284g RC IN,Not Available
601743-20260619-131056,12623517,IN CUL : Noodles,CULINARY,F&B,MAGGI 2-MINN Masala 48x140g N6 IN,Exact Product Code Match
601743-20260619-131056,61382814,Not Available,Not Available,Not Available,MAGGI 2-MINN Masala 48x140g N6 IN,Not Available
601743-20260619-131232,12956336,IN C&C : Munch Maxx,CHOCOLATE,F&B,,Exact Product Code Match
601743-20260619-131232,61330454,Not Available,Not Available,Not Available,,Not Available
601743-20260618-114901,12619132,IN SSD : Milkmaid SCM,DAIRY,F&B,MILKMAID Doy Pack 64x190g IN,Exact Product Code Match
601743-20260618-114901,61100451,Not Available,Not Available,Not Available,MILKMAID Doy Pack 64x190g IN,Not Available
601743-20260618-115120,12595279,IN CUL : Sauces,CULINARY,F&B,MAGGI Sauce NONG 24x190g N1 IN,Exact Product Code Match
601743-20260618-115120,60330455,Not Available,Not Available,Not Available,MAGGI Sauce NONG 24x190g N1 IN,Not Available
601743-20260618-115341,12559605,IN CUL : Pazzta,CULINARY,F&B,MAGGI PAZZTA Chsy Tom 80x68.5g IN,Exact Product Code Match
601743-20260618-115341,61142814,Not Available,Not Available,Not Available,MAGGI PAZZTA Chsy Tom 80x68.5g IN,Not Available
601743-20260618-115624,12559238,IN CUL : MAGGI NDLS - FLAVOURS,CULINARY,F&B,MAGGI 2-MIN Spicy Garlic 24x248g IN; MAGGI 2-MINN Spicy Cheesy 24x304g IN,Exact Product Code Match
601743-20260618-115624,60772814,Not Available,Not Available,Not Available,MAGGI 2-MIN Spicy Garlic 24x248g IN; MAGGI 2-MINN Spicy Cheesy 24x304g IN,Not Available
601743-20260618-115624,12589871,IN CUL : MAGGI NDLS - FLAVOURS,CULINARY,F&B,MAGGI 2-MIN Spicy Garlic 24x248g IN; MAGGI 2-MINN Spicy Cheesy 24x304g IN,Exact Product Code Match
601743-20260618-115624,61030455,Not Available,Not Available,Not Available,MAGGI 2-MIN Spicy Garlic 24x248g IN; MAGGI 2-MINN Spicy Cheesy 24x304g IN,Not Available
601743-20260314-115857,12579448,IN NSB : Lactogen 1,INFANT NUTRITION,NN,,Exact Product Code Match
601743-20260314-115857,60560453,Not Available,Not Available,Not Available,,Not Available
601743-20260314-120254,12591613,IN C&B : Nescafe Classic Large Packs,BEVERAGES,F&B,NESCAFE Ice Roast 24x90g IN; MAG Cuppa Spicy Manchu Ndls 48x70.5g IN; MAGGI 2-MINN Masala 96x75g IN,Exact Product Code Match
601743-20260314-120254,41680452,Not Available,Not Available,Not Available,NESCAFE Ice Roast 24x90g IN; MAG Cuppa Spicy Manchu Ndls 48x70.5g IN; MAGGI 2-MINN Masala 96x75g IN,Not Available
601743-20260314-120254,12630049,IN CUL : Noodles Cup,CULINARY,F&B,NESCAFE Ice Roast 24x90g IN; MAG Cuppa Spicy Manchu Ndls 48x70.5g IN; MAGGI 2-MINN Masala 96x75g IN,Exact Product Code Match
601743-20260314-120254,60350451,Not Available,Not Available,Not Available,NESCAFE Ice Roast 24x90g IN; MAG Cuppa Spicy Manchu Ndls 48x70.5g IN; MAGGI 2-MINN Masala 96x75g IN,Not Available
601743-20260314-120254,13679901,IN CUL : Noodles,CULINARY,F&B,NESCAFE Ice Roast 24x90g IN; MAG Cuppa Spicy Manchu Ndls 48x70.5g IN; MAGGI 2-MINN Masala 96x75g IN,Exact Product Code Match
601743-20260314-120254,60340452,Not Available,Not Available,Not Available,NESCAFE Ice Roast 24x90g IN; MAG Cuppa Spicy Manchu Ndls 48x70.5g IN; MAGGI 2-MINN Masala 96x75g IN,Not Available
601743-20260302-121712,12595301,IN CUL : Sauces,CULINARY,F&B,MAGGI Sauce NONG 24x485g N1 IN,Exact Product Code Match
601743-20260302-121712,60060455,Not Available,Not Available,Not Available,MAGGI Sauce NONG 24x485g N1 IN,Not Available
601743-20260302-122059,12559238,IN CUL : MAGGI NDLS - FLAVOURS,CULINARY,F&B,MAGGI 2-MIN Spicy Garlic 24x248g IN; NESC SUNRISE Sac 30(156x1.3g)UP APNR3 IN,Exact Product Code Match
601743-20260302-122059,52602814,Not Available,Not Available,Not Available,MAGGI 2-MIN Spicy Garlic 24x248g IN; NESC SUNRISE Sac 30(156x1.3g)UP APNR3 IN,Not Available
601743-20260302-122059,13700494,IN C&B : Nescafe Sunrise Small Packs,BEVERAGES,F&B,MAGGI 2-MIN Spicy Garlic 24x248g IN; NESC SUNRISE Sac 30(156x1.3g)UP APNR3 IN,Exact Product Code Match
601743-20260302-122059,60400452,Not Available,Not Available,Not Available,MAGGI 2-MIN Spicy Garlic 24x248g IN; NESC SUNRISE Sac 30(156x1.3g)UP APNR3 IN,Not Available
601743-20260302-122300,13463319,IN C&B : Nescafe Sunrise Large Packs,BEVERAGES,F&B,NESCAFE Sunrise Dawn Jar 15x190g TN IN,Exact Product Code Match
601743-20260302-122300,53640452,Not Available,Not Available,Not Available,NESCAFE Sunrise Dawn Jar 15x190g TN IN,Not Available
601743-20260302-122441,12630049,IN CUL : Noodles Cup,CULINARY,F&B,MAG Cuppa Spicy Manchu Ndls 48x70.5g IN,Exact Product Code Match
601743-20260302-122441,52200451,Not Available,Not Available,Not Available,MAG Cuppa Spicy Manchu Ndls 48x70.5g IN,Not Available
601738-20260609-132746,12571560,IN CUL : Noodles Chicken,CULINARY,F&B,,Exact Product Code Match
601738-20260525-150914,14503951,IN CUL : Noodles Value Added,CULINARY,F&B,,Exact Product Code Match
601738-20260428-122807,12614453,IN C&C : Kitkat Tablets,CHOCOLATE,F&B,,Exact Product Code Match
601738-20260428-123350,14176172,IN SSD : Nescafe RTD Cold Coffee,DAIRY,F&B,,Exact Product Code Match
601738-20260428-123350,12567336,IN SSD : MILO RTD,DAIRY,F&B,,Exact Product Code Match
601738-20260424-130545,12595301,IN CUL : Sauces,CULINARY,F&B,,Exact Product Code Match
601738-20260424-130545,12601761,IN CUL : Sauces,CULINARY,F&B,,Exact Product Code Match
601738-20260421-164659,12726758,IN CUL : Masala-ae-Magic,CULINARY,F&B,,Exact Product Code Match
601738-20260416-154130,13678304,IN CUL : MAGGI NDLS-SpecialMasala,CULINARY,F&B,,Exact Product Code Match
601738-20260416-154426,12569960,IN CUL : MAGGI NDLS - KOREAN,CULINARY,F&B,,Exact Product Code Match
601738-20260416-154635,12614824,IN SSD : EveryDay DW,DAIRY,F&B,,Exact Product Code Match
601738-20260410-142912,12426635,IN SSD : EveryDay DW - FS,NP,NP,,Exact Product Code Match
601738-20260404-133316,12426635,IN SSD : EveryDay DW - FS,NP,NP,,Exact Product Code Match
601738-20260306-140037,12296327,IN SSD : UHT Milk - Slim,DAIRY,F&B,,Exact Product Code Match
601738-20260218-185719,12606106,IN C&B : Nescafe Classic Large Packs,BEVERAGES,F&B,,Exact Product Code Match
601738-20260212-194509,12606197,IN C&B : Nescafe Classic Large Packs,BEVERAGES,F&B,,Exact Product Code Match
601738-20260212-194509,13680087,IN CUL : Noodles,CULINARY,F&B,,Exact Product Code Match
601738-20260122-153131,12606782,IN C&B : Nescafe Classic Large Packs,BEVERAGES,F&B,,Exact Product Code Match
601738-20260119-165259,12606782,IN C&B : Nescafe Classic Large Packs,BEVERAGES,F&B,,Exact Product Code Match
601738-20260109-112903,12621020,IN CUL : Noodles Value Added,CULINARY,F&B,,Exact Product Code Match
601738-20260109-112903,12630273,IN CUL : Noodles Value Added,CULINARY,F&B,,Exact Product Code Match
601738-20260107-155833,13776790,IN C&C : Milkybar Choo,CHOCOLATE,F&B,,Exact Product Code Match
601738-20260107-155833,13942550,IN C&C : Milkybar,CHOCOLATE,F&B,,Exact Product Code Match
601738-20260107-160355,12589871,IN CUL : MAGGI NDLS - FLAVOURS,CULINARY,F&B,,Exact Product Code Match
7319067-20260108-143332,13680087,IN CUL : Noodles,CULINARY,F&B,MAGGI 2-MINN Mas 24x300g PR Rs 2 Off IN,Exact Product Code Match
2583184-20260209-113542,12608640,IN CUL : Noodles,CULINARY,F&B,MAGGI 2-MINN Mas Single 320x32g N12,Exact Product Code Match
2583184-20260120-123124,13680087,IN CUL : Noodles,CULINARY,F&B,Maggi 300g,Exact Product Code Match
601760-20260312-215148,,Not Available,Not Available,Not Available,,Not Available
601760-20260122-183915,,Not Available,Not Available,Not Available,,Not Available
601761-20260122-172851,,Not Available,Not Available,Not Available,,Not Available
601764-20260623-122959,12426635,IN SSD : EveryDay DW - FS,NP,NP,EVERYDAY DAIRY CREAMER24*450g IN,Exact Product Code Match
6866880-20260213-140239,12612451,IN C&C : Kitkat,CHOCOLATE,F&B,,Exact Product Code Match
6866880-20260213-140239,12617902,IN C&C : Kitkat Tablets,CHOCOLATE,F&B,,Exact Product Code Match
6866880-20260213-140239,12614453,IN C&C : Kitkat Tablets,CHOCOLATE,F&B,,Exact Product Code Match
6866880-20260213-140239,13632235,IN NSB : Lactogen 2,INFANT NUTRITION,NN,,Exact Product Code Match
6866880-20260213-140239,14118476,IN CPW : Munch Cereals,BREAKFAST CEREAL,NBC,,Exact Product Code Match
6866880-20260213-140239,12625864,IN NSB : Nestum 1,INFANT NUTRITION,NN,,Exact Product Code Match
6866880-20260213-140239,13767984,IN C&C : Polo,CONFECTIONARY,F&B,,Exact Product Code Match
601771-20260605-181716,,Not Available,Not Available,Not Available,,Not Available
1931284-20260410-105645,60392814,Not Available,Not Available,Not Available,,Not Available
601773-20260604-165703,,Not Available,Not Available,Not Available,,Not Available
601773-20260418-164238,12595302,IN CUL : Sauces,CULINARY,F&B,,Exact Product Code Match
601773-20260418-164238,12610096,IN SSD : Nescafe RTD Cold Coffee,DAIRY,F&B,,Exact Product Code Match
601773-20260418-164238,12610097,IN SSD : Nescafe RTD Cold Coffee,DAIRY,F&B,,Exact Product Code Match
601773-20260418-164238,12599497,IN CUL : Sauces,CULINARY,F&B,,Exact Product Code Match
601773-20260418-164238,12601765,Not Available,Not Available,Not Available,,Not Available
601773-20260418-164238,12603852,IN CUL : Sauces,CULINARY,F&B,,Exact Product Code Match
601773-20260418-164238,12622649,IN SSD : Ghee,DAIRY,F&B,,Exact Product Code Match
601773-20260418-164737,12584920,IN SSD : Milkmaid SCM,DAIRY,F&B,,Exact Product Code Match
601773-20260403-151600,,Not Available,Not Available,Not Available,,Not Available
601773-20260216-140206,12499422,IN SSD : Nescafe RTD Cold Coffee,DAIRY,F&B,,Exact Product Code Match
601773-20260117-175202,12609881,IN NSB : Cerelac 4,INFANT NUTRITION,NN,,Exact Product Code Match
601780-20260627-104844,,Not Available,Not Available,Not Available,"NESCAFE CLASSIC Dawn Jar 24x90g,",Not Available
601780-20260624-150708,,Not Available,Not Available,Not Available,"SHOT 2CS; NESCAFE CLASSIC Dawn Jar 24x90g ,MRP: 445/- INVOICED 2CS, SHOT 2CS SKU: MAGGI PAZZTA Cheese 48x150g,; MAGGI 2-MINN Spicy Cheesy 96x76g ,",Not Available
601780-20260624-151811,,Not Available,Not Available,Not Available,"DATE-24-06-26; CERL STG3 Whe Rice Mix Frt 24x300g,MRP-290/- INVOICED 1CS WITH; NESCAFE Choco Latte Cnd 30x200ml,; NESCAFE Classic Latte Cnd 30X200ml,MRP-75/- INVOICED 1CS WITH",Not Available
601780-20260622-154713,,Not Available,Not Available,Not Available,"MAGGI HOT & SWEET 12x1Kg,",Not Available
601780-20260618-132229,,Not Available,Not Available,Not Available,"DATE-18-06-26; MAGGI 2-MIN Spec Mas 96x75g,",Not Available
601780-20260618-132532,,Not Available,Not Available,Not Available,"DATE-18-06-26; MAGGI 2-MINN Mas 24x300g,",Not Available
601780-20260616-123326,,Not Available,Not Available,Not Available,"SHOT 1EA; MILKMAID Doy Pack 64x190g,; MAGGI Sauce NONG 24x190g,; MAGGI Tom Ket 24x480g.; MAGGI HOT & SWEET 24x200g,",Not Available
601780-20260612-151035,,Not Available,Not Available,Not Available,NESCAFE Black Roast 24x90g PR 50Off IN,Not Available
601780-20260610-134018,,Not Available,Not Available,Not Available,"Date- 10-06-26; MAGGI PAZZTA Cheese 48x150g,Mrp-68/- Invoiced 5 CS, Shot 5 CS",Not Available
601780-20260606-140607,,Not Available,Not Available,Not Available,"DATE-06-06-26; MAGGI PAZZTA Cheese 48x150g,; MAGGI Masala-ae-Magic Sbg 60x72g,; MAGGI PAZZTA Cheese 96x75g,MRP-35/- INVOICED 14CS,; MAGGI 2-MIN Spec Mas 96x75g,",Not Available
601780-20260606-172517,,Not Available,Not Available,Not Available,"MAGGI PAZZTA Cheese 48x150g,",Not Available
601780-20260602-110053,,Not Available,Not Available,Not Available,"SHOT 1CS; NESC SR Stabilo 36x190g AP Rs200,; MAGGI PAZZTA Masala 96x69.5g,",Not Available
601780-20260530-111534,,Not Available,Not Available,Not Available,"NESCAFE SUNRISE Stabilo 80x90g,MRP 300/- INVOICED 4CS, SHOT 4CS",Not Available
601780-20260528-103807,,Not Available,Not Available,Not Available,"SHOT 1CS; MAGGI PAZZTA Cheese 96x75g ,; NESTLE a+ Milk 12x1L,",Not Available
601780-20260526-183234,,Not Available,Not Available,Not Available,"KIT KAT Tablet Caramel 12(12x50g),MRP 90/- INVOICED 10 CS,",Not Available
601780-20260523-121755,,Not Available,Not Available,Not Available,"SHOT 2CS; NESCAFE SUNRISE Stabilo 80x90g,MRP-300/- INVOICED 2 CS, SHOT 2CS SKU: MAGGI 2-MIN Spec Mas 24x300g,MRP 100/- INVOICED 14CS,",Not Available
601780-20260523-122522,,Not Available,Not Available,Not Available,"MUNCH Twin Bar 24(24x19.8g),",Not Available
601780-20260523-123620,,Not Available,Not Available,Not Available,"MAGGI 2-MINN Masala 12x560g,MRP 120/- INVOICED 270 CS,",Not Available
601780-20260520-120449,,Not Available,Not Available,Not Available,"MAGGI PAZZTA Cheese 96x75g,",Not Available
601780-20260518-113748,,Not Available,Not Available,Not Available,"SHOT 3CS; NESCAFE SUNRISE Stabilo 80x90g,; NESTEA Iced Tea Lemon 30x400g,; NESCAFE Choco Latte Cnd,; MAGGI 2-MIN Spicy Garlic 24x248g,",Not Available
601780-20260513-110506,,Not Available,Not Available,Not Available,NESCAFE Classic Latte Cnd 30X200ml,Not Available
601780-20260506-103840,,Not Available,Not Available,Not Available,,Not Available
601780-20260504-123041,,Not Available,Not Available,Not Available,,Not Available
601780-20260504-124649,,Not Available,Not Available,Not Available,,Not Available
601780-20260501-162035,,Not Available,Not Available,Not Available,,Not Available
601780-20260429-112419,,Not Available,Not Available,Not Available,"MUNCH Maha 27(32x10.4g),",Not Available
601780-20260428-121510,,Not Available,Not Available,Not Available,"SHOT 1CS; MAGGI PAZZTA Masala 48x139g,; MAGGI Ntr-lcs Oats Millets 24x298g,; NESTLE SLIM Skmd Milk TBrik 12x1L,",Not Available
601780-20260425-145140,,Not Available,Not Available,Not Available,"NESTLE SLIM Skmd Milk TBrik 12x1L,",Not Available
601780-20260425-145804,,Not Available,Not Available,Not Available,"SHOT 1CS; NESCAFE Clas Black Roast Jar 24x90g,; NESTLE SLIM Skmd Milk TBrik 12x1L,; MAGGI Ntr-lcs Atta 24x290g,MRP 108/- INVOICED 36CS,",Not Available
601780-20260425-150244,,Not Available,Not Available,Not Available,"LACTOGEN PRO 2 BIB 24x200g,",Not Available
601780-20260420-124746,,Not Available,Not Available,Not Available,"MAGGI 2-MINN Masala 96x95g, MRP20/- INVOICED 6CS,",Not Available
601780-20260418-105330,,Not Available,Not Available,Not Available,"MAGGI HOT & SWEET 12x1Kg,",Not Available
601780-20260414-173127,,Not Available,Not Available,Not Available,,Not Available
601780-20260408-115551,,Not Available,Not Available,Not Available,,Not Available
601780-20260407-143815,,Not Available,Not Available,Not Available,,Not Available
601780-20260402-134258,,Not Available,Not Available,Not Available,,Not Available
601780-20260323-103802,,Not Available,Not Available,Not Available,,Not Available
601780-20260320-115339,,Not Available,Not Available,Not Available,,Not Available
601780-20260317-121553,,Not Available,Not Available,Not Available,,Not Available
601780-20260311-114928,,Not Available,Not Available,Not Available,,Not Available
601780-20260307-164246,,Not Available,Not Available,Not Available,,Not Available
601780-20260306-123534,,Not Available,Not Available,Not Available,,Not Available
601780-20260305-133514,,Not Available,Not Available,Not Available,,Not Available
601780-20260305-133903,,Not Available,Not Available,Not Available,,Not Available
601780-20260305-134514,,Not Available,Not Available,Not Available,,Not Available
601780-20260305-134716,,Not Available,Not Available,Not Available,,Not Available
601780-20260305-135021,,Not Available,Not Available,Not Available,,Not Available
601780-20260221-113437,,Not Available,Not Available,Not Available,"KIT KAT 2x3F 18(14x(2x28.5g))N1,",Not Available
601780-20260214-150829,,Not Available,Not Available,Not Available,"Nestle Everyday DW 32x400g,",Not Available
601780-20260214-164305,,Not Available,Not Available,Not Available,,Not Available
601780-20260119-135330,,Not Available,Not Available,Not Available,,Not Available
601780-20260119-135421,,Not Available,Not Available,Not Available,,Not Available
601780-20260110-112639,,Not Available,Not Available,Not Available,,Not Available
601780-20260101-165408,,Not Available,Not Available,Not Available,,Not Available
7209153-20260429-140126,,Not Available,Not Available,Not Available,,Not Available
7209153-20260429-140340,,Not Available,Not Available,Not Available,,Not Available
7209153-20260123-144603,,Not Available,Not Available,Not Available,,Not Available
601785-20260627-125319,12596608,IN C&C : Nestle Milk Chocolate,CHOCOLATE,F&B,NESTLE Classic Fruit N Nut 12(12x65g) IN,Exact Product Code Match
601785-20260623-170917,13722293,IN CPW : Munch Choco Fills,BREAKFAST CEREAL,NBC,MUNCH Cereal Choco Fills 216x17g IN,Exact Product Code Match
601785-20260608-114816,,Not Available,Not Available,Not Available,MAGGI 2-MINN Curry Masala 96x74g IN,Not Available
601785-20260601-104312,14507419,IN SSD : EveryDay DW,DAIRY,F&B,one,Exact Product Code Match
601785-20260522-161721,12581886,IN CUL : Coconut Milk Powder - FS,NP,NP,MAGGI Coconut Milk Powder 12x1kg N2 IN,Exact Product Code Match
601785-20260518-120259,12567336,IN SSD : MILO RTD,DAIRY,F&B,,Exact Product Code Match
601785-20260516-162918,12616861,IN C&C : Kitkat,CHOCOLATE,F&B,KIT KAT 3F Duo 18(28x28.5g) IN,Exact Product Code Match
601785-20260506-153523,14503923,IN CUL : Noodles Value Added,CULINARY,F&B,,Exact Product Code Match
601785-20260413-121807,12458982,IN C&B : Nescafe Gold - Retail,BEVERAGES,F&B,,Exact Product Code Match
601785-20260413-121807,12607462,IN C&B : Nescafe Classic Large Packs,BEVERAGES,F&B,,Exact Product Code Match
601785-20260413-121807,12608496,IN CUL : Noodles,CULINARY,F&B,,Exact Product Code Match
601785-20260403-121046,14378859,IN SSD : EveryDay DW,DAIRY,F&B,2 EA SHORT WHEN ONE,Exact Product Code Match
601785-20260321-124320,12602687,IN C&B : Nescafe Sunrise Large Packs,BEVERAGES,F&B,NESCAFE SUNRISE DAWN Jar 24x90g TN NR IN,Exact Product Code Match
601785-20260321-125031,12606106,IN C&B : Nescafe Classic Large Packs,BEVERAGES,F&B,NESCAFE CLASSIC Dawn Jar 24x90g NR IN,Exact Product Code Match
601785-20260321-130231,12615615,IN NSB : NANGROW,INFANT NUTRITION,NN,NANGROW 24x400g JEFB001-2 N1 IN,Exact Product Code Match
601785-20260321-130801,12608496,IN CUL : Noodles,CULINARY,F&B,MAGGI 2-MINN Masala 48x150g N1 IN,Exact Product Code Match
601785-20260321-132823,14378778,IN C&C : Munch,CHOCOLATE,F&B,MUNCH Twin Bar 24(24x19.8g) NR IN,Exact Product Code Match
601785-20260321-133638,12567336,IN SSD : MILO RTD,DAIRY,F&B,NESTLE MILO RTD Millets 30x180ml IN,Exact Product Code Match
601785-20260305-171610,12516484,IN SSD : Nescafe RTD Cold Coffee,DAIRY,F&B,NESC RTD Latte30x180ml NRPaperStrw N1 IN,Exact Product Code Match
601785-20260305-174945,12603852,IN CUL : Sauces,CULINARY,F&B,MAGGI Tom Ket 24x480g N1 IN,Exact Product Code Match
601785-20260117-110951,12606755,IN C&B : Nescafe Classic Large Packs,BEVERAGES,F&B,NESCAFE CLASSIC Dawn Jar 12x180g NR IN,Exact Product Code Match
6261280-20260617-190355,,Not Available,Not Available,Not Available,,Not Available
6261280-20260123-104455,,Not Available,Not Available,Not Available,,Not Available
4776511-20260105-163942,,Not Available,Not Available,Not Available,,Not Available
4776511-20260105-171027,,Not Available,Not Available,Not Available,,Not Available
6171788-20260417-152042,12602984,IN CUL : MAGGI - IMP,SI,SI,MAGGI Chicken LS Bouillon 24(24x18g) N2,Exact Product Code Match
6171788-20260330-130748,12619735,IN C&C : Kitkat,CHOCOLATE,F&B,KIT KAT 4 Finger Anime 18(21x38.5g) IN; KIT KAT 8x1F Family Pack 120x59.2g IN,Exact Product Code Match
6171788-20260330-130748,12605821,IN C&C : Kitkat,CHOCOLATE,F&B,KIT KAT 4 Finger Anime 18(21x38.5g) IN; KIT KAT 8x1F Family Pack 120x59.2g IN,Exact Product Code Match
5727250-20260309-182318,12612203,IN C&C : Munch Maxx,CHOCOLATE,F&B,Munch Butterscotch 18(20*37.5g) in,Exact Product Code Match
5727250-20260309-183005,12426635,IN SSD : EveryDay DW - FS,NP,NP,Everyday Dairy Creamer 24*450g in,Exact Product Code Match
5727250-20260128-175322,12685777,IN C&B : NESCAFE Vend Coffee - FS,NP,NP,Nescafe classic vend 12*500g N2IN,Exact Product Code Match
6022573-20260511-191901,12608496,IN CUL : Noodles,CULINARY,F&B,,Exact Product Code Match
6022573-20260422-104205,12559252,IN CUL : MAGGI NDLS - FLAVOURS,CULINARY,F&B,,Exact Product Code Match
6022573-20260422-104623,12622716,IN C&C : Kitkat Tablets,CHOCOLATE,F&B,,Exact Product Code Match
