Ticket Number,Ticket_Date,Invoice_Number,Product_Code_Extracted,Batch_Code,Distributor_Code,Distributor_Name,DC,Current_Status,VTA_VTR_Match_Status,Reconciliation_Remarks
6852868-20260428-163605,2026-04-28,1099842467,,,6852868,18MILES,2032,Closed,Source Not Available,No VTA/VTR reconciled workbook was supplied in this upload; no unsupported match was fabricated.
6852868-20260428-164006,2026-04-28,1099847548,,,6852868,18MILES,2032,Closed,Source Not Available,No VTA/VTR reconciled workbook was supplied in this upload; no unsupported match was fabricated.
6852868-20260130-160237,2026-01-30,"1099833365, 1099832066, ",,,6852868,18MILES,2032,Closed,Source Not Available,No VTA/VTR reconciled workbook was supplied in this upload; no unsupported match was fabricated.
6852868-20260127-120147,2026-01-27,1099828612,,,6852868,18MILES,2032,Closed,Source Not Available,No VTA/VTR reconciled workbook was supplied in this upload; no unsupported match was fabricated.
6852868-20260127-120439,2026-01-27,1099828612,,,6852868,18MILES,2032,Closed,Source Not Available,No VTA/VTR reconciled workbook was supplied in this upload; no unsupported match was fabricated.
5242655-20260408-160308,2026-04-08,959172670,12586422,60670455CA,5242655,A P J Associates,B744,Closed,Source Not Available,No VTA/VTR reconciled workbook was supplied in this upload; no unsupported match was fabricated.
5242655-20260302-140013,2026-03-02,959163652,60170453; 60440453,,5242655,A P J Associates,B744,Closed,Source Not Available,No VTA/VTR reconciled workbook was supplied in this upload; no unsupported match was fabricated.
6973481-20260416-111911,2026-04-16,"1365801306, 1365801306, 1365802192, 1365802192",,,6973481,A S Associates,C963,Pending,Source Not Available,No VTA/VTR reconciled workbook was supplied in this upload; no unsupported match was fabricated.
6999039-20260415-124530,2026-04-15,959173316,14328933,,6999039,A S Distributor,B744,Closed,Source Not Available,No VTA/VTR reconciled workbook was supplied in this upload; no unsupported match was fabricated.
6999039-20260415-124835,2026-04-15,959173317,13680087,,6999039,A S Distributor,B744,Closed,Source Not Available,No VTA/VTR reconciled workbook was supplied in this upload; no unsupported match was fabricated.
6999039-20260120-190922,2026-01-20,959153285,12584920,,6999039,A S Distributor,B744,Closed,Source Not Available,No VTA/VTR reconciled workbook was supplied in this upload; no unsupported match was fabricated.
7485824-20260506-131313,2026-05-06,974818892,13680206,60580452CA,7485824,Aafiya Computers,C749,Pending,Source Not Available,No VTA/VTR reconciled workbook was supplied in this upload; no unsupported match was fabricated.
6824058-20260630-131544,2026-06-30,938435919,,61610455HB; 61030455HA,6824058,Aarav Associates,B929,Pending,Source Not Available,No VTA/VTR reconciled workbook was supplied in this upload; no unsupported match was fabricated.
6824058-20260603-155215,2026-06-03,938431710,,5353417611,6824058,Aarav Associates,B929,Pending,Source Not Available,No VTA/VTR reconciled workbook was supplied in this upload; no unsupported match was fabricated.
6824058-20260530-113030,2026-05-30,938430868,,61080452CF,6824058,Aarav Associates,B929,Closed,Source Not Available,No VTA/VTR reconciled workbook was supplied in this upload; no unsupported match was fabricated.
6824058-20260528-130103,2026-05-28,938430131,,60520376NM,6824058,Aarav Associates,B929,Closed,Source Not Available,No VTA/VTR reconciled workbook was supplied in this upload; no unsupported match was fabricated.
6824058-20260512-124517,2026-05-12,938426897,,61030452CF,6824058,Aarav Associates,B929,Closed,Source Not Available,No VTA/VTR reconciled workbook was supplied in this upload; no unsupported match was fabricated.
6824058-20260512-125430,2026-05-12,938426899,,60900455HA,6824058,Aarav Associates,B929,Closed,Source Not Available,No VTA/VTR reconciled workbook was supplied in this upload; no unsupported match was fabricated.
6824058-20260508-140201,2026-05-08,938426273,,61110451DA,6824058,Aarav Associates,B929,Closed,Source Not Available,No VTA/VTR reconciled workbook was supplied in this upload; no unsupported match was fabricated.
6824058-20260428-124743,2026-04-28,938423924,,6047T246DA,6824058,Aarav Associates,B929,Closed,Source Not Available,No VTA/VTR reconciled workbook was supplied in this upload; no unsupported match was fabricated.
6824058-20260420-121358,2026-04-20,938421259,,60730455TA,6824058,Aarav Associates,B929,Closed,Source Not Available,No VTA/VTR reconciled workbook was supplied in this upload; no unsupported match was fabricated.
6824058-20260410-135740,2026-04-10,938419735,,60060453A2,6824058,Aarav Associates,B929,Closed,Source Not Available,No VTA/VTR reconciled workbook was supplied in this upload; no unsupported match was fabricated.
6824058-20260410-135943,2026-04-10,938419735,,60090453A7,6824058,Aarav Associates,B929,Closed,Source Not Available,No VTA/VTR reconciled workbook was supplied in this upload; no unsupported match was fabricated.
6824058-20260404-114351,2026-04-04,938418663,,60080454N1,6824058,Aarav Associates,B929,Closed,Source Not Available,No VTA/VTR reconciled workbook was supplied in this upload; no unsupported match was fabricated.
6824058-20260327-175401,2026-03-27,938417740,,523703764T,6824058,Aarav Associates,B929,Closed,Source Not Available,No VTA/VTR reconciled workbook was supplied in this upload; no unsupported match was fabricated.
6824058-20260206-155104,2026-02-06,938405081,,53210376DA,6824058,Aarav Associates,B929,Closed,Source Not Available,No VTA/VTR reconciled workbook was supplied in this upload; no unsupported match was fabricated.
6824058-20260110-123234,2026-01-10,938396789,,53290454B1,6824058,Aarav Associates,B929,Closed,Source Not Available,No VTA/VTR reconciled workbook was supplied in this upload; no unsupported match was fabricated.
7023429-20260302-100313,2026-03-02,959163469,12602710,,7023429,Abdhu Traders,B744,Closed,Source Not Available,No VTA/VTR reconciled workbook was supplied in this upload; no unsupported match was fabricated.
7023429-20260213-115522,2026-02-13,959160273,12567446,,7023429,Abdhu Traders,B744,Closed,Source Not Available,No VTA/VTR reconciled workbook was supplied in this upload; no unsupported match was fabricated.
6903453-20260430-123404,2026-04-30,974818278,,,6903453,Adithya Enterprises,C749,Closed,Source Not Available,No VTA/VTR reconciled workbook was supplied in this upload; no unsupported match was fabricated.
6903453-20260430-123632,2026-04-30,974821985,,,6903453,Adithya Enterprises,C749,Closed,Source Not Available,No VTA/VTR reconciled workbook was supplied in this upload; no unsupported match was fabricated.
6903453-20260427-124433,2026-04-27,974822697,,60800453A7,6903453,Adithya Enterprises,C749,Closed,Source Not Available,No VTA/VTR reconciled workbook was supplied in this upload; no unsupported match was fabricated.
5584508-20260223-174234,2026-02-23,974807805,,,5584508,Akshaya Agencies,C749,Closed,Source Not Available,No VTA/VTR reconciled workbook was supplied in this upload; no unsupported match was fabricated.
5584508-20260223-174643,2026-02-23,974812373,12559238,,5584508,Akshaya Agencies,C749,Reopened,Source Not Available,No VTA/VTR reconciled workbook was supplied in this upload; no unsupported match was fabricated.
600977-20260505-122925,2026-05-05,959161300; 959163431,12610509; 12616536,,600977,Alankar Stores,B744,Closed,Source Not Available,No VTA/VTR reconciled workbook was supplied in this upload; no unsupported match was fabricated.
600980-20260508-225758,2026-05-08,,,,600980,Allied Trading Enterprises,7793,Closed,Source Not Available,No VTA/VTR reconciled workbook was supplied in this upload; no unsupported match was fabricated.
600983-20260622-144417,2026-06-22,1365806682,14515244,61410453J2; 61550453J2,600983,Ambooken Agencies,C963,Pending,Source Not Available,No VTA/VTR reconciled workbook was supplied in this upload; no unsupported match was fabricated.
600983-20260618-160722,2026-06-18,1365806395,12616966,52990453M1,600983,Ambooken Agencies,C963,Pending,Source Not Available,No VTA/VTR reconciled workbook was supplied in this upload; no unsupported match was fabricated.
600983-20260612-161346,2026-06-12,1365806126,10584810,,600983,Ambooken Agencies,C963,Pending,Source Not Available,No VTA/VTR reconciled workbook was supplied in this upload; no unsupported match was fabricated.
600983-20260508-155830,2026-05-08,1365804096,12623078,,600983,Ambooken Agencies,C963,Pending,Source Not Available,No VTA/VTR reconciled workbook was supplied in this upload; no unsupported match was fabricated.
600983-20260508-160255,2026-05-08,1365804098,12518425,,600983,Ambooken Agencies,C963,Pending,Source Not Available,No VTA/VTR reconciled workbook was supplied in this upload; no unsupported match was fabricated.
600983-20260325-132847,2026-03-25,959169464,13679901,,600983,Ambooken Agencies,B744,Closed,Source Not Available,No VTA/VTR reconciled workbook was supplied in this upload; no unsupported match was fabricated.
600983-20260325-133325,2026-03-25,959169464,13680087,,600983,Ambooken Agencies,B744,Closed,Source Not Available,No VTA/VTR reconciled workbook was supplied in this upload; no unsupported match was fabricated.
600983-20260325-133850,2026-03-25,959169464,10584810,,600983,Ambooken Agencies,B744,Closed,Source Not Available,No VTA/VTR reconciled workbook was supplied in this upload; no unsupported match was fabricated.
5531976-20260318-165642,2026-03-18,959165627; 959167670,,,5531976,Ambooken Agencies,B744,Closed,Source Not Available,No VTA/VTR reconciled workbook was supplied in this upload; no unsupported match was fabricated.
600983-20260313-164308,2026-03-13,959166719,12585176,difference; 60430453J1; Received,600983,Ambooken Agencies,B744,Closed,Source Not Available,No VTA/VTR reconciled workbook was supplied in this upload; no unsupported match was fabricated.
600983-20260313-164816,2026-03-13,959166723,12616560,,600983,Ambooken Agencies,B744,Closed,Source Not Available,No VTA/VTR reconciled workbook was supplied in this upload; no unsupported match was fabricated.
5531976-20260303-154710,2026-03-03,959163801,12559592,60152814,5531976,Ambooken Agencies,B744,Closed,Source Not Available,No VTA/VTR reconciled workbook was supplied in this upload; no unsupported match was fabricated.
600985-20260623-153909,2026-06-23,1099856321,,,600985,Amrutha Enterprises,2032,Pending,Source Not Available,No VTA/VTR reconciled workbook was supplied in this upload; no unsupported match was fabricated.
600985-20260611-151319,2026-06-11,1099854716,13970092,,600985,Amrutha Enterprises,2032,Pending,Source Not Available,No VTA/VTR reconciled workbook was supplied in this upload; no unsupported match was fabricated.
600985-20260611-152949,2026-06-11,1099854236,12499422,,600985,Amrutha Enterprises,2032,Pending,Source Not Available,No VTA/VTR reconciled workbook was supplied in this upload; no unsupported match was fabricated.
600985-20260605-171842,2026-06-05,1099852220,12230487,,600985,Amrutha Enterprises,2032,Pending,Source Not Available,No VTA/VTR reconciled workbook was supplied in this upload; no unsupported match was fabricated.
600985-20260509-175635,2026-05-09,1099847448,,,600985,Amrutha Enterprises,2032,Pending,Source Not Available,No VTA/VTR reconciled workbook was supplied in this upload; no unsupported match was fabricated.
600985-20260509-180126,2026-05-09,1099849001,,,600985,Amrutha Enterprises,2032,Pending,Source Not Available,No VTA/VTR reconciled workbook was supplied in this upload; no unsupported match was fabricated.
600985-20260424-132434,2026-04-24,1099847193,,,600985,Amrutha Enterprises,2032,Closed,Source Not Available,No VTA/VTR reconciled workbook was supplied in this upload; no unsupported match was fabricated.
600985-20260418-142943,2026-04-18,1099846026,,,600985,Amrutha Enterprises,2032,Closed,Source Not Available,No VTA/VTR reconciled workbook was supplied in this upload; no unsupported match was fabricated.
600985-20260407-175952,2026-04-07,1099842107,12601761,,600985,Amrutha Enterprises,2032,Closed,Source Not Available,No VTA/VTR reconciled workbook was supplied in this upload; no unsupported match was fabricated.
600985-20260407-180408,2026-04-07,1099844069,12610392,,600985,Amrutha Enterprises,2032,Closed,Source Not Available,No VTA/VTR reconciled workbook was supplied in this upload; no unsupported match was fabricated.
600985-20260312-164131,2026-03-12,1099838952,13632235,,600985,Amrutha Enterprises,2032,Closed,Source Not Available,No VTA/VTR reconciled workbook was supplied in this upload; no unsupported match was fabricated.
600985-20260312-164613,2026-03-12,1099839673,12595301,,600985,Amrutha Enterprises,2032,Closed,Source Not Available,No VTA/VTR reconciled workbook was supplied in this upload; no unsupported match was fabricated.
600985-20260207-135418,2026-02-07,1099834619,13680299,,600985,Amrutha Enterprises,2032,Closed,Source Not Available,No VTA/VTR reconciled workbook was supplied in this upload; no unsupported match was fabricated.
600985-20260130-164353,2026-01-30,1099833367,,,600985,Amrutha Enterprises,2032,Closed,Source Not Available,No VTA/VTR reconciled workbook was supplied in this upload; no unsupported match was fabricated.
600985-20260130-164828,2026-01-30,1099833367,12518426,,600985,Amrutha Enterprises,2032,Closed,Source Not Available,No VTA/VTR reconciled workbook was supplied in this upload; no unsupported match was fabricated.
600985-20260123-141004,2026-01-23,1099828709,12616966,,600985,Amrutha Enterprises,2032,Closed,Source Not Available,No VTA/VTR reconciled workbook was supplied in this upload; no unsupported match was fabricated.
600985-20260123-141635,2026-01-23,1099829151,12609877,,600985,Amrutha Enterprises,2032,Closed,Source Not Available,No VTA/VTR reconciled workbook was supplied in this upload; no unsupported match was fabricated.
600985-20260123-142139,2026-01-23,1099830664; 1099830666,,,600985,Amrutha Enterprises,2032,Closed,Source Not Available,No VTA/VTR reconciled workbook was supplied in this upload; no unsupported match was fabricated.
3997672-20260111-174711,2026-01-11,,,,3997672,Anand Agencies,B929,Closed,Source Not Available,No VTA/VTR reconciled workbook was supplied in this upload; no unsupported match was fabricated.
7566721-20260630-182134,2026-06-30,,,,7566721,Annai Agencies,B744,Pending,Source Not Available,No VTA/VTR reconciled workbook was supplied in this upload; no unsupported match was fabricated.
600991-20260618-103006,2026-06-18,959185764,,61620454P1,600991,Annapoorni Agencies,B744,Pending,Source Not Available,No VTA/VTR reconciled workbook was supplied in this upload; no unsupported match was fabricated.
600991-20260403-103530,2026-04-03,959171470,,60730451YA,600991,Annapoorni Agencies,B744,Closed,Source Not Available,No VTA/VTR reconciled workbook was supplied in this upload; no unsupported match was fabricated.
600991-20260203-104125,2026-02-03,959157441; 959157447,,60130454F1; 60192814AA,600991,Annapoorni Agencies,B744,Closed,Source Not Available,No VTA/VTR reconciled workbook was supplied in this upload; no unsupported match was fabricated.
600991-20260126-115228,2026-01-26,959156050,,53600452DA,600991,Annapoorni Agencies,B744,Closed,Source Not Available,No VTA/VTR reconciled workbook was supplied in this upload; no unsupported match was fabricated.
7542191-20260609-135040,2026-06-09,,,,7542191,Apoorva Traders,B929,Pending,Source Not Available,No VTA/VTR reconciled workbook was supplied in this upload; no unsupported match was fabricated.
7313829-20260618-155617,2026-06-18,,,Mentioned; received,7313829,Aspire Business Hub,7793,Pending,Source Not Available,No VTA/VTR reconciled workbook was supplied in this upload; no unsupported match was fabricated.
7313829-20260521-181253,2026-05-21,1365364296,13680087,61330452CA,7313829,Aspire Business Hub,7793,Closed,Source Not Available,No VTA/VTR reconciled workbook was supplied in this upload; no unsupported match was fabricated.
7313829-20260411-163054,2026-04-11,,,,7313829,Aspire Business Hub,B744,Closed,Source Not Available,No VTA/VTR reconciled workbook was supplied in this upload; no unsupported match was fabricated.
7313829-20260411-163616,2026-04-11,,,,7313829,Aspire Business Hub,B744,Closed,Source Not Available,No VTA/VTR reconciled workbook was supplied in this upload; no unsupported match was fabricated.
7313829-20260115-130151,2026-01-15,1365352559,19023010,,7313829,Aspire Business Hub,7793,Closed,Source Not Available,No VTA/VTR reconciled workbook was supplied in this upload; no unsupported match was fabricated.
601004-20260624-163128,2026-06-24,974829803,12608497,61650455TB,601004,Aswin Enterprises,C749,Pending,Source Not Available,No VTA/VTR reconciled workbook was supplied in this upload; no unsupported match was fabricated.
601004-20260624-163346,2026-06-24,974829758,12595279,60750455HA,601004,Aswin Enterprises,C749,Pending,Source Not Available,No VTA/VTR reconciled workbook was supplied in this upload; no unsupported match was fabricated.
601004-20260624-163546,2026-06-24,974830352,12448239,60031530KA,601004,Aswin Enterprises,C749,Pending,Source Not Available,No VTA/VTR reconciled workbook was supplied in this upload; no unsupported match was fabricated.
601004-20260624-163742,2026-06-24,974830355,12595279,60750455HA; 61060455HA,601004,Aswin Enterprises,C749,Pending,Source Not Available,No VTA/VTR reconciled workbook was supplied in this upload; no unsupported match was fabricated.
601004-20260611-111751,2026-06-11,974828570,12458968,51833657; 51423657,601004,Aswin Enterprises,C749,Pending,Source Not Available,No VTA/VTR reconciled workbook was supplied in this upload; no unsupported match was fabricated.
601004-20260610-104548,2026-06-10,974828289,12629234; 12622716,60851519KA; 61160454X1,601004,Aswin Enterprises,C749,Pending,Source Not Available,No VTA/VTR reconciled workbook was supplied in this upload; no unsupported match was fabricated.
601004-20260610-104601,2026-06-10,974828282,12608551; 12606043,61300455LA; 61420455HA,601004,Aswin Enterprises,C749,Pending,Source Not Available,No VTA/VTR reconciled workbook was supplied in this upload; no unsupported match was fabricated.
601004-20260608-124723,2026-06-08,938431295,12608497,61369939AA,601004,Aswin Enterprises,B929,Pending,Source Not Available,No VTA/VTR reconciled workbook was supplied in this upload; no unsupported match was fabricated.
601004-20260608-124759,2026-06-08,974827965,14507209,611204515A,601004,Aswin Enterprises,C749,Pending,Source Not Available,No VTA/VTR reconciled workbook was supplied in this upload; no unsupported match was fabricated.
601004-20260608-124832,2026-06-08,974828132,,61019939LA,601004,Aswin Enterprises,C749,Pending,Source Not Available,No VTA/VTR reconciled workbook was supplied in this upload; no unsupported match was fabricated.
601004-20260528-103940,2026-05-28,974826589,12603833; 12606043,52180455HA; 60450451FB,601004,Aswin Enterprises,C749,Pending,Source Not Available,No VTA/VTR reconciled workbook was supplied in this upload; no unsupported match was fabricated.
601004-20260518-103126,2026-05-18,974825370,13679901,60920452BA,601004,Aswin Enterprises,C749,Pending,Source Not Available,No VTA/VTR reconciled workbook was supplied in this upload; no unsupported match was fabricated.
601004-20260518-103151,2026-05-18,974825370,12630048,60870451AA,601004,Aswin Enterprises,C749,Pending,Source Not Available,No VTA/VTR reconciled workbook was supplied in this upload; no unsupported match was fabricated.
601004-20260515-160719,2026-05-15,974823448,12612451,61020454C1,601004,Aswin Enterprises,C749,Pending,Source Not Available,No VTA/VTR reconciled workbook was supplied in this upload; no unsupported match was fabricated.
601004-20260430-150206,2026-04-30,974821460,14445547,60680452BA,601004,Aswin Enterprises,C749,Closed,Source Not Available,No VTA/VTR reconciled workbook was supplied in this upload; no unsupported match was fabricated.
601004-20260430-150304,2026-04-30,974821521,14199857,61010454N1,601004,Aswin Enterprises,C749,Closed,Source Not Available,No VTA/VTR reconciled workbook was supplied in this upload; no unsupported match was fabricated.
601004-20260408-113050,2026-04-08,974819213,13680372; 12559595,60779939BA; 60672814PA,601004,Aswin Enterprises,C749,Closed,Source Not Available,No VTA/VTR reconciled workbook was supplied in this upload; no unsupported match was fabricated.
601004-20260408-113146,2026-04-08,974819214,12559252,60462814BB,601004,Aswin Enterprises,C749,Closed,Source Not Available,No VTA/VTR reconciled workbook was supplied in this upload; no unsupported match was fabricated.
601004-20260311-102429,2026-03-11,974814806,,60410452BB,601004,Aswin Enterprises,C749,Closed,Source Not Available,No VTA/VTR reconciled workbook was supplied in this upload; no unsupported match was fabricated.
601004-20260311-102511,2026-03-11,974815914,12623878,60390454X1,601004,Aswin Enterprises,C749,Closed,Source Not Available,No VTA/VTR reconciled workbook was supplied in this upload; no unsupported match was fabricated.
601004-20260224-110003,2026-02-24,974813467,12608496; 13680087,60142814TA; 60380452CF,601004,Aswin Enterprises,C749,Closed,Source Not Available,No VTA/VTR reconciled workbook was supplied in this upload; no unsupported match was fabricated.
601004-20260218-111714,2026-02-18,974807836,12606197,60060452DA,601004,Aswin Enterprises,C749,Closed,Source Not Available,No VTA/VTR reconciled workbook was supplied in this upload; no unsupported match was fabricated.
601004-20260218-111836,2026-02-18,974810018,12567446,53570453T1,601004,Aswin Enterprises,C749,Closed,Source Not Available,No VTA/VTR reconciled workbook was supplied in this upload; no unsupported match was fabricated.
601004-20260218-111934,2026-02-18,974809366,12616251,60070455EA,601004,Aswin Enterprises,C749,Closed,Source Not Available,No VTA/VTR reconciled workbook was supplied in this upload; no unsupported match was fabricated.
601004-20260218-112030,2026-02-18,974812216,13679901,60410452BB,601004,Aswin Enterprises,C749,Closed,Source Not Available,No VTA/VTR reconciled workbook was supplied in this upload; no unsupported match was fabricated.
601004-20260218-112124,2026-02-18,974812221,13679901,60440452BA,601004,Aswin Enterprises,C749,Closed,Source Not Available,No VTA/VTR reconciled workbook was supplied in this upload; no unsupported match was fabricated.
601004-20260130-113534,2026-01-30,974808556,12602710,60060452DB,601004,Aswin Enterprises,C749,Closed,Source Not Available,No VTA/VTR reconciled workbook was supplied in this upload; no unsupported match was fabricated.
601004-20260130-113750,2026-01-30,974808981,12516486; 12584920; 12608543,60031530KB; 52760451ZA; 53109939EA,601004,Aswin Enterprises,C749,Closed,Source Not Available,No VTA/VTR reconciled workbook was supplied in this upload; no unsupported match was fabricated.
601004-20260130-113849,2026-01-30,974808981,12617902; 12553664,52560454X2; 52510454X2,601004,Aswin Enterprises,C749,Closed,Source Not Available,No VTA/VTR reconciled workbook was supplied in this upload; no unsupported match was fabricated.
601004-20260121-160642,2026-01-21,974807420,12630272,52220455KC,601004,Aswin Enterprises,C749,Closed,Source Not Available,No VTA/VTR reconciled workbook was supplied in this upload; no unsupported match was fabricated.
601004-20260120-131042,2026-01-20,974806940,13680206,60030452CB,601004,Aswin Enterprises,C749,Closed,Source Not Available,No VTA/VTR reconciled workbook was supplied in this upload; no unsupported match was fabricated.
601004-20260120-131137,2026-01-20,974805803,12620326,5340417615,601004,Aswin Enterprises,C749,Closed,Source Not Available,No VTA/VTR reconciled workbook was supplied in this upload; no unsupported match was fabricated.
601004-20260120-131218,2026-01-20,974806966,12610093,52467742AB,601004,Aswin Enterprises,C749,Closed,Source Not Available,No VTA/VTR reconciled workbook was supplied in this upload; no unsupported match was fabricated.
601004-20260108-134554,2026-01-08,974805740,12607462; 12595301,53550452CA; 53400455HA,601004,Aswin Enterprises,C749,Closed,Source Not Available,No VTA/VTR reconciled workbook was supplied in this upload; no unsupported match was fabricated.
7453826-20260622-132201,2026-06-22,1365366766,12602710,60630452DA,7453826,Aswini Medicines,C963,Pending,Source Not Available,No VTA/VTR reconciled workbook was supplied in this upload; no unsupported match was fabricated.
7453826-20260416-152351,2026-04-16,,,,7453826,Aswini Medicines,C963,Closed,Source Not Available,No VTA/VTR reconciled workbook was supplied in this upload; no unsupported match was fabricated.
6224559-20260608-181318,2026-06-08,,,,6224559,ATLAS DISTRIBUTORS PRIVATE LIMITED,B929,Pending,Source Not Available,No VTA/VTR reconciled workbook was supplied in this upload; no unsupported match was fabricated.
601014-20260525-192337,2026-05-25,1099849186,19023010,,601014,B Yemmaji Rao Sons,2032,Pending,Source Not Available,No VTA/VTR reconciled workbook was supplied in this upload; no unsupported match was fabricated.
601014-20260512-124059,2026-05-12,1099849758,13776709,,601014,B Yemmaji Rao Sons,2032,Pending,Source Not Available,No VTA/VTR reconciled workbook was supplied in this upload; no unsupported match was fabricated.
601014-20260415-171515,2026-04-15,1099845721,12610048,,601014,B Yemmaji Rao Sons,2032,Closed,Source Not Available,No VTA/VTR reconciled workbook was supplied in this upload; no unsupported match was fabricated.
601014-20260415-171830,2026-04-15,1099845888,19011090,,601014,B Yemmaji Rao Sons,2032,Closed,Source Not Available,No VTA/VTR reconciled workbook was supplied in this upload; no unsupported match was fabricated.
601014-20260129-130343,2026-01-29,1099833034,12609877,,601014,B Yemmaji Rao Sons,2032,Closed,Source Not Available,No VTA/VTR reconciled workbook was supplied in this upload; no unsupported match was fabricated.
6441951-20260620-164409,2026-06-20,,,,6441951,Bagi Trading Company,B929,Pending,Source Not Available,No VTA/VTR reconciled workbook was supplied in this upload; no unsupported match was fabricated.
6441951-20260508-184949,2026-05-08,,,,6441951,Bagi Trading Company,B929,Closed,Source Not Available,No VTA/VTR reconciled workbook was supplied in this upload; no unsupported match was fabricated.
6441951-20260331-163702,2026-03-31,,,,6441951,Bagi Trading Company,B929,Closed,Source Not Available,No VTA/VTR reconciled workbook was supplied in this upload; no unsupported match was fabricated.
6441951-20260331-193005,2026-03-31,,,,6441951,Bagi Trading Company,B929,Closed,Source Not Available,No VTA/VTR reconciled workbook was supplied in this upload; no unsupported match was fabricated.
6441951-20260328-180739,2026-03-28,,,,6441951,Bagi Trading Company,B929,Closed,Source Not Available,No VTA/VTR reconciled workbook was supplied in this upload; no unsupported match was fabricated.
4766881-20260624-162305,2026-06-24,1099856595,12516484,,4766881,Balaji Agencies,2032,Pending,Source Not Available,No VTA/VTR reconciled workbook was supplied in this upload; no unsupported match was fabricated.
4766881-20260619-104442,2026-06-19,1099856009,14378778,,4766881,Balaji Agencies,2032,Pending,Source Not Available,No VTA/VTR reconciled workbook was supplied in this upload; no unsupported match was fabricated.
4766881-20260617-134104,2026-06-17,1099855578,12608635,,4766881,Balaji Agencies,2032,Pending,Source Not Available,No VTA/VTR reconciled workbook was supplied in this upload; no unsupported match was fabricated.
4766881-20260617-134608,2026-06-17,1366100471,12608635,,4766881,Balaji Agencies,D915,Pending,Source Not Available,No VTA/VTR reconciled workbook was supplied in this upload; no unsupported match was fabricated.
4766881-20260604-175832,2026-06-04,1099853788,12584920,,4766881,Balaji Agencies,2032,Pending,Source Not Available,No VTA/VTR reconciled workbook was supplied in this upload; no unsupported match was fabricated.
4766881-20260602-160959,2026-06-02,1099853595,12607949,,4766881,Balaji Agencies,2032,Pending,Source Not Available,No VTA/VTR reconciled workbook was supplied in this upload; no unsupported match was fabricated.
4766881-20260515-165915,2026-05-15,974824844,,,4766881,Balaji Agencies,C749,Pending,Source Not Available,No VTA/VTR reconciled workbook was supplied in this upload; no unsupported match was fabricated.
4766881-20260505-132128,2026-05-05,1099849045,13700494,,4766881,Balaji Agencies,2032,Pending,Source Not Available,No VTA/VTR reconciled workbook was supplied in this upload; no unsupported match was fabricated.
4766881-20260502-110041,2026-05-02,1099848322,,,4766881,Balaji Agencies,2032,Closed,Source Not Available,No VTA/VTR reconciled workbook was supplied in this upload; no unsupported match was fabricated.
4766881-20260501-195540,2026-05-01,1099848784,,,4766881,Balaji Agencies,2032,Closed,Source Not Available,No VTA/VTR reconciled workbook was supplied in this upload; no unsupported match was fabricated.
4766881-20260428-124850,2026-04-28,1099848151,,,4766881,Balaji Agencies,2032,Closed,Source Not Available,No VTA/VTR reconciled workbook was supplied in this upload; no unsupported match was fabricated.
4766881-20260423-155354,2026-04-23,1099847480,,,4766881,Balaji Agencies,2032,Closed,Source Not Available,No VTA/VTR reconciled workbook was supplied in this upload; no unsupported match was fabricated.
4766881-20260421-154908,2026-04-21,1099846905,12599497,,4766881,Balaji Agencies,2032,Closed,Source Not Available,No VTA/VTR reconciled workbook was supplied in this upload; no unsupported match was fabricated.
4766881-20260325-185734,2026-03-25,1099842407,12601933,,4766881,Balaji Agencies,2032,Closed,Source Not Available,No VTA/VTR reconciled workbook was supplied in this upload; no unsupported match was fabricated.
4766881-20260318-130630,2026-03-18,1099841181,13680206,,4766881,Balaji Agencies,2032,Closed,Source Not Available,No VTA/VTR reconciled workbook was supplied in this upload; no unsupported match was fabricated.
4766881-20260225-104457,2026-02-25,1099837378,13797726,,4766881,Balaji Agencies,2032,Closed,Source Not Available,No VTA/VTR reconciled workbook was supplied in this upload; no unsupported match was fabricated.
4766881-20260212-134300,2026-02-12,,12629157,,4766881,Balaji Agencies,2032,Closed,Source Not Available,No VTA/VTR reconciled workbook was supplied in this upload; no unsupported match was fabricated.
4766881-20260128-163822,2026-01-28,1099832886,,,4766881,Balaji Agencies,2032,Closed,Source Not Available,No VTA/VTR reconciled workbook was supplied in this upload; no unsupported match was fabricated.
4766881-20260115-155323,2026-01-15,1099831230,13680206,,4766881,Balaji Agencies,2032,Closed,Source Not Available,No VTA/VTR reconciled workbook was supplied in this upload; no unsupported match was fabricated.
4766881-20260105-113635,2026-01-05,1099829004,12426635,,4766881,Balaji Agencies,2032,Closed,Source Not Available,No VTA/VTR reconciled workbook was supplied in this upload; no unsupported match was fabricated.
7043746-20260528-145031,2026-05-28,,,,7043746,Best & Co,B744,Closed,Source Not Available,No VTA/VTR reconciled workbook was supplied in this upload; no unsupported match was fabricated.
7043746-20260528-145213,2026-05-28,,,,7043746,Best & Co,B744,Closed,Source Not Available,No VTA/VTR reconciled workbook was supplied in this upload; no unsupported match was fabricated.
7043746-20260220-161421,2026-02-20,959158932,12595279,60060455HB,7043746,Best & Co,B744,Closed,Source Not Available,No VTA/VTR reconciled workbook was supplied in this upload; no unsupported match was fabricated.
601034-20260620-124852,2026-06-20,974827023; 974827024,12612451; 14514842,61390454C1; 61290453J3,601034,Bhanu Agencies,C749,Pending,Source Not Available,No VTA/VTR reconciled workbook was supplied in this upload; no unsupported match was fabricated.
7301189-20260525-120401,2026-05-25,1365805076,12608496,61132814TA,7301189,Bhanu Trading,C963,Pending,Source Not Available,No VTA/VTR reconciled workbook was supplied in this upload; no unsupported match was fabricated.
7301189-20260518-153106,2026-05-18,1365803604,,,7301189,Bhanu Trading,C963,Pending,Source Not Available,No VTA/VTR reconciled workbook was supplied in this upload; no unsupported match was fabricated.
7301189-20260518-153529,2026-05-18,1365802021,12607462,,7301189,Bhanu Trading,C963,Pending,Source Not Available,No VTA/VTR reconciled workbook was supplied in this upload; no unsupported match was fabricated.
7301189-20260518-153615,2026-05-18,1365803892,12602710,,7301189,Bhanu Trading,C963,Pending,Source Not Available,No VTA/VTR reconciled workbook was supplied in this upload; no unsupported match was fabricated.
2514206-20260430-111033,2026-04-30,1365362181,12623842,60390453A1,2514206,Bismillah Enterprises,7793,Closed,Source Not Available,No VTA/VTR reconciled workbook was supplied in this upload; no unsupported match was fabricated.
6077575-20260630-141256,2026-06-30,1366100947,,,6077575,Blitzhaus Pet Mart.,D915,Pending,Source Not Available,No VTA/VTR reconciled workbook was supplied in this upload; no unsupported match was fabricated.
6077575-20260630-141622,2026-06-30,1366100947,,,6077575,Blitzhaus Pet Mart.,D915,Pending,Source Not Available,No VTA/VTR reconciled workbook was supplied in this upload; no unsupported match was fabricated.
6077575-20260629-151132,2026-06-29,938436479; 938436480,,,6077575,Blitzhaus Pet Mart.,B929,Pending,Source Not Available,No VTA/VTR reconciled workbook was supplied in this upload; no unsupported match was fabricated.
6077575-20260624-152200,2026-06-24,1366100746,,,6077575,Blitzhaus Pet Mart.,D915,Pending,Source Not Available,No VTA/VTR reconciled workbook was supplied in this upload; no unsupported match was fabricated.
6077575-20260619-121704,2026-06-19,1366100487,,,6077575,Blitzhaus Pet Mart.,D915,Pending,Source Not Available,No VTA/VTR reconciled workbook was supplied in this upload; no unsupported match was fabricated.
6077575-20260619-121832,2026-06-19,1366100487,,,6077575,Blitzhaus Pet Mart.,D915,Pending,Source Not Available,No VTA/VTR reconciled workbook was supplied in this upload; no unsupported match was fabricated.
6077575-20260602-150817,2026-06-02,1099853453,12618907,,6077575,Blitzhaus Pet Mart.,2032,Pending,Source Not Available,No VTA/VTR reconciled workbook was supplied in this upload; no unsupported match was fabricated.
6077575-20260526-154623,2026-05-26,938429311,,,6077575,Blitzhaus Pet Mart.,B929,Closed,Source Not Available,No VTA/VTR reconciled workbook was supplied in this upload; no unsupported match was fabricated.
6077575-20260512-132303,2026-05-12,1099850159,12518405; 12518388,,6077575,Blitzhaus Pet Mart.,2032,Pending,Source Not Available,No VTA/VTR reconciled workbook was supplied in this upload; no unsupported match was fabricated.
6077575-20260512-133145,2026-05-12,1099850160,12353192; 12518389; 12564739; 12400230,,6077575,Blitzhaus Pet Mart.,2032,Pending,Source Not Available,No VTA/VTR reconciled workbook was supplied in this upload; no unsupported match was fabricated.
6077575-20260505-131032,2026-05-05,1099848489,12353192,,6077575,Blitzhaus Pet Mart.,2032,Pending,Source Not Available,No VTA/VTR reconciled workbook was supplied in this upload; no unsupported match was fabricated.
6077575-20260428-133438,2026-04-28,1099843727,12581838,,6077575,Blitzhaus Pet Mart.,2032,Closed,Source Not Available,No VTA/VTR reconciled workbook was supplied in this upload; no unsupported match was fabricated.
6077575-20260428-133609,2026-04-28,1099845046,12353192,,6077575,Blitzhaus Pet Mart.,2032,Closed,Source Not Available,No VTA/VTR reconciled workbook was supplied in this upload; no unsupported match was fabricated.
6077575-20260428-133757,2026-04-28,1099845837,12400230; 12353192,,6077575,Blitzhaus Pet Mart.,2032,Closed,Source Not Available,No VTA/VTR reconciled workbook was supplied in this upload; no unsupported match was fabricated.
6077575-20260428-134006,2026-04-28,1099847752,12353192,,6077575,Blitzhaus Pet Mart.,2032,Closed,Source Not Available,No VTA/VTR reconciled workbook was supplied in this upload; no unsupported match was fabricated.
6077575-20260325-121805,2026-03-25,1099842242,,,6077575,Blitzhaus Pet Mart.,2032,Closed,Source Not Available,No VTA/VTR reconciled workbook was supplied in this upload; no unsupported match was fabricated.
6077575-20260325-121824,2026-03-25,1099842242,,,6077575,Blitzhaus Pet Mart.,2032,Closed,Source Not Available,No VTA/VTR reconciled workbook was supplied in this upload; no unsupported match was fabricated.
6077575-20260318-123719,2026-03-18,1099840793,,,6077575,Blitzhaus Pet Mart.,2032,Closed,Source Not Available,No VTA/VTR reconciled workbook was supplied in this upload; no unsupported match was fabricated.
6077575-20260313-164414,2026-03-13,1099839858,,,6077575,Blitzhaus Pet Mart.,2032,Closed,Source Not Available,No VTA/VTR reconciled workbook was supplied in this upload; no unsupported match was fabricated.
6077575-20260310-131851,2026-03-10,1099838238,,,6077575,Blitzhaus Pet Mart.,2032,Closed,Source Not Available,No VTA/VTR reconciled workbook was supplied in this upload; no unsupported match was fabricated.
6077575-20260228-144435,2026-02-28,1099838096,,,6077575,Blitzhaus Pet Mart.,2032,Closed,Source Not Available,No VTA/VTR reconciled workbook was supplied in this upload; no unsupported match was fabricated.
6077575-20260227-111013,2026-02-27,1099837559,,,6077575,Blitzhaus Pet Mart.,2032,Closed,Source Not Available,No VTA/VTR reconciled workbook was supplied in this upload; no unsupported match was fabricated.
6077575-20260227-112206,2026-02-27,1099837413,,,6077575,Blitzhaus Pet Mart.,2032,Closed,Source Not Available,No VTA/VTR reconciled workbook was supplied in this upload; no unsupported match was fabricated.
6077575-20260217-181717,2026-02-17,1099836434,,,6077575,Blitzhaus Pet Mart.,2032,Closed,Source Not Available,No VTA/VTR reconciled workbook was supplied in this upload; no unsupported match was fabricated.
6077575-20260211-175234,2026-02-11,1099834513,,,6077575,Blitzhaus Pet Mart.,2032,Closed,Source Not Available,No VTA/VTR reconciled workbook was supplied in this upload; no unsupported match was fabricated.
6077575-20260211-175503,2026-02-11,1099833511,,,6077575,Blitzhaus Pet Mart.,2032,Closed,Source Not Available,No VTA/VTR reconciled workbook was supplied in this upload; no unsupported match was fabricated.
6077575-20260211-175635,2026-02-11,1099833563,,,6077575,Blitzhaus Pet Mart.,2032,Closed,Source Not Available,No VTA/VTR reconciled workbook was supplied in this upload; no unsupported match was fabricated.
6077575-20260211-175710,2026-02-11,1099833104,,,6077575,Blitzhaus Pet Mart.,2032,Closed,Source Not Available,No VTA/VTR reconciled workbook was supplied in this upload; no unsupported match was fabricated.
6077575-20260211-175857,2026-02-11,1099832391,,,6077575,Blitzhaus Pet Mart.,2032,Closed,Source Not Available,No VTA/VTR reconciled workbook was supplied in this upload; no unsupported match was fabricated.
6077575-20260124-115342,2026-01-24,1099832535,,,6077575,Blitzhaus Pet Mart.,2032,Closed,Source Not Available,No VTA/VTR reconciled workbook was supplied in this upload; no unsupported match was fabricated.
6077575-20260113-115610,2026-01-13,1099830617,,,6077575,Blitzhaus Pet Mart.,2032,Closed,Source Not Available,No VTA/VTR reconciled workbook was supplied in this upload; no unsupported match was fabricated.
6077575-20260113-115741,2026-01-13,1099830616,,,6077575,Blitzhaus Pet Mart.,2032,Closed,Source Not Available,No VTA/VTR reconciled workbook was supplied in this upload; no unsupported match was fabricated.
6077575-20260108-173359,2026-01-08,1099829756,,,6077575,Blitzhaus Pet Mart.,2032,Closed,Source Not Available,No VTA/VTR reconciled workbook was supplied in this upload; no unsupported match was fabricated.
7209162-20260523-123940,2026-05-23,,,,7209162,Blue Dog Imports Private Limited,B929,Closed,Source Not Available,No VTA/VTR reconciled workbook was supplied in this upload; no unsupported match was fabricated.
6967310-20260502-095331,2026-05-02,1365803719,,,6967310,BSN Links,C963,Closed,Source Not Available,No VTA/VTR reconciled workbook was supplied in this upload; no unsupported match was fabricated.
6967310-20260502-095604,2026-05-02,1365803412,,,6967310,BSN Links,C963,Closed,Source Not Available,No VTA/VTR reconciled workbook was supplied in this upload; no unsupported match was fabricated.
6967310-20260502-095755,2026-05-02,1365803082,,,6967310,BSN Links,C963,Closed,Source Not Available,No VTA/VTR reconciled workbook was supplied in this upload; no unsupported match was fabricated.
6967310-20260502-100214,2026-05-02,1365803229,,,6967310,BSN Links,C963,Closed,Source Not Available,No VTA/VTR reconciled workbook was supplied in this upload; no unsupported match was fabricated.
6967310-20260416-124001,2026-04-16,1365802615,,,6967310,BSN Links,C963,Closed,Source Not Available,No VTA/VTR reconciled workbook was supplied in this upload; no unsupported match was fabricated.
6967310-20260416-124824,2026-04-16,1365802419,,,6967310,BSN Links,C963,Closed,Source Not Available,No VTA/VTR reconciled workbook was supplied in this upload; no unsupported match was fabricated.
6967310-20260416-125341,2026-04-16,1365801845,,,6967310,BSN Links,C963,Closed,Source Not Available,No VTA/VTR reconciled workbook was supplied in this upload; no unsupported match was fabricated.
7087765-20260625-172640,2026-06-25,1365802836,12616560,,7087765,C J THOMAS & CO,C963,Pending,Source Not Available,No VTA/VTR reconciled workbook was supplied in this upload; no unsupported match was fabricated.
7087765-20260516-123908,2026-05-16,"1365801900, 1365802405, 1365802836",,,7087765,C J THOMAS & CO,C963,Pending,Source Not Available,No VTA/VTR reconciled workbook was supplied in this upload; no unsupported match was fabricated.
7087765-20260326-124801,2026-03-26,"1365800796, 1365801448",13680087,,7087765,C J THOMAS & CO,C963,Closed,Source Not Available,No VTA/VTR reconciled workbook was supplied in this upload; no unsupported match was fabricated.
7016001-20260425-140222,2026-04-25,,12601916; 14397512,,7016001,Crescent Agencies,B744,Closed,Source Not Available,No VTA/VTR reconciled workbook was supplied in this upload; no unsupported match was fabricated.
3068405-20260425-111248,2026-04-25,938423947,12595301,,3068405,D V Janardhana Setty & Son,B929,Closed,Source Not Available,No VTA/VTR reconciled workbook was supplied in this upload; no unsupported match was fabricated.
3068405-20260223-180550,2026-02-23,922468966; 922469691,,52370454C1; 52460454C1; 52760454C1,3068405,D V Janardhana Setty & Son,B929,Closed,Source Not Available,No VTA/VTR reconciled workbook was supplied in this upload; no unsupported match was fabricated.
7463388-20260526-161342,2026-05-26,959181767,,,7463388,Deluxe Traders,B744,Closed,Source Not Available,No VTA/VTR reconciled workbook was supplied in this upload; no unsupported match was fabricated.
7463388-20260508-180157,2026-05-08,959178339,12623239,521004515A,7463388,Deluxe Traders,B744,Closed,Source Not Available,No VTA/VTR reconciled workbook was supplied in this upload; no unsupported match was fabricated.
7463388-20260429-142234,2026-04-29,959176931,13776790,,7463388,Deluxe Traders,B744,Closed,Source Not Available,No VTA/VTR reconciled workbook was supplied in this upload; no unsupported match was fabricated.
7463388-20260225-133742,2026-02-25,959162453,12615905,60110452WA,7463388,Deluxe Traders,B744,Closed,Source Not Available,No VTA/VTR reconciled workbook was supplied in this upload; no unsupported match was fabricated.
7463388-20260129-151026,2026-01-29,959156222,14118476,5356T246C,7463388,Deluxe Traders,B744,Closed,Source Not Available,No VTA/VTR reconciled workbook was supplied in this upload; no unsupported match was fabricated.
7463388-20260129-151228,2026-01-29,959153114,12608496; 13679901,53580452CF; 53640452BA,7463388,Deluxe Traders,B744,Closed,Source Not Available,No VTA/VTR reconciled workbook was supplied in this upload; no unsupported match was fabricated.
601086-20260606-125448,2026-06-06,,,60860452JA,601086,Deva Trading Company,C749,Pending,Source Not Available,No VTA/VTR reconciled workbook was supplied in this upload; no unsupported match was fabricated.
601086-20260602-112617,2026-06-02,,,60986763LA,601086,Deva Trading Company,C749,Pending,Source Not Available,No VTA/VTR reconciled workbook was supplied in this upload; no unsupported match was fabricated.
601086-20260512-113746,2026-05-12,,12359005,60350452VA,601086,Deva Trading Company,C749,Pending,Source Not Available,No VTA/VTR reconciled workbook was supplied in this upload; no unsupported match was fabricated.
601086-20260509-165427,2026-05-09,974809720,,53233657,601086,Deva Trading Company,C749,Pending,Source Not Available,No VTA/VTR reconciled workbook was supplied in this upload; no unsupported match was fabricated.
601086-20260423-122907,2026-04-23,,,60350452VA,601086,Deva Trading Company,C749,Closed,Source Not Available,No VTA/VTR reconciled workbook was supplied in this upload; no unsupported match was fabricated.
601086-20260423-123552,2026-04-23,,,610104529A,601086,Deva Trading Company,C749,Closed,Source Not Available,No VTA/VTR reconciled workbook was supplied in this upload; no unsupported match was fabricated.
601086-20260324-120213,2026-03-24,,,,601086,Deva Trading Company,C749,Closed,Source Not Available,No VTA/VTR reconciled workbook was supplied in this upload; no unsupported match was fabricated.
601086-20260202-134310,2026-02-02,,,610104529A,601086,Deva Trading Company,C749,Closed,Source Not Available,No VTA/VTR reconciled workbook was supplied in this upload; no unsupported match was fabricated.
601086-20260202-134512,2026-02-02,,,53610452WA,601086,Deva Trading Company,C749,Closed,Source Not Available,No VTA/VTR reconciled workbook was supplied in this upload; no unsupported match was fabricated.
601086-20260130-132218,2026-01-30,,,5347045CA,601086,Deva Trading Company,C749,Closed,Source Not Available,No VTA/VTR reconciled workbook was supplied in this upload; no unsupported match was fabricated.
601086-20260123-173530,2026-01-23,,,53506763MA,601086,Deva Trading Company,C749,Closed,Source Not Available,No VTA/VTR reconciled workbook was supplied in this upload; no unsupported match was fabricated.
7396975-20260530-175223,2026-05-30,938428980,13677894,,7396975,Devaki General,B929,Closed,Source Not Available,No VTA/VTR reconciled workbook was supplied in this upload; no unsupported match was fabricated.
5835653-20260321-114356,2026-03-21,,,60500453T1,5835653,Devaki Medical Hall,B744,Closed,Source Not Available,No VTA/VTR reconciled workbook was supplied in this upload; no unsupported match was fabricated.
3765015-20260617-143511,2026-06-17,938433350,,,3765015,Dhanvanthri Marketing,B929,Pending,Source Not Available,No VTA/VTR reconciled workbook was supplied in this upload; no unsupported match was fabricated.
601101-20260312-154337,2026-03-12,,,60470455TA,601101,Eskay Traders,B744,Closed,Source Not Available,No VTA/VTR reconciled workbook was supplied in this upload; no unsupported match was fabricated.
601101-20260305-161039,2026-03-05,,,52530455HB; 53090455HA,601101,Eskay Traders,2040,Pending,Source Not Available,No VTA/VTR reconciled workbook was supplied in this upload; no unsupported match was fabricated.
1024735-20260304-140243,2026-03-04,974814959,,53613657,1024735,Esquire,C749,Closed,Source Not Available,No VTA/VTR reconciled workbook was supplied in this upload; no unsupported match was fabricated.
3891254-20260319-095836,2026-03-19,1365800437,,,3891254,Fidha Traders,C963,Closed,Source Not Available,No VTA/VTR reconciled workbook was supplied in this upload; no unsupported match was fabricated.
3891254-20260227-125232,2026-02-27,959162318,13680087,,3891254,Fidha Traders,B744,Closed,Source Not Available,No VTA/VTR reconciled workbook was supplied in this upload; no unsupported match was fabricated.
3891254-20260227-125813,2026-02-27,1054169176; 1054169588,12571219; 12622660,52202814XA,3891254,Fidha Traders,2040,Pending,Source Not Available,No VTA/VTR reconciled workbook was supplied in this upload; no unsupported match was fabricated.
6955143-20260617-181449,2026-06-17,,,61390451DA,6955143,Five Star Agencies,B744,Pending,Source Not Available,No VTA/VTR reconciled workbook was supplied in this upload; no unsupported match was fabricated.
6955143-20260409-150005,2026-04-09,,,515804519D,6955143,Five Star Agencies,B744,Closed,Source Not Available,No VTA/VTR reconciled workbook was supplied in this upload; no unsupported match was fabricated.
6969849-20260313-072016,2026-03-13,1365354903,,60090454A1,6969849,FM Trading,7793,Closed,Source Not Available,No VTA/VTR reconciled workbook was supplied in this upload; no unsupported match was fabricated.
6631049-20260109-110912,2026-01-09,,,,6631049,Foodsta Supply Chain Private Limited,B929,Closed,Source Not Available,No VTA/VTR reconciled workbook was supplied in this upload; no unsupported match was fabricated.
7499215-20260324-172218,2026-03-24,,60640454,,7499215,G V N and Sons,B929,Closed,Source Not Available,No VTA/VTR reconciled workbook was supplied in this upload; no unsupported match was fabricated.
7569809-20260606-170459,2026-06-06,,,126019336099045; 140337596113045,7569809,Ganesh Trading Co,B929,Pending,Source Not Available,No VTA/VTR reconciled workbook was supplied in this upload; no unsupported match was fabricated.
601120-20260626-160437,2026-06-26,1366100120,13485442,610228141A,601120,Gautham Enterprises,D915,Pending,Source Not Available,No VTA/VTR reconciled workbook was supplied in this upload; no unsupported match was fabricated.
601120-20260513-163238,2026-05-13,1099844427,14199857,60850454P1,601120,Gautham Enterprises,2032,Pending,Source Not Available,No VTA/VTR reconciled workbook was supplied in this upload; no unsupported match was fabricated.
7402262-20260205-210806,2026-02-05,959144115,13700501,,7402262,Gem Agency,B744,Closed,Source Not Available,No VTA/VTR reconciled workbook was supplied in this upload; no unsupported match was fabricated.
3650468-20260325-134347,2026-03-25,,,12629157,3650468,Global Distributors,B929,Closed,Source Not Available,No VTA/VTR reconciled workbook was supplied in this upload; no unsupported match was fabricated.
3650468-20260129-183130,2026-01-29,,,13797726,3650468,Global Distributors,B929,Closed,Source Not Available,No VTA/VTR reconciled workbook was supplied in this upload; no unsupported match was fabricated.
6204243-20260428-183709,2026-04-28,938424546,,,6204243,GM VENTURES,B929,Closed,Source Not Available,No VTA/VTR reconciled workbook was supplied in this upload; no unsupported match was fabricated.
6204243-20260324-181809,2026-03-24,938415201,,,6204243,GM VENTURES,B929,Closed,Source Not Available,No VTA/VTR reconciled workbook was supplied in this upload; no unsupported match was fabricated.
6204243-20260206-185602,2026-02-06,938404677,,,6204243,GM VENTURES,B929,Closed,Source Not Available,No VTA/VTR reconciled workbook was supplied in this upload; no unsupported match was fabricated.
6204243-20260126-152342,2026-01-26,938391950,,,6204243,GM VENTURES,B929,Closed,Source Not Available,No VTA/VTR reconciled workbook was supplied in this upload; no unsupported match was fabricated.
6204243-20260113-193416,2026-01-13,938396265,,,6204243,GM VENTURES,B929,Closed,Source Not Available,No VTA/VTR reconciled workbook was supplied in this upload; no unsupported match was fabricated.
6204243-20260113-194314,2026-01-13,938387399,,,6204243,GM VENTURES,B929,Closed,Source Not Available,No VTA/VTR reconciled workbook was supplied in this upload; no unsupported match was fabricated.
6204243-20260113-194619,2026-01-13,938391950,,,6204243,GM VENTURES,B929,Closed,Source Not Available,No VTA/VTR reconciled workbook was supplied in this upload; no unsupported match was fabricated.
6875547-20260404-135025,2026-04-04,974818979,14445547,,6875547,GVR Agencies,C749,Closed,Source Not Available,No VTA/VTR reconciled workbook was supplied in this upload; no unsupported match was fabricated.
6875547-20260404-135351,2026-04-04,974814581,12359021,,6875547,GVR Agencies,C749,Reopened,Source Not Available,No VTA/VTR reconciled workbook was supplied in this upload; no unsupported match was fabricated.
7351693-20260207-171149,2026-02-07,1099834155,,,7351693,Hanuman Traders,2032,Reopened,Source Not Available,No VTA/VTR reconciled workbook was supplied in this upload; no unsupported match was fabricated.
6870565-20260307-143659,2026-03-07,,,60090453L1,6870565,Happy Distributors,2040,Pending,Source Not Available,No VTA/VTR reconciled workbook was supplied in this upload; no unsupported match was fabricated.
7347613-20260416-144056,2026-04-16,938422040,13762638,51753657,7347613,I J ENTERPRISES,B929,Closed,Source Not Available,No VTA/VTR reconciled workbook was supplied in this upload; no unsupported match was fabricated.
7347613-20260302-145959,2026-03-02,938411145,12518426,60500453J2,7347613,I J ENTERPRISES,B929,Closed,Source Not Available,No VTA/VTR reconciled workbook was supplied in this upload; no unsupported match was fabricated.
7347613-20260226-175438,2026-02-26,938410164,12595301,60340455HB,7347613,I J ENTERPRISES,B929,Closed,Source Not Available,No VTA/VTR reconciled workbook was supplied in this upload; no unsupported match was fabricated.
7347613-20260127-115507,2026-01-27,938402136,12603833,53510455HA,7347613,I J ENTERPRISES,B929,Closed,Source Not Available,No VTA/VTR reconciled workbook was supplied in this upload; no unsupported match was fabricated.
7347613-20260119-190835,2026-01-19,938400406,13762739,,7347613,I J ENTERPRISES,B929,Closed,Source Not Available,No VTA/VTR reconciled workbook was supplied in this upload; no unsupported match was fabricated.
7347613-20260108-143827,2026-01-08,938397351,12603833,,7347613,I J ENTERPRISES,B929,Closed,Source Not Available,No VTA/VTR reconciled workbook was supplied in this upload; no unsupported match was fabricated.
7296533-20260306-113301,2026-03-06,,,60260452XA,7296533,I R S Agencies,B744,Closed,Source Not Available,No VTA/VTR reconciled workbook was supplied in this upload; no unsupported match was fabricated.
7083698-20260625-155214,2026-06-25,938435904,,,7083698,Intelligent Retail Private Limited,B929,Pending,Source Not Available,No VTA/VTR reconciled workbook was supplied in this upload; no unsupported match was fabricated.
6912092-20260624-153702,2026-06-24,,14199858; 12980655,61640454P1; 6150C711AA,6912092,Intelligent Retail Private Limited,B929,Pending,Source Not Available,No VTA/VTR reconciled workbook was supplied in this upload; no unsupported match was fabricated.
7402251-20260623-131704,2026-06-23,,,,7402251,Intelligent Retail Private Limited,B929,Pending,Source Not Available,No VTA/VTR reconciled workbook was supplied in this upload; no unsupported match was fabricated.
7035170-20260622-145146,2026-06-22,974829930,12579448,,7035170,Intelligent Retail Private Limited,C749,Pending,Source Not Available,No VTA/VTR reconciled workbook was supplied in this upload; no unsupported match was fabricated.
7083698-20260620-174342,2026-06-20,938435049,,,7083698,Intelligent Retail Private Limited,B929,Pending,Source Not Available,No VTA/VTR reconciled workbook was supplied in this upload; no unsupported match was fabricated.
6912092-20260617-130751,2026-06-17,938434401,12595279,61050455HB,6912092,Intelligent Retail Private Limited,B929,Pending,Source Not Available,No VTA/VTR reconciled workbook was supplied in this upload; no unsupported match was fabricated.
7083698-20260615-174415,2026-06-15,938433935,,,7083698,Intelligent Retail Private Limited,B929,Pending,Source Not Available,No VTA/VTR reconciled workbook was supplied in this upload; no unsupported match was fabricated.
7083698-20260615-174544,2026-06-15,938433933,,,7083698,Intelligent Retail Private Limited,B929,Pending,Source Not Available,No VTA/VTR reconciled workbook was supplied in this upload; no unsupported match was fabricated.
7083698-20260613-154053,2026-06-13,938433756,,,7083698,Intelligent Retail Private Limited,B929,Pending,Source Not Available,No VTA/VTR reconciled workbook was supplied in this upload; no unsupported match was fabricated.
7366995-20260613-180959,2026-06-13,1099855078,14512131,61080454A1,7366995,Intelligent Retail Private Limited,2032,Pending,Source Not Available,No VTA/VTR reconciled workbook was supplied in this upload; no unsupported match was fabricated.
7083698-20260612-160555,2026-06-12,938433546,,,7083698,Intelligent Retail Private Limited,B929,Pending,Source Not Available,No VTA/VTR reconciled workbook was supplied in this upload; no unsupported match was fabricated.
7402251-20260612-164719,2026-06-12,938433585,,,7402251,Intelligent Retail Private Limited,B929,Pending,Source Not Available,No VTA/VTR reconciled workbook was supplied in this upload; no unsupported match was fabricated.
7083698-20260606-154953,2026-06-06,938432600,,,7083698,Intelligent Retail Private Limited,B929,Pending,Source Not Available,No VTA/VTR reconciled workbook was supplied in this upload; no unsupported match was fabricated.
7083698-20260606-155156,2026-06-06,938432600,,,7083698,Intelligent Retail Private Limited,B929,Pending,Source Not Available,No VTA/VTR reconciled workbook was supplied in this upload; no unsupported match was fabricated.
7366995-20260605-115542,2026-06-05,1099853958,12601761,61290455HA,7366995,Intelligent Retail Private Limited,2032,Pending,Source Not Available,No VTA/VTR reconciled workbook was supplied in this upload; no unsupported match was fabricated.
7366995-20260605-124034,2026-06-05,1099853960,13680087,61132814BA,7366995,Intelligent Retail Private Limited,2032,Pending,Source Not Available,No VTA/VTR reconciled workbook was supplied in this upload; no unsupported match was fabricated.
7402251-20260605-171410,2026-06-05,,,,7402251,Intelligent Retail Private Limited,B929,Pending,Source Not Available,No VTA/VTR reconciled workbook was supplied in this upload; no unsupported match was fabricated.
7402251-20260604-173942,2026-06-04,,,,7402251,Intelligent Retail Private Limited,B929,Pending,Source Not Available,No VTA/VTR reconciled workbook was supplied in this upload; no unsupported match was fabricated.
7083698-20260602-162716,2026-06-02,938431554,,,7083698,Intelligent Retail Private Limited,B929,Pending,Source Not Available,No VTA/VTR reconciled workbook was supplied in this upload; no unsupported match was fabricated.
7255337-20260602-152105,2026-06-02,938420682,,60769939BB,7255337,Intelligent Retail Private Limited,B929,Pending,Source Not Available,No VTA/VTR reconciled workbook was supplied in this upload; no unsupported match was fabricated.
7255337-20260602-152527,2026-06-02,938431524,,52551092,7255337,Intelligent Retail Private Limited,B929,Pending,Source Not Available,No VTA/VTR reconciled workbook was supplied in this upload; no unsupported match was fabricated.
7402251-20260529-174253,2026-05-29,938430947,,,7402251,Intelligent Retail Private Limited,B929,Closed,Source Not Available,No VTA/VTR reconciled workbook was supplied in this upload; no unsupported match was fabricated.
7083698-20260526-145127,2026-05-26,938429917,,,7083698,Intelligent Retail Private Limited,B929,Closed,Source Not Available,No VTA/VTR reconciled workbook was supplied in this upload; no unsupported match was fabricated.
7366995-20260526-154857,2026-05-26,1099852594,143787,61126640PA,7366995,Intelligent Retail Private Limited,2032,Pending,Source Not Available,No VTA/VTR reconciled workbook was supplied in this upload; no unsupported match was fabricated.
7366995-20260526-184428,2026-05-26,1099852661,14503923,609499394HE,7366995,Intelligent Retail Private Limited,2032,Pending,Source Not Available,No VTA/VTR reconciled workbook was supplied in this upload; no unsupported match was fabricated.
7366995-20260520-125136,2026-05-20,1099851479,12601933,6105043A1,7366995,Intelligent Retail Private Limited,2032,Pending,Source Not Available,No VTA/VTR reconciled workbook was supplied in this upload; no unsupported match was fabricated.
7039866-20260518-143747,2026-05-18,,12553664; 12628353; 13843427,,7039866,Intelligent Retail Private Limited,B929,Closed,Source Not Available,No VTA/VTR reconciled workbook was supplied in this upload; no unsupported match was fabricated.
7366995-20260518-173528,2026-05-18,1099851343,12595301,,7366995,Intelligent Retail Private Limited,2032,Pending,Source Not Available,No VTA/VTR reconciled workbook was supplied in this upload; no unsupported match was fabricated.
6912092-20260516-175446,2026-05-16,,13678473,61012814AA,6912092,Intelligent Retail Private Limited,B929,Closed,Source Not Available,No VTA/VTR reconciled workbook was supplied in this upload; no unsupported match was fabricated.
7083698-20260516-163857,2026-05-16,938428572,,,7083698,Intelligent Retail Private Limited,B929,Closed,Source Not Available,No VTA/VTR reconciled workbook was supplied in this upload; no unsupported match was fabricated.
7083698-20260514-104512,2026-05-14,938427804,,,7083698,Intelligent Retail Private Limited,B929,Closed,Source Not Available,No VTA/VTR reconciled workbook was supplied in this upload; no unsupported match was fabricated.
7083698-20260511-115459,2026-05-11,938427182,,,7083698,Intelligent Retail Private Limited,B929,Closed,Source Not Available,No VTA/VTR reconciled workbook was supplied in this upload; no unsupported match was fabricated.
7083698-20260511-144539,2026-05-11,938427509,,,7083698,Intelligent Retail Private Limited,B929,Closed,Source Not Available,No VTA/VTR reconciled workbook was supplied in this upload; no unsupported match was fabricated.
7402251-20260509-164105,2026-05-09,938427156,,,7402251,Intelligent Retail Private Limited,B929,Closed,Source Not Available,No VTA/VTR reconciled workbook was supplied in this upload; no unsupported match was fabricated.
7402251-20260509-174801,2026-05-09,938426165,,,7402251,Intelligent Retail Private Limited,B929,Closed,Source Not Available,No VTA/VTR reconciled workbook was supplied in this upload; no unsupported match was fabricated.
6912092-20260506-153211,2026-05-06,938426300; 938426299,12616861; 12553664,61160454A1; 61070454X1,6912092,Intelligent Retail Private Limited,B929,Closed,Source Not Available,No VTA/VTR reconciled workbook was supplied in this upload; no unsupported match was fabricated.
7035170-20260506-121020,2026-05-06,974803194,12609877,,7035170,Intelligent Retail Private Limited,C749,Pending,Source Not Available,No VTA/VTR reconciled workbook was supplied in this upload; no unsupported match was fabricated.
7035170-20260506-121213,2026-05-06,938400602,,,7035170,Intelligent Retail Private Limited,B929,Pending,Source Not Available,No VTA/VTR reconciled workbook was supplied in this upload; no unsupported match was fabricated.
7035170-20260506-121431,2026-05-06,974800507,12586404,,7035170,Intelligent Retail Private Limited,C749,Pending,Source Not Available,No VTA/VTR reconciled workbook was supplied in this upload; no unsupported match was fabricated.
7035170-20260506-121622,2026-05-06,974799259,12612134,,7035170,Intelligent Retail Private Limited,C749,Pending,Source Not Available,No VTA/VTR reconciled workbook was supplied in this upload; no unsupported match was fabricated.
7402251-20260505-165640,2026-05-05,938425983,,,7402251,Intelligent Retail Private Limited,B929,Closed,Source Not Available,No VTA/VTR reconciled workbook was supplied in this upload; no unsupported match was fabricated.
7083698-20260428-104644,2026-04-28,938424270,,,7083698,Intelligent Retail Private Limited,B929,Closed,Source Not Available,No VTA/VTR reconciled workbook was supplied in this upload; no unsupported match was fabricated.
7083698-20260428-104744,2026-04-28,938424273,,,7083698,Intelligent Retail Private Limited,B929,Closed,Source Not Available,No VTA/VTR reconciled workbook was supplied in this upload; no unsupported match was fabricated.
6912092-20260425-152651,2026-04-25,,12359021,61030452VA,6912092,Intelligent Retail Private Limited,B929,Closed,Source Not Available,No VTA/VTR reconciled workbook was supplied in this upload; no unsupported match was fabricated.
7366995-20260425-121647,2026-04-25,1099847476,,,7366995,Intelligent Retail Private Limited,2032,Closed,Source Not Available,No VTA/VTR reconciled workbook was supplied in this upload; no unsupported match was fabricated.
6912092-20260421-153837,2026-04-21,938423352,12595301,52520455HAG,6912092,Intelligent Retail Private Limited,B929,Closed,Source Not Available,No VTA/VTR reconciled workbook was supplied in this upload; no unsupported match was fabricated.
7083698-20260421-101618,2026-04-21,938422677,,,7083698,Intelligent Retail Private Limited,B929,Closed,Source Not Available,No VTA/VTR reconciled workbook was supplied in this upload; no unsupported match was fabricated.
7402251-20260421-105257,2026-04-21,938422962,,,7402251,Intelligent Retail Private Limited,B929,Closed,Source Not Available,No VTA/VTR reconciled workbook was supplied in this upload; no unsupported match was fabricated.
6912092-20260418-121038,2026-04-18,938422657,13757661,60671519FA,6912092,Intelligent Retail Private Limited,B929,Closed,Source Not Available,No VTA/VTR reconciled workbook was supplied in this upload; no unsupported match was fabricated.
7083698-20260416-171029,2026-04-16,938422116,,,7083698,Intelligent Retail Private Limited,B929,Closed,Source Not Available,No VTA/VTR reconciled workbook was supplied in this upload; no unsupported match was fabricated.
6912092-20260413-115145,2026-04-13,938420995,14445547,60720455TB,6912092,Intelligent Retail Private Limited,B929,Closed,Source Not Available,No VTA/VTR reconciled workbook was supplied in this upload; no unsupported match was fabricated.
7083698-20260413-162401,2026-04-13,938421338,,,7083698,Intelligent Retail Private Limited,B929,Closed,Source Not Available,No VTA/VTR reconciled workbook was supplied in this upload; no unsupported match was fabricated.
7366995-20260413-162947,2026-04-13,1099845311,,,7366995,Intelligent Retail Private Limited,2032,Closed,Source Not Available,No VTA/VTR reconciled workbook was supplied in this upload; no unsupported match was fabricated.
7366995-20260410-135910,2026-04-10,1099845018,,,7366995,Intelligent Retail Private Limited,2032,Closed,Source Not Available,No VTA/VTR reconciled workbook was supplied in this upload; no unsupported match was fabricated.
7402251-20260410-170233,2026-04-10,938420796,,,7402251,Intelligent Retail Private Limited,B929,Closed,Source Not Available,No VTA/VTR reconciled workbook was supplied in this upload; no unsupported match was fabricated.
7083698-20260409-172037,2026-04-09,938419932,,,7083698,Intelligent Retail Private Limited,B929,Closed,Source Not Available,No VTA/VTR reconciled workbook was supplied in this upload; no unsupported match was fabricated.
7366995-20260408-123508,2026-04-08,1099844314,,,7366995,Intelligent Retail Private Limited,2032,Closed,Source Not Available,No VTA/VTR reconciled workbook was supplied in this upload; no unsupported match was fabricated.
7035170-20260407-104051,2026-04-07,974819521,14445547,,7035170,Intelligent Retail Private Limited,C749,Closed,Source Not Available,No VTA/VTR reconciled workbook was supplied in this upload; no unsupported match was fabricated.
7402251-20260406-160005,2026-04-06,938419845,,,7402251,Intelligent Retail Private Limited,B929,Closed,Source Not Available,No VTA/VTR reconciled workbook was supplied in this upload; no unsupported match was fabricated.
7083698-20260330-155358,2026-03-30,938418509,,,7083698,Intelligent Retail Private Limited,B929,Closed,Source Not Available,No VTA/VTR reconciled workbook was supplied in this upload; no unsupported match was fabricated.
7083698-20260328-183411,2026-03-28,938417986,,,7083698,Intelligent Retail Private Limited,B929,Closed,Source Not Available,No VTA/VTR reconciled workbook was supplied in this upload; no unsupported match was fabricated.
7083698-20260328-183512,2026-03-28,938417987,,,7083698,Intelligent Retail Private Limited,B929,Closed,Source Not Available,No VTA/VTR reconciled workbook was supplied in this upload; no unsupported match was fabricated.
7083698-20260326-181931,2026-03-26,938417476,,,7083698,Intelligent Retail Private Limited,B929,Closed,Source Not Available,No VTA/VTR reconciled workbook was supplied in this upload; no unsupported match was fabricated.
7083698-20260324-102351,2026-03-24,938416577,,,7083698,Intelligent Retail Private Limited,B929,Closed,Source Not Available,No VTA/VTR reconciled workbook was supplied in this upload; no unsupported match was fabricated.
7198887-20260320-163006,2026-03-20,1099841356,,,7198887,Intelligent Retail Private Limited,2032,Closed,Source Not Available,No VTA/VTR reconciled workbook was supplied in this upload; no unsupported match was fabricated.
7366995-20260320-141440,2026-03-20,1099841017,,,7366995,Intelligent Retail Private Limited,2032,Closed,Source Not Available,No VTA/VTR reconciled workbook was supplied in this upload; no unsupported match was fabricated.
7035170-20260318-172303,2026-03-18,974816979,13679901,,7035170,Intelligent Retail Private Limited,C749,Closed,Source Not Available,No VTA/VTR reconciled workbook was supplied in this upload; no unsupported match was fabricated.
6912092-20260317-142410,2026-03-17,,13776709,60410454F1,6912092,Intelligent Retail Private Limited,B929,Closed,Source Not Available,No VTA/VTR reconciled workbook was supplied in this upload; no unsupported match was fabricated.
7402251-20260316-162334,2026-03-16,938415121,,,7402251,Intelligent Retail Private Limited,B929,Closed,Source Not Available,No VTA/VTR reconciled workbook was supplied in this upload; no unsupported match was fabricated.
6912092-20260314-173823,2026-03-14,,12559338,53482814KB,6912092,Intelligent Retail Private Limited,B929,Closed,Source Not Available,No VTA/VTR reconciled workbook was supplied in this upload; no unsupported match was fabricated.
7402251-20260313-161203,2026-03-13,938414419,,,7402251,Intelligent Retail Private Limited,B929,Closed,Source Not Available,No VTA/VTR reconciled workbook was supplied in this upload; no unsupported match was fabricated.
7035170-20260309-105343,2026-03-09,974815354,12603833,,7035170,Intelligent Retail Private Limited,C749,Closed,Source Not Available,No VTA/VTR reconciled workbook was supplied in this upload; no unsupported match was fabricated.
7035170-20260306-175811,2026-03-06,974814700,12620325,,7035170,Intelligent Retail Private Limited,C749,Closed,Source Not Available,No VTA/VTR reconciled workbook was supplied in this upload; no unsupported match was fabricated.
6912092-20260303-153059,2026-03-03,,13680206; 12230487,60340452CF; 60230451JA,6912092,Intelligent Retail Private Limited,B929,Closed,Source Not Available,No VTA/VTR reconciled workbook was supplied in this upload; no unsupported match was fabricated.
7366995-20260228-122919,2026-02-28,1099837769,,,7366995,Intelligent Retail Private Limited,2032,Closed,Source Not Available,No VTA/VTR reconciled workbook was supplied in this upload; no unsupported match was fabricated.
7366995-20260228-123828,2026-02-28,1099835137,,,7366995,Intelligent Retail Private Limited,2032,Closed,Source Not Available,No VTA/VTR reconciled workbook was supplied in this upload; no unsupported match was fabricated.
7402251-20260227-162337,2026-02-27,938411056,,,7402251,Intelligent Retail Private Limited,B929,Closed,Source Not Available,No VTA/VTR reconciled workbook was supplied in this upload; no unsupported match was fabricated.
7083698-20260224-125150,2026-02-24,938409767,,,7083698,Intelligent Retail Private Limited,B929,Closed,Source Not Available,No VTA/VTR reconciled workbook was supplied in this upload; no unsupported match was fabricated.
7083698-20260223-154031,2026-02-23,938409638,,,7083698,Intelligent Retail Private Limited,B929,Closed,Source Not Available,No VTA/VTR reconciled workbook was supplied in this upload; no unsupported match was fabricated.
7083698-20260223-154150,2026-02-23,938409638,,,7083698,Intelligent Retail Private Limited,B929,Closed,Source Not Available,No VTA/VTR reconciled workbook was supplied in this upload; no unsupported match was fabricated.
7083698-20260221-120912,2026-02-21,938409393,,,7083698,Intelligent Retail Private Limited,B929,Closed,Source Not Available,No VTA/VTR reconciled workbook was supplied in this upload; no unsupported match was fabricated.
7035170-20260219-120813,2026-02-19,974812563,12617852,60320453T3,7035170,Intelligent Retail Private Limited,C749,Closed,Source Not Available,No VTA/VTR reconciled workbook was supplied in this upload; no unsupported match was fabricated.
7083698-20260211-182240,2026-02-11,938406665,,,7083698,Intelligent Retail Private Limited,B929,Closed,Source Not Available,No VTA/VTR reconciled workbook was supplied in this upload; no unsupported match was fabricated.
7083698-20260211-182448,2026-02-11,938406682,,,7083698,Intelligent Retail Private Limited,B929,Closed,Source Not Available,No VTA/VTR reconciled workbook was supplied in this upload; no unsupported match was fabricated.
7255337-20260209-122950,2026-02-09,938405716,,60200451AA,7255337,Intelligent Retail Private Limited,B929,Closed,Source Not Available,No VTA/VTR reconciled workbook was supplied in this upload; no unsupported match was fabricated.
7035170-20260207-114432,2026-02-07,974799259,12612134,,7035170,Intelligent Retail Private Limited,C749,Closed,Source Not Available,No VTA/VTR reconciled workbook was supplied in this upload; no unsupported match was fabricated.
7035170-20260207-114902,2026-02-07,974803194,12609877,,7035170,Intelligent Retail Private Limited,C749,Closed,Source Not Available,No VTA/VTR reconciled workbook was supplied in this upload; no unsupported match was fabricated.
7035170-20260207-115329,2026-02-07,974800967,12630048,,7035170,Intelligent Retail Private Limited,C749,Closed,Source Not Available,No VTA/VTR reconciled workbook was supplied in this upload; no unsupported match was fabricated.
7035170-20260207-115722,2026-02-07,974800507,12586404,,7035170,Intelligent Retail Private Limited,C749,Closed,Source Not Available,No VTA/VTR reconciled workbook was supplied in this upload; no unsupported match was fabricated.
7035170-20260207-120057,2026-02-07,974804631,12579448,,7035170,Intelligent Retail Private Limited,C749,Closed,Source Not Available,No VTA/VTR reconciled workbook was supplied in this upload; no unsupported match was fabricated.
7035170-20260207-120911,2026-02-07,974804789,12602711,,7035170,Intelligent Retail Private Limited,C749,Closed,Source Not Available,No VTA/VTR reconciled workbook was supplied in this upload; no unsupported match was fabricated.
6865552-20260205-123147,2026-02-05,938404760,,,6865552,Intelligent Retail Private Limited,B929,Closed,Source Not Available,No VTA/VTR reconciled workbook was supplied in this upload; no unsupported match was fabricated.
7083698-20260205-163141,2026-02-05,938404946,,,7083698,Intelligent Retail Private Limited,B929,Closed,Source Not Available,No VTA/VTR reconciled workbook was supplied in this upload; no unsupported match was fabricated.
7366995-20260205-130533,2026-02-05,1099834050,13718181,60130454A1,7366995,Intelligent Retail Private Limited,2032,Closed,Source Not Available,No VTA/VTR reconciled workbook was supplied in this upload; no unsupported match was fabricated.
7083698-20260204-173353,2026-02-04,938404396,,,7083698,Intelligent Retail Private Limited,B929,Closed,Source Not Available,No VTA/VTR reconciled workbook was supplied in this upload; no unsupported match was fabricated.
7402251-20260203-182557,2026-02-03,938404320,,,7402251,Intelligent Retail Private Limited,B929,Closed,Source Not Available,No VTA/VTR reconciled workbook was supplied in this upload; no unsupported match was fabricated.
7039866-20260202-130234,2026-02-02,,12359021,,7039866,Intelligent Retail Private Limited,B929,Closed,Source Not Available,No VTA/VTR reconciled workbook was supplied in this upload; no unsupported match was fabricated.
7366995-20260202-141124,2026-02-02,1099822425,12595302,52760455HA,7366995,Intelligent Retail Private Limited,2032,Closed,Source Not Available,No VTA/VTR reconciled workbook was supplied in this upload; no unsupported match was fabricated.
7366995-20260202-141740,2026-02-02,1099822425,12569170,52860453J2,7366995,Intelligent Retail Private Limited,2032,Closed,Source Not Available,No VTA/VTR reconciled workbook was supplied in this upload; no unsupported match was fabricated.
7366995-20260202-142238,2026-02-02,1099822420,12608321,52690453A7,7366995,Intelligent Retail Private Limited,2032,Closed,Source Not Available,No VTA/VTR reconciled workbook was supplied in this upload; no unsupported match was fabricated.
7366995-20260202-142639,2026-02-02,1099822420,12608321,52690453A7,7366995,Intelligent Retail Private Limited,2032,Closed,Source Not Available,No VTA/VTR reconciled workbook was supplied in this upload; no unsupported match was fabricated.
7366995-20260202-152625,2026-02-02,1099820872,12606043,52320451FB,7366995,Intelligent Retail Private Limited,2032,Closed,Source Not Available,No VTA/VTR reconciled workbook was supplied in this upload; no unsupported match was fabricated.
7402251-20260130-165910,2026-01-30,938402418,,,7402251,Intelligent Retail Private Limited,B929,Closed,Source Not Available,No VTA/VTR reconciled workbook was supplied in this upload; no unsupported match was fabricated.
7402251-20260127-170011,2026-01-27,938402418,,,7402251,Intelligent Retail Private Limited,B929,Closed,Source Not Available,No VTA/VTR reconciled workbook was supplied in this upload; no unsupported match was fabricated.
7402251-20260127-171851,2026-01-27,938402418,,,7402251,Intelligent Retail Private Limited,B929,Closed,Source Not Available,No VTA/VTR reconciled workbook was supplied in this upload; no unsupported match was fabricated.
7039866-20260126-132940,2026-01-26,,14118476,,7039866,Intelligent Retail Private Limited,B929,Closed,Source Not Available,No VTA/VTR reconciled workbook was supplied in this upload; no unsupported match was fabricated.
7083698-20260124-174404,2026-01-24,938401986,,,7083698,Intelligent Retail Private Limited,B929,Closed,Source Not Available,No VTA/VTR reconciled workbook was supplied in this upload; no unsupported match was fabricated.
7402251-20260122-163949,2026-01-22,938401405,,,7402251,Intelligent Retail Private Limited,B929,Closed,Source Not Available,No VTA/VTR reconciled workbook was supplied in this upload; no unsupported match was fabricated.
7083698-20260121-121255,2026-01-21,938399322,,,7083698,Intelligent Retail Private Limited,B929,Closed,Source Not Available,No VTA/VTR reconciled workbook was supplied in this upload; no unsupported match was fabricated.
7083698-20260121-121548,2026-01-21,938400602,,,7083698,Intelligent Retail Private Limited,B929,Closed,Source Not Available,No VTA/VTR reconciled workbook was supplied in this upload; no unsupported match was fabricated.
7083698-20260121-121640,2026-01-21,938400603,,,7083698,Intelligent Retail Private Limited,B929,Closed,Source Not Available,No VTA/VTR reconciled workbook was supplied in this upload; no unsupported match was fabricated.
7083698-20260121-121726,2026-01-21,938400930,,,7083698,Intelligent Retail Private Limited,B929,Closed,Source Not Available,No VTA/VTR reconciled workbook was supplied in this upload; no unsupported match was fabricated.
7366995-20260119-114014,2026-01-19,1099830322,12609883,53390453A8,7366995,Intelligent Retail Private Limited,2032,Closed,Source Not Available,No VTA/VTR reconciled workbook was supplied in this upload; no unsupported match was fabricated.
7402251-20260119-172932,2026-01-19,938400518,,,7402251,Intelligent Retail Private Limited,B929,Closed,Source Not Available,No VTA/VTR reconciled workbook was supplied in this upload; no unsupported match was fabricated.
7083698-20260114-180124,2026-01-14,938397773,,,7083698,Intelligent Retail Private Limited,B929,Closed,Source Not Available,No VTA/VTR reconciled workbook was supplied in this upload; no unsupported match was fabricated.
7083698-20260112-111548,2026-01-12,938398145,,,7083698,Intelligent Retail Private Limited,B929,Closed,Source Not Available,No VTA/VTR reconciled workbook was supplied in this upload; no unsupported match was fabricated.
7402251-20260112-172201,2026-01-12,938398523,,,7402251,Intelligent Retail Private Limited,B929,Closed,Source Not Available,No VTA/VTR reconciled workbook was supplied in this upload; no unsupported match was fabricated.
7083698-20260108-172926,2026-01-08,938397768,,,7083698,Intelligent Retail Private Limited,B929,Closed,Source Not Available,No VTA/VTR reconciled workbook was supplied in this upload; no unsupported match was fabricated.
7083698-20260108-173032,2026-01-08,938397773,,,7083698,Intelligent Retail Private Limited,B929,Closed,Source Not Available,No VTA/VTR reconciled workbook was supplied in this upload; no unsupported match was fabricated.
7402251-20260105-104747,2026-01-05,938396702,,,7402251,Intelligent Retail Private Limited,B929,Closed,Source Not Available,No VTA/VTR reconciled workbook was supplied in this upload; no unsupported match was fabricated.
6912092-20260102-132752,2026-01-02,,,53280454B1; 52710454X2,6912092,Intelligent Retail Private Limited,B929,Closed,Source Not Available,No VTA/VTR reconciled workbook was supplied in this upload; no unsupported match was fabricated.
7083698-20260102-155612,2026-01-02,938396204,,,7083698,Intelligent Retail Private Limited,B929,Closed,Source Not Available,No VTA/VTR reconciled workbook was supplied in this upload; no unsupported match was fabricated.
7402251-20260102-104504,2026-01-02,938396064,,,7402251,Intelligent Retail Private Limited,B929,Closed,Source Not Available,No VTA/VTR reconciled workbook was supplied in this upload; no unsupported match was fabricated.
6912092-20260101-195641,2026-01-01,,,53490451DA; 52242814KBG; 52520455HAG; 53230451YA; 52303657,6912092,Intelligent Retail Private Limited,B929,Closed,Source Not Available,No VTA/VTR reconciled workbook was supplied in this upload; no unsupported match was fabricated.
5845138-20260530-132218,2026-05-30,974826203,12957459,,5845138,Iraivi Enterprises,C749,Pending,Source Not Available,No VTA/VTR reconciled workbook was supplied in this upload; no unsupported match was fabricated.
3878245-20260623-192541,2026-06-23,974830143,,,3878245,Ishrath Traders,C749,Pending,Source Not Available,No VTA/VTR reconciled workbook was supplied in this upload; no unsupported match was fabricated.
3878245-20260609-162633,2026-06-09,974828304,,,3878245,Ishrath Traders,C749,Pending,Source Not Available,No VTA/VTR reconciled workbook was supplied in this upload; no unsupported match was fabricated.
7256197-20260323-125110,2026-03-23,974810007,12567446,53570453T1,7256197,Ishrath Traders,C749,Closed,Source Not Available,No VTA/VTR reconciled workbook was supplied in this upload; no unsupported match was fabricated.
6969839-20260419-112937,2026-04-19,,,,6969839,Itagi Associates,B929,Closed,Source Not Available,No VTA/VTR reconciled workbook was supplied in this upload; no unsupported match was fabricated.
6969839-20260105-110221,2026-01-05,,,,6969839,Itagi Associates,B929,Reopened,Source Not Available,No VTA/VTR reconciled workbook was supplied in this upload; no unsupported match was fabricated.
601172-20260328-102101,2026-03-28,1365360114,12614862,60500452CA; 605204517D,601172,J & B Associates,7793,Closed,Source Not Available,No VTA/VTR reconciled workbook was supplied in this upload; no unsupported match was fabricated.
601172-20260323-092832,2026-03-23,1365359581,,,601172,J & B Associates,7793,Closed,Source Not Available,No VTA/VTR reconciled workbook was supplied in this upload; no unsupported match was fabricated.
601172-20260313-102802,2026-03-13,1365358650,,,601172,J & B Associates,7793,Closed,Source Not Available,No VTA/VTR reconciled workbook was supplied in this upload; no unsupported match was fabricated.
7083713-20260605-125843,2026-06-05,959180334,12566807,61171519TA,7083713,J S Distributors,B744,Pending,Source Not Available,No VTA/VTR reconciled workbook was supplied in this upload; no unsupported match was fabricated.
7083713-20260605-130554,2026-06-05,959183850,12608543,61280455RA,7083713,J S Distributors,B744,Pending,Source Not Available,No VTA/VTR reconciled workbook was supplied in this upload; no unsupported match was fabricated.
7083713-20260605-131601,2026-06-05,959180778,10584810,,7083713,J S Distributors,B744,Pending,Source Not Available,No VTA/VTR reconciled workbook was supplied in this upload; no unsupported match was fabricated.
7083713-20260227-170000,2026-02-27,959162035,10604753,,7083713,J S Distributors,B744,Closed,Source Not Available,No VTA/VTR reconciled workbook was supplied in this upload; no unsupported match was fabricated.
7083713-20260224-155852,2026-02-24,959161511,13680087,60380452CF,7083713,J S Distributors,B744,Reopened,Source Not Available,No VTA/VTR reconciled workbook was supplied in this upload; no unsupported match was fabricated.
7083713-20260224-160312,2026-02-24,959162037,12607972,60090453A7,7083713,J S Distributors,B744,Reopened,Source Not Available,No VTA/VTR reconciled workbook was supplied in this upload; no unsupported match was fabricated.
7083713-20260224-160607,2026-02-24,959161511,12610593,535104515A,7083713,J S Distributors,B744,Reopened,Source Not Available,No VTA/VTR reconciled workbook was supplied in this upload; no unsupported match was fabricated.
7437394-20260415-131652,2026-04-15,959173867,12567336,,7437394,Jai Agencies,B744,Closed,Source Not Available,No VTA/VTR reconciled workbook was supplied in this upload; no unsupported match was fabricated.
7541792-20260629-102033,2026-06-29,,12607947,61370453A8,7541792,Jaiteja Agencies,2032,Pending,Source Not Available,No VTA/VTR reconciled workbook was supplied in this upload; no unsupported match was fabricated.
7541792-20260514-093423,2026-05-14,,13678473,6092281AA,7541792,Jaiteja Agencies,2032,Pending,Source Not Available,No VTA/VTR reconciled workbook was supplied in this upload; no unsupported match was fabricated.
7541792-20260514-093759,2026-05-14,1099849853,13680087,60800452CF,7541792,Jaiteja Agencies,2032,Pending,Source Not Available,No VTA/VTR reconciled workbook was supplied in this upload; no unsupported match was fabricated.
7541792-20260421-123343,2026-04-21,,12584920; 12585176,60940451za,7541792,Jaiteja Agencies,2032,Closed,Source Not Available,No VTA/VTR reconciled workbook was supplied in this upload; no unsupported match was fabricated.
7541792-20260217-204009,2026-02-17,1099835916,,,7541792,Jaiteja Agencies,2032,Closed,Source Not Available,No VTA/VTR reconciled workbook was supplied in this upload; no unsupported match was fabricated.
7329921-20260629-125426,2026-06-29,959187470,10527353,B05269L,7329921,Jaya Traders,B744,Pending,Source Not Available,No VTA/VTR reconciled workbook was supplied in this upload; no unsupported match was fabricated.
7329921-20260509-125051,2026-05-09,959178906,12608551,61050455LA,7329921,Jaya Traders,B744,Reopened,Source Not Available,No VTA/VTR reconciled workbook was supplied in this upload; no unsupported match was fabricated.
5144802-20260404-113758,2026-04-04,,,,5144802,Jayasoundar Agency,B744,Closed,Source Not Available,No VTA/VTR reconciled workbook was supplied in this upload; no unsupported match was fabricated.
6630974-20260510-070738,2026-05-10,974824231,,,6630974,Jehovah Distributors,C749,Pending,Source Not Available,No VTA/VTR reconciled workbook was supplied in this upload; no unsupported match was fabricated.
6630974-20260510-070856,2026-05-10,974824230,,,6630974,Jehovah Distributors,C749,Pending,Source Not Available,No VTA/VTR reconciled workbook was supplied in this upload; no unsupported match was fabricated.
6630974-20260510-071051,2026-05-10,974824223,,,6630974,Jehovah Distributors,C749,Pending,Source Not Available,No VTA/VTR reconciled workbook was supplied in this upload; no unsupported match was fabricated.
6630974-20260510-071446,2026-05-10,974824216,,,6630974,Jehovah Distributors,C749,Pending,Source Not Available,No VTA/VTR reconciled workbook was supplied in this upload; no unsupported match was fabricated.
7469478-20260511-183501,2026-05-11,1099850044,,60970453A1,7469478,Jyothi Agencies,2032,Pending,Source Not Available,No VTA/VTR reconciled workbook was supplied in this upload; no unsupported match was fabricated.
7469478-20260406-114128,2026-04-06,1099844004,,,7469478,Jyothi Agencies,2032,Closed,Source Not Available,No VTA/VTR reconciled workbook was supplied in this upload; no unsupported match was fabricated.
7469478-20260327-125054,2026-03-27,1099840550,,51587742AA; 53497742AB,7469478,Jyothi Agencies,2032,Closed,Source Not Available,No VTA/VTR reconciled workbook was supplied in this upload; no unsupported match was fabricated.
7469478-20260317-204500,2026-03-17,1099840546,,,7469478,Jyothi Agencies,2032,Closed,Source Not Available,No VTA/VTR reconciled workbook was supplied in this upload; no unsupported match was fabricated.
601208-20260609-172238,2026-06-09,1365804964,,,601208,Kalathil Agencies,C963,Pending,Source Not Available,No VTA/VTR reconciled workbook was supplied in this upload; no unsupported match was fabricated.
601208-20260609-172901,2026-06-09,1365802768,,,601208,Kalathil Agencies,C963,Pending,Source Not Available,No VTA/VTR reconciled workbook was supplied in this upload; no unsupported match was fabricated.
601208-20260519-171205,2026-05-19,1365803003,,,601208,Kalathil Agencies,C963,Pending,Source Not Available,No VTA/VTR reconciled workbook was supplied in this upload; no unsupported match was fabricated.
601208-20260414-153318,2026-04-14,1365801231,,,601208,Kalathil Agencies,C963,Closed,Source Not Available,No VTA/VTR reconciled workbook was supplied in this upload; no unsupported match was fabricated.
601213-20260303-102957,2026-03-03,1365357631,12606197,60370452DA,601213,Kamalaksh Enterprises,7793,Closed,Source Not Available,No VTA/VTR reconciled workbook was supplied in this upload; no unsupported match was fabricated.
601213-20260303-104503,2026-03-03,1365357628,,60466640MA,601213,Kamalaksh Enterprises,7793,Closed,Source Not Available,No VTA/VTR reconciled workbook was supplied in this upload; no unsupported match was fabricated.
601213-20260303-104857,2026-03-03,1365357628,13776709,60410454F1,601213,Kamalaksh Enterprises,7793,Closed,Source Not Available,No VTA/VTR reconciled workbook was supplied in this upload; no unsupported match was fabricated.
601213-20260223-162913,2026-02-23,1365356898,,,601213,Kamalaksh Enterprises,7793,Closed,Source Not Available,No VTA/VTR reconciled workbook was supplied in this upload; no unsupported match was fabricated.
7589387-20260511-163054,2026-05-11,959178931,,"61040453L, 61109939LA, 61170454N1",7589387,Kirubai Agencies,B744,Closed,Source Not Available,No VTA/VTR reconciled workbook was supplied in this upload; no unsupported match was fabricated.
7589387-20260511-163944,2026-05-11,959178931,,"61040453L, 61109939LA, 61170454N1, 61060452VA, 61170454C1, 6034417611",7589387,Kirubai Agencies,B744,Closed,Source Not Available,No VTA/VTR reconciled workbook was supplied in this upload; no unsupported match was fabricated.
7093228-20260619-153751,2026-06-19,1365806455,14333175,,7093228,Kottaram Business Corporation,C963,Pending,Source Not Available,No VTA/VTR reconciled workbook was supplied in this upload; no unsupported match was fabricated.
7093228-20260617-174144,2026-06-17,"1365806453, 1365806455, 1365806456",,,7093228,Kottaram Business Corporation,C963,Pending,Source Not Available,No VTA/VTR reconciled workbook was supplied in this upload; no unsupported match was fabricated.
7093228-20260610-160808,2026-06-10,1365806018,,,7093228,Kottaram Business Corporation,C963,Pending,Source Not Available,No VTA/VTR reconciled workbook was supplied in this upload; no unsupported match was fabricated.
7093228-20260421-152453,2026-04-21,1365803087,,,7093228,Kottaram Business Corporation,C963,Closed,Source Not Available,No VTA/VTR reconciled workbook was supplied in this upload; no unsupported match was fabricated.
7093228-20260418-122930,2026-04-18,1365802947,,,7093228,Kottaram Business Corporation,C963,Closed,Source Not Available,No VTA/VTR reconciled workbook was supplied in this upload; no unsupported match was fabricated.
7093228-20260326-192415,2026-03-26,1365801565,,,7093228,Kottaram Business Corporation,C963,Closed,Source Not Available,No VTA/VTR reconciled workbook was supplied in this upload; no unsupported match was fabricated.
7093228-20260325-131028,2026-03-25,959164453,,,7093228,Kottaram Business Corporation,B744,Closed,Source Not Available,No VTA/VTR reconciled workbook was supplied in this upload; no unsupported match was fabricated.
7093228-20260303-180021,2026-03-03,,,,7093228,Kottaram Business Corporation,B744,Closed,Source Not Available,No VTA/VTR reconciled workbook was supplied in this upload; no unsupported match was fabricated.
7093228-20260217-132637,2026-02-17,,,,7093228,Kottaram Business Corporation,2040,Pending,Source Not Available,No VTA/VTR reconciled workbook was supplied in this upload; no unsupported match was fabricated.
601233-20260430-204403,2026-04-30,1365803511,,60970451ZA; 72CS60890451ZA,601233,Krishna Agencies,C963,Closed,Source Not Available,No VTA/VTR reconciled workbook was supplied in this upload; no unsupported match was fabricated.
601233-20260310-124102,2026-03-10,959165395,,60290452DB,601233,Krishna Agencies,B744,Closed,Source Not Available,No VTA/VTR reconciled workbook was supplied in this upload; no unsupported match was fabricated.
3343334-20260514-114605,2026-05-14,1365803601,13680299,,3343334,Krishna Associates,C963,Pending,Source Not Available,No VTA/VTR reconciled workbook was supplied in this upload; no unsupported match was fabricated.
3343334-20260514-115310,2026-05-14,1365803970,12607462,,3343334,Krishna Associates,C963,Pending,Source Not Available,No VTA/VTR reconciled workbook was supplied in this upload; no unsupported match was fabricated.
601236-20260330-181917,2026-03-30,1365801633,,60070452DA,601236,Krishna Enterprises,C963,Closed,Source Not Available,No VTA/VTR reconciled workbook was supplied in this upload; no unsupported match was fabricated.
601236-20260320-180026,2026-03-20,1365801143,12616941,,601236,Krishna Enterprises,C963,Closed,Source Not Available,No VTA/VTR reconciled workbook was supplied in this upload; no unsupported match was fabricated.
601236-20260313-173811,2026-03-13,1365800086,,60500454C1; 60480451ZA,601236,Krishna Enterprises,C963,Closed,Source Not Available,No VTA/VTR reconciled workbook was supplied in this upload; no unsupported match was fabricated.
601236-20260313-174827,2026-03-13,1365800496; 1365800497,,60220453K1; 60510452CA; 60350455HA; 60150455HA; 60300453K1; 60060453A7; 60460452DA,601236,Krishna Enterprises,C963,Closed,Source Not Available,No VTA/VTR reconciled workbook was supplied in this upload; no unsupported match was fabricated.
6605551-20260623-165401,2026-06-23,974830099,,,6605551,Krishna Traders,C749,Pending,Source Not Available,No VTA/VTR reconciled workbook was supplied in this upload; no unsupported match was fabricated.
6605551-20260623-165939,2026-06-23,974829269,,,6605551,Krishna Traders,C749,Pending,Source Not Available,No VTA/VTR reconciled workbook was supplied in this upload; no unsupported match was fabricated.
6235172-20260126-114010,2026-01-26,959152765,13796954,53620454P1,6235172,Kumar Associates,B744,Closed,Source Not Available,No VTA/VTR reconciled workbook was supplied in this upload; no unsupported match was fabricated.
5600288-20260328-090803,2026-03-28,1365801575,13718223,6067045X1,5600288,KV Agencies,C963,Closed,Source Not Available,No VTA/VTR reconciled workbook was supplied in this upload; no unsupported match was fabricated.
5600288-20260327-122913,2026-03-27,,14293213,60340452DA,5600288,KV Agencies,C963,Closed,Source Not Available,No VTA/VTR reconciled workbook was supplied in this upload; no unsupported match was fabricated.
5600288-20260327-150111,2026-03-27,1365801023,12559338,60522814KA,5600288,KV Agencies,C963,Closed,Source Not Available,No VTA/VTR reconciled workbook was supplied in this upload; no unsupported match was fabricated.
5600288-20260327-150435,2026-03-27,1054169573,12603852,53610455HA,5600288,KV Agencies,2040,Pending,Source Not Available,No VTA/VTR reconciled workbook was supplied in this upload; no unsupported match was fabricated.
7097726-20260526-115632,2026-05-26,974825944,14507911; 14316364,,7097726,L K Enterprises,C749,Pending,Source Not Available,No VTA/VTR reconciled workbook was supplied in this upload; no unsupported match was fabricated.
6700167-20260629-142502,2026-06-29,1366100922,,60970452DA,6700167,Laasritha Enterprises,D915,Pending,Source Not Available,No VTA/VTR reconciled workbook was supplied in this upload; no unsupported match was fabricated.
6700167-20260615-145839,2026-06-15,1366100298; 1366100300,,,6700167,Laasritha Enterprises,D915,Pending,Source Not Available,No VTA/VTR reconciled workbook was supplied in this upload; no unsupported match was fabricated.
6700167-20260615-152145,2026-06-15,1366100298,,53100453J2,6700167,Laasritha Enterprises,D915,Pending,Source Not Available,No VTA/VTR reconciled workbook was supplied in this upload; no unsupported match was fabricated.
6700167-20260612-163922,2026-06-12,1366100173,,61190452K3; 60522814AA; 61370455KA; 60950453A4,6700167,Laasritha Enterprises,D915,Pending,Source Not Available,No VTA/VTR reconciled workbook was supplied in this upload; no unsupported match was fabricated.
6700167-20260529-194407,2026-05-29,1099852940,,,6700167,Laasritha Enterprises,2032,Pending,Source Not Available,No VTA/VTR reconciled workbook was supplied in this upload; no unsupported match was fabricated.
6700167-20260520-190529,2026-05-20,1099851661,,,6700167,Laasritha Enterprises,2032,Pending,Source Not Available,No VTA/VTR reconciled workbook was supplied in this upload; no unsupported match was fabricated.
6700167-20260516-145957,2026-05-16,1099851061,,61110453A7,6700167,Laasritha Enterprises,2032,Pending,Source Not Available,No VTA/VTR reconciled workbook was supplied in this upload; no unsupported match was fabricated.
6700167-20260417-183847,2026-04-17,1099846324,,60839939BB; 60889939CA,6700167,Laasritha Enterprises,2032,Pending,Source Not Available,No VTA/VTR reconciled workbook was supplied in this upload; no unsupported match was fabricated.
6700167-20260414-130448,2026-04-14,1099845591,,,6700167,Laasritha Enterprises,2032,Pending,Source Not Available,No VTA/VTR reconciled workbook was supplied in this upload; no unsupported match was fabricated.
6700167-20260328-183901,2026-03-28,1099842770,,,6700167,Laasritha Enterprises,2032,Pending,Source Not Available,No VTA/VTR reconciled workbook was supplied in this upload; no unsupported match was fabricated.
6700167-20260317-184942,2026-03-17,1099840363,,,6700167,Laasritha Enterprises,2032,Reopened,Source Not Available,No VTA/VTR reconciled workbook was supplied in this upload; no unsupported match was fabricated.
6700167-20260206-161240,2026-02-06,1099833942,,60120451DA,6700167,Laasritha Enterprises,2032,Closed,Source Not Available,No VTA/VTR reconciled workbook was supplied in this upload; no unsupported match was fabricated.
6700167-20260110-112000,2026-01-10,1099829295,12458968,51743657,6700167,Laasritha Enterprises,2032,Closed,Source Not Available,No VTA/VTR reconciled workbook was supplied in this upload; no unsupported match was fabricated.
6700167-20260110-150609,2026-01-10,1099830340,12518426,52530453K2,6700167,Laasritha Enterprises,2032,Closed,Source Not Available,No VTA/VTR reconciled workbook was supplied in this upload; no unsupported match was fabricated.
6700167-20260110-151306,2026-01-10,1099830335,,,6700167,Laasritha Enterprises,2032,Closed,Source Not Available,No VTA/VTR reconciled workbook was supplied in this upload; no unsupported match was fabricated.
5881290-20260626-120815,2026-06-26,1099856796,14520881,,5881290,Lakshmi Enterprises,2032,Pending,Source Not Available,No VTA/VTR reconciled workbook was supplied in this upload; no unsupported match was fabricated.
5881290-20260626-133335,2026-06-26,1366100778,12608635,,5881290,Lakshmi Enterprises,D915,Pending,Source Not Available,No VTA/VTR reconciled workbook was supplied in this upload; no unsupported match was fabricated.
5881290-20260617-124511,2026-06-17,974826528,12612451,,5881290,Lakshmi Enterprises,C749,Pending,Source Not Available,No VTA/VTR reconciled workbook was supplied in this upload; no unsupported match was fabricated.
5881290-20260617-124842,2026-06-17,974826527,13680087,,5881290,Lakshmi Enterprises,C749,Pending,Source Not Available,No VTA/VTR reconciled workbook was supplied in this upload; no unsupported match was fabricated.
5881290-20260418-131446,2026-04-18,1099846164,,,5881290,Lakshmi Enterprises,2032,Closed,Source Not Available,No VTA/VTR reconciled workbook was supplied in this upload; no unsupported match was fabricated.
5881290-20260416-115248,2026-04-16,1099844536,12570655,52760455KA,5881290,Lakshmi Enterprises,2032,Closed,Source Not Available,No VTA/VTR reconciled workbook was supplied in this upload; no unsupported match was fabricated.
5881290-20260408-165739,2026-04-08,1099844536,12589871,,5881290,Lakshmi Enterprises,2032,Closed,Source Not Available,No VTA/VTR reconciled workbook was supplied in this upload; no unsupported match was fabricated.
5881290-20260407-112753,2026-04-07,974814638,12967299,,5881290,Lakshmi Enterprises,C749,Closed,Source Not Available,No VTA/VTR reconciled workbook was supplied in this upload; no unsupported match was fabricated.
5881290-20260406-185618,2026-04-06,1099843945,12425168,608028141A; 530128141A,5881290,Lakshmi Enterprises,2032,Closed,Source Not Available,No VTA/VTR reconciled workbook was supplied in this upload; no unsupported match was fabricated.
5881290-20260206-105202,2026-02-06,974809423,12616251,,5881290,Lakshmi Enterprises,C749,Closed,Source Not Available,No VTA/VTR reconciled workbook was supplied in this upload; no unsupported match was fabricated.
5881290-20260206-110409,2026-02-06,974809423,12609894,51026763JAG,5881290,Lakshmi Enterprises,C749,Closed,Source Not Available,No VTA/VTR reconciled workbook was supplied in this upload; no unsupported match was fabricated.
5881290-20260206-110502,2026-02-06,974809953,12609894,51026763JAG,5881290,Lakshmi Enterprises,C749,Closed,Source Not Available,No VTA/VTR reconciled workbook was supplied in this upload; no unsupported match was fabricated.
5881290-20260206-122923,2026-02-06,974805438,13679901,,5881290,Lakshmi Enterprises,C749,Closed,Source Not Available,No VTA/VTR reconciled workbook was supplied in this upload; no unsupported match was fabricated.
7209865-20260103-145648,2026-01-03,1099828289,,,7209865,Lakshmi Venkateswara Agency,2032,Closed,Source Not Available,No VTA/VTR reconciled workbook was supplied in this upload; no unsupported match was fabricated.
7281254-20260122-123952,2026-01-22,,,,7281254,Lalitha Agencies,B929,Closed,Source Not Available,No VTA/VTR reconciled workbook was supplied in this upload; no unsupported match was fabricated.
6006337-20260627-120342,2026-06-27,1366100883,,,6006337,Laxmi Prasanna Agencies,D915,Pending,Source Not Available,No VTA/VTR reconciled workbook was supplied in this upload; no unsupported match was fabricated.
6006337-20260624-122627,2026-06-24,1099856635,12619057,,6006337,Laxmi Prasanna Agencies,2032,Pending,Source Not Available,No VTA/VTR reconciled workbook was supplied in this upload; no unsupported match was fabricated.
6006337-20260620-203102,2026-06-20,,,,6006337,Laxmi Prasanna Agencies,D915,Pending,Source Not Available,No VTA/VTR reconciled workbook was supplied in this upload; no unsupported match was fabricated.
6006337-20260609-200345,2026-06-09,,,,6006337,Laxmi Prasanna Agencies,D915,Pending,Source Not Available,No VTA/VTR reconciled workbook was supplied in this upload; no unsupported match was fabricated.
6006337-20260515-174923,2026-05-15,,,,6006337,Laxmi Prasanna Agencies,2032,Pending,Source Not Available,No VTA/VTR reconciled workbook was supplied in this upload; no unsupported match was fabricated.
6006337-20260515-175214,2026-05-15,1099832511,,,6006337,Laxmi Prasanna Agencies,2032,Pending,Source Not Available,No VTA/VTR reconciled workbook was supplied in this upload; no unsupported match was fabricated.
6006337-20260128-135651,2026-01-28,1099833135,14118476,,6006337,Laxmi Prasanna Agencies,2032,Closed,Source Not Available,No VTA/VTR reconciled workbook was supplied in this upload; no unsupported match was fabricated.
6006337-20260109-133902,2026-01-09,,,,6006337,Laxmi Prasanna Agencies,2032,Closed,Source Not Available,No VTA/VTR reconciled workbook was supplied in this upload; no unsupported match was fabricated.
6006337-20260109-134019,2026-01-09,,,,6006337,Laxmi Prasanna Agencies,2032,Closed,Source Not Available,No VTA/VTR reconciled workbook was supplied in this upload; no unsupported match was fabricated.
601258-20260627-101618,2026-06-27,1365807106,,5325417611,601258,Lekshmi Enterprises,C963,Pending,Source Not Available,No VTA/VTR reconciled workbook was supplied in this upload; no unsupported match was fabricated.
601258-20260509-145407,2026-05-09,1365803607,,,601258,Lekshmi Enterprises,C963,Pending,Source Not Available,No VTA/VTR reconciled workbook was supplied in this upload; no unsupported match was fabricated.
601258-20260509-145700,2026-05-09,1365802771; 1365801180,,,601258,Lekshmi Enterprises,C963,Pending,Source Not Available,No VTA/VTR reconciled workbook was supplied in this upload; no unsupported match was fabricated.
601258-20260302-175340,2026-03-02,9384411008,,,601258,Lekshmi Enterprises,B929,Closed,Source Not Available,No VTA/VTR reconciled workbook was supplied in this upload; no unsupported match was fabricated.
601258-20260302-175710,2026-03-02,922473302,,,601258,Lekshmi Enterprises,B929,Closed,Source Not Available,No VTA/VTR reconciled workbook was supplied in this upload; no unsupported match was fabricated.
601258-20260210-110310,2026-02-10,,,,601258,Lekshmi Enterprises,2040,Pending,Source Not Available,No VTA/VTR reconciled workbook was supplied in this upload; no unsupported match was fabricated.
601258-20260124-093011,2026-01-24,1054168062,,,601258,Lekshmi Enterprises,2040,Closed,Source Not Available,No VTA/VTR reconciled workbook was supplied in this upload; no unsupported match was fabricated.
6775174-20260619-143222,2026-06-19,1365806303,,,6775174,Libra Consumables Private Limited,C963,Pending,Source Not Available,No VTA/VTR reconciled workbook was supplied in this upload; no unsupported match was fabricated.
6775174-20260608-105501,2026-06-08,1365364981,,51719845,6775174,Libra Consumables Private Limited,C963,Pending,Source Not Available,No VTA/VTR reconciled workbook was supplied in this upload; no unsupported match was fabricated.
6775174-20260529-125503,2026-05-29,1365805249,12589871,60590455kb,6775174,Libra Consumables Private Limited,C963,Pending,Source Not Available,No VTA/VTR reconciled workbook was supplied in this upload; no unsupported match was fabricated.
6775174-20260525-160023,2026-05-25,1365805017,,60992814BA,6775174,Libra Consumables Private Limited,C963,Pending,Source Not Available,No VTA/VTR reconciled workbook was supplied in this upload; no unsupported match was fabricated.
6775174-20260421-124546,2026-04-21,,13776709,60820454F1,6775174,Libra Consumables Private Limited,C963,Pending,Source Not Available,No VTA/VTR reconciled workbook was supplied in this upload; no unsupported match was fabricated.
6775174-20260323-145213,2026-03-23,1365801207,,60350455EA,6775174,Libra Consumables Private Limited,C963,Closed,Source Not Available,No VTA/VTR reconciled workbook was supplied in this upload; no unsupported match was fabricated.
6775174-20260320-144500,2026-03-20,,,,6775174,Libra Consumables Private Limited,C963,Closed,Source Not Available,No VTA/VTR reconciled workbook was supplied in this upload; no unsupported match was fabricated.
6775174-20260316-122748,2026-03-16,1365800861,,,6775174,Libra Consumables Private Limited,C963,Closed,Source Not Available,No VTA/VTR reconciled workbook was supplied in this upload; no unsupported match was fabricated.
6775174-20260311-125823,2026-03-11,1365800501,,,6775174,Libra Consumables Private Limited,C963,Closed,Source Not Available,No VTA/VTR reconciled workbook was supplied in this upload; no unsupported match was fabricated.
6775174-20260309-143026,2026-03-09,1365800386,,,6775174,Libra Consumables Private Limited,C963,Closed,Source Not Available,No VTA/VTR reconciled workbook was supplied in this upload; no unsupported match was fabricated.
6775174-20260306-165423,2026-03-06,1365800084,,,6775174,Libra Consumables Private Limited,C963,Closed,Source Not Available,No VTA/VTR reconciled workbook was supplied in this upload; no unsupported match was fabricated.
6775174-20260227-100058,2026-02-27,1365800004,,,6775174,Libra Consumables Private Limited,C963,Closed,Source Not Available,No VTA/VTR reconciled workbook was supplied in this upload; no unsupported match was fabricated.
6775174-20260217-133259,2026-02-17,1054169601,13776790,60290454F2,6775174,Libra Consumables Private Limited,2040,Pending,Source Not Available,No VTA/VTR reconciled workbook was supplied in this upload; no unsupported match was fabricated.
6775174-20260122-122054,2026-01-22,1054167876,,,6775174,Libra Consumables Private Limited,2040,Closed,Source Not Available,No VTA/VTR reconciled workbook was supplied in this upload; no unsupported match was fabricated.
6775174-20260115-175740,2026-01-15,1054167284,,,6775174,Libra Consumables Private Limited,2040,Closed,Source Not Available,No VTA/VTR reconciled workbook was supplied in this upload; no unsupported match was fabricated.
6775174-20260106-124820,2026-01-06,1054166401,,,6775174,Libra Consumables Private Limited,2040,Closed,Source Not Available,No VTA/VTR reconciled workbook was supplied in this upload; no unsupported match was fabricated.
6775174-20260103-111615,2026-01-03,,,,6775174,Libra Consumables Private Limited,2040,Closed,Source Not Available,No VTA/VTR reconciled workbook was supplied in this upload; no unsupported match was fabricated.
6775174-20260102-121832,2026-01-02,1054166129,,,6775174,Libra Consumables Private Limited,2040,Closed,Source Not Available,No VTA/VTR reconciled workbook was supplied in this upload; no unsupported match was fabricated.
7564898-20260610-180219,2026-06-10,,,,7564898,LNS Traders,2032,Pending,Source Not Available,No VTA/VTR reconciled workbook was supplied in this upload; no unsupported match was fabricated.
5811821-20260124-100012,2026-01-24,,13797726,,5811821,LR SWAMY AGENCIES,B744,Closed,Source Not Available,No VTA/VTR reconciled workbook was supplied in this upload; no unsupported match was fabricated.
7466487-20260211-153204,2026-02-11,959159989,,,7466487,M S R Agencies,B744,Closed,Source Not Available,No VTA/VTR reconciled workbook was supplied in this upload; no unsupported match was fabricated.
6089280-20260629-122559,2026-06-29,,,,6089280,Madhu Traders,B744,Pending,Source Not Available,No VTA/VTR reconciled workbook was supplied in this upload; no unsupported match was fabricated.
6089280-20260530-170119,2026-05-30,959182538; 959182536,12623517; 13680087; 13737115,,6089280,Madhu Traders,B744,Closed,Source Not Available,No VTA/VTR reconciled workbook was supplied in this upload; no unsupported match was fabricated.
6089280-20260417-114544,2026-04-17,959174663,14445547,,6089280,Madhu Traders,B744,Closed,Source Not Available,No VTA/VTR reconciled workbook was supplied in this upload; no unsupported match was fabricated.
6089280-20260324-151543,2026-03-24,,,,6089280,Madhu Traders,B744,Closed,Source Not Available,No VTA/VTR reconciled workbook was supplied in this upload; no unsupported match was fabricated.
6089280-20260320-114145,2026-03-20,,,,6089280,Madhu Traders,B744,Closed,Source Not Available,No VTA/VTR reconciled workbook was supplied in this upload; no unsupported match was fabricated.
6089280-20260224-181852,2026-02-24,,,,6089280,Madhu Traders,B744,Closed,Source Not Available,No VTA/VTR reconciled workbook was supplied in this upload; no unsupported match was fabricated.
7530594-20260416-122212,2026-04-16,1099845493,13632235,,7530594,Mahalaxmi Agencies,2032,Closed,Source Not Available,No VTA/VTR reconciled workbook was supplied in this upload; no unsupported match was fabricated.
7530594-20260306-140412,2026-03-06,1099829032,13700494,,7530594,Mahalaxmi Agencies,2032,Closed,Source Not Available,No VTA/VTR reconciled workbook was supplied in this upload; no unsupported match was fabricated.
7530594-20260224-143524,2026-02-24,,12612446,12612446,7530594,Mahalaxmi Agencies,2032,Closed,Source Not Available,No VTA/VTR reconciled workbook was supplied in this upload; no unsupported match was fabricated.
7530594-20260209-210941,2026-02-09,,12608551,12608551,7530594,Mahalaxmi Agencies,2032,Closed,Source Not Available,No VTA/VTR reconciled workbook was supplied in this upload; no unsupported match was fabricated.
7489063-20260617-123450,2026-06-17,938419431,,,7489063,Maruthi Enterprises,B929,Pending,Source Not Available,No VTA/VTR reconciled workbook was supplied in this upload; no unsupported match was fabricated.
7489063-20260214-125249,2026-02-14,,,5250T246CB,7489063,Maruthi Enterprises,B929,Closed,Source Not Available,No VTA/VTR reconciled workbook was supplied in this upload; no unsupported match was fabricated.
7321775-20260228-185744,2026-02-28,,,,7321775,Mayaank Agency,2032,Closed,Source Not Available,No VTA/VTR reconciled workbook was supplied in this upload; no unsupported match was fabricated.
6986983-20260613-100044,2026-06-13,1366100242,13970024,61320453A7,6986983,Meenakshi Distributors,D915,Pending,Source Not Available,No VTA/VTR reconciled workbook was supplied in this upload; no unsupported match was fabricated.
6986983-20260608-110446,2026-06-08,1099854297,14378778,61386640PA,6986983,Meenakshi Distributors,2032,Pending,Source Not Available,No VTA/VTR reconciled workbook was supplied in this upload; no unsupported match was fabricated.
6986983-20260429-102040,2026-04-29,1099848266,12607948,60940453A1,6986983,Meenakshi Distributors,2032,Reopened,Source Not Available,No VTA/VTR reconciled workbook was supplied in this upload; no unsupported match was fabricated.
6986983-20260326-094916,2026-03-26,1099842091,12570266,53440451PA,6986983,Meenakshi Distributors,2032,Closed,Source Not Available,No VTA/VTR reconciled workbook was supplied in this upload; no unsupported match was fabricated.
6657817-20260623-100834,2026-06-23,1365365851,,,6657817,Mion Enterprises,7793,Pending,Source Not Available,No VTA/VTR reconciled workbook was supplied in this upload; no unsupported match was fabricated.
6657817-20260616-215313,2026-06-16,,,12623517,6657817,Mion Enterprises,7793,Pending,Source Not Available,No VTA/VTR reconciled workbook was supplied in this upload; no unsupported match was fabricated.
6657817-20260612-213640,2026-06-12,,,,6657817,Mion Enterprises,7793,Pending,Source Not Available,No VTA/VTR reconciled workbook was supplied in this upload; no unsupported match was fabricated.
5670356-20260406-163702,2026-04-06,959172332,14504152,60800454UE,5670356,MM Agencies,B744,Closed,Source Not Available,No VTA/VTR reconciled workbook was supplied in this upload; no unsupported match was fabricated.
724111-20260611-163234,2026-06-11,,,,724111,Munavalli Associates,B929,Pending,Source Not Available,No VTA/VTR reconciled workbook was supplied in this upload; no unsupported match was fabricated.
724111-20260428-111839,2026-04-28,938424096,,,724111,Munavalli Associates,B929,Closed,Source Not Available,No VTA/VTR reconciled workbook was supplied in this upload; no unsupported match was fabricated.
724111-20260209-161742,2026-02-09,938406036,,,724111,Munavalli Associates,B929,Closed,Source Not Available,No VTA/VTR reconciled workbook was supplied in this upload; no unsupported match was fabricated.
724111-20260203-140834,2026-02-03,,,,724111,Munavalli Associates,B929,Closed,Source Not Available,No VTA/VTR reconciled workbook was supplied in this upload; no unsupported match was fabricated.
724111-20260110-115214,2026-01-10,938397943,,,724111,Munavalli Associates,B929,Closed,Source Not Available,No VTA/VTR reconciled workbook was supplied in this upload; no unsupported match was fabricated.
7228376-20260605-104326,2026-06-05,1099853760,,,7228376,Nahida Enterprises,2032,Pending,Source Not Available,No VTA/VTR reconciled workbook was supplied in this upload; no unsupported match was fabricated.
7228376-20260525-115903,2026-05-25,1099849138,,,7228376,Nahida Enterprises,2032,Pending,Source Not Available,No VTA/VTR reconciled workbook was supplied in this upload; no unsupported match was fabricated.
7228376-20260323-121554,2026-03-23,1099840375,,,7228376,Nahida Enterprises,2032,Closed,Source Not Available,No VTA/VTR reconciled workbook was supplied in this upload; no unsupported match was fabricated.
7228376-20260323-121859,2026-03-23,1099840376,,,7228376,Nahida Enterprises,2032,Reopened,Source Not Available,No VTA/VTR reconciled workbook was supplied in this upload; no unsupported match was fabricated.
7228376-20260221-152531,2026-02-21,,,,7228376,Nahida Enterprises,2032,Closed,Source Not Available,No VTA/VTR reconciled workbook was supplied in this upload; no unsupported match was fabricated.
7228376-20260105-132403,2026-01-05,1099829263,12607948,,7228376,Nahida Enterprises,2032,Closed,Source Not Available,No VTA/VTR reconciled workbook was supplied in this upload; no unsupported match was fabricated.
7366969-20260207-112534,2026-02-07,,,,7366969,Nandan Traders,B929,Closed,Source Not Available,No VTA/VTR reconciled workbook was supplied in this upload; no unsupported match was fabricated.
601328-20260622-162943,2026-06-22,,,61442814WA; 60470452LB,601328,Narayan Keshappa Sindol,B929,Pending,Source Not Available,No VTA/VTR reconciled workbook was supplied in this upload; no unsupported match was fabricated.
601328-20260608-151604,2026-06-08,,,,601328,Narayan Keshappa Sindol,B929,Pending,Source Not Available,No VTA/VTR reconciled workbook was supplied in this upload; no unsupported match was fabricated.
601328-20260320-133018,2026-03-20,,,,601328,Narayan Keshappa Sindol,B929,Closed,Source Not Available,No VTA/VTR reconciled workbook was supplied in this upload; no unsupported match was fabricated.
601328-20260207-212607,2026-02-07,938405192,,,601328,Narayan Keshappa Sindol,B929,Closed,Source Not Available,No VTA/VTR reconciled workbook was supplied in this upload; no unsupported match was fabricated.
601328-20260128-161928,2026-01-28,,,,601328,Narayan Keshappa Sindol,B929,Closed,Source Not Available,No VTA/VTR reconciled workbook was supplied in this upload; no unsupported match was fabricated.
601328-20260112-143614,2026-01-12,,,,601328,Narayan Keshappa Sindol,B929,Closed,Source Not Available,No VTA/VTR reconciled workbook was supplied in this upload; no unsupported match was fabricated.
3388216-20260418-141542,2026-04-18,959164452,12508385,,3388216,Narayanan & Co,B744,Closed,Source Not Available,No VTA/VTR reconciled workbook was supplied in this upload; no unsupported match was fabricated.
6455305-20260512-150759,2026-05-12,1365361402,14033758,,6455305,New Friends Agencies,7793,Closed,Source Not Available,No VTA/VTR reconciled workbook was supplied in this upload; no unsupported match was fabricated.
601342-20260202-110600,2026-02-02,,,,601342,Nikhil Enterprises,B929,Closed,Source Not Available,No VTA/VTR reconciled workbook was supplied in this upload; no unsupported match was fabricated.
601342-20260202-111028,2026-02-02,938403977,,,601342,Nikhil Enterprises,B929,Closed,Source Not Available,No VTA/VTR reconciled workbook was supplied in this upload; no unsupported match was fabricated.
6836463-20260520-174856,2026-05-20,974822833,12957521,60906640RA,6836463,Nishita Agencies,C749,Pending,Source Not Available,No VTA/VTR reconciled workbook was supplied in this upload; no unsupported match was fabricated.
601347-20260314-130848,2026-03-14,959166771,12567336,,601347,Nivas Enterprises,B744,Closed,Source Not Available,No VTA/VTR reconciled workbook was supplied in this upload; no unsupported match was fabricated.
7544037-20260611-152809,2026-06-11,938433154,,,7544037,OM Agencies,B929,Pending,Source Not Available,No VTA/VTR reconciled workbook was supplied in this upload; no unsupported match was fabricated.
7544037-20260609-173449,2026-06-09,,,,7544037,OM Agencies,B929,Pending,Source Not Available,No VTA/VTR reconciled workbook was supplied in this upload; no unsupported match was fabricated.
5727251-20260527-183650,2026-05-27,1099849573,,,5727251,Om Agencies,2032,Pending,Source Not Available,No VTA/VTR reconciled workbook was supplied in this upload; no unsupported match was fabricated.
6379784-20260527-162837,2026-05-27,,,,6379784,Om Marketing,B929,Closed,Source Not Available,No VTA/VTR reconciled workbook was supplied in this upload; no unsupported match was fabricated.
5640631-20260210-145345,2026-02-10,959159756; 959159757; 959159758; 959159759; 959159760; 959159761,,,5640631,Om Muruga Agencys,B744,Closed,Source Not Available,No VTA/VTR reconciled workbook was supplied in this upload; no unsupported match was fabricated.
7350721-20260528-172321,2026-05-28,,12616861,61160454A1,7350721,Om Sri Srinivasa Traders,2032,Pending,Source Not Available,No VTA/VTR reconciled workbook was supplied in this upload; no unsupported match was fabricated.
7437797-20260318-172146,2026-03-18,974794587,12601932,52180453A7,7437797,Padmaja Enterprises,C749,Closed,Source Not Available,No VTA/VTR reconciled workbook was supplied in this upload; no unsupported match was fabricated.
601366-20260518-182532,2026-05-18,938428772,,60960451FA,601366,Pai Traders,B929,Closed,Source Not Available,No VTA/VTR reconciled workbook was supplied in this upload; no unsupported match was fabricated.
601366-20260425-115607,2026-04-25,938396684,,,601366,Pai Traders,B929,Closed,Source Not Available,No VTA/VTR reconciled workbook was supplied in this upload; no unsupported match was fabricated.
601366-20260425-121036,2026-04-25,938408743,,,601366,Pai Traders,B929,Closed,Source Not Available,No VTA/VTR reconciled workbook was supplied in this upload; no unsupported match was fabricated.
601366-20260425-121214,2026-04-25,938409482,,,601366,Pai Traders,B929,Closed,Source Not Available,No VTA/VTR reconciled workbook was supplied in this upload; no unsupported match was fabricated.
601366-20260102-123313,2026-01-02,938396200,12595279,52580455HA,601366,Pai Traders,B929,Closed,Source Not Available,No VTA/VTR reconciled workbook was supplied in this upload; no unsupported match was fabricated.
3000212-20260626-172507,2026-06-26,,,61410455EA,3000212,Pallickal Agencies,7793,Pending,Source Not Available,No VTA/VTR reconciled workbook was supplied in this upload; no unsupported match was fabricated.
3000212-20260528-134032,2026-05-28,,,,3000212,Pallickal Agencies,7793,Closed,Source Not Available,No VTA/VTR reconciled workbook was supplied in this upload; no unsupported match was fabricated.
3000212-20260521-151924,2026-05-21,,14176077,60881530MA,3000212,Pallickal Agencies,7793,Closed,Source Not Available,No VTA/VTR reconciled workbook was supplied in this upload; no unsupported match was fabricated.
3000212-20260505-120750,2026-05-05,,,,3000212,Pallickal Agencies,7793,Closed,Source Not Available,No VTA/VTR reconciled workbook was supplied in this upload; no unsupported match was fabricated.
3000212-20260413-155931,2026-04-13,,12621098,5326417615,3000212,Pallickal Agencies,7793,Closed,Source Not Available,No VTA/VTR reconciled workbook was supplied in this upload; no unsupported match was fabricated.
3000212-20260307-151922,2026-03-07,,,,3000212,Pallickal Agencies,7793,Closed,Source Not Available,No VTA/VTR reconciled workbook was supplied in this upload; no unsupported match was fabricated.
601369-20260228-134803,2026-02-28,,,,601369,Paluru Distributors,C749,Pending,Source Not Available,No VTA/VTR reconciled workbook was supplied in this upload; no unsupported match was fabricated.
7417239-20260605-103128,2026-06-05,,12608543,,7417239,Parameshwara Agencies,2032,Pending,Source Not Available,No VTA/VTR reconciled workbook was supplied in this upload; no unsupported match was fabricated.
7417239-20260430-194659,2026-04-30,1099846223,14504152,,7417239,Parameshwara Agencies,2032,Closed,Source Not Available,No VTA/VTR reconciled workbook was supplied in this upload; no unsupported match was fabricated.
7417239-20260430-195438,2026-04-30,1099847672,12608496,,7417239,Parameshwara Agencies,2032,Closed,Source Not Available,No VTA/VTR reconciled workbook was supplied in this upload; no unsupported match was fabricated.
601383-20260624-195004,2026-06-24,,,,601383,Pavan Agencies,B929,Pending,Source Not Available,No VTA/VTR reconciled workbook was supplied in this upload; no unsupported match was fabricated.
601383-20260615-114252,2026-06-15,,,,601383,Pavan Agencies,B929,Pending,Source Not Available,No VTA/VTR reconciled workbook was supplied in this upload; no unsupported match was fabricated.
601383-20260615-114541,2026-06-15,,,,601383,Pavan Agencies,B929,Pending,Source Not Available,No VTA/VTR reconciled workbook was supplied in this upload; no unsupported match was fabricated.
601383-20260615-115356,2026-06-15,,,,601383,Pavan Agencies,B929,Pending,Source Not Available,No VTA/VTR reconciled workbook was supplied in this upload; no unsupported match was fabricated.
601383-20260613-183035,2026-06-13,,,,601383,Pavan Agencies,B929,Pending,Source Not Available,No VTA/VTR reconciled workbook was supplied in this upload; no unsupported match was fabricated.
601383-20260523-164414,2026-05-23,,,,601383,Pavan Agencies,B929,Closed,Source Not Available,No VTA/VTR reconciled workbook was supplied in this upload; no unsupported match was fabricated.
601383-20260410-163354,2026-04-10,,,,601383,Pavan Agencies,B929,Closed,Source Not Available,No VTA/VTR reconciled workbook was supplied in this upload; no unsupported match was fabricated.
601383-20260410-163856,2026-04-10,,,,601383,Pavan Agencies,B929,Closed,Source Not Available,No VTA/VTR reconciled workbook was supplied in this upload; no unsupported match was fabricated.
601383-20260410-164409,2026-04-10,,,,601383,Pavan Agencies,B929,Closed,Source Not Available,No VTA/VTR reconciled workbook was supplied in this upload; no unsupported match was fabricated.
601383-20260410-164701,2026-04-10,,,MISSMATCH,601383,Pavan Agencies,B929,Closed,Source Not Available,No VTA/VTR reconciled workbook was supplied in this upload; no unsupported match was fabricated.
601383-20260402-105418,2026-04-02,,,,601383,Pavan Agencies,B929,Closed,Source Not Available,No VTA/VTR reconciled workbook was supplied in this upload; no unsupported match was fabricated.
601383-20260402-105833,2026-04-02,,,,601383,Pavan Agencies,B929,Closed,Source Not Available,No VTA/VTR reconciled workbook was supplied in this upload; no unsupported match was fabricated.
601383-20260402-110820,2026-04-02,,,,601383,Pavan Agencies,B929,Closed,Source Not Available,No VTA/VTR reconciled workbook was supplied in this upload; no unsupported match was fabricated.
601383-20260323-172313,2026-03-23,,,,601383,Pavan Agencies,B929,Closed,Source Not Available,No VTA/VTR reconciled workbook was supplied in this upload; no unsupported match was fabricated.
601383-20260313-125242,2026-03-13,,,,601383,Pavan Agencies,B929,Closed,Source Not Available,No VTA/VTR reconciled workbook was supplied in this upload; no unsupported match was fabricated.
601383-20260313-130835,2026-03-13,,,,601383,Pavan Agencies,B929,Closed,Source Not Available,No VTA/VTR reconciled workbook was supplied in this upload; no unsupported match was fabricated.
601383-20260305-124702,2026-03-05,,,,601383,Pavan Agencies,B929,Closed,Source Not Available,No VTA/VTR reconciled workbook was supplied in this upload; no unsupported match was fabricated.
601383-20260124-105342,2026-01-24,,,,601383,Pavan Agencies,B929,Closed,Source Not Available,No VTA/VTR reconciled workbook was supplied in this upload; no unsupported match was fabricated.
601383-20260112-184305,2026-01-12,938397649,12559238,51932814BA,601383,Pavan Agencies,B929,Closed,Source Not Available,No VTA/VTR reconciled workbook was supplied in this upload; no unsupported match was fabricated.
601383-20260112-184614,2026-01-12,938398585,12559238,51932814BA,601383,Pavan Agencies,B929,Closed,Source Not Available,No VTA/VTR reconciled workbook was supplied in this upload; no unsupported match was fabricated.
601383-20260102-184610,2026-01-02,938395971,12585176; 12610495,53220453J1; 535304515A,601383,Pavan Agencies,B929,Closed,Source Not Available,No VTA/VTR reconciled workbook was supplied in this upload; no unsupported match was fabricated.
601383-20260102-185140,2026-01-02,938395971,12559339,52242814KA,601383,Pavan Agencies,B929,Closed,Source Not Available,No VTA/VTR reconciled workbook was supplied in this upload; no unsupported match was fabricated.
601383-20260102-185406,2026-01-02,938395933,12621098,52230454UF,601383,Pavan Agencies,B929,Closed,Source Not Available,No VTA/VTR reconciled workbook was supplied in this upload; no unsupported match was fabricated.
7291479-20260628-185240,2026-06-28,1099856830,12601932,60200453A7,7291479,Pay One Retail Private Limited,2032,Pending,Source Not Available,No VTA/VTR reconciled workbook was supplied in this upload; no unsupported match was fabricated.
7291479-20260609-125525,2026-06-09,1099854343,14520881; 12606197,61130452HA,7291479,Pay One Retail Private Limited,2032,Pending,Source Not Available,No VTA/VTR reconciled workbook was supplied in this upload; no unsupported match was fabricated.
7291479-20260514-174025,2026-05-14,1099850965,12458968,51743657,7291479,Pay One Retail Private Limited,2032,Pending,Source Not Available,No VTA/VTR reconciled workbook was supplied in this upload; no unsupported match was fabricated.
7291479-20260506-144003,2026-05-06,1099848492,14176172,60161530MB,7291479,Pay One Retail Private Limited,2032,Pending,Source Not Available,No VTA/VTR reconciled workbook was supplied in this upload; no unsupported match was fabricated.
7291479-20260415-120141,2026-04-15,1099846032,12603833,60760455HA,7291479,Pay One Retail Private Limited,2032,Closed,Source Not Available,No VTA/VTR reconciled workbook was supplied in this upload; no unsupported match was fabricated.
7291479-20260413-105208,2026-04-13,1099845582,13680372,60829939BA,7291479,Pay One Retail Private Limited,2032,Closed,Source Not Available,No VTA/VTR reconciled workbook was supplied in this upload; no unsupported match was fabricated.
7291479-20260410-110232,2026-04-10,1099845023; 1099845024,12230487; 12601933,60840451JA; 60690453A2,7291479,Pay One Retail Private Limited,2032,Closed,Source Not Available,No VTA/VTR reconciled workbook was supplied in this upload; no unsupported match was fabricated.
7291479-20260202-120429,2026-02-02,1099833228,13679901,60180455TA,7291479,Pay One Retail Private Limited,2032,Closed,Source Not Available,No VTA/VTR reconciled workbook was supplied in this upload; no unsupported match was fabricated.
7291479-20260123-132038,2026-01-23,1099828838,12601907; 12601931; 12607972,52520451DB; 52310453A7; 52540453A8,7291479,Pay One Retail Private Limited,2032,Closed,Source Not Available,No VTA/VTR reconciled workbook was supplied in this upload; no unsupported match was fabricated.
7291479-20260123-133547,2026-01-23,1099828838,12601755; 12602711; 12609885,53430455HA; 52600452CB; 52260453A7,7291479,Pay One Retail Private Limited,2032,Closed,Source Not Available,No VTA/VTR reconciled workbook was supplied in this upload; no unsupported match was fabricated.
7339382-20260625-183859,2026-06-25,,,,7339382,Pearl Enterprises,B929,Pending,Source Not Available,No VTA/VTR reconciled workbook was supplied in this upload; no unsupported match was fabricated.
7339382-20260625-183947,2026-06-25,,,,7339382,Pearl Enterprises,B929,Pending,Source Not Available,No VTA/VTR reconciled workbook was supplied in this upload; no unsupported match was fabricated.
7339382-20260625-184430,2026-06-25,938435728,,,7339382,Pearl Enterprises,B929,Pending,Source Not Available,No VTA/VTR reconciled workbook was supplied in this upload; no unsupported match was fabricated.
7339382-20260625-184532,2026-06-25,938435728,,,7339382,Pearl Enterprises,B929,Pending,Source Not Available,No VTA/VTR reconciled workbook was supplied in this upload; no unsupported match was fabricated.
7339382-20260623-125232,2026-06-23,,,61440452PA,7339382,Pearl Enterprises,B929,Pending,Source Not Available,No VTA/VTR reconciled workbook was supplied in this upload; no unsupported match was fabricated.
7339382-20260623-133501,2026-06-23,938419690,,,7339382,Pearl Enterprises,B929,Pending,Source Not Available,No VTA/VTR reconciled workbook was supplied in this upload; no unsupported match was fabricated.
7339382-20260318-191938,2026-03-18,,,,7339382,Pearl Enterprises,B929,Closed,Source Not Available,No VTA/VTR reconciled workbook was supplied in this upload; no unsupported match was fabricated.
7339382-20260213-201959,2026-02-13,938406393,,,7339382,Pearl Enterprises,B929,Closed,Source Not Available,No VTA/VTR reconciled workbook was supplied in this upload; no unsupported match was fabricated.
7096754-20260616-184636,2026-06-16,959185279; 959185278,,61570452BA; 61390451JA,7096754,Prajitha Marketing,B744,Pending,Source Not Available,No VTA/VTR reconciled workbook was supplied in this upload; no unsupported match was fabricated.
7096754-20260519-175818,2026-05-19,959180772; 959180771; 959180770; 959178960,,61090452VA; 61270451ZA; 61152814BA,7096754,Prajitha Marketing,B744,Closed,Source Not Available,No VTA/VTR reconciled workbook was supplied in this upload; no unsupported match was fabricated.
3643313-20260623-172831,2026-06-23,,,,3643313,Pramukha Agencies,B929,Pending,Source Not Available,No VTA/VTR reconciled workbook was supplied in this upload; no unsupported match was fabricated.
4685760-20260604-122459,2026-06-04,959183104,,,4685760,Prem Agencies,B744,Pending,Source Not Available,No VTA/VTR reconciled workbook was supplied in this upload; no unsupported match was fabricated.
4685760-20260511-114629,2026-05-11,959177640; 959177642,,60762814BC,4685760,Prem Agencies,B744,Closed,Source Not Available,No VTA/VTR reconciled workbook was supplied in this upload; no unsupported match was fabricated.
4685760-20260219-115726,2026-02-19,959161191,12499557,,4685760,Prem Agencies,B744,Closed,Source Not Available,No VTA/VTR reconciled workbook was supplied in this upload; no unsupported match was fabricated.
4685760-20260204-114206,2026-02-04,959157227,12602687,,4685760,Prem Agencies,B744,Closed,Source Not Available,No VTA/VTR reconciled workbook was supplied in this upload; no unsupported match was fabricated.
4685760-20260105-121032,2026-01-05,959151988,,,4685760,Prem Agencies,B744,Closed,Source Not Available,No VTA/VTR reconciled workbook was supplied in this upload; no unsupported match was fabricated.
4808207-20260119-161513,2026-01-19,938398177,,,4808207,PREMIER MARKETING AGENCIES,B929,Closed,Source Not Available,No VTA/VTR reconciled workbook was supplied in this upload; no unsupported match was fabricated.
7466101-20260425-135952,2026-04-25,938415944,,,7466101,Prime Marketing,B929,Reopened,Source Not Available,No VTA/VTR reconciled workbook was supplied in this upload; no unsupported match was fabricated.
601408-20260625-103410,2026-06-25,,,,601408,Priya Agencies,C963,Pending,Source Not Available,No VTA/VTR reconciled workbook was supplied in this upload; no unsupported match was fabricated.
601408-20260625-105526,2026-06-25,"1365801143, 1365806958",,,601408,Priya Agencies,C963,Pending,Source Not Available,No VTA/VTR reconciled workbook was supplied in this upload; no unsupported match was fabricated.
601408-20260409-091137,2026-04-09,1365802281,,,601408,Priya Agencies,C963,Reopened,Source Not Available,No VTA/VTR reconciled workbook was supplied in this upload; no unsupported match was fabricated.
601408-20260409-092332,2026-04-09,1365801666,,,601408,Priya Agencies,C963,Reopened,Source Not Available,No VTA/VTR reconciled workbook was supplied in this upload; no unsupported match was fabricated.
601408-20260327-144038,2026-03-27,1365801409,,,601408,Priya Agencies,C963,Closed,Source Not Available,No VTA/VTR reconciled workbook was supplied in this upload; no unsupported match was fabricated.
5444484-20260128-124659,2026-01-28,959156281,12359021,,5444484,R J Swetha Agency,B744,Closed,Source Not Available,No VTA/VTR reconciled workbook was supplied in this upload; no unsupported match was fabricated.
5444484-20260120-132834,2026-01-20,959154423,13632235,60040453J1,5444484,R J Swetha Agency,B744,Closed,Source Not Available,No VTA/VTR reconciled workbook was supplied in this upload; no unsupported match was fabricated.
5444484-20260120-134750,2026-01-20,959147350,13678304,52802814BC,5444484,R J Swetha Agency,B744,Closed,Source Not Available,No VTA/VTR reconciled workbook was supplied in this upload; no unsupported match was fabricated.
7038326-20260627-011512,2026-06-27,,,61400453K1; 61210453A7; 61510453K1,7038326,R K Enterprises,7793,Pending,Source Not Available,No VTA/VTR reconciled workbook was supplied in this upload; no unsupported match was fabricated.
970494-20260317-181156,2026-03-17,974809808,,,970494,R L Agency,C749,Closed,Source Not Available,No VTA/VTR reconciled workbook was supplied in this upload; no unsupported match was fabricated.
970494-20260317-181351,2026-03-17,974815177,,,970494,R L Agency,C749,Closed,Source Not Available,No VTA/VTR reconciled workbook was supplied in this upload; no unsupported match was fabricated.
970494-20260223-120732,2026-02-23,974809808,12603840,,970494,R L Agency,C749,Closed,Source Not Available,No VTA/VTR reconciled workbook was supplied in this upload; no unsupported match was fabricated.
1996721-20260509-173238,2026-05-09,959178928; 959178929; 959178930,"14378778, 12956336, 13718181, 13737115, 14506414, 12610048, 12518426","61086640PA, 61170454N1, 61200454A1, 61200454B1, 60730453A1, 61000451DB, 61050453J1",1996721,R P Agency,B744,Closed,Source Not Available,No VTA/VTR reconciled workbook was supplied in this upload; no unsupported match was fabricated.
1996721-20260404-150823,2026-04-04,959171842,13757661,60621519FA,1996721,R P Agency,B744,Closed,Source Not Available,No VTA/VTR reconciled workbook was supplied in this upload; no unsupported match was fabricated.
1996721-20260121-152812,2026-01-21,959154966; 959154964,,,1996721,R P Agency,B744,Closed,Source Not Available,No VTA/VTR reconciled workbook was supplied in this upload; no unsupported match was fabricated.
7319065-20260609-180858,2026-06-09,1366100163,,,7319065,R R Agencies,D915,Pending,Source Not Available,No VTA/VTR reconciled workbook was supplied in this upload; no unsupported match was fabricated.
7319065-20260207-083000,2026-02-07,1099834555,,,7319065,R R Agencies,2032,Closed,Source Not Available,No VTA/VTR reconciled workbook was supplied in this upload; no unsupported match was fabricated.
7453150-20260601-141540,2026-06-01,938431410,,,7453150,Radharamana Enterprises,B929,Pending,Source Not Available,No VTA/VTR reconciled workbook was supplied in this upload; no unsupported match was fabricated.
7453150-20260307-120657,2026-03-07,938411805; 938411785,,,7453150,Radharamana Enterprises,B929,Closed,Source Not Available,No VTA/VTR reconciled workbook was supplied in this upload; no unsupported match was fabricated.
601426-20260411-131123,2026-04-11,959173131,13680372,60779939BA,601426,Radhika Agencies,B744,Closed,Source Not Available,No VTA/VTR reconciled workbook was supplied in this upload; no unsupported match was fabricated.
3101322-20260514-173128,2026-05-14,959179744,13688323,,3101322,Rahamath Agencies,B744,Closed,Source Not Available,No VTA/VTR reconciled workbook was supplied in this upload; no unsupported match was fabricated.
3101322-20260514-173629,2026-05-14,959179744,12584920,61140451ZA,3101322,Rahamath Agencies,B744,Closed,Source Not Available,No VTA/VTR reconciled workbook was supplied in this upload; no unsupported match was fabricated.
3101322-20260302-143642,2026-03-02,959161179,13767984,6030151GA,3101322,Rahamath Agencies,B744,Closed,Source Not Available,No VTA/VTR reconciled workbook was supplied in this upload; no unsupported match was fabricated.
6958240-20260401-120255,2026-04-01,959165216,13679901; 13680372,60560455TB; 60290452CA,6958240,Ramya Agency,B744,Closed,Source Not Available,No VTA/VTR reconciled workbook was supplied in this upload; no unsupported match was fabricated.
6958240-20260307-123006,2026-03-07,,,,6958240,Ramya Agency,B744,Closed,Source Not Available,No VTA/VTR reconciled workbook was supplied in this upload; no unsupported match was fabricated.
601440-20260406-122308,2026-04-06,974816721; 974815439; 974805014; 974817214,,,601440,Ramya Agenices,C749,Closed,Source Not Available,No VTA/VTR reconciled workbook was supplied in this upload; no unsupported match was fabricated.
7256641-20260623-144527,2026-06-23,974830123,14511910,61400452DC,7256641,Rathna Agencies,C749,Pending,Source Not Available,No VTA/VTR reconciled workbook was supplied in this upload; no unsupported match was fabricated.
7256641-20260615-114056,2026-06-15,974828149,12606043,61420455HA,7256641,Rathna Agencies,C749,Pending,Source Not Available,No VTA/VTR reconciled workbook was supplied in this upload; no unsupported match was fabricated.
7256641-20260529-114302,2026-05-29,974797228,12603818,52460452JAG,7256641,Rathna Agencies,C749,Pending,Source Not Available,No VTA/VTR reconciled workbook was supplied in this upload; no unsupported match was fabricated.
7256641-20260529-121419,2026-05-29,974793889,12624782,51960454x1,7256641,Rathna Agencies,C749,Pending,Source Not Available,No VTA/VTR reconciled workbook was supplied in this upload; no unsupported match was fabricated.
7256641-20260526-122529,2026-05-26,,14508794,60850452DA,7256641,Rathna Agencies,C749,Pending,Source Not Available,No VTA/VTR reconciled workbook was supplied in this upload; no unsupported match was fabricated.
7256641-20260526-122640,2026-05-26,,12559339,60532814KA,7256641,Rathna Agencies,C749,Pending,Source Not Available,No VTA/VTR reconciled workbook was supplied in this upload; no unsupported match was fabricated.
7256641-20260526-122753,2026-05-26,974826437,,,7256641,Rathna Agencies,C749,Pending,Source Not Available,No VTA/VTR reconciled workbook was supplied in this upload; no unsupported match was fabricated.
7256641-20260511-145124,2026-05-11,974824526,13718181,61190454A1,7256641,Rathna Agencies,C749,Pending,Source Not Available,No VTA/VTR reconciled workbook was supplied in this upload; no unsupported match was fabricated.
7256641-20260422-162520,2026-04-22,974822047,,,7256641,Rathna Agencies,C749,Closed,Source Not Available,No VTA/VTR reconciled workbook was supplied in this upload; no unsupported match was fabricated.
7256641-20260408-120856,2026-04-08,,12516486,60671530MA,7256641,Rathna Agencies,C749,Closed,Source Not Available,No VTA/VTR reconciled workbook was supplied in this upload; no unsupported match was fabricated.
7256641-20260403-111917,2026-04-03,,13776709,60650454F1,7256641,Rathna Agencies,C749,Closed,Source Not Available,No VTA/VTR reconciled workbook was supplied in this upload; no unsupported match was fabricated.
7083699-20260516-123051,2026-05-16,1365358209,,,7083699,RG Associates,7793,Closed,Source Not Available,No VTA/VTR reconciled workbook was supplied in this upload; no unsupported match was fabricated.
7216265-20260516-190556,2026-05-16,,,,7216265,Right Angle Enterprises,2032,Pending,Source Not Available,No VTA/VTR reconciled workbook was supplied in this upload; no unsupported match was fabricated.
7216265-20260502-180620,2026-05-02,,,,7216265,Right Angle Enterprises,2032,Closed,Source Not Available,No VTA/VTR reconciled workbook was supplied in this upload; no unsupported match was fabricated.
7216265-20260228-113713,2026-02-28,10998837482,,60101530MA; 53551530MA,7216265,Right Angle Enterprises,2032,Closed,Source Not Available,No VTA/VTR reconciled workbook was supplied in this upload; no unsupported match was fabricated.
7216265-20260228-114532,2026-02-28,1099838082,,60370454x2,7216265,Right Angle Enterprises,2032,Closed,Source Not Available,No VTA/VTR reconciled workbook was supplied in this upload; no unsupported match was fabricated.
7216265-20260131-175656,2026-01-31,,12620350,,7216265,Right Angle Enterprises,2032,Closed,Source Not Available,No VTA/VTR reconciled workbook was supplied in this upload; no unsupported match was fabricated.
7060882-20260212-134807,2026-02-12,1099835538,12567336,,7060882,S L N Marketers,2032,Closed,Source Not Available,No VTA/VTR reconciled workbook was supplied in this upload; no unsupported match was fabricated.
6077584-20260424-132423,2026-04-24,,,,6077584,S L V Enterprises,B929,Closed,Source Not Available,No VTA/VTR reconciled workbook was supplied in this upload; no unsupported match was fabricated.
7231947-20260313-143322,2026-03-13,,,,7231947,S L V Enterprises,B929,Closed,Source Not Available,No VTA/VTR reconciled workbook was supplied in this upload; no unsupported match was fabricated.
7231947-20260313-144159,2026-03-13,,,,7231947,S L V Enterprises,B929,Reopened,Source Not Available,No VTA/VTR reconciled workbook was supplied in this upload; no unsupported match was fabricated.
601476-20260611-121617,2026-06-11,938433053,,,601476,S M M Agencies,B929,Pending,Source Not Available,No VTA/VTR reconciled workbook was supplied in this upload; no unsupported match was fabricated.
601476-20260525-133657,2026-05-25,938430142,,,601476,S M M Agencies,B929,Closed,Source Not Available,No VTA/VTR reconciled workbook was supplied in this upload; no unsupported match was fabricated.
601476-20260403-160256,2026-04-03,938415216,12610095,60167742AA,601476,S M M Agencies,B929,Closed,Source Not Available,No VTA/VTR reconciled workbook was supplied in this upload; no unsupported match was fabricated.
6310775-20260328-194016,2026-03-28,1099843027,,,6310775,S S Distributors,2032,Closed,Source Not Available,No VTA/VTR reconciled workbook was supplied in this upload; no unsupported match was fabricated.
6310775-20260309-212852,2026-03-09,1099838413,,,6310775,S S Distributors,2032,Reopened,Source Not Available,No VTA/VTR reconciled workbook was supplied in this upload; no unsupported match was fabricated.
6310775-20260213-132935,2026-02-13,1099828537,,52592814BA,6310775,S S Distributors,2032,Reopened,Source Not Available,No VTA/VTR reconciled workbook was supplied in this upload; no unsupported match was fabricated.
7459084-20260605-133446,2026-06-05,,12400230; 12353192,51464832AA; 51884832AA,7459084,S V D Pharmaceuticals,2032,Pending,Source Not Available,No VTA/VTR reconciled workbook was supplied in this upload; no unsupported match was fabricated.
7459084-20260603-120404,2026-06-03,1099848724,12518403; 12518384; 12353195,51894832AB; 51494832AA; 51864832AA,7459084,S V D Pharmaceuticals,2032,Pending,Source Not Available,No VTA/VTR reconciled workbook was supplied in this upload; no unsupported match was fabricated.
7459084-20260603-123245,2026-06-03,1099853490,12353192; 12353195; 12518385,51884832AA; 52954832AD; 53294832AB,7459084,S V D Pharmaceuticals,2032,Pending,Source Not Available,No VTA/VTR reconciled workbook was supplied in this upload; no unsupported match was fabricated.
7459084-20260526-170039,2026-05-26,,,"51864832AA, 52264832AA, 51884832AA, 51474832AB,53294832AB,53544832CA",7459084,S V D Pharmaceuticals,2032,Pending,Source Not Available,No VTA/VTR reconciled workbook was supplied in this upload; no unsupported match was fabricated.
7012481-20260622-121025,2026-06-22,1099856368,,,7012481,S V Enterprises,2032,Pending,Source Not Available,No VTA/VTR reconciled workbook was supplied in this upload; no unsupported match was fabricated.
7012481-20260615-125630,2026-06-15,1099854345,,,7012481,S V Enterprises,2032,Pending,Source Not Available,No VTA/VTR reconciled workbook was supplied in this upload; no unsupported match was fabricated.
7012481-20260615-130040,2026-06-15,1099853968,,,7012481,S V Enterprises,2032,Pending,Source Not Available,No VTA/VTR reconciled workbook was supplied in this upload; no unsupported match was fabricated.
7012481-20260615-130401,2026-06-15,1099854380,,,7012481,S V Enterprises,2032,Pending,Source Not Available,No VTA/VTR reconciled workbook was supplied in this upload; no unsupported match was fabricated.
7012481-20260615-130630,2026-06-15,1099855482,,,7012481,S V Enterprises,2032,Pending,Source Not Available,No VTA/VTR reconciled workbook was supplied in this upload; no unsupported match was fabricated.
7012481-20260425-165405,2026-04-25,1099847422,,,7012481,S V Enterprises,2032,Closed,Source Not Available,No VTA/VTR reconciled workbook was supplied in this upload; no unsupported match was fabricated.
7012481-20260412-180242,2026-04-12,1099845617,,,7012481,S V Enterprises,2032,Closed,Source Not Available,No VTA/VTR reconciled workbook was supplied in this upload; no unsupported match was fabricated.
7012481-20260406-141247,2026-04-06,1099844383,,,7012481,S V Enterprises,2032,Closed,Source Not Available,No VTA/VTR reconciled workbook was supplied in this upload; no unsupported match was fabricated.
7012481-20260319-135858,2026-03-19,1099837751,,,7012481,S V Enterprises,2032,Closed,Source Not Available,No VTA/VTR reconciled workbook was supplied in this upload; no unsupported match was fabricated.
7012481-20260319-140130,2026-03-19,1099840907,,,7012481,S V Enterprises,2032,Closed,Source Not Available,No VTA/VTR reconciled workbook was supplied in this upload; no unsupported match was fabricated.
7012481-20260319-140458,2026-03-19,1099841225,,,7012481,S V Enterprises,2032,Closed,Source Not Available,No VTA/VTR reconciled workbook was supplied in this upload; no unsupported match was fabricated.
7012481-20260219-130421,2026-02-19,1099836759,,,7012481,S V Enterprises,2032,Closed,Source Not Available,No VTA/VTR reconciled workbook was supplied in this upload; no unsupported match was fabricated.
7012481-20260207-150318,2026-02-07,1099829005,,,7012481,S V Enterprises,2032,Closed,Source Not Available,No VTA/VTR reconciled workbook was supplied in this upload; no unsupported match was fabricated.
7012481-20260131-124828,2026-01-31,1099833568,,,7012481,S V Enterprises,2032,Closed,Source Not Available,No VTA/VTR reconciled workbook was supplied in this upload; no unsupported match was fabricated.
7586580-20260421-122611,2026-04-21,,12610509; 12601755; 60650455; 12601761; 60720455,"608904519A, 60650455HB, 60720455HB",7586580,Sabari Distribution Private Limited,C963,Closed,Source Not Available,No VTA/VTR reconciled workbook was supplied in this upload; no unsupported match was fabricated.
7566631-20260420-113028,2026-04-20,1365802552,12585137,60690453K1,7566631,Sabari Distribution Private Limited,C963,Closed,Source Not Available,No VTA/VTR reconciled workbook was supplied in this upload; no unsupported match was fabricated.
7566631-20260321-115737,2026-03-21,,12607948; 60440453,,7566631,Sabari Distribution Private Limited,B744,Closed,Source Not Available,No VTA/VTR reconciled workbook was supplied in this upload; no unsupported match was fabricated.
7566631-20260321-115851,2026-03-21,1365800860,12617857; 60260453,5HMOBIB8,7566631,Sabari Distribution Private Limited,C963,Closed,Source Not Available,No VTA/VTR reconciled workbook was supplied in this upload; no unsupported match was fabricated.
7566631-20260321-115946,2026-03-21,1365801088,12616932; 60637742; 12630048; 60410451; 13718181; 60680454,"60637742AB, 60680454A1",7566631,Sabari Distribution Private Limited,C963,Closed,Source Not Available,No VTA/VTR reconciled workbook was supplied in this upload; no unsupported match was fabricated.
6754856-20260611-144828,2026-06-11,974823596,,,6754856,Sadhmirra Private Limited,C749,Pending,Source Not Available,No VTA/VTR reconciled workbook was supplied in this upload; no unsupported match was fabricated.
6754856-20260611-144938,2026-06-11,974821363,,,6754856,Sadhmirra Private Limited,C749,Pending,Source Not Available,No VTA/VTR reconciled workbook was supplied in this upload; no unsupported match was fabricated.
6754856-20260611-145138,2026-06-11,974826699,,,6754856,Sadhmirra Private Limited,C749,Pending,Source Not Available,No VTA/VTR reconciled workbook was supplied in this upload; no unsupported match was fabricated.
6754856-20260407-150200,2026-04-07,,,,6754856,Sadhmirra Private Limited,C749,Closed,Source Not Available,No VTA/VTR reconciled workbook was supplied in this upload; no unsupported match was fabricated.
6754856-20260214-123639,2026-02-14,,,,6754856,Sadhmirra Private Limited,C749,Closed,Source Not Available,No VTA/VTR reconciled workbook was supplied in this upload; no unsupported match was fabricated.
6754856-20260120-103243,2026-01-20,974807208,,,6754856,Sadhmirra Private Limited,C749,Closed,Source Not Available,No VTA/VTR reconciled workbook was supplied in this upload; no unsupported match was fabricated.
7560358-20260314-111112,2026-03-14,938414475,,,7560358,Sagar Traders,B929,Closed,Source Not Available,No VTA/VTR reconciled workbook was supplied in this upload; no unsupported match was fabricated.
7368848-20260109-180454,2026-01-09,,,53210454X1,7368848,Sai Foods Private Limited,B929,Closed,Source Not Available,No VTA/VTR reconciled workbook was supplied in this upload; no unsupported match was fabricated.
7098872-20260212-154243,2026-02-12,,12584334; 12559235,43000452CA; 43270452CB; 52602814BA; 60109939BA,7098872,Sai Maanvita Agencies,B929,Closed,Source Not Available,No VTA/VTR reconciled workbook was supplied in this upload; no unsupported match was fabricated.
6935414-20260610-141028,2026-06-10,1366100126,13001902,60160452WA,6935414,Sai Raju Enterprises,D915,Pending,Source Not Available,No VTA/VTR reconciled workbook was supplied in this upload; no unsupported match was fabricated.
6935414-20260528-115430,2026-05-28,1099852510,12603852,60710455HA,6935414,Sai Raju Enterprises,2032,Pending,Source Not Available,No VTA/VTR reconciled workbook was supplied in this upload; no unsupported match was fabricated.
6935414-20260528-115734,2026-05-28,1099851126,13776709,61170454F1,6935414,Sai Raju Enterprises,2032,Pending,Source Not Available,No VTA/VTR reconciled workbook was supplied in this upload; no unsupported match was fabricated.
6935414-20260407-124026,2026-04-07,1099844462,12586404,60630455CC,6935414,Sai Raju Enterprises,2032,Closed,Source Not Available,No VTA/VTR reconciled workbook was supplied in this upload; no unsupported match was fabricated.
6935414-20260407-124442,2026-04-07,1099843851,12586404,60540455DB,6935414,Sai Raju Enterprises,2032,Closed,Source Not Available,No VTA/VTR reconciled workbook was supplied in this upload; no unsupported match was fabricated.
6935414-20260401-130452,2026-04-01,1099843109,12628829,60440451PA,6935414,Sai Raju Enterprises,2032,Closed,Source Not Available,No VTA/VTR reconciled workbook was supplied in this upload; no unsupported match was fabricated.
6935414-20260309-190938,2026-03-09,1099839151,12729796,52709939FA,6935414,Sai Raju Enterprises,2032,Closed,Source Not Available,No VTA/VTR reconciled workbook was supplied in this upload; no unsupported match was fabricated.
6935414-20260225-120405,2026-02-25,1099837147,12616941,53517742AB,6935414,Sai Raju Enterprises,2032,Closed,Source Not Available,No VTA/VTR reconciled workbook was supplied in this upload; no unsupported match was fabricated.
6819782-20260606-104236,2026-06-06,1366100096,,,6819782,Sai Sudha Agencies,D915,Pending,Source Not Available,No VTA/VTR reconciled workbook was supplied in this upload; no unsupported match was fabricated.
6819782-20260410-181805,2026-04-10,1099845145,,,6819782,Sai Sudha Agencies,2032,Pending,Source Not Available,No VTA/VTR reconciled workbook was supplied in this upload; no unsupported match was fabricated.
6819782-20260330-155758,2026-03-30,1099842988,,,6819782,Sai Sudha Agencies,2032,Pending,Source Not Available,No VTA/VTR reconciled workbook was supplied in this upload; no unsupported match was fabricated.
6819782-20260314-091745,2026-03-14,1099840083,,,6819782,Sai Sudha Agencies,2032,Closed,Source Not Available,No VTA/VTR reconciled workbook was supplied in this upload; no unsupported match was fabricated.
6819782-20260109-121948,2026-01-09,1099829766,,,6819782,Sai Sudha Agencies,2032,Closed,Source Not Available,No VTA/VTR reconciled workbook was supplied in this upload; no unsupported match was fabricated.
3593882-20260319-114241,2026-03-19,938414960,,,3593882,Samanvitha Agencies,B929,Closed,Source Not Available,No VTA/VTR reconciled workbook was supplied in this upload; no unsupported match was fabricated.
6793235-20260306-102713,2026-03-06,,12534452,42904832GA,6793235,Samurai Traders,7793,Closed,Source Not Available,No VTA/VTR reconciled workbook was supplied in this upload; no unsupported match was fabricated.
6625977-20260223-181902,2026-02-23,959161250,13680299,,6625977,Sankari Agencies,B744,Closed,Source Not Available,No VTA/VTR reconciled workbook was supplied in this upload; no unsupported match was fabricated.
7465624-20260213-120606,2026-02-13,938406180,,,7465624,Sannidhi Agencies,B929,Closed,Source Not Available,No VTA/VTR reconciled workbook was supplied in this upload; no unsupported match was fabricated.
7320085-20260616-121106,2026-06-16,,,,7320085,Saphire Marketing,B929,Pending,Source Not Available,No VTA/VTR reconciled workbook was supplied in this upload; no unsupported match was fabricated.
6248455-20260612-090338,2026-06-12,,,,6248455,Sasnur Traders,B929,Pending,Source Not Available,No VTA/VTR reconciled workbook was supplied in this upload; no unsupported match was fabricated.
6248455-20260529-115821,2026-05-29,,,,6248455,Sasnur Traders,B929,Closed,Source Not Available,No VTA/VTR reconciled workbook was supplied in this upload; no unsupported match was fabricated.
6248455-20260521-163146,2026-05-21,938429315,,60910453A2,6248455,Sasnur Traders,B929,Closed,Source Not Available,No VTA/VTR reconciled workbook was supplied in this upload; no unsupported match was fabricated.
6248455-20260521-163719,2026-05-21,,,,6248455,Sasnur Traders,B929,Closed,Source Not Available,No VTA/VTR reconciled workbook was supplied in this upload; no unsupported match was fabricated.
6248455-20260507-180115,2026-05-07,938425761,,,6248455,Sasnur Traders,B929,Closed,Source Not Available,No VTA/VTR reconciled workbook was supplied in this upload; no unsupported match was fabricated.
6248455-20260423-203759,2026-04-23,938423531,,,6248455,Sasnur Traders,B929,Closed,Source Not Available,No VTA/VTR reconciled workbook was supplied in this upload; no unsupported match was fabricated.
6248455-20260406-135141,2026-04-06,,,,6248455,Sasnur Traders,B929,Closed,Source Not Available,No VTA/VTR reconciled workbook was supplied in this upload; no unsupported match was fabricated.
6248455-20260327-155847,2026-03-27,,,,6248455,Sasnur Traders,B929,Closed,Source Not Available,No VTA/VTR reconciled workbook was supplied in this upload; no unsupported match was fabricated.
6248455-20260327-160035,2026-03-27,,,,6248455,Sasnur Traders,B929,Closed,Source Not Available,No VTA/VTR reconciled workbook was supplied in this upload; no unsupported match was fabricated.
6248455-20260318-092645,2026-03-18,,,,6248455,Sasnur Traders,B929,Closed,Source Not Available,No VTA/VTR reconciled workbook was supplied in this upload; no unsupported match was fabricated.
6248455-20260310-153015,2026-03-10,,,,6248455,Sasnur Traders,B929,Closed,Source Not Available,No VTA/VTR reconciled workbook was supplied in this upload; no unsupported match was fabricated.
6248455-20260226-123440,2026-02-26,,,,6248455,Sasnur Traders,B929,Closed,Source Not Available,No VTA/VTR reconciled workbook was supplied in this upload; no unsupported match was fabricated.
6248455-20260213-091732,2026-02-13,938406999,,,6248455,Sasnur Traders,B929,Closed,Source Not Available,No VTA/VTR reconciled workbook was supplied in this upload; no unsupported match was fabricated.
6248455-20260207-181711,2026-02-07,938404692,,,6248455,Sasnur Traders,B929,Closed,Source Not Available,No VTA/VTR reconciled workbook was supplied in this upload; no unsupported match was fabricated.
6248455-20260103-071517,2026-01-03,,,53251530MB,6248455,Sasnur Traders,B929,Closed,Source Not Available,No VTA/VTR reconciled workbook was supplied in this upload; no unsupported match was fabricated.
601517-20260509-103234,2026-05-09,974823937,,,601517,Selva Kamatchi Agencies,C749,Pending,Source Not Available,No VTA/VTR reconciled workbook was supplied in this upload; no unsupported match was fabricated.
601517-20260428-094940,2026-04-28,974822656,14378939,,601517,Selva Kamatchi Agencies,C749,Closed,Source Not Available,No VTA/VTR reconciled workbook was supplied in this upload; no unsupported match was fabricated.
601517-20260317-084229,2026-03-17,974816937,12585176,,601517,Selva Kamatchi Agencies,C749,Closed,Source Not Available,No VTA/VTR reconciled workbook was supplied in this upload; no unsupported match was fabricated.
601517-20260303-081111,2026-03-03,974814575,12601755,,601517,Selva Kamatchi Agencies,C749,Closed,Source Not Available,No VTA/VTR reconciled workbook was supplied in this upload; no unsupported match was fabricated.
601517-20260203-221809,2026-02-03,974809557,,,601517,Selva Kamatchi Agencies,C749,Closed,Source Not Available,No VTA/VTR reconciled workbook was supplied in this upload; no unsupported match was fabricated.
601526-20260417-105054,2026-04-17,959172012,12531641,,601526,Shamma Traders,B744,Closed,Source Not Available,No VTA/VTR reconciled workbook was supplied in this upload; no unsupported match was fabricated.
7276075-20260512-173736,2026-05-12,974824324,,,7276075,Sharwin Traders,C749,Pending,Source Not Available,No VTA/VTR reconciled workbook was supplied in this upload; no unsupported match was fabricated.
7276075-20260512-174143,2026-05-12,974824324,14102109,,7276075,Sharwin Traders,C749,Pending,Source Not Available,No VTA/VTR reconciled workbook was supplied in this upload; no unsupported match was fabricated.
601532-20260323-175939,2026-03-23,1365800457,12630063,60360451AA,601532,Shebin Agencies,C963,Pending,Source Not Available,No VTA/VTR reconciled workbook was supplied in this upload; no unsupported match was fabricated.
3595640-20260612-153820,2026-06-12,938433666,,,3595640,Shivani Traders,B929,Pending,Source Not Available,No VTA/VTR reconciled workbook was supplied in this upload; no unsupported match was fabricated.
3595640-20260404-145727,2026-04-04,,19023010,,3595640,Shivani Traders,B929,Closed,Source Not Available,No VTA/VTR reconciled workbook was supplied in this upload; no unsupported match was fabricated.
7356847-20260105-112052,2026-01-05,938396712,,,7356847,Shree Guru Enterprises,B929,Closed,Source Not Available,No VTA/VTR reconciled workbook was supplied in this upload; no unsupported match was fabricated.
5660941-20260506-101104,2026-05-06,,14503947,60830455CA,5660941,Shree Sudha Distributors,B929,Closed,Source Not Available,No VTA/VTR reconciled workbook was supplied in this upload; no unsupported match was fabricated.
7328904-20260221-130229,2026-02-21,959157740,12458982,,7328904,Shree Vari Agencies,B744,Closed,Source Not Available,No VTA/VTR reconciled workbook was supplied in this upload; no unsupported match was fabricated.
601543-20260616-171947,2026-06-16,938433438,12581886,53220376DB; 53230376DA,601543,Shreeji Marketing,B929,Pending,Source Not Available,No VTA/VTR reconciled workbook was supplied in this upload; no unsupported match was fabricated.
6217756-20260428-173738,2026-04-28,10998482253,,,6217756,Shreenath Agencies,2032,Closed,Source Not Available,No VTA/VTR reconciled workbook was supplied in this upload; no unsupported match was fabricated.
7532371-20260228-153930,2026-02-28,938409082,12531641,,7532371,Shri Ekadant Enterprises,B929,Reopened,Source Not Available,No VTA/VTR reconciled workbook was supplied in this upload; no unsupported match was fabricated.
5533884-20260619-205013,2026-06-19,1099856006,12606782,60880452DC,5533884,Shri Hanuman Agencies,2032,Pending,Source Not Available,No VTA/VTR reconciled workbook was supplied in this upload; no unsupported match was fabricated.
5533884-20260616-103154,2026-06-16,1099855626,12601933,61330453A1,5533884,Shri Hanuman Agencies,2032,Pending,Source Not Available,No VTA/VTR reconciled workbook was supplied in this upload; no unsupported match was fabricated.
5533884-20260608-182750,2026-06-08,1099854416,12601933,61320453A2,5533884,Shri Hanuman Agencies,2032,Pending,Source Not Available,No VTA/VTR reconciled workbook was supplied in this upload; no unsupported match was fabricated.
5533884-20260520-203615,2026-05-20,1099851825,12579448; 12584920,61170453K1; 61220451ZB,5533884,Shri Hanuman Agencies,2032,Pending,Source Not Available,No VTA/VTR reconciled workbook was supplied in this upload; no unsupported match was fabricated.
5533884-20260507-191824,2026-05-07,1099849439,12601933,60970453A1,5533884,Shri Hanuman Agencies,2032,Pending,Source Not Available,No VTA/VTR reconciled workbook was supplied in this upload; no unsupported match was fabricated.
5533884-20260501-205140,2026-05-01,1099848794,12601933,60970453A1,5533884,Shri Hanuman Agencies,2032,Closed,Source Not Available,No VTA/VTR reconciled workbook was supplied in this upload; no unsupported match was fabricated.
5533884-20260412-172312,2026-04-12,1099845641,12601932,60200453A7,5533884,Shri Hanuman Agencies,2032,Closed,Source Not Available,No VTA/VTR reconciled workbook was supplied in this upload; no unsupported match was fabricated.
5533884-20260404-192238,2026-04-04,1099843962,12616941,60767742AA,5533884,Shri Hanuman Agencies,2032,Closed,Source Not Available,No VTA/VTR reconciled workbook was supplied in this upload; no unsupported match was fabricated.
5533884-20260402-205739,2026-04-02,1099843388,14033996,60500455AA,5533884,Shri Hanuman Agencies,2032,Closed,Source Not Available,No VTA/VTR reconciled workbook was supplied in this upload; no unsupported match was fabricated.
5533884-20260326-204214,2026-03-26,1099842573,12607948,60660453A2,5533884,Shri Hanuman Agencies,2032,Closed,Source Not Available,No VTA/VTR reconciled workbook was supplied in this upload; no unsupported match was fabricated.
5533884-20260216-224158,2026-02-16,1099836234; 1099836241,12610063; 12562440,51671519RA; 60081530EA,5533884,Shri Hanuman Agencies,2032,Closed,Source Not Available,No VTA/VTR reconciled workbook was supplied in this upload; no unsupported match was fabricated.
5533884-20260123-181745,2026-01-23,1099832489,12606197,53180452DA,5533884,Shri Hanuman Agencies,2032,Closed,Source Not Available,No VTA/VTR reconciled workbook was supplied in this upload; no unsupported match was fabricated.
5533884-20260119-185425,2026-01-19,1099831747,12585137,52530453J1,5533884,Shri Hanuman Agencies,2032,Closed,Source Not Available,No VTA/VTR reconciled workbook was supplied in this upload; no unsupported match was fabricated.
5533884-20260104-093957,2026-01-04,1099828609,12569989,51840455BE,5533884,Shri Hanuman Agencies,2032,Closed,Source Not Available,No VTA/VTR reconciled workbook was supplied in this upload; no unsupported match was fabricated.
5533884-20260104-095319,2026-01-04,1099829034,12623305,51830455KD,5533884,Shri Hanuman Agencies,2032,Closed,Source Not Available,No VTA/VTR reconciled workbook was supplied in this upload; no unsupported match was fabricated.
601632-20260506-105038,2026-05-06,,,,601632,Shri Rams Associates,B744,Closed,Source Not Available,No VTA/VTR reconciled workbook was supplied in this upload; no unsupported match was fabricated.
601632-20260325-110200,2026-03-25,959169644,,,601632,Shri Rams Associates,B744,Closed,Source Not Available,No VTA/VTR reconciled workbook was supplied in this upload; no unsupported match was fabricated.
5802282-20260629-103647,2026-06-29,938435961,,14356092,5802282,Shri Vinayaka Agencies,B929,Pending,Source Not Available,No VTA/VTR reconciled workbook was supplied in this upload; no unsupported match was fabricated.
5802282-20260626-131250,2026-06-26,938435961,14356092,60860452JA,5802282,Shri Vinayaka Agencies,B929,Pending,Source Not Available,No VTA/VTR reconciled workbook was supplied in this upload; no unsupported match was fabricated.
5802282-20260522-174147,2026-05-22,938429570,,,5802282,Shri Vinayaka Agencies,B929,Closed,Source Not Available,No VTA/VTR reconciled workbook was supplied in this upload; no unsupported match was fabricated.
5802282-20260519-170505,2026-05-19,,12608551,,5802282,Shri Vinayaka Agencies,B929,Closed,Source Not Available,No VTA/VTR reconciled workbook was supplied in this upload; no unsupported match was fabricated.
601550-20260511-094958,2026-05-11,,,,601550,Shri Vinayaka Agencies,B929,Closed,Source Not Available,No VTA/VTR reconciled workbook was supplied in this upload; no unsupported match was fabricated.
5802282-20260501-103338,2026-05-01,938412209,12559252,,5802282,Shri Vinayaka Agencies,B929,Closed,Source Not Available,No VTA/VTR reconciled workbook was supplied in this upload; no unsupported match was fabricated.
601550-20260429-150608,2026-04-29,,,,601550,Shri Vinayaka Agencies,B929,Closed,Source Not Available,No VTA/VTR reconciled workbook was supplied in this upload; no unsupported match was fabricated.
601550-20260423-145158,2026-04-23,,,,601550,Shri Vinayaka Agencies,B929,Closed,Source Not Available,No VTA/VTR reconciled workbook was supplied in this upload; no unsupported match was fabricated.
5802282-20260323-130548,2026-03-23,938408740,12625864; 14118476,,5802282,Shri Vinayaka Agencies,B929,Closed,Source Not Available,No VTA/VTR reconciled workbook was supplied in this upload; no unsupported match was fabricated.
5802282-20260323-130633,2026-03-23,938408740,13722293,,5802282,Shri Vinayaka Agencies,B929,Closed,Source Not Available,No VTA/VTR reconciled workbook was supplied in this upload; no unsupported match was fabricated.
5802282-20260323-130719,2026-03-23,938412209,12609878,,5802282,Shri Vinayaka Agencies,B929,Closed,Source Not Available,No VTA/VTR reconciled workbook was supplied in this upload; no unsupported match was fabricated.
5802282-20260323-130835,2026-03-23,938412209,12559252,,5802282,Shri Vinayaka Agencies,B929,Closed,Source Not Available,No VTA/VTR reconciled workbook was supplied in this upload; no unsupported match was fabricated.
5802282-20260306-103323,2026-03-06,938412209,12609878,,5802282,Shri Vinayaka Agencies,B929,Closed,Source Not Available,No VTA/VTR reconciled workbook was supplied in this upload; no unsupported match was fabricated.
5802282-20260306-103951,2026-03-06,938412209,12559252,,5802282,Shri Vinayaka Agencies,B929,Closed,Source Not Available,No VTA/VTR reconciled workbook was supplied in this upload; no unsupported match was fabricated.
5802282-20260303-132503,2026-03-03,938408740,12625864; 14118476,,5802282,Shri Vinayaka Agencies,B929,Closed,Source Not Available,No VTA/VTR reconciled workbook was supplied in this upload; no unsupported match was fabricated.
5802282-20260303-132815,2026-03-03,938408740,13722293,,5802282,Shri Vinayaka Agencies,B929,Closed,Source Not Available,No VTA/VTR reconciled workbook was supplied in this upload; no unsupported match was fabricated.
5802282-20260120-121628,2026-01-20,938400586,12585137,53620453K1,5802282,Shri Vinayaka Agencies,B929,Closed,Source Not Available,No VTA/VTR reconciled workbook was supplied in this upload; no unsupported match was fabricated.
5802282-20260110-161649,2026-01-10,,12595301,,5802282,Shri Vinayaka Agencies,B929,Closed,Source Not Available,No VTA/VTR reconciled workbook was supplied in this upload; no unsupported match was fabricated.
5802282-20260108-125926,2026-01-08,938394291,13679901,53389939AA,5802282,Shri Vinayaka Agencies,B929,Closed,Source Not Available,No VTA/VTR reconciled workbook was supplied in this upload; no unsupported match was fabricated.
5802282-20260108-130227,2026-01-08,938395470,,,5802282,Shri Vinayaka Agencies,B929,Closed,Source Not Available,No VTA/VTR reconciled workbook was supplied in this upload; no unsupported match was fabricated.
601550-20260108-131342,2026-01-08,,,,601550,Shri Vinayaka Agencies,B929,Closed,Source Not Available,No VTA/VTR reconciled workbook was supplied in this upload; no unsupported match was fabricated.
601550-20260108-131546,2026-01-08,,,,601550,Shri Vinayaka Agencies,B929,Closed,Source Not Available,No VTA/VTR reconciled workbook was supplied in this upload; no unsupported match was fabricated.
5257100-20260403-115419,2026-04-03,938419125,12312522,,5257100,Shri Vinayaka Agencies Vending,B929,Closed,Source Not Available,No VTA/VTR reconciled workbook was supplied in this upload; no unsupported match was fabricated.
7442727-20260212-124726,2026-02-12,1099826395,13718181,,7442727,Shyam Traders,2032,Closed,Source Not Available,No VTA/VTR reconciled workbook was supplied in this upload; no unsupported match was fabricated.
7447235-20260520-113330,2026-05-20,959180988,,,7447235,Silver Agencies,B744,Closed,Source Not Available,No VTA/VTR reconciled workbook was supplied in this upload; no unsupported match was fabricated.
7447235-20260509-140408,2026-05-09,959179221,,,7447235,Silver Agencies,B744,Closed,Source Not Available,No VTA/VTR reconciled workbook was supplied in this upload; no unsupported match was fabricated.
7447235-20260506-152425,2026-05-06,959178394,,,7447235,Silver Agencies,B744,Closed,Source Not Available,No VTA/VTR reconciled workbook was supplied in this upload; no unsupported match was fabricated.
7447235-20260425-114712,2026-04-25,959176239,,,7447235,Silver Agencies,B744,Closed,Source Not Available,No VTA/VTR reconciled workbook was supplied in this upload; no unsupported match was fabricated.
7447235-20260408-141537,2026-04-08,959172596,,,7447235,Silver Agencies,B744,Closed,Source Not Available,No VTA/VTR reconciled workbook was supplied in this upload; no unsupported match was fabricated.
7447235-20260325-112358,2026-03-25,959163988,,,7447235,Silver Agencies,B744,Closed,Source Not Available,No VTA/VTR reconciled workbook was supplied in this upload; no unsupported match was fabricated.
7459087-20260622-164048,2026-06-22,,14515595,61510452DA,7459087,Sima Agency,B929,Pending,Source Not Available,No VTA/VTR reconciled workbook was supplied in this upload; no unsupported match was fabricated.
7459087-20260611-163236,2026-06-11,,13680087,61330452CA,7459087,Sima Agency,B929,Pending,Source Not Available,No VTA/VTR reconciled workbook was supplied in this upload; no unsupported match was fabricated.
7459087-20260513-180410,2026-05-13,,13107571,52550453K1,7459087,Sima Agency,B929,Closed,Source Not Available,No VTA/VTR reconciled workbook was supplied in this upload; no unsupported match was fabricated.
7459087-20260513-180534,2026-05-13,,12296327,53571530EA,7459087,Sima Agency,B929,Closed,Source Not Available,No VTA/VTR reconciled workbook was supplied in this upload; no unsupported match was fabricated.
7459087-20260413-164100,2026-04-13,,14445547,60859939AA,7459087,Sima Agency,B929,Closed,Source Not Available,No VTA/VTR reconciled workbook was supplied in this upload; no unsupported match was fabricated.
7459087-20260413-164303,2026-04-13,,14505767,60580452DA,7459087,Sima Agency,B929,Closed,Source Not Available,No VTA/VTR reconciled workbook was supplied in this upload; no unsupported match was fabricated.
7459087-20260413-164329,2026-04-13,,12615615,53460453J1,7459087,Sima Agency,B929,Closed,Source Not Available,No VTA/VTR reconciled workbook was supplied in this upload; no unsupported match was fabricated.
7459087-20260406-181552,2026-04-06,,12526099,523703764T,7459087,Sima Agency,B929,Closed,Source Not Available,No VTA/VTR reconciled workbook was supplied in this upload; no unsupported match was fabricated.
7459087-20260330-122511,2026-03-30,,12629157,60740454B1,7459087,Sima Agency,B929,Closed,Source Not Available,No VTA/VTR reconciled workbook was supplied in this upload; no unsupported match was fabricated.
7459087-20260225-110141,2026-02-25,,13700492,60460452FA,7459087,Sima Agency,B929,Closed,Source Not Available,No VTA/VTR reconciled workbook was supplied in this upload; no unsupported match was fabricated.
7459087-20260225-110231,2026-02-25,,13680299,60470452CA,7459087,Sima Agency,B929,Closed,Source Not Available,No VTA/VTR reconciled workbook was supplied in this upload; no unsupported match was fabricated.
7459087-20260214-170920,2026-02-14,,14378778,60246640PA,7459087,Sima Agency,B929,Closed,Source Not Available,No VTA/VTR reconciled workbook was supplied in this upload; no unsupported match was fabricated.
7459087-20260214-171015,2026-02-14,,13679901,60280455TA,7459087,Sima Agency,B929,Closed,Source Not Available,No VTA/VTR reconciled workbook was supplied in this upload; no unsupported match was fabricated.
7459087-20260211-172800,2026-02-11,,13680299,60119939BA,7459087,Sima Agency,B929,Closed,Source Not Available,No VTA/VTR reconciled workbook was supplied in this upload; no unsupported match was fabricated.
7459087-20260124-163518,2026-01-24,,12586404,53280455CB,7459087,Sima Agency,B929,Closed,Source Not Available,No VTA/VTR reconciled workbook was supplied in this upload; no unsupported match was fabricated.
7459087-20260121-124200,2026-01-21,,12629157,60070454B1,7459087,Sima Agency,B929,Closed,Source Not Available,No VTA/VTR reconciled workbook was supplied in this upload; no unsupported match was fabricated.
7459087-20260121-124400,2026-01-21,,12559238,52602814BA,7459087,Sima Agency,B929,Closed,Source Not Available,No VTA/VTR reconciled workbook was supplied in this upload; no unsupported match was fabricated.
7459087-20260105-180255,2026-01-05,,12630048,52660451AA,7459087,Sima Agency,B929,Closed,Source Not Available,No VTA/VTR reconciled workbook was supplied in this upload; no unsupported match was fabricated.
7459087-20260101-182140,2026-01-01,,12621098; 12629234,52230454UF; 53361519KA,7459087,Sima Agency,B929,Closed,Source Not Available,No VTA/VTR reconciled workbook was supplied in this upload; no unsupported match was fabricated.
6007542-20260325-133935,2026-03-25,959166516,60024176,12621099,6007542,Skantha Agencies Private Limited,B744,Closed,Source Not Available,No VTA/VTR reconciled workbook was supplied in this upload; no unsupported match was fabricated.
6007542-20260319-175344,2026-03-19,959165793,12629157,60610454B1,6007542,Skantha Agencies Private Limited,B744,Closed,Source Not Available,No VTA/VTR reconciled workbook was supplied in this upload; no unsupported match was fabricated.
601559-20260323-105538,2026-03-23,938416628,,,601559,Smruthi Sales,B929,Closed,Source Not Available,No VTA/VTR reconciled workbook was supplied in this upload; no unsupported match was fabricated.
601559-20260316-104609,2026-03-16,938415036,,,601559,Smruthi Sales,B929,Closed,Source Not Available,No VTA/VTR reconciled workbook was supplied in this upload; no unsupported match was fabricated.
601559-20260205-174837,2026-02-05,938404940,,,601559,Smruthi Sales,B929,Closed,Source Not Available,No VTA/VTR reconciled workbook was supplied in this upload; no unsupported match was fabricated.
601559-20260119-113122,2026-01-19,938400346,,,601559,Smruthi Sales,B929,Closed,Source Not Available,No VTA/VTR reconciled workbook was supplied in this upload; no unsupported match was fabricated.
601559-20260112-115905,2026-01-12,938398748,,,601559,Smruthi Sales,B929,Closed,Source Not Available,No VTA/VTR reconciled workbook was supplied in this upload; no unsupported match was fabricated.
601559-20260105-105035,2026-01-05,938395958,,,601559,Smruthi Sales,B929,Closed,Source Not Available,No VTA/VTR reconciled workbook was supplied in this upload; no unsupported match was fabricated.
601564-20260407-150555,2026-04-07,1365800034,,,601564,Sneha Enterprises,C963,Closed,Source Not Available,No VTA/VTR reconciled workbook was supplied in this upload; no unsupported match was fabricated.
601564-20260407-151212,2026-04-07,1365800557,,,601564,Sneha Enterprises,C963,Closed,Source Not Available,No VTA/VTR reconciled workbook was supplied in this upload; no unsupported match was fabricated.
601564-20260407-151640,2026-04-07,1365800542,,,601564,Sneha Enterprises,C963,Closed,Source Not Available,No VTA/VTR reconciled workbook was supplied in this upload; no unsupported match was fabricated.
601564-20260407-152209,2026-04-07,1365800991,,,601564,Sneha Enterprises,C963,Closed,Source Not Available,No VTA/VTR reconciled workbook was supplied in this upload; no unsupported match was fabricated.
601564-20260407-152630,2026-04-07,1365801222,,,601564,Sneha Enterprises,C963,Closed,Source Not Available,No VTA/VTR reconciled workbook was supplied in this upload; no unsupported match was fabricated.
601564-20260407-153157,2026-04-07,"1365801389, 1365801390",,,601564,Sneha Enterprises,C963,Closed,Source Not Available,No VTA/VTR reconciled workbook was supplied in this upload; no unsupported match was fabricated.
601564-20260407-153450,2026-04-07,1365801988,,,601564,Sneha Enterprises,C963,Closed,Source Not Available,No VTA/VTR reconciled workbook was supplied in this upload; no unsupported match was fabricated.
3030771-20260624-105942,2026-06-24,1365366947,12559592,61202814PA,3030771,Sony Traders,7793,Pending,Source Not Available,No VTA/VTR reconciled workbook was supplied in this upload; no unsupported match was fabricated.
3030771-20260624-110119,2026-06-24,1365366946,12623517,61660452CF,3030771,Sony Traders,7793,Pending,Source Not Available,No VTA/VTR reconciled workbook was supplied in this upload; no unsupported match was fabricated.
601572-20260321-125205,2026-03-21,1365801118,13718223,,601572,Southern Holdings,C963,Closed,Source Not Available,No VTA/VTR reconciled workbook was supplied in this upload; no unsupported match was fabricated.
6801093-20260216-154250,2026-02-16,959160906,,,6801093,SR Trading Company,B744,Closed,Source Not Available,No VTA/VTR reconciled workbook was supplied in this upload; no unsupported match was fabricated.
5962679-20260514-160023,2026-05-14,,12579448,60950453K1,5962679,Sree Abirami Agencies,B744,Closed,Source Not Available,No VTA/VTR reconciled workbook was supplied in this upload; no unsupported match was fabricated.
7005926-20260617-124051,2026-06-17,1366100343,14508794,,7005926,Sree Balaji Agencies,D915,Pending,Source Not Available,No VTA/VTR reconciled workbook was supplied in this upload; no unsupported match was fabricated.
7005926-20260312-144651,2026-03-12,1099836714,13680206,60290455KC,7005926,Sree Balaji Agencies,2032,Closed,Source Not Available,No VTA/VTR reconciled workbook was supplied in this upload; no unsupported match was fabricated.
7005926-20260312-145313,2026-03-12,1099839504,12579461,60060453T1,7005926,Sree Balaji Agencies,2032,Closed,Source Not Available,No VTA/VTR reconciled workbook was supplied in this upload; no unsupported match was fabricated.
7005926-20260212-153346,2026-02-12,1099829992,12601932,,7005926,Sree Balaji Agencies,2032,Closed,Source Not Available,No VTA/VTR reconciled workbook was supplied in this upload; no unsupported match was fabricated.
7327061-20260610-112054,2026-06-10,1099854501,13737115,,7327061,Sree Surya Traders,2032,Pending,Source Not Available,No VTA/VTR reconciled workbook was supplied in this upload; no unsupported match was fabricated.
6863779-20260526-130437,2026-05-26,959179914,,61089939BA,6863779,Sri Amirtha Agency,B744,Closed,Source Not Available,No VTA/VTR reconciled workbook was supplied in this upload; no unsupported match was fabricated.
6863779-20260411-172154,2026-04-11,959173170,,60910454B1,6863779,Sri Amirtha Agency,B744,Closed,Source Not Available,No VTA/VTR reconciled workbook was supplied in this upload; no unsupported match was fabricated.
7557703-20260606-164257,2026-06-06,959183993,,13680087,7557703,Sri Annapuuranie Foods,B744,Pending,Source Not Available,No VTA/VTR reconciled workbook was supplied in this upload; no unsupported match was fabricated.
7557703-20260604-140155,2026-06-04,959183438,,12616536,7557703,Sri Annapuuranie Foods,B744,Pending,Source Not Available,No VTA/VTR reconciled workbook was supplied in this upload; no unsupported match was fabricated.
7090083-20260514-133328,2026-05-14,,12614433,,7090083,SRI DATTA AGENCIES,2032,Pending,Source Not Available,No VTA/VTR reconciled workbook was supplied in this upload; no unsupported match was fabricated.
7090083-20260128-092719,2026-01-28,1099832092,13797726,,7090083,SRI DATTA AGENCIES,2032,Closed,Source Not Available,No VTA/VTR reconciled workbook was supplied in this upload; no unsupported match was fabricated.
7227511-20260527-181525,2026-05-27,1099848721; 1099848723,12463609; 12230487,9728141B; 61040451JA,7227511,Sri Hanuman Enterprises,2032,Pending,Source Not Available,No VTA/VTR reconciled workbook was supplied in this upload; no unsupported match was fabricated.
7227511-20260314-161200,2026-03-14,1099829772,13718181,53440454A1,7227511,Sri Hanuman Enterprises,2032,Pending,Source Not Available,No VTA/VTR reconciled workbook was supplied in this upload; no unsupported match was fabricated.
7253085-20260602-213744,2026-06-02,938431265,14378778,,7253085,Sri Hari Hara Enterprises,B929,Pending,Source Not Available,No VTA/VTR reconciled workbook was supplied in this upload; no unsupported match was fabricated.
7253085-20260602-214651,2026-06-02,938425645,12601933,,7253085,Sri Hari Hara Enterprises,B929,Pending,Source Not Available,No VTA/VTR reconciled workbook was supplied in this upload; no unsupported match was fabricated.
7253085-20260508-114349,2026-05-08,938425647,12587374,,7253085,Sri Hari Hara Enterprises,B929,Closed,Source Not Available,No VTA/VTR reconciled workbook was supplied in this upload; no unsupported match was fabricated.
5038599-20260512-153020,2026-05-12,959179091,,,5038599,Sri Harini Visalakshi Agencies,B744,Closed,Source Not Available,No VTA/VTR reconciled workbook was supplied in this upload; no unsupported match was fabricated.
6151677-20260621-130413,2026-06-21,1366100615,,,6151677,Sri Jayalakshmi Traders,D915,Pending,Source Not Available,No VTA/VTR reconciled workbook was supplied in this upload; no unsupported match was fabricated.
6151677-20260620-172311,2026-06-20,1366100075,,,6151677,Sri Jayalakshmi Traders,D915,Pending,Source Not Available,No VTA/VTR reconciled workbook was supplied in this upload; no unsupported match was fabricated.
6151677-20260620-174050,2026-06-20,1366100512; 1366100514; 1366100511; 1366100516,12584920; 12616251; 14511910,,6151677,Sri Jayalakshmi Traders,D915,Pending,Source Not Available,No VTA/VTR reconciled workbook was supplied in this upload; no unsupported match was fabricated.
601607-20260618-203108,2026-06-18,1366100453,,,601607,Sri Kameswara Agenices,D915,Pending,Source Not Available,No VTA/VTR reconciled workbook was supplied in this upload; no unsupported match was fabricated.
601607-20260111-130318,2026-01-11,1099830308,,,601607,Sri Kameswara Agenices,2032,Closed,Source Not Available,No VTA/VTR reconciled workbook was supplied in this upload; no unsupported match was fabricated.
4409276-20260624-184933,2026-06-24,,12726758,53590452LA,4409276,Sri Lakshman Trading Corporation,B744,Pending,Source Not Available,No VTA/VTR reconciled workbook was supplied in this upload; no unsupported match was fabricated.
4409276-20260504-175129,2026-05-04,,,,4409276,Sri Lakshman Trading Corporation,B744,Closed,Source Not Available,No VTA/VTR reconciled workbook was supplied in this upload; no unsupported match was fabricated.
4409276-20260421-201216,2026-04-21,,,14102109; 14378778; 13758152; 12617902; 13737115; 12956336,4409276,Sri Lakshman Trading Corporation,B744,Closed,Source Not Available,No VTA/VTR reconciled workbook was supplied in this upload; no unsupported match was fabricated.
4409276-20260421-201546,2026-04-21,,,13718181; 14504152; 106061580; 12956336,4409276,Sri Lakshman Trading Corporation,B744,Closed,Source Not Available,No VTA/VTR reconciled workbook was supplied in this upload; no unsupported match was fabricated.
4409276-20260417-132928,2026-04-17,,,,4409276,Sri Lakshman Trading Corporation,B744,Closed,Source Not Available,No VTA/VTR reconciled workbook was supplied in this upload; no unsupported match was fabricated.
7595920-20260613-111639,2026-06-13,1366100313,12608496,,7595920,Sri Lakshmi Ranga Traders,D915,Pending,Source Not Available,No VTA/VTR reconciled workbook was supplied in this upload; no unsupported match was fabricated.
7354266-20260606-203502,2026-06-06,1099845004,,,7354266,Sri Lakshmi Srinivasa Agencies,2032,Pending,Source Not Available,No VTA/VTR reconciled workbook was supplied in this upload; no unsupported match was fabricated.
7198893-20260629-224730,2026-06-29,,,,7198893,Sri Lakshmi Srinivasa Distributors,D915,Pending,Source Not Available,No VTA/VTR reconciled workbook was supplied in this upload; no unsupported match was fabricated.
7198893-20260511-160510,2026-05-11,1099849333,,,7198893,Sri Lakshmi Srinivasa Distributors,2032,Pending,Source Not Available,No VTA/VTR reconciled workbook was supplied in this upload; no unsupported match was fabricated.
7198893-20260318-152254,2026-03-18,1099839325,12497672,60270453J1,7198893,Sri Lakshmi Srinivasa Distributors,2032,Closed,Source Not Available,No VTA/VTR reconciled workbook was supplied in this upload; no unsupported match was fabricated.
7198893-20260120-134804,2026-01-20,1099831406,13767984,60051519GA,7198893,Sri Lakshmi Srinivasa Distributors,2032,Closed,Source Not Available,No VTA/VTR reconciled workbook was supplied in this upload; no unsupported match was fabricated.
7031803-20260529-163543,2026-05-29,1099853049,,,7031803,Sri Lalithambica Traders,2032,Pending,Source Not Available,No VTA/VTR reconciled workbook was supplied in this upload; no unsupported match was fabricated.
7031803-20260523-201429,2026-05-23,1099841907,12629157,60670454B1,7031803,Sri Lalithambica Traders,2032,Pending,Source Not Available,No VTA/VTR reconciled workbook was supplied in this upload; no unsupported match was fabricated.
7031803-20260523-202155,2026-05-23,1099826076,12448239,51091530KA,7031803,Sri Lalithambica Traders,2032,Pending,Source Not Available,No VTA/VTR reconciled workbook was supplied in this upload; no unsupported match was fabricated.
7031803-20260523-202902,2026-05-23,,12448239,60021530KA,7031803,Sri Lalithambica Traders,2032,Pending,Source Not Available,No VTA/VTR reconciled workbook was supplied in this upload; no unsupported match was fabricated.
7031803-20260522-163241,2026-05-22,1099834045,12448239,60021530KA,7031803,Sri Lalithambica Traders,2032,Pending,Source Not Available,No VTA/VTR reconciled workbook was supplied in this upload; no unsupported match was fabricated.
7031803-20260103-124711,2026-01-03,1099826076,,,7031803,Sri Lalithambica Traders,2032,Closed,Source Not Available,No VTA/VTR reconciled workbook was supplied in this upload; no unsupported match was fabricated.
7031803-20260103-130740,2026-01-03,1099825656,,,7031803,Sri Lalithambica Traders,2032,Closed,Source Not Available,No VTA/VTR reconciled workbook was supplied in this upload; no unsupported match was fabricated.
601615-20260630-183043,2026-06-30,,,,601615,Sri Laxmi Agencies,D915,Pending,Source Not Available,No VTA/VTR reconciled workbook was supplied in this upload; no unsupported match was fabricated.
601615-20260411-162608,2026-04-11,1099842716,,,601615,Sri Laxmi Agencies,2032,Closed,Source Not Available,No VTA/VTR reconciled workbook was supplied in this upload; no unsupported match was fabricated.
601615-20260411-163040,2026-04-11,1099840592,,,601615,Sri Laxmi Agencies,2032,Closed,Source Not Available,No VTA/VTR reconciled workbook was supplied in this upload; no unsupported match was fabricated.
601615-20260411-163353,2026-04-11,1099840302,,,601615,Sri Laxmi Agencies,2032,Closed,Source Not Available,No VTA/VTR reconciled workbook was supplied in this upload; no unsupported match was fabricated.
601615-20260224-135032,2026-02-24,1099825183,12609881,,601615,Sri Laxmi Agencies,2032,Closed,Source Not Available,No VTA/VTR reconciled workbook was supplied in this upload; no unsupported match was fabricated.
6659937-20260521-190120,2026-05-21,1099851632,13737115,,6659937,Sri Laxmi Narasimha Agencies,2032,Pending,Source Not Available,No VTA/VTR reconciled workbook was supplied in this upload; no unsupported match was fabricated.
6659937-20260310-134115,2026-03-10,,,,6659937,Sri Laxmi Narasimha Agencies,2032,Closed,Source Not Available,No VTA/VTR reconciled workbook was supplied in this upload; no unsupported match was fabricated.
6659937-20260226-133648,2026-02-26,1099837513,,,6659937,Sri Laxmi Narasimha Agencies,2032,Closed,Source Not Available,No VTA/VTR reconciled workbook was supplied in this upload; no unsupported match was fabricated.
6659937-20260218-125950,2026-02-18,,,,6659937,Sri Laxmi Narasimha Agencies,2032,Closed,Source Not Available,No VTA/VTR reconciled workbook was supplied in this upload; no unsupported match was fabricated.
6126390-20260506-104702,2026-05-06,938426194,,,6126390,Sri Marketing,B929,Closed,Source Not Available,No VTA/VTR reconciled workbook was supplied in this upload; no unsupported match was fabricated.
7283707-20260504-191911,2026-05-04,,,,7283707,Sri Maruthi Enterprises,B929,Closed,Source Not Available,No VTA/VTR reconciled workbook was supplied in this upload; no unsupported match was fabricated.
5987453-20260629-115648,2026-06-29,959186730,,,5987453,Sri Murugan Agencies,B744,Pending,Source Not Available,No VTA/VTR reconciled workbook was supplied in this upload; no unsupported match was fabricated.
5987453-20260629-125206,2026-06-29,959187687,,,5987453,Sri Murugan Agencies,B744,Pending,Source Not Available,No VTA/VTR reconciled workbook was supplied in this upload; no unsupported match was fabricated.
5987453-20260617-131751,2026-06-17,,12608551,61320455LA,5987453,Sri Murugan Agencies,B744,Pending,Source Not Available,No VTA/VTR reconciled workbook was supplied in this upload; no unsupported match was fabricated.
5987453-20260420-125105,2026-04-20,959175130,,60890455KA,5987453,Sri Murugan Agencies,B744,Closed,Source Not Available,No VTA/VTR reconciled workbook was supplied in this upload; no unsupported match was fabricated.
4966450-20260625-122406,2026-06-25,1366100771,,,4966450,Sri Nidhi Marketings,D915,Pending,Source Not Available,No VTA/VTR reconciled workbook was supplied in this upload; no unsupported match was fabricated.
4966450-20260625-125456,2026-06-25,136100772,,,4966450,Sri Nidhi Marketings,D915,Pending,Source Not Available,No VTA/VTR reconciled workbook was supplied in this upload; no unsupported match was fabricated.
4966450-20260624-184202,2026-06-24,1366100544,,,4966450,Sri Nidhi Marketings,D915,Pending,Source Not Available,No VTA/VTR reconciled workbook was supplied in this upload; no unsupported match was fabricated.
4966450-20260624-184429,2026-06-24,,,,4966450,Sri Nidhi Marketings,D915,Pending,Source Not Available,No VTA/VTR reconciled workbook was supplied in this upload; no unsupported match was fabricated.
4966450-20260608-125904,2026-06-08,,,61150451DA; 61180453J1; 60880452DB,4966450,Sri Nidhi Marketings,D915,Pending,Source Not Available,No VTA/VTR reconciled workbook was supplied in this upload; no unsupported match was fabricated.
4966450-20260605-123618,2026-06-05,,,,4966450,Sri Nidhi Marketings,D915,Pending,Source Not Available,No VTA/VTR reconciled workbook was supplied in this upload; no unsupported match was fabricated.
4966450-20260605-135409,2026-06-05,1099853902,,,4966450,Sri Nidhi Marketings,2032,Pending,Source Not Available,No VTA/VTR reconciled workbook was supplied in this upload; no unsupported match was fabricated.
4966450-20260603-182229,2026-06-03,1099818717,12602711,,4966450,Sri Nidhi Marketings,2032,Pending,Source Not Available,No VTA/VTR reconciled workbook was supplied in this upload; no unsupported match was fabricated.
4966450-20260603-183824,2026-06-03,1099821960,12623842,,4966450,Sri Nidhi Marketings,2032,Pending,Source Not Available,No VTA/VTR reconciled workbook was supplied in this upload; no unsupported match was fabricated.
4966450-20260603-191133,2026-06-03,1099823460,12584920,,4966450,Sri Nidhi Marketings,2032,Pending,Source Not Available,No VTA/VTR reconciled workbook was supplied in this upload; no unsupported match was fabricated.
4966450-20260603-191344,2026-06-03,1099825221,13796407,,4966450,Sri Nidhi Marketings,2032,Pending,Source Not Available,No VTA/VTR reconciled workbook was supplied in this upload; no unsupported match was fabricated.
4966450-20260603-191520,2026-06-03,1099826125,12518426,,4966450,Sri Nidhi Marketings,2032,Pending,Source Not Available,No VTA/VTR reconciled workbook was supplied in this upload; no unsupported match was fabricated.
4966450-20260603-191641,2026-06-03,1099849130,12584920,,4966450,Sri Nidhi Marketings,2032,Pending,Source Not Available,No VTA/VTR reconciled workbook was supplied in this upload; no unsupported match was fabricated.
4966450-20260603-191848,2026-06-03,1099849130,"12607948, 12601933, ",,4966450,Sri Nidhi Marketings,2032,Pending,Source Not Available,No VTA/VTR reconciled workbook was supplied in this upload; no unsupported match was fabricated.
4966450-20260409-115945,2026-04-09,1099844739,,,4966450,Sri Nidhi Marketings,2032,Closed,Source Not Available,No VTA/VTR reconciled workbook was supplied in this upload; no unsupported match was fabricated.
4966450-20260303-104630,2026-03-03,974814635,12608635,,4966450,Sri Nidhi Marketings,C749,Closed,Source Not Available,No VTA/VTR reconciled workbook was supplied in this upload; no unsupported match was fabricated.
4966450-20260228-132537,2026-02-28,974811546,12612451,60330454C1,4966450,Sri Nidhi Marketings,C749,Closed,Source Not Available,No VTA/VTR reconciled workbook was supplied in this upload; no unsupported match was fabricated.
4966450-20260223-132834,2026-02-23,974811684,,,4966450,Sri Nidhi Marketings,C749,Closed,Source Not Available,No VTA/VTR reconciled workbook was supplied in this upload; no unsupported match was fabricated.
4966450-20260209-114736,2026-02-09,974810696,14102109,60102711AA,4966450,Sri Nidhi Marketings,C749,Closed,Source Not Available,No VTA/VTR reconciled workbook was supplied in this upload; no unsupported match was fabricated.
4966450-20260205-132655,2026-02-05,,,,4966450,Sri Nidhi Marketings,C749,Closed,Source Not Available,No VTA/VTR reconciled workbook was supplied in this upload; no unsupported match was fabricated.
601620-20260606-140756,2026-06-06,,,,601620,Sri Padmavathi Venkata Ramana Traders,D915,Pending,Source Not Available,No VTA/VTR reconciled workbook was supplied in this upload; no unsupported match was fabricated.
601620-20260418-115740,2026-04-18,1099846393,,,601620,Sri Padmavathi Venkata Ramana Traders,2032,Pending,Source Not Available,No VTA/VTR reconciled workbook was supplied in this upload; no unsupported match was fabricated.
601620-20260410-115654,2026-04-10,1099844678,,,601620,Sri Padmavathi Venkata Ramana Traders,2032,Pending,Source Not Available,No VTA/VTR reconciled workbook was supplied in this upload; no unsupported match was fabricated.
601620-20260316-141210,2026-03-16,1099840462,,,601620,Sri Padmavathi Venkata Ramana Traders,2032,Closed,Source Not Available,No VTA/VTR reconciled workbook was supplied in this upload; no unsupported match was fabricated.
601620-20260310-140914,2026-03-10,1099839266,,,601620,Sri Padmavathi Venkata Ramana Traders,2032,Closed,Source Not Available,No VTA/VTR reconciled workbook was supplied in this upload; no unsupported match was fabricated.
601620-20260310-141541,2026-03-10,1099837651,,,601620,Sri Padmavathi Venkata Ramana Traders,2032,Closed,Source Not Available,No VTA/VTR reconciled workbook was supplied in this upload; no unsupported match was fabricated.
601620-20260114-122630,2026-01-14,1099830645,,,601620,Sri Padmavathi Venkata Ramana Traders,2032,Closed,Source Not Available,No VTA/VTR reconciled workbook was supplied in this upload; no unsupported match was fabricated.
7090540-20260629-115650,2026-06-29,,,,7090540,Sri Parshva Pharma Distributors Private Limited,B929,Pending,Source Not Available,No VTA/VTR reconciled workbook was supplied in this upload; no unsupported match was fabricated.
7090540-20260624-121720,2026-06-24,,,,7090540,Sri Parshva Pharma Distributors Private Limited,B929,Pending,Source Not Available,No VTA/VTR reconciled workbook was supplied in this upload; no unsupported match was fabricated.
7090540-20260619-105144,2026-06-19,938434500,,ISSUE,7090540,Sri Parshva Pharma Distributors Private Limited,B929,Pending,Source Not Available,No VTA/VTR reconciled workbook was supplied in this upload; no unsupported match was fabricated.
6655301-20260613-185845,2026-06-13,1366100327,12561850,61360453JI,6655301,Sri Pavan Agencies,D915,Pending,Source Not Available,No VTA/VTR reconciled workbook was supplied in this upload; no unsupported match was fabricated.
601623-20260629-161144,2026-06-29,,,,601623,Sri Prasanna Lakshmi Agency,C749,Pending,Source Not Available,No VTA/VTR reconciled workbook was supplied in this upload; no unsupported match was fabricated.
6975857-20260416-183655,2026-04-16,1099846158,12893346,5098B023NA,6975857,Sri Raghavendra Foods,2032,Closed,Source Not Available,No VTA/VTR reconciled workbook was supplied in this upload; no unsupported match was fabricated.
6975857-20260325-125852,2026-03-25,1099841690,12608551,,6975857,Sri Raghavendra Foods,2032,Closed,Source Not Available,No VTA/VTR reconciled workbook was supplied in this upload; no unsupported match was fabricated.
6975857-20260324-110654,2026-03-24,1099841690,12607947,52570453A,6975857,Sri Raghavendra Foods,2032,Closed,Source Not Available,No VTA/VTR reconciled workbook was supplied in this upload; no unsupported match was fabricated.
6975857-20260131-123658,2026-01-31,,14118476,14118476,6975857,Sri Raghavendra Foods,2032,Closed,Source Not Available,No VTA/VTR reconciled workbook was supplied in this upload; no unsupported match was fabricated.
6043092-20260626-134300,2026-06-26,1366100742,13680087,,6043092,Sri Rajeswari Traders,D915,Pending,Source Not Available,No VTA/VTR reconciled workbook was supplied in this upload; no unsupported match was fabricated.
7453842-20260625-180040,2026-06-25,1366100743,,,7453842,Sri Rajeswari Traders,D915,Pending,Source Not Available,No VTA/VTR reconciled workbook was supplied in this upload; no unsupported match was fabricated.
7453842-20260623-091015,2026-06-23,1366100561,,,7453842,Sri Rajeswari Traders,D915,Pending,Source Not Available,No VTA/VTR reconciled workbook was supplied in this upload; no unsupported match was fabricated.
7453842-20260623-091152,2026-06-23,1366100359,,,7453842,Sri Rajeswari Traders,D915,Pending,Source Not Available,No VTA/VTR reconciled workbook was supplied in this upload; no unsupported match was fabricated.
6043092-20260619-123439,2026-06-19,1366100542,12559595,,6043092,Sri Rajeswari Traders,D915,Pending,Source Not Available,No VTA/VTR reconciled workbook was supplied in this upload; no unsupported match was fabricated.
7453842-20260616-182007,2026-06-16,1366100276,,,7453842,Sri Rajeswari Traders,D915,Pending,Source Not Available,No VTA/VTR reconciled workbook was supplied in this upload; no unsupported match was fabricated.
7453842-20260616-182130,2026-06-16,1366100338,,,7453842,Sri Rajeswari Traders,D915,Pending,Source Not Available,No VTA/VTR reconciled workbook was supplied in this upload; no unsupported match was fabricated.
6043092-20260611-125216,2026-06-11,1366100234,,,6043092,Sri Rajeswari Traders,D915,Pending,Source Not Available,No VTA/VTR reconciled workbook was supplied in this upload; no unsupported match was fabricated.
6043092-20260605-121816,2026-06-05,1366100019,14505767,,6043092,Sri Rajeswari Traders,D915,Pending,Source Not Available,No VTA/VTR reconciled workbook was supplied in this upload; no unsupported match was fabricated.
6043092-20260603-095230,2026-06-03,1099846121,14504152,,6043092,Sri Rajeswari Traders,2032,Pending,Source Not Available,No VTA/VTR reconciled workbook was supplied in this upload; no unsupported match was fabricated.
6043092-20260603-140546,2026-06-03,1099853699,12601761,,6043092,Sri Rajeswari Traders,2032,Pending,Source Not Available,No VTA/VTR reconciled workbook was supplied in this upload; no unsupported match was fabricated.
7453842-20260523-175703,2026-05-23,1099852066,12458983,,7453842,Sri Rajeswari Traders,2032,Pending,Source Not Available,No VTA/VTR reconciled workbook was supplied in this upload; no unsupported match was fabricated.
6043092-20260416-122715,2026-04-16,1099846027,13463319,,6043092,Sri Rajeswari Traders,2032,Pending,Source Not Available,No VTA/VTR reconciled workbook was supplied in this upload; no unsupported match was fabricated.
6043092-20260320-133546,2026-03-20,1099841187,,60392814PA,6043092,Sri Rajeswari Traders,2032,Reopened,Source Not Available,No VTA/VTR reconciled workbook was supplied in this upload; no unsupported match was fabricated.
6043092-20260317-131244,2026-03-17,1099840561,,60024176C6,6043092,Sri Rajeswari Traders,2032,Closed,Source Not Available,No VTA/VTR reconciled workbook was supplied in this upload; no unsupported match was fabricated.
7453842-20260310-152648,2026-03-10,1099838651,60506640,,7453842,Sri Rajeswari Traders,2032,Reopened,Source Not Available,No VTA/VTR reconciled workbook was supplied in this upload; no unsupported match was fabricated.
601627-20260608-143122,2026-06-08,959183382,13944227,60560452LC,601627,Sri Ram & Company,B744,Pending,Source Not Available,No VTA/VTR reconciled workbook was supplied in this upload; no unsupported match was fabricated.
601627-20260601-135104,2026-06-01,959182435,13680087,61410452CA,601627,Sri Ram & Company,B744,Pending,Source Not Available,No VTA/VTR reconciled workbook was supplied in this upload; no unsupported match was fabricated.
601627-20260601-135741,2026-06-01,959182435,12608543,61240455RA,601627,Sri Ram & Company,B744,Pending,Source Not Available,No VTA/VTR reconciled workbook was supplied in this upload; no unsupported match was fabricated.
601627-20260601-200648,2026-06-01,959171961,13843471,60800454F1,601627,Sri Ram & Company,B744,Pending,Source Not Available,No VTA/VTR reconciled workbook was supplied in this upload; no unsupported match was fabricated.
601627-20260601-201018,2026-06-01,959171757,13680087,60840452CF,601627,Sri Ram & Company,B744,Pending,Source Not Available,No VTA/VTR reconciled workbook was supplied in this upload; no unsupported match was fabricated.
601630-20260610-115416,2026-06-10,1099854190,,,601630,Sri Ram Trading Co,2032,Pending,Source Not Available,No VTA/VTR reconciled workbook was supplied in this upload; no unsupported match was fabricated.
601630-20260610-120413,2026-06-10,1099854608,12608303,,601630,Sri Ram Trading Co,2032,Pending,Source Not Available,No VTA/VTR reconciled workbook was supplied in this upload; no unsupported match was fabricated.
601630-20260325-123027,2026-03-25,1099841935,12609884,,601630,Sri Ram Trading Co,2032,Closed,Source Not Available,No VTA/VTR reconciled workbook was supplied in this upload; no unsupported match was fabricated.
601630-20260109-132352,2026-01-09,1099830217,12585137,53620453K1,601630,Sri Ram Trading Co,2032,Closed,Source Not Available,No VTA/VTR reconciled workbook was supplied in this upload; no unsupported match was fabricated.
6614197-20260220-172509,2026-02-20,974812948,12956336,,6614197,Sri Ramajayam Agencies,C749,Closed,Source Not Available,No VTA/VTR reconciled workbook was supplied in this upload; no unsupported match was fabricated.
6614197-20260220-172840,2026-02-20,974804731,12614824,,6614197,Sri Ramajayam Agencies,C749,Closed,Source Not Available,No VTA/VTR reconciled workbook was supplied in this upload; no unsupported match was fabricated.
601631-20260206-143510,2026-02-06,974806016,,,601631,Sri Ramajayam Dhalls,C749,Closed,Source Not Available,No VTA/VTR reconciled workbook was supplied in this upload; no unsupported match was fabricated.
7448515-20260308-111526,2026-03-08,938412103,12608496,60220452CF,7448515,Sri Sai Agencies,B929,Closed,Source Not Available,No VTA/VTR reconciled workbook was supplied in this upload; no unsupported match was fabricated.
7448515-20260108-110910,2026-01-08,938396014,12729817,53550452LA,7448515,Sri Sai Agencies,B929,Closed,Source Not Available,No VTA/VTR reconciled workbook was supplied in this upload; no unsupported match was fabricated.
6952712-20260616-085509,2026-06-16,1099855246,"12608497, 12608578",,6952712,Sri Sai Marketing,2032,Pending,Source Not Available,No VTA/VTR reconciled workbook was supplied in this upload; no unsupported match was fabricated.
6952712-20260306-155647,2026-03-06,1099838704; 1099838707,12609874; 12609877,,6952712,Sri Sai Marketing,2032,Closed,Source Not Available,No VTA/VTR reconciled workbook was supplied in this upload; no unsupported match was fabricated.
6952712-20260207-091801,2026-02-07,1099833855,13797726,,6952712,Sri Sai Marketing,2032,Closed,Source Not Available,No VTA/VTR reconciled workbook was supplied in this upload; no unsupported match was fabricated.
6952712-20260112-095915,2026-01-12,1099829299,12609878,,6952712,Sri Sai Marketing,2032,Closed,Source Not Available,No VTA/VTR reconciled workbook was supplied in this upload; no unsupported match was fabricated.
3382314-20260507-174453,2026-05-07,,13737115,61070454B1,3382314,Sri Sai Uma Generals,2032,Pending,Source Not Available,No VTA/VTR reconciled workbook was supplied in this upload; no unsupported match was fabricated.
3382314-20260428-173049,2026-04-28,1099799444,12585137; 12601932,"50950453J1, 50770453A7",3382314,Sri Sai Uma Generals,2032,Pending,Source Not Available,No VTA/VTR reconciled workbook was supplied in this upload; no unsupported match was fabricated.
3382314-20260324-113635,2026-03-24,1099841854,12571548,52770455KA,3382314,Sri Sai Uma Generals,2032,Reopened,Source Not Available,No VTA/VTR reconciled workbook was supplied in this upload; no unsupported match was fabricated.
3382314-20260313-185522,2026-03-13,1099839206,12606043; 12603833,60070455HA; 53150455HB,3382314,Sri Sai Uma Generals,2032,Closed,Source Not Available,No VTA/VTR reconciled workbook was supplied in this upload; no unsupported match was fabricated.
3382314-20260313-190742,2026-03-13,1099837807,12610479,601804519B,3382314,Sri Sai Uma Generals,2032,Closed,Source Not Available,No VTA/VTR reconciled workbook was supplied in this upload; no unsupported match was fabricated.
3382314-20260313-191816,2026-03-13,1099838420,12610097,60307742AB; 530128142A,3382314,Sri Sai Uma Generals,2032,Reopened,Source Not Available,No VTA/VTR reconciled workbook was supplied in this upload; no unsupported match was fabricated.
3382314-20260216-171232,2026-02-16,1099836220,12612434,43500452CA,3382314,Sri Sai Uma Generals,2032,Reopened,Source Not Available,No VTA/VTR reconciled workbook was supplied in this upload; no unsupported match was fabricated.
3382314-20260206-165458,2026-02-06,1099834216,12497672,INVOICED; 60230453J2; 60230453K1,3382314,Sri Sai Uma Generals,2032,Closed,Source Not Available,No VTA/VTR reconciled workbook was supplied in this upload; no unsupported match was fabricated.
3382314-20260106-103816,2026-01-06,1099828714,,53261519VA,3382314,Sri Sai Uma Generals,2032,Closed,Source Not Available,No VTA/VTR reconciled workbook was supplied in this upload; no unsupported match was fabricated.
1081682-20260620-194813,2026-06-20,1366100606,13757661; 14033758,61121519FA; 61210453A7,1081682,Sri Sai Vasavi Agencies,D915,Pending,Source Not Available,No VTA/VTR reconciled workbook was supplied in this upload; no unsupported match was fabricated.
1081682-20260612-094415,2026-06-12,1366100264,14379191; 12623518; 13767984,613604526a,1081682,Sri Sai Vasavi Agencies,D915,Pending,Source Not Available,No VTA/VTR reconciled workbook was supplied in this upload; no unsupported match was fabricated.
1081682-20260323-124349,2026-03-23,1099841735,12426635,53530451dk,1081682,Sri Sai Vasavi Agencies,2032,Closed,Source Not Available,No VTA/VTR reconciled workbook was supplied in this upload; no unsupported match was fabricated.
1081682-20260122-131456,2026-01-22,1099832256,12609760,5113t246cb,1081682,Sri Sai Vasavi Agencies,2032,Closed,Source Not Available,No VTA/VTR reconciled workbook was supplied in this upload; no unsupported match was fabricated.
1081682-20260103-130308,2026-01-03,1099828864,12629157,53380454b1,1081682,Sri Sai Vasavi Agencies,2032,Closed,Source Not Available,No VTA/VTR reconciled workbook was supplied in this upload; no unsupported match was fabricated.
7461710-20260126-143916,2026-01-26,938401415,13680372,60042814TA; 60010452KA,7461710,Sri Sapthagiri Consumers,B929,Closed,Source Not Available,No VTA/VTR reconciled workbook was supplied in this upload; no unsupported match was fabricated.
6704644-20260619-103745,2026-06-19,959185886,12608497,61529939AA,6704644,Sri Seetharam Traders,B744,Pending,Source Not Available,No VTA/VTR reconciled workbook was supplied in this upload; no unsupported match was fabricated.
7023418-20260316-104839,2026-03-16,959167117,,50890452VA,7023418,Sri Senthur Agencies,B744,Closed,Source Not Available,No VTA/VTR reconciled workbook was supplied in this upload; no unsupported match was fabricated.
7369977-20260610-121859,2026-06-10,,,,7369977,Sri Sudharshana Traders,D915,Pending,Source Not Available,No VTA/VTR reconciled workbook was supplied in this upload; no unsupported match was fabricated.
7369977-20260528-162455,2026-05-28,1099852866,,,7369977,Sri Sudharshana Traders,2032,Pending,Source Not Available,No VTA/VTR reconciled workbook was supplied in this upload; no unsupported match was fabricated.
7369977-20260403-171134,2026-04-03,1099843521,,60829939BA,7369977,Sri Sudharshana Traders,2032,Closed,Source Not Available,No VTA/VTR reconciled workbook was supplied in this upload; no unsupported match was fabricated.
7369977-20260320-162808,2026-03-20,1099841306,,,7369977,Sri Sudharshana Traders,2032,Reopened,Source Not Available,No VTA/VTR reconciled workbook was supplied in this upload; no unsupported match was fabricated.
7369977-20260202-190055,2026-02-02,1099832512,,,7369977,Sri Sudharshana Traders,2032,Closed,Source Not Available,No VTA/VTR reconciled workbook was supplied in this upload; no unsupported match was fabricated.
7369977-20260121-122525,2026-01-21,1099822163,,,7369977,Sri Sudharshana Traders,2032,Closed,Source Not Available,No VTA/VTR reconciled workbook was supplied in this upload; no unsupported match was fabricated.
7369977-20260121-170849,2026-01-21,1099820134,,,7369977,Sri Sudharshana Traders,2032,Closed,Source Not Available,No VTA/VTR reconciled workbook was supplied in this upload; no unsupported match was fabricated.
7369977-20260121-171902,2026-01-21,1099828542,,,7369977,Sri Sudharshana Traders,2032,Closed,Source Not Available,No VTA/VTR reconciled workbook was supplied in this upload; no unsupported match was fabricated.
7369977-20260121-172458,2026-01-21,1099827369,,,7369977,Sri Sudharshana Traders,2032,Closed,Source Not Available,No VTA/VTR reconciled workbook was supplied in this upload; no unsupported match was fabricated.
7093900-20260529-181607,2026-05-29,974826678,,,7093900,Sri Swastik Agencies,C749,Pending,Source Not Available,No VTA/VTR reconciled workbook was supplied in this upload; no unsupported match was fabricated.
7093900-20260228-143626,2026-02-28,974806648,,,7093900,Sri Swastik Agencies,C749,Closed,Source Not Available,No VTA/VTR reconciled workbook was supplied in this upload; no unsupported match was fabricated.
7093900-20260127-133140,2026-01-27,974806649,,,7093900,Sri Swastik Agencies,C749,Closed,Source Not Available,No VTA/VTR reconciled workbook was supplied in this upload; no unsupported match was fabricated.
5622725-20260629-113337,2026-06-29,13661003910,12608635,,5622725,Sri Uma Maheswara Agencies,D915,Pending,Source Not Available,No VTA/VTR reconciled workbook was supplied in this upload; no unsupported match was fabricated.
5622725-20260626-105338,2026-06-26,1366100810,14301186,,5622725,Sri Uma Maheswara Agencies,D915,Pending,Source Not Available,No VTA/VTR reconciled workbook was supplied in this upload; no unsupported match was fabricated.
5622725-20260519-104917,2026-05-19,1099851443,13843427,,5622725,Sri Uma Maheswara Agencies,2032,Pending,Source Not Available,No VTA/VTR reconciled workbook was supplied in this upload; no unsupported match was fabricated.
5622725-20260507-184006,2026-05-07,1099849148,13680087; 12609881,,5622725,Sri Uma Maheswara Agencies,2032,Pending,Source Not Available,No VTA/VTR reconciled workbook was supplied in this upload; no unsupported match was fabricated.
5622725-20260420-123519,2026-04-20,1099846359,12584920,,5622725,Sri Uma Maheswara Agencies,2032,Pending,Source Not Available,No VTA/VTR reconciled workbook was supplied in this upload; no unsupported match was fabricated.
5622725-20260331-114604,2026-03-31,1099843094,12579461,,5622725,Sri Uma Maheswara Agencies,2032,Pending,Source Not Available,No VTA/VTR reconciled workbook was supplied in this upload; no unsupported match was fabricated.
5622725-20260307-185007,2026-03-07,1099838722,12628829,,5622725,Sri Uma Maheswara Agencies,2032,Closed,Source Not Available,No VTA/VTR reconciled workbook was supplied in this upload; no unsupported match was fabricated.
5622725-20260212-124338,2026-02-12,1099835282,12610495,,5622725,Sri Uma Maheswara Agencies,2032,Closed,Source Not Available,No VTA/VTR reconciled workbook was supplied in this upload; no unsupported match was fabricated.
5622725-20260211-182714,2026-02-11,1099835285,13718181,,5622725,Sri Uma Maheswara Agencies,2032,Closed,Source Not Available,No VTA/VTR reconciled workbook was supplied in this upload; no unsupported match was fabricated.
5622725-20260204-183940,2026-02-04,1099833745,14118476,,5622725,Sri Uma Maheswara Agencies,2032,Closed,Source Not Available,No VTA/VTR reconciled workbook was supplied in this upload; no unsupported match was fabricated.
5622725-20260120-111031,2026-01-20,1099831596,13797772,,5622725,Sri Uma Maheswara Agencies,2032,Closed,Source Not Available,No VTA/VTR reconciled workbook was supplied in this upload; no unsupported match was fabricated.
5622725-20260108-103050,2026-01-08,1099829818,12629157,,5622725,Sri Uma Maheswara Agencies,2032,Closed,Source Not Available,No VTA/VTR reconciled workbook was supplied in this upload; no unsupported match was fabricated.
5272377-20260429-202448,2026-04-29,1099848406,,,5272377,Sri Venkata Sai Sharan Agencies,2032,Pending,Source Not Available,No VTA/VTR reconciled workbook was supplied in this upload; no unsupported match was fabricated.
7083062-20260427-170809,2026-04-27,,14199858,61050454P1,7083062,Sri Venkateshwara Distributors,B929,Closed,Source Not Available,No VTA/VTR reconciled workbook was supplied in this upload; no unsupported match was fabricated.
7083062-20260328-123402,2026-03-28,,,,7083062,Sri Venkateshwara Distributors,B929,Closed,Source Not Available,No VTA/VTR reconciled workbook was supplied in this upload; no unsupported match was fabricated.
601658-20260622-180357,2026-06-22,126131316132,,,601658,Sri Venkateswara Marketing Services,2032,Pending,Source Not Available,No VTA/VTR reconciled workbook was supplied in this upload; no unsupported match was fabricated.
601658-20260513-095138,2026-05-13,1099849629,12579461,,601658,Sri Venkateswara Marketing Services,2032,Pending,Source Not Available,No VTA/VTR reconciled workbook was supplied in this upload; no unsupported match was fabricated.
601658-20260120-104014,2026-01-20,1099831789,12609760,,601658,Sri Venkateswara Marketing Services,2032,Closed,Source Not Available,No VTA/VTR reconciled workbook was supplied in this upload; no unsupported match was fabricated.
4637644-20260504-151240,2026-05-04,938425623,14033758,60990453A9,4637644,Sri Vijaya Enterprises,B929,Closed,Source Not Available,No VTA/VTR reconciled workbook was supplied in this upload; no unsupported match was fabricated.
4637644-20260415-184210,2026-04-15,938421676,13680299,60899939BA,4637644,Sri Vijaya Enterprises,B929,Closed,Source Not Available,No VTA/VTR reconciled workbook was supplied in this upload; no unsupported match was fabricated.
4637644-20260330-115803,2026-03-30,938418195,13678473,60532814AA,4637644,Sri Vijaya Enterprises,B929,Closed,Source Not Available,No VTA/VTR reconciled workbook was supplied in this upload; no unsupported match was fabricated.
4637644-20260226-164805,2026-02-26,938406524,12612451,60300454C1,4637644,Sri Vijaya Enterprises,B929,Closed,Source Not Available,No VTA/VTR reconciled workbook was supplied in this upload; no unsupported match was fabricated.
4637644-20260207-123657,2026-02-07,938405395,12606043,53640451FB,4637644,Sri Vijaya Enterprises,B929,Closed,Source Not Available,No VTA/VTR reconciled workbook was supplied in this upload; no unsupported match was fabricated.
601669-20260611-173640,2026-06-11,938433330,13678304,,601669,Srinivasa Agency,B929,Pending,Source Not Available,No VTA/VTR reconciled workbook was supplied in this upload; no unsupported match was fabricated.
601669-20260430-093032,2026-04-30,938424726,14301186,,601669,Srinivasa Agency,B929,Closed,Source Not Available,No VTA/VTR reconciled workbook was supplied in this upload; no unsupported match was fabricated.
601669-20260406-205202,2026-04-06,938419853,12359021,,601669,Srinivasa Agency,B929,Closed,Source Not Available,No VTA/VTR reconciled workbook was supplied in this upload; no unsupported match was fabricated.
7206600-20260626-185232,2026-06-26,1366100728,,,7206600,Sriram Enterprises,D915,Pending,Source Not Available,No VTA/VTR reconciled workbook was supplied in this upload; no unsupported match was fabricated.
7206600-20260505-112205,2026-05-05,1099838642,,,7206600,Sriram Enterprises,2032,Pending,Source Not Available,No VTA/VTR reconciled workbook was supplied in this upload; no unsupported match was fabricated.
7206600-20260421-115313,2026-04-21,1099846713,12556491,,7206600,Sriram Enterprises,2032,Pending,Source Not Available,No VTA/VTR reconciled workbook was supplied in this upload; no unsupported match was fabricated.
7206600-20260421-115809,2026-04-21,,14504152,,7206600,Sriram Enterprises,2032,Pending,Source Not Available,No VTA/VTR reconciled workbook was supplied in this upload; no unsupported match was fabricated.
7206600-20260223-180638,2026-02-23,,13718181,,7206600,Sriram Enterprises,2032,Reopened,Source Not Available,No VTA/VTR reconciled workbook was supplied in this upload; no unsupported match was fabricated.
7206600-20260129-182851,2026-01-29,1099833052,12610047,,7206600,Sriram Enterprises,2032,Closed,Source Not Available,No VTA/VTR reconciled workbook was supplied in this upload; no unsupported match was fabricated.
601683-20260620-125118,2026-06-20,1366100609,,,601683,Subham Agencies,D915,Pending,Source Not Available,No VTA/VTR reconciled workbook was supplied in this upload; no unsupported match was fabricated.
601683-20260330-164525,2026-03-30,1099842588,,,601683,Subham Agencies,2032,Closed,Source Not Available,No VTA/VTR reconciled workbook was supplied in this upload; no unsupported match was fabricated.
601683-20260205-193440,2026-02-05,1099831320,"12630062, 12617902",,601683,Subham Agencies,2032,Closed,Source Not Available,No VTA/VTR reconciled workbook was supplied in this upload; no unsupported match was fabricated.
7486326-20260121-203809,2026-01-21,959151608,13796414,,7486326,Sun Agencies,B744,Closed,Source Not Available,No VTA/VTR reconciled workbook was supplied in this upload; no unsupported match was fabricated.
4796159-20260518-160000,2026-05-18,959180605,12584920,Product; 61210451za,4796159,Surabi Agencies,B744,Closed,Source Not Available,No VTA/VTR reconciled workbook was supplied in this upload; no unsupported match was fabricated.
4796159-20260518-161847,2026-05-18,,12584920,differ; 61210451ZA,4796159,Surabi Agencies,B744,Closed,Source Not Available,No VTA/VTR reconciled workbook was supplied in this upload; no unsupported match was fabricated.
4796159-20260508-133830,2026-05-08,959178765,12609874,61040451DA,4796159,Surabi Agencies,B744,Closed,Source Not Available,No VTA/VTR reconciled workbook was supplied in this upload; no unsupported match was fabricated.
4796159-20260326-184707,2026-03-26,959169975,12559238,5259281BA,4796159,Surabi Agencies,B744,Closed,Source Not Available,No VTA/VTR reconciled workbook was supplied in this upload; no unsupported match was fabricated.
4796159-20260304-181920,2026-03-04,959163729,12591613,41230452CA,4796159,Surabi Agencies,B744,Closed,Source Not Available,No VTA/VTR reconciled workbook was supplied in this upload; no unsupported match was fabricated.
4796159-20260202-141114,2026-02-02,959157098,12499557,50890452VA,4796159,Surabi Agencies,B744,Closed,Source Not Available,No VTA/VTR reconciled workbook was supplied in this upload; no unsupported match was fabricated.
5213822-20260623-142447,2026-06-23,1366100678,12567446,61000453t1,5213822,Surya Agencies,D915,Pending,Source Not Available,No VTA/VTR reconciled workbook was supplied in this upload; no unsupported match was fabricated.
5213822-20260618-134930,2026-06-18,1366100459,,61500451za,5213822,Surya Agencies,D915,Pending,Source Not Available,No VTA/VTR reconciled workbook was supplied in this upload; no unsupported match was fabricated.
5213822-20260515-192354,2026-05-15,,12628829,60972814DA,5213822,Surya Agencies,2032,Pending,Source Not Available,No VTA/VTR reconciled workbook was supplied in this upload; no unsupported match was fabricated.
5213822-20260410-183930,2026-04-10,1099844470,13632235,60670453j1,5213822,Surya Agencies,2032,Pending,Source Not Available,No VTA/VTR reconciled workbook was supplied in this upload; no unsupported match was fabricated.
7045944-20260525-143653,2026-05-25,,14508643,,7045944,Surya Trading Company,7793,Closed,Source Not Available,No VTA/VTR reconciled workbook was supplied in this upload; no unsupported match was fabricated.
601707-20260618-173014,2026-06-18,1099853927,14503950,,601707,Synergy Enterprises,2032,Pending,Source Not Available,No VTA/VTR reconciled workbook was supplied in this upload; no unsupported match was fabricated.
601707-20260618-173515,2026-06-18,1099853280,"14505767, 12595279,12595302, 12570655, 14503951",,601707,Synergy Enterprises,2032,Pending,Source Not Available,No VTA/VTR reconciled workbook was supplied in this upload; no unsupported match was fabricated.
601707-20260618-173636,2026-06-18,1099853232,14507586,,601707,Synergy Enterprises,2032,Pending,Source Not Available,No VTA/VTR reconciled workbook was supplied in this upload; no unsupported match was fabricated.
601707-20260618-174000,2026-06-18,1099850654,14505767,,601707,Synergy Enterprises,2032,Pending,Source Not Available,No VTA/VTR reconciled workbook was supplied in this upload; no unsupported match was fabricated.
601707-20260618-174336,2026-06-18,1099855685,12957459,,601707,Synergy Enterprises,2032,Pending,Source Not Available,No VTA/VTR reconciled workbook was supplied in this upload; no unsupported match was fabricated.
601707-20260512-112802,2026-05-12,,,,601707,Synergy Enterprises,2032,Pending,Source Not Available,No VTA/VTR reconciled workbook was supplied in this upload; no unsupported match was fabricated.
601707-20260508-122742,2026-05-08,1099849690,,,601707,Synergy Enterprises,2032,Pending,Source Not Available,No VTA/VTR reconciled workbook was supplied in this upload; no unsupported match was fabricated.
601707-20260508-123030,2026-05-08,1099849484,,,601707,Synergy Enterprises,2032,Pending,Source Not Available,No VTA/VTR reconciled workbook was supplied in this upload; no unsupported match was fabricated.
601707-20260508-123422,2026-05-08,1099849219,,,601707,Synergy Enterprises,2032,Pending,Source Not Available,No VTA/VTR reconciled workbook was supplied in this upload; no unsupported match was fabricated.
601707-20260508-123608,2026-05-08,1099849162,,,601707,Synergy Enterprises,2032,Pending,Source Not Available,No VTA/VTR reconciled workbook was supplied in this upload; no unsupported match was fabricated.
601707-20260508-123902,2026-05-08,1099848328,,,601707,Synergy Enterprises,2032,Pending,Source Not Available,No VTA/VTR reconciled workbook was supplied in this upload; no unsupported match was fabricated.
601707-20260508-124452,2026-05-08,1099847355,,,601707,Synergy Enterprises,2032,Pending,Source Not Available,No VTA/VTR reconciled workbook was supplied in this upload; no unsupported match was fabricated.
601707-20260420-122416,2026-04-20,1099843906,12586422,,601707,Synergy Enterprises,2032,Closed,Source Not Available,No VTA/VTR reconciled workbook was supplied in this upload; no unsupported match was fabricated.
601707-20260420-122638,2026-04-20,1099844867,12559338,,601707,Synergy Enterprises,2032,Closed,Source Not Available,No VTA/VTR reconciled workbook was supplied in this upload; no unsupported match was fabricated.
601707-20260420-123521,2026-04-20,1099846189,"12458968, 12584920",,601707,Synergy Enterprises,2032,Closed,Source Not Available,No VTA/VTR reconciled workbook was supplied in this upload; no unsupported match was fabricated.
601707-20260420-123841,2026-04-20,1099840384,12562440,,601707,Synergy Enterprises,2032,Closed,Source Not Available,No VTA/VTR reconciled workbook was supplied in this upload; no unsupported match was fabricated.
601707-20260216-130319,2026-02-16,1099834001,12615905,,601707,Synergy Enterprises,2032,Closed,Source Not Available,No VTA/VTR reconciled workbook was supplied in this upload; no unsupported match was fabricated.
601707-20260119-144218,2026-01-19,1099831147; 1099831150,"12967299, 12586404",,601707,Synergy Enterprises,2032,Closed,Source Not Available,No VTA/VTR reconciled workbook was supplied in this upload; no unsupported match was fabricated.
601707-20260119-144541,2026-01-19,1099830625,12586404,,601707,Synergy Enterprises,2032,Closed,Source Not Available,No VTA/VTR reconciled workbook was supplied in this upload; no unsupported match was fabricated.
601707-20260119-144736,2026-01-19,1099830399,12606197,,601707,Synergy Enterprises,2032,Closed,Source Not Available,No VTA/VTR reconciled workbook was supplied in this upload; no unsupported match was fabricated.
601707-20260119-144935,2026-01-19,1099829858,12606197,,601707,Synergy Enterprises,2032,Closed,Source Not Available,No VTA/VTR reconciled workbook was supplied in this upload; no unsupported match was fabricated.
601707-20260119-145211,2026-01-19,1099828890,12615905,,601707,Synergy Enterprises,2032,Closed,Source Not Available,No VTA/VTR reconciled workbook was supplied in this upload; no unsupported match was fabricated.
601707-20260119-145351,2026-01-19,1099828745,12499422,,601707,Synergy Enterprises,2032,Closed,Source Not Available,No VTA/VTR reconciled workbook was supplied in this upload; no unsupported match was fabricated.
6775176-20260604-112803,2026-06-04,,"12608496, 12603833","60580452CF, 60550455HB",6775176,T J Enterprises,C963,Pending,Source Not Available,No VTA/VTR reconciled workbook was supplied in this upload; no unsupported match was fabricated.
6775176-20260603-145246,2026-06-03,1365805004,"12610617, 12584920","60730451NA, 61100451ZA",6775176,T J Enterprises,C963,Pending,Source Not Available,No VTA/VTR reconciled workbook was supplied in this upload; no unsupported match was fabricated.
6775176-20260326-154417,2026-03-26,1365801098; 1365801398; 1365801520,,60580454B1; 60580452CF,6775176,T J Enterprises,C963,Closed,Source Not Available,No VTA/VTR reconciled workbook was supplied in this upload; no unsupported match was fabricated.
6775176-20260302-142540,2026-03-02,1365800048,12586420,,6775176,T J Enterprises,C963,Closed,Source Not Available,No VTA/VTR reconciled workbook was supplied in this upload; no unsupported match was fabricated.
5653625-20260623-175227,2026-06-23,959186431,14378939,61590452FA,5653625,T.Thirumalaisamy General Merchant,B744,Pending,Source Not Available,No VTA/VTR reconciled workbook was supplied in this upload; no unsupported match was fabricated.
6960711-20260625-220612,2026-06-25,1366100780; 1366100781; 1366100782,,,6960711,Tadepalli Eswararao Son,D915,Pending,Source Not Available,No VTA/VTR reconciled workbook was supplied in this upload; no unsupported match was fabricated.
6960711-20260430-082501,2026-04-30,1099848302,12616861,61030454A1,6960711,Tadepalli Eswararao Son,2032,Closed,Source Not Available,No VTA/VTR reconciled workbook was supplied in this upload; no unsupported match was fabricated.
6960711-20260424-140645,2026-04-24,1099846612,12525887,51860453T3G,6960711,Tadepalli Eswararao Son,2032,Closed,Source Not Available,No VTA/VTR reconciled workbook was supplied in this upload; no unsupported match was fabricated.
6960711-20260417-210501,2026-04-17,1099846177; 1099846178,"106061580, 106061580, ",60602032,6960711,Tadepalli Eswararao Son,2032,Closed,Source Not Available,No VTA/VTR reconciled workbook was supplied in this upload; no unsupported match was fabricated.
6960711-20260320-215742,2026-03-20,974817467,137184181,,6960711,Tadepalli Eswararao Son,C749,Closed,Source Not Available,No VTA/VTR reconciled workbook was supplied in this upload; no unsupported match was fabricated.
6960711-20260130-082806,2026-01-30,974808858,14118476,,6960711,Tadepalli Eswararao Son,C749,Closed,Source Not Available,No VTA/VTR reconciled workbook was supplied in this upload; no unsupported match was fabricated.
601713-20260615-134106,2026-06-15,,,,601713,Tadikonda Koteswara Rao &Company,D915,Pending,Source Not Available,No VTA/VTR reconciled workbook was supplied in this upload; no unsupported match was fabricated.
601713-20260612-122324,2026-06-12,,,,601713,Tadikonda Koteswara Rao &Company,D915,Pending,Source Not Available,No VTA/VTR reconciled workbook was supplied in this upload; no unsupported match was fabricated.
601713-20260417-115552,2026-04-17,1099846171,,,601713,Tadikonda Koteswara Rao &Company,2032,Closed,Source Not Available,No VTA/VTR reconciled workbook was supplied in this upload; no unsupported match was fabricated.
601713-20260417-175142,2026-04-17,1099845033,,,601713,Tadikonda Koteswara Rao &Company,2032,Closed,Source Not Available,No VTA/VTR reconciled workbook was supplied in this upload; no unsupported match was fabricated.
601713-20260203-174155,2026-02-03,974809296,,,601713,Tadikonda Koteswara Rao &Company,C749,Closed,Source Not Available,No VTA/VTR reconciled workbook was supplied in this upload; no unsupported match was fabricated.
601713-20260203-174719,2026-02-03,,,,601713,Tadikonda Koteswara Rao &Company,C749,Closed,Source Not Available,No VTA/VTR reconciled workbook was supplied in this upload; no unsupported match was fabricated.
5651903-20260413-120424,2026-04-13,974820250,"12609874, 12497672, 12625864","60660451DA, 60490453L1, 60460453A1",5651903,Thangam Dhalls,C749,Closed,Source Not Available,No VTA/VTR reconciled workbook was supplied in this upload; no unsupported match was fabricated.
6077583-20260415-175013,2026-04-15,974820980,12359021,60310452VA,6077583,Umakanth Enterprise,C749,Closed,Source Not Available,No VTA/VTR reconciled workbook was supplied in this upload; no unsupported match was fabricated.
7099587-20260618-131607,2026-06-18,938433119,14199858,61520454P1,7099587,United Distributors,B929,Pending,Source Not Available,No VTA/VTR reconciled workbook was supplied in this upload; no unsupported match was fabricated.
7099587-20260501-132500,2026-05-01,938424973,12612446; 12612451,,7099587,United Distributors,B929,Closed,Source Not Available,No VTA/VTR reconciled workbook was supplied in this upload; no unsupported match was fabricated.
7099587-20260414-125322,2026-04-14,,,,7099587,United Distributors,B929,Closed,Source Not Available,No VTA/VTR reconciled workbook was supplied in this upload; no unsupported match was fabricated.
6952263-20260617-164126,2026-06-17,1365366432,,,6952263,United Enterprises,7793,Pending,Source Not Available,No VTA/VTR reconciled workbook was supplied in this upload; no unsupported match was fabricated.
6952263-20260610-133215,2026-06-10,1365365905; 1365365907,13737115; 13627651,,6952263,United Enterprises,7793,Pending,Source Not Available,No VTA/VTR reconciled workbook was supplied in this upload; no unsupported match was fabricated.
7265306-20260404-132700,2026-04-04,938410982,,52900454UF; 5307045783,7265306,V Enterprises,B929,Closed,Source Not Available,No VTA/VTR reconciled workbook was supplied in this upload; no unsupported match was fabricated.
7265306-20260205-140432,2026-02-05,938404257,,,7265306,V Enterprises,B929,Closed,Source Not Available,No VTA/VTR reconciled workbook was supplied in this upload; no unsupported match was fabricated.
601743-20260619-124253,2026-06-19,,13797726; 60172814; 12586404; 60400455,,601743,V S R Marketing Agency,B929,Pending,Source Not Available,No VTA/VTR reconciled workbook was supplied in this upload; no unsupported match was fabricated.
601743-20260619-130444,2026-06-19,,12623517; 61382814,,601743,V S R Marketing Agency,B929,Pending,Source Not Available,No VTA/VTR reconciled workbook was supplied in this upload; no unsupported match was fabricated.
601743-20260619-130641,2026-06-19,,12623518; 61359939,MISSMATCH,601743,V S R Marketing Agency,B929,Pending,Source Not Available,No VTA/VTR reconciled workbook was supplied in this upload; no unsupported match was fabricated.
601743-20260619-130916,2026-06-19,,12571560; 61450455,,601743,V S R Marketing Agency,B929,Pending,Source Not Available,No VTA/VTR reconciled workbook was supplied in this upload; no unsupported match was fabricated.
601743-20260619-131056,2026-06-19,,12623517; 61382814,,601743,V S R Marketing Agency,B929,Pending,Source Not Available,No VTA/VTR reconciled workbook was supplied in this upload; no unsupported match was fabricated.
601743-20260619-131232,2026-06-19,,12956336; 61330454,,601743,V S R Marketing Agency,B929,Pending,Source Not Available,No VTA/VTR reconciled workbook was supplied in this upload; no unsupported match was fabricated.
601743-20260618-114901,2026-06-18,,12619132; 61100451,,601743,V S R Marketing Agency,B929,Pending,Source Not Available,No VTA/VTR reconciled workbook was supplied in this upload; no unsupported match was fabricated.
601743-20260618-115120,2026-06-18,,12595279; 60330455,,601743,V S R Marketing Agency,B929,Pending,Source Not Available,No VTA/VTR reconciled workbook was supplied in this upload; no unsupported match was fabricated.
601743-20260618-115341,2026-06-18,,12559605; 61142814,,601743,V S R Marketing Agency,B929,Pending,Source Not Available,No VTA/VTR reconciled workbook was supplied in this upload; no unsupported match was fabricated.
601743-20260618-115624,2026-06-18,,12559238; 60772814; 12589871; 61030455,,601743,V S R Marketing Agency,B929,Pending,Source Not Available,No VTA/VTR reconciled workbook was supplied in this upload; no unsupported match was fabricated.
601743-20260314-115857,2026-03-14,,12579448; 60560453,,601743,V S R Marketing Agency,B929,Closed,Source Not Available,No VTA/VTR reconciled workbook was supplied in this upload; no unsupported match was fabricated.
601743-20260314-120254,2026-03-14,,12591613; 41680452; 12630049; 60350451; 13679901; 60340452,,601743,V S R Marketing Agency,B929,Closed,Source Not Available,No VTA/VTR reconciled workbook was supplied in this upload; no unsupported match was fabricated.
601743-20260302-121712,2026-03-02,,12595301; 60060455,,601743,V S R Marketing Agency,B929,Closed,Source Not Available,No VTA/VTR reconciled workbook was supplied in this upload; no unsupported match was fabricated.
601743-20260302-122059,2026-03-02,,12559238; 52602814; 13700494; 60400452,,601743,V S R Marketing Agency,B929,Closed,Source Not Available,No VTA/VTR reconciled workbook was supplied in this upload; no unsupported match was fabricated.
601743-20260302-122300,2026-03-02,,13463319; 53640452,,601743,V S R Marketing Agency,B929,Closed,Source Not Available,No VTA/VTR reconciled workbook was supplied in this upload; no unsupported match was fabricated.
601743-20260302-122441,2026-03-02,,12630049; 52200451,,601743,V S R Marketing Agency,B929,Closed,Source Not Available,No VTA/VTR reconciled workbook was supplied in this upload; no unsupported match was fabricated.
601738-20260609-132746,2026-06-09,,12571560,,601738,V.G.Rajamani Agencies (P) LTD,B744,Pending,Source Not Available,No VTA/VTR reconciled workbook was supplied in this upload; no unsupported match was fabricated.
601738-20260525-150914,2026-05-25,959181710,14503951,61260455KB,601738,V.G.Rajamani Agencies (P) LTD,B744,Closed,Source Not Available,No VTA/VTR reconciled workbook was supplied in this upload; no unsupported match was fabricated.
601738-20260428-122807,2026-04-28,959176859,12614453,61050454X1,601738,V.G.Rajamani Agencies (P) LTD,B744,Closed,Source Not Available,No VTA/VTR reconciled workbook was supplied in this upload; no unsupported match was fabricated.
601738-20260428-123350,2026-04-28,959176722,14176172; 12567336,60161530MB; 60621530MA,601738,V.G.Rajamani Agencies (P) LTD,B744,Closed,Source Not Available,No VTA/VTR reconciled workbook was supplied in this upload; no unsupported match was fabricated.
601738-20260424-130545,2026-04-24,959176144,12595301; 12601761,60970455HB; 60810451FA,601738,V.G.Rajamani Agencies (P) LTD,B744,Closed,Source Not Available,No VTA/VTR reconciled workbook was supplied in this upload; no unsupported match was fabricated.
601738-20260421-164659,2026-04-21,959175164,12726758,53590452LA,601738,V.G.Rajamani Agencies (P) LTD,B744,Closed,Source Not Available,No VTA/VTR reconciled workbook was supplied in this upload; no unsupported match was fabricated.
601738-20260416-154130,2026-04-16,959173974,13678304,60732814BA,601738,V.G.Rajamani Agencies (P) LTD,B744,Closed,Source Not Available,No VTA/VTR reconciled workbook was supplied in this upload; no unsupported match was fabricated.
601738-20260416-154426,2026-04-16,959173974,12569960,52890455KA,601738,V.G.Rajamani Agencies (P) LTD,B744,Closed,Source Not Available,No VTA/VTR reconciled workbook was supplied in this upload; no unsupported match was fabricated.
601738-20260416-154635,2026-04-16,959173972,12614824,609304517A,601738,V.G.Rajamani Agencies (P) LTD,B744,Closed,Source Not Available,No VTA/VTR reconciled workbook was supplied in this upload; no unsupported match was fabricated.
601738-20260410-142912,2026-04-10,959172232,12426635,60790451DK; 52760451DK,601738,V.G.Rajamani Agencies (P) LTD,B744,Closed,Source Not Available,No VTA/VTR reconciled workbook was supplied in this upload; no unsupported match was fabricated.
601738-20260404-133316,2026-04-04,959172130,12426635,60430451DK; 52760451DK,601738,V.G.Rajamani Agencies (P) LTD,B744,Closed,Source Not Available,No VTA/VTR reconciled workbook was supplied in this upload; no unsupported match was fabricated.
601738-20260306-140037,2026-03-06,959164855,12296327,52931530EA,601738,V.G.Rajamani Agencies (P) LTD,B744,Closed,Source Not Available,No VTA/VTR reconciled workbook was supplied in this upload; no unsupported match was fabricated.
601738-20260218-185719,2026-02-18,959161380,12606106,53240452DA,601738,V.G.Rajamani Agencies (P) LTD,B744,Closed,Source Not Available,No VTA/VTR reconciled workbook was supplied in this upload; no unsupported match was fabricated.
601738-20260212-194509,2026-02-12,959160053,12606197; 13680087,53400452DA; 60309939CA,601738,V.G.Rajamani Agencies (P) LTD,B744,Closed,Source Not Available,No VTA/VTR reconciled workbook was supplied in this upload; no unsupported match was fabricated.
601738-20260122-153131,2026-01-22,959155443,12606782,52010452CA,601738,V.G.Rajamani Agencies (P) LTD,B744,Closed,Source Not Available,No VTA/VTR reconciled workbook was supplied in this upload; no unsupported match was fabricated.
601738-20260119-165259,2026-01-19,959154405,12606782,51090452CC,601738,V.G.Rajamani Agencies (P) LTD,B744,Closed,Source Not Available,No VTA/VTR reconciled workbook was supplied in this upload; no unsupported match was fabricated.
601738-20260109-112903,2026-01-09,959152968,12621020; 12630273,52190455KB; 52070455KA,601738,V.G.Rajamani Agencies (P) LTD,B744,Closed,Source Not Available,No VTA/VTR reconciled workbook was supplied in this upload; no unsupported match was fabricated.
601738-20260107-155833,2026-01-07,959151518,13776790; 13942550,53440454F1; 53511519VA,601738,V.G.Rajamani Agencies (P) LTD,B744,Closed,Source Not Available,No VTA/VTR reconciled workbook was supplied in this upload; no unsupported match was fabricated.
601738-20260107-160355,2026-01-07,959152385,12589871,53480451PA,601738,V.G.Rajamani Agencies (P) LTD,B744,Closed,Source Not Available,No VTA/VTR reconciled workbook was supplied in this upload; no unsupported match was fabricated.
7319067-20260108-143332,2026-01-08,1099829988,13680087,53389939CA,7319067,Vaaraahi Traders,2032,Closed,Source Not Available,No VTA/VTR reconciled workbook was supplied in this upload; no unsupported match was fabricated.
2583184-20260209-113542,2026-02-09,,12608640,52310452AAG,2583184,Varthini Marketing,B744,Closed,Source Not Available,No VTA/VTR reconciled workbook was supplied in this upload; no unsupported match was fabricated.
2583184-20260120-123124,2026-01-20,,13680087,60069939CA,2583184,Varthini Marketing,B744,Closed,Source Not Available,No VTA/VTR reconciled workbook was supplied in this upload; no unsupported match was fabricated.
601760-20260312-215148,2026-03-12,959166258; 959166128,,,601760,Veerappa Chetty Agencies,B744,Closed,Source Not Available,No VTA/VTR reconciled workbook was supplied in this upload; no unsupported match was fabricated.
601760-20260122-183915,2026-01-22,959155315,,,601760,Veerappa Chetty Agencies,B744,Closed,Source Not Available,No VTA/VTR reconciled workbook was supplied in this upload; no unsupported match was fabricated.
601761-20260122-172851,2026-01-22,959155502,,,601761,Veerappa Chetty Agencies,B744,Closed,Source Not Available,No VTA/VTR reconciled workbook was supplied in this upload; no unsupported match was fabricated.
601764-20260623-122959,2026-06-23,1366100474,12426635,61340451DK,601764,Venkata Chalapathi Enterprises,D915,Pending,Source Not Available,No VTA/VTR reconciled workbook was supplied in this upload; no unsupported match was fabricated.
6866880-20260213-140239,2026-02-13,,"12612451, 12617902, 12614453, 13632235, 14118476, 12625864, 13767984 ",,6866880,Venkateshwara Agencies,2032,Closed,Source Not Available,No VTA/VTR reconciled workbook was supplied in this upload; no unsupported match was fabricated.
601771-20260605-181716,2026-06-05,,,,601771,Vijay Enterprises,D915,Pending,Source Not Available,No VTA/VTR reconciled workbook was supplied in this upload; no unsupported match was fabricated.
1931284-20260410-105645,2026-04-10,1365802412,60392814,,1931284,Vijaya Enterprises,C963,Closed,Source Not Available,No VTA/VTR reconciled workbook was supplied in this upload; no unsupported match was fabricated.
601773-20260604-165703,2026-06-04,,,,601773,Vijayalaxmi Agencies,D915,Pending,Source Not Available,No VTA/VTR reconciled workbook was supplied in this upload; no unsupported match was fabricated.
601773-20260418-164238,2026-04-18,1099846285,"12595302, 12610096, 12610097, 12599497, 12601765, 12603852, 12610096,12622649  ",,601773,Vijayalaxmi Agencies,2032,Pending,Source Not Available,No VTA/VTR reconciled workbook was supplied in this upload; no unsupported match was fabricated.
601773-20260418-164737,2026-04-18,1099846283,12584920,60930451ZA; 60890451ZA,601773,Vijayalaxmi Agencies,2032,Pending,Source Not Available,No VTA/VTR reconciled workbook was supplied in this upload; no unsupported match was fabricated.
601773-20260403-151600,2026-04-03,1099843778,106046248,,601773,Vijayalaxmi Agencies,2032,Pending,Source Not Available,No VTA/VTR reconciled workbook was supplied in this upload; no unsupported match was fabricated.
601773-20260216-140206,2026-02-16,,12499422,,601773,Vijayalaxmi Agencies,2032,Closed,Source Not Available,No VTA/VTR reconciled workbook was supplied in this upload; no unsupported match was fabricated.
601773-20260117-175202,2026-01-17,1099831376,12609881,,601773,Vijayalaxmi Agencies,2032,Closed,Source Not Available,No VTA/VTR reconciled workbook was supplied in this upload; no unsupported match was fabricated.
601780-20260627-104844,2026-06-27,1099857157,,,601780,Vijeta Enterprises,2032,Pending,Source Not Available,No VTA/VTR reconciled workbook was supplied in this upload; no unsupported match was fabricated.
601780-20260624-150708,2026-06-24,1099856761,,,601780,Vijeta Enterprises,2032,Pending,Source Not Available,No VTA/VTR reconciled workbook was supplied in this upload; no unsupported match was fabricated.
601780-20260624-151811,2026-06-24,1099856761,,61390451DB; 60990451AA; 61457742AB; 61317742AA; 61247742AA; 61357742AA,601780,Vijeta Enterprises,2032,Pending,Source Not Available,No VTA/VTR reconciled workbook was supplied in this upload; no unsupported match was fabricated.
601780-20260622-154713,2026-06-22,1099856322,,,601780,Vijeta Enterprises,2032,Pending,Source Not Available,No VTA/VTR reconciled workbook was supplied in this upload; no unsupported match was fabricated.
601780-20260618-132229,2026-06-18,1099855993,,,601780,Vijeta Enterprises,2032,Pending,Source Not Available,No VTA/VTR reconciled workbook was supplied in this upload; no unsupported match was fabricated.
601780-20260618-132532,2026-06-18,1099855994,,,601780,Vijeta Enterprises,2032,Pending,Source Not Available,No VTA/VTR reconciled workbook was supplied in this upload; no unsupported match was fabricated.
601780-20260616-123326,2026-06-16,1099855734,,,601780,Vijeta Enterprises,2032,Pending,Source Not Available,No VTA/VTR reconciled workbook was supplied in this upload; no unsupported match was fabricated.
601780-20260612-151035,2026-06-12,1099854975,,,601780,Vijeta Enterprises,2032,Pending,Source Not Available,No VTA/VTR reconciled workbook was supplied in this upload; no unsupported match was fabricated.
601780-20260610-134018,2026-06-10,1099854665,,,601780,Vijeta Enterprises,2032,Pending,Source Not Available,No VTA/VTR reconciled workbook was supplied in this upload; no unsupported match was fabricated.
601780-20260606-140607,2026-06-06,1099854329,,,601780,Vijeta Enterprises,2032,Pending,Source Not Available,No VTA/VTR reconciled workbook was supplied in this upload; no unsupported match was fabricated.
601780-20260606-172517,2026-06-06,1099854327,,,601780,Vijeta Enterprises,2032,Pending,Source Not Available,No VTA/VTR reconciled workbook was supplied in this upload; no unsupported match was fabricated.
601780-20260602-110053,2026-06-02,1099853741,,,601780,Vijeta Enterprises,2032,Pending,Source Not Available,No VTA/VTR reconciled workbook was supplied in this upload; no unsupported match was fabricated.
601780-20260530-111534,2026-05-30,1099853253,,,601780,Vijeta Enterprises,2032,Pending,Source Not Available,No VTA/VTR reconciled workbook was supplied in this upload; no unsupported match was fabricated.
601780-20260528-103807,2026-05-28,109985267,,,601780,Vijeta Enterprises,2032,Pending,Source Not Available,No VTA/VTR reconciled workbook was supplied in this upload; no unsupported match was fabricated.
601780-20260526-183234,2026-05-26,1099852681,,,601780,Vijeta Enterprises,2032,Pending,Source Not Available,No VTA/VTR reconciled workbook was supplied in this upload; no unsupported match was fabricated.
601780-20260523-121755,2026-05-23,1099852215,,,601780,Vijeta Enterprises,2032,Pending,Source Not Available,No VTA/VTR reconciled workbook was supplied in this upload; no unsupported match was fabricated.
601780-20260523-122522,2026-05-23,1099852308,,60196640PA,601780,Vijeta Enterprises,2032,Pending,Source Not Available,No VTA/VTR reconciled workbook was supplied in this upload; no unsupported match was fabricated.
601780-20260523-123620,2026-05-23,1099852207,,,601780,Vijeta Enterprises,2032,Pending,Source Not Available,No VTA/VTR reconciled workbook was supplied in this upload; no unsupported match was fabricated.
601780-20260520-120449,2026-05-20,1099851809,,,601780,Vijeta Enterprises,2032,Pending,Source Not Available,No VTA/VTR reconciled workbook was supplied in this upload; no unsupported match was fabricated.
601780-20260518-113748,2026-05-18,1099851238,,,601780,Vijeta Enterprises,2032,Pending,Source Not Available,No VTA/VTR reconciled workbook was supplied in this upload; no unsupported match was fabricated.
601780-20260513-110506,2026-05-13,1099850540,,,601780,Vijeta Enterprises,2032,Pending,Source Not Available,No VTA/VTR reconciled workbook was supplied in this upload; no unsupported match was fabricated.
601780-20260506-103840,2026-05-06,,,,601780,Vijeta Enterprises,2032,Pending,Source Not Available,No VTA/VTR reconciled workbook was supplied in this upload; no unsupported match was fabricated.
601780-20260504-123041,2026-05-04,1099848889,,,601780,Vijeta Enterprises,2032,Pending,Source Not Available,No VTA/VTR reconciled workbook was supplied in this upload; no unsupported match was fabricated.
601780-20260504-124649,2026-05-04,1099848889,,,601780,Vijeta Enterprises,2032,Closed,Source Not Available,No VTA/VTR reconciled workbook was supplied in this upload; no unsupported match was fabricated.
601780-20260501-162035,2026-05-01,1099848777,,,601780,Vijeta Enterprises,2032,Closed,Source Not Available,No VTA/VTR reconciled workbook was supplied in this upload; no unsupported match was fabricated.
601780-20260429-112419,2026-04-29,1099848250,,,601780,Vijeta Enterprises,2032,Pending,Source Not Available,No VTA/VTR reconciled workbook was supplied in this upload; no unsupported match was fabricated.
601780-20260428-121510,2026-04-28,1099848277,,,601780,Vijeta Enterprises,2032,Pending,Source Not Available,No VTA/VTR reconciled workbook was supplied in this upload; no unsupported match was fabricated.
601780-20260425-145140,2026-04-25,1099847738,,,601780,Vijeta Enterprises,2032,Pending,Source Not Available,No VTA/VTR reconciled workbook was supplied in this upload; no unsupported match was fabricated.
601780-20260425-145804,2026-04-25,1099847740,,,601780,Vijeta Enterprises,2032,Pending,Source Not Available,No VTA/VTR reconciled workbook was supplied in this upload; no unsupported match was fabricated.
601780-20260425-150244,2026-04-25,1099847714,,,601780,Vijeta Enterprises,2032,Pending,Source Not Available,No VTA/VTR reconciled workbook was supplied in this upload; no unsupported match was fabricated.
601780-20260420-124746,2026-04-20,1099846758,,,601780,Vijeta Enterprises,2032,Pending,Source Not Available,No VTA/VTR reconciled workbook was supplied in this upload; no unsupported match was fabricated.
601780-20260418-105330,2026-04-18,1099846443,,,601780,Vijeta Enterprises,2032,Pending,Source Not Available,No VTA/VTR reconciled workbook was supplied in this upload; no unsupported match was fabricated.
601780-20260414-173127,2026-04-14,1099845939,,60780451AA,601780,Vijeta Enterprises,2032,Pending,Source Not Available,No VTA/VTR reconciled workbook was supplied in this upload; no unsupported match was fabricated.
601780-20260408-115551,2026-04-08,1099844719,,,601780,Vijeta Enterprises,2032,Closed,Source Not Available,No VTA/VTR reconciled workbook was supplied in this upload; no unsupported match was fabricated.
601780-20260407-143815,2026-04-07,1099844632,,,601780,Vijeta Enterprises,2032,Pending,Source Not Available,No VTA/VTR reconciled workbook was supplied in this upload; no unsupported match was fabricated.
601780-20260402-134258,2026-04-02,1099843454,,,601780,Vijeta Enterprises,2032,Closed,Source Not Available,No VTA/VTR reconciled workbook was supplied in this upload; no unsupported match was fabricated.
601780-20260323-103802,2026-03-23,1099841672,,,601780,Vijeta Enterprises,2032,Closed,Source Not Available,No VTA/VTR reconciled workbook was supplied in this upload; no unsupported match was fabricated.
601780-20260320-115339,2026-03-20,1099841505,,,601780,Vijeta Enterprises,2032,Closed,Source Not Available,No VTA/VTR reconciled workbook was supplied in this upload; no unsupported match was fabricated.
601780-20260317-121553,2026-03-17,1099840909,,,601780,Vijeta Enterprises,2032,Closed,Source Not Available,No VTA/VTR reconciled workbook was supplied in this upload; no unsupported match was fabricated.
601780-20260311-114928,2026-03-11,1099839746,,60231530MA,601780,Vijeta Enterprises,2032,Closed,Source Not Available,No VTA/VTR reconciled workbook was supplied in this upload; no unsupported match was fabricated.
601780-20260307-164246,2026-03-07,1099839022,,,601780,Vijeta Enterprises,2032,Closed,Source Not Available,No VTA/VTR reconciled workbook was supplied in this upload; no unsupported match was fabricated.
601780-20260306-123534,2026-03-06,1099838353,,,601780,Vijeta Enterprises,2032,Closed,Source Not Available,No VTA/VTR reconciled workbook was supplied in this upload; no unsupported match was fabricated.
601780-20260305-133514,2026-03-05,1099838377,,,601780,Vijeta Enterprises,2032,Closed,Source Not Available,No VTA/VTR reconciled workbook was supplied in this upload; no unsupported match was fabricated.
601780-20260305-133903,2026-03-05,1099838293,,60350451DA; 53420451DB,601780,Vijeta Enterprises,2032,Closed,Source Not Available,No VTA/VTR reconciled workbook was supplied in this upload; no unsupported match was fabricated.
601780-20260305-134514,2026-03-05,1099838298,,602028141B; 53572814HA,601780,Vijeta Enterprises,2032,Closed,Source Not Available,No VTA/VTR reconciled workbook was supplied in this upload; no unsupported match was fabricated.
601780-20260305-134716,2026-03-05,1099838300,,60111530MA; 53491530NA,601780,Vijeta Enterprises,2032,Closed,Source Not Available,No VTA/VTR reconciled workbook was supplied in this upload; no unsupported match was fabricated.
601780-20260305-135021,2026-03-05,1099838297,,,601780,Vijeta Enterprises,2032,Closed,Source Not Available,No VTA/VTR reconciled workbook was supplied in this upload; no unsupported match was fabricated.
601780-20260221-113437,2026-02-21,1099837105,,,601780,Vijeta Enterprises,2032,Closed,Source Not Available,No VTA/VTR reconciled workbook was supplied in this upload; no unsupported match was fabricated.
601780-20260214-150829,2026-02-14,1099835316,,,601780,Vijeta Enterprises,2032,Closed,Source Not Available,No VTA/VTR reconciled workbook was supplied in this upload; no unsupported match was fabricated.
601780-20260214-164305,2026-02-14,1099835986,,,601780,Vijeta Enterprises,2032,Closed,Source Not Available,No VTA/VTR reconciled workbook was supplied in this upload; no unsupported match was fabricated.
601780-20260119-135330,2026-01-19,1099831500,,"53421530EA, 53101530EA",601780,Vijeta Enterprises,2032,Closed,Source Not Available,No VTA/VTR reconciled workbook was supplied in this upload; no unsupported match was fabricated.
601780-20260119-135421,2026-01-19,1099831500; 1099831499,,,601780,Vijeta Enterprises,2032,Closed,Source Not Available,No VTA/VTR reconciled workbook was supplied in this upload; no unsupported match was fabricated.
601780-20260110-112639,2026-01-10,1099830435,,53390454A1; 52480454A1,601780,Vijeta Enterprises,2032,Closed,Source Not Available,No VTA/VTR reconciled workbook was supplied in this upload; no unsupported match was fabricated.
601780-20260101-165408,2026-01-01,1099828657,,52580452JA; 53560452JA,601780,Vijeta Enterprises,2032,Closed,Source Not Available,No VTA/VTR reconciled workbook was supplied in this upload; no unsupported match was fabricated.
7209153-20260429-140126,2026-04-29,1099847865,,,7209153,Vinayak Agencies,2032,Pending,Source Not Available,No VTA/VTR reconciled workbook was supplied in this upload; no unsupported match was fabricated.
7209153-20260429-140340,2026-04-29,1099847736,,,7209153,Vinayak Agencies,2032,Pending,Source Not Available,No VTA/VTR reconciled workbook was supplied in this upload; no unsupported match was fabricated.
7209153-20260123-144603,2026-01-23,1099832415,,,7209153,Vinayak Agencies,2032,Closed,Source Not Available,No VTA/VTR reconciled workbook was supplied in this upload; no unsupported match was fabricated.
601785-20260627-125319,2026-06-27,1365804601,12596608,6106C711AA,601785,Vinod Agencies,C963,Pending,Source Not Available,No VTA/VTR reconciled workbook was supplied in this upload; no unsupported match was fabricated.
601785-20260623-170917,2026-06-23,1365806886,13722293,6104T246CA,601785,Vinod Agencies,C963,Pending,Source Not Available,No VTA/VTR reconciled workbook was supplied in this upload; no unsupported match was fabricated.
601785-20260608-114816,2026-06-08,1365805823,,61420455KA,601785,Vinod Agencies,C963,Pending,Source Not Available,No VTA/VTR reconciled workbook was supplied in this upload; no unsupported match was fabricated.
601785-20260601-104312,2026-06-01,1365805040,14507419,611104517A,601785,Vinod Agencies,C963,Pending,Source Not Available,No VTA/VTR reconciled workbook was supplied in this upload; no unsupported match was fabricated.
601785-20260522-161721,2026-05-22,1365356841,12581886,53220376DA,601785,Vinod Agencies,2040,Pending,Source Not Available,No VTA/VTR reconciled workbook was supplied in this upload; no unsupported match was fabricated.
601785-20260518-120259,2026-05-18,1365804168,12567336,60621530MA,601785,Vinod Agencies,C963,Pending,Source Not Available,No VTA/VTR reconciled workbook was supplied in this upload; no unsupported match was fabricated.
601785-20260516-162918,2026-05-16,1365804601,12616861,61160454A1,601785,Vinod Agencies,C963,Pending,Source Not Available,No VTA/VTR reconciled workbook was supplied in this upload; no unsupported match was fabricated.
601785-20260506-153523,2026-05-06,1365803744,14503923,60989939HE,601785,Vinod Agencies,C963,Pending,Source Not Available,No VTA/VTR reconciled workbook was supplied in this upload; no unsupported match was fabricated.
601785-20260413-121807,2026-04-13,1365802070,12458982; 12607462; 12608496,53603657; 60440452CB; 60650452CF,601785,Vinod Agencies,C963,Pending,Source Not Available,No VTA/VTR reconciled workbook was supplied in this upload; no unsupported match was fabricated.
601785-20260403-121046,2026-04-03,1365801367,14378859,60600451NA,601785,Vinod Agencies,C963,Pending,Source Not Available,No VTA/VTR reconciled workbook was supplied in this upload; no unsupported match was fabricated.
601785-20260321-124320,2026-03-21,1365801144,12602687,53600452DA,601785,Vinod Agencies,C963,Pending,Source Not Available,No VTA/VTR reconciled workbook was supplied in this upload; no unsupported match was fabricated.
601785-20260321-125031,2026-03-21,1365356839,12606106,60170452DA,601785,Vinod Agencies,C963,Closed,Source Not Available,No VTA/VTR reconciled workbook was supplied in this upload; no unsupported match was fabricated.
601785-20260321-130231,2026-03-21,1365800281,12615615,60220453J1,601785,Vinod Agencies,C963,Pending,Source Not Available,No VTA/VTR reconciled workbook was supplied in this upload; no unsupported match was fabricated.
601785-20260321-130801,2026-03-21,1365800281,12608496,60290452CF,601785,Vinod Agencies,C963,Pending,Source Not Available,No VTA/VTR reconciled workbook was supplied in this upload; no unsupported match was fabricated.
601785-20260321-132823,2026-03-21,1365800696,14378778,60290452CF,601785,Vinod Agencies,C963,Pending,Source Not Available,No VTA/VTR reconciled workbook was supplied in this upload; no unsupported match was fabricated.
601785-20260321-133638,2026-03-21,1365357439,12567336,60371530MA,601785,Vinod Agencies,C963,Closed,Source Not Available,No VTA/VTR reconciled workbook was supplied in this upload; no unsupported match was fabricated.
601785-20260305-171610,2026-03-05,1365800187,12516484,60321530MB,601785,Vinod Agencies,C963,Pending,Source Not Available,No VTA/VTR reconciled workbook was supplied in this upload; no unsupported match was fabricated.
601785-20260305-174945,2026-03-05,1365800186,12603852,60150455HB,601785,Vinod Agencies,C963,Pending,Source Not Available,No VTA/VTR reconciled workbook was supplied in this upload; no unsupported match was fabricated.
601785-20260117-110951,2026-01-17,52830452,12606755,,601785,Vinod Agencies,2040,Closed,Source Not Available,No VTA/VTR reconciled workbook was supplied in this upload; no unsupported match was fabricated.
6261280-20260617-190355,2026-06-17,,,60621519KA,6261280,Visalakshi Communication,B744,Pending,Source Not Available,No VTA/VTR reconciled workbook was supplied in this upload; no unsupported match was fabricated.
6261280-20260123-104455,2026-01-23,,,,6261280,Visalakshi Communication,B744,Closed,Source Not Available,No VTA/VTR reconciled workbook was supplied in this upload; no unsupported match was fabricated.
4776511-20260105-163942,2026-01-05,,,,4776511,Visalakshi Corporation,B744,Closed,Source Not Available,No VTA/VTR reconciled workbook was supplied in this upload; no unsupported match was fabricated.
4776511-20260105-171027,2026-01-05,,,,4776511,Visalakshi Corporation,B744,Closed,Source Not Available,No VTA/VTR reconciled workbook was supplied in this upload; no unsupported match was fabricated.
6171788-20260417-152042,2026-04-17,959174540,12602984,,6171788,Winline Distributors,B744,Closed,Source Not Available,No VTA/VTR reconciled workbook was supplied in this upload; no unsupported match was fabricated.
6171788-20260330-130748,2026-03-30,959170222,12619735; 12605821,,6171788,Winline Distributors,B744,Closed,Source Not Available,No VTA/VTR reconciled workbook was supplied in this upload; no unsupported match was fabricated.
5727250-20260309-182318,2026-03-09,,12612203,51916640RA,5727250,Yaswantth Enterprises,2032,Closed,Source Not Available,No VTA/VTR reconciled workbook was supplied in this upload; no unsupported match was fabricated.
5727250-20260309-183005,2026-03-09,1099838871,12426635,53380451DK,5727250,Yaswantth Enterprises,2032,Closed,Source Not Available,No VTA/VTR reconciled workbook was supplied in this upload; no unsupported match was fabricated.
5727250-20260128-175322,2026-01-28,,12685777,53120452VA,5727250,Yaswantth Enterprises,2032,Closed,Source Not Available,No VTA/VTR reconciled workbook was supplied in this upload; no unsupported match was fabricated.
6022573-20260511-191901,2026-05-11,1365800777; 1365800782,12608496,,6022573,Yuvan Trading,C963,Pending,Source Not Available,No VTA/VTR reconciled workbook was supplied in this upload; no unsupported match was fabricated.
6022573-20260422-104205,2026-04-22,1365802296,12559252,,6022573,Yuvan Trading,C963,Closed,Source Not Available,No VTA/VTR reconciled workbook was supplied in this upload; no unsupported match was fabricated.
6022573-20260422-104623,2026-04-22,1365802790,12622716,,6022573,Yuvan Trading,C963,Closed,Source Not Available,No VTA/VTR reconciled workbook was supplied in this upload; no unsupported match was fabricated.
